date,nav,source,retrieval_date
2016-01-01,38.777,portal.amfiindia.com / AMFI Historical NAV,2026-09-05T05:36:33.008543+00:00
2016-01-04,38.9295,portal.amfiindia.com / AMFI Historical NAV,2026-09-05T05:36:33.008543+00:00
2016-01-05,39.1332,portal.amfiindia.com / AMFI Historical NAV,2026-09-05T05:36:33.008543+00:00
2016-01-06,40.1148,portal.amfiindia.com / AMFI Historical NAV,2026-09-05T05:36:33.008543+00:00
2016-01-07,39.7182,portal.amfiindia.com / AMFI Historical NAV,2026-09-05T05:36:33.008543+00:00
2016-01-08,39.3349,portal.amfiindia.com / AMFI Historical NAV,2026-09-05T05:36:33.008543+00:00
2016-01-11,40.2673,portal.amfiindia.com / AMFI Historical NAV,2026-09-05T05:36:33.008543+00:00
2016-01-12,40.6272,portal.amfiindia.com / AMFI Historical NAV,2026-09-05T05:36:33.008543+00:00
2016-01-13,40.3086,portal.amfiindia.com / AMFI Historical NAV,2026-09-05T05:36:33.008543+00:00
2016-01-14,40.8407,portal.amfiindia.com / AMFI Historical NAV,2026-09-05T05:36:33.008543+00:00
2016-01-15,40.4794,portal.amfiindia.com / AMFI Historical NAV,2026-09-05T05:36:33.008543+00:00
2016-01-18,40.2355,portal.amfiindia.com / AMFI Historical NAV,2026-09-05T05:36:33.008543+00:00
2016-01-19,40.771,portal.amfiindia.com / AMFI Historical NAV,2026-09-05T05:36:33.008543+00:00
2016-01-20,40.3431,portal.amfiindia.com / AMFI Historical NAV,2026-09-05T05:36:33.008543+00:00
2016-01-21,40.0164,portal.amfiindia.com / AMFI Historical NAV,2026-09-05T05:36:33.008543+00:00
2016-01-22,39.7079,portal.amfiindia.com / AMFI Historical NAV,2026-09-05T05:36:33.008543+00:00
2016-01-25,39.6166,portal.amfiindia.com / AMFI Historical NAV,2026-09-05T05:36:33.008543+00:00
2016-01-26,39.5256,portal.amfiindia.com / AMFI Historical NAV,2026-09-05T05:36:33.008543+00:00
2016-01-27,38.8909,portal.amfiindia.com / AMFI Historical NAV,2026-09-05T05:36:33.008543+00:00
2016-01-28,37.6479,portal.amfiindia.com / AMFI Historical NAV,2026-09-05T05:36:33.008543+00:00
2016-01-29,38.7509,portal.amfiindia.com / AMFI Historical NAV,2026-09-05T05:36:33.008543+00:00
2016-02-01,38.4443,portal.amfiindia.com / AMFI Historical NAV,2026-09-05T05:36:33.008543+00:00
2016-02-02,38.4683,portal.amfiindia.com / AMFI Historical NAV,2026-09-05T05:36:33.008543+00:00
2016-02-03,37.621,portal.amfiindia.com / AMFI Historical NAV,2026-09-05T05:36:33.008543+00:00
2016-02-04,37.5961,portal.amfiindia.com / AMFI Historical NAV,2026-09-05T05:36:33.008543+00:00
2016-02-05,37.5728,portal.amfiindia.com / AMFI Historical NAV,2026-09-05T05:36:33.008543+00:00
2016-02-08,36.7598,portal.amfiindia.com / AMFI Historical NAV,2026-09-05T05:36:33.008543+00:00
2016-02-09,37.0592,portal.amfiindia.com / AMFI Historical NAV,2026-09-05T05:36:33.008543+00:00
2016-02-10,36.4584,portal.amfiindia.com / AMFI Historical NAV,2026-09-05T05:36:33.008543+00:00
2016-02-11,36.1491,portal.amfiindia.com / AMFI Historical NAV,2026-09-05T05:36:33.008543+00:00
2016-02-12,35.3923,portal.amfiindia.com / AMFI Historical NAV,2026-09-05T05:36:33.008543+00:00
2016-02-15,35.8194,portal.amfiindia.com / AMFI Historical NAV,2026-09-05T05:36:33.008543+00:00
2016-02-16,35.8848,portal.amfiindia.com / AMFI Historical NAV,2026-09-05T05:36:33.008543+00:00
2016-02-17,34.9811,portal.amfiindia.com / AMFI Historical NAV,2026-09-05T05:36:33.008543+00:00
2016-02-18,34.9749,portal.amfiindia.com / AMFI Historical NAV,2026-09-05T05:36:33.008543+00:00
2016-02-19,34.5089,portal.amfiindia.com / AMFI Historical NAV,2026-09-05T05:36:33.008543+00:00
2016-02-22,34.4858,portal.amfiindia.com / AMFI Historical NAV,2026-09-05T05:36:33.008543+00:00
2016-02-23,34.2148,portal.amfiindia.com / AMFI Historical NAV,2026-09-05T05:36:33.008543+00:00
2016-02-24,34.1564,portal.amfiindia.com / AMFI Historical NAV,2026-09-05T05:36:33.008543+00:00
2016-02-25,34.0513,portal.amfiindia.com / AMFI Historical NAV,2026-09-05T05:36:33.008543+00:00
2016-02-26,34.4982,portal.amfiindia.com / AMFI Historical NAV,2026-09-05T05:36:33.008543+00:00
2016-02-29,34.7724,portal.amfiindia.com / AMFI Historical NAV,2026-09-05T05:36:33.008543+00:00
2016-03-01,34.6062,portal.amfiindia.com / AMFI Historical NAV,2026-09-05T05:36:33.008543+00:00
2016-03-02,34.1494,portal.amfiindia.com / AMFI Historical NAV,2026-09-05T05:36:33.008543+00:00
2016-03-03,33.5908,portal.amfiindia.com / AMFI Historical NAV,2026-09-05T05:36:33.008543+00:00
2016-03-04,33.2967,portal.amfiindia.com / AMFI Historical NAV,2026-09-05T05:36:33.008543+00:00
2016-03-07,33.0432,portal.amfiindia.com / AMFI Historical NAV,2026-09-05T05:36:33.008543+00:00
2016-03-08,33.5714,portal.amfiindia.com / AMFI Historical NAV,2026-09-05T05:36:33.008543+00:00
2016-03-09,33.5522,portal.amfiindia.com / AMFI Historical NAV,2026-09-05T05:36:33.008543+00:00
2016-03-10,32.626,portal.amfiindia.com / AMFI Historical NAV,2026-09-05T05:36:33.008543+00:00
2016-03-11,32.7964,portal.amfiindia.com / AMFI Historical NAV,2026-09-05T05:36:33.008543+00:00
2016-03-14,32.7638,portal.amfiindia.com / AMFI Historical NAV,2026-09-05T05:36:33.008543+00:00
2016-03-15,32.2629,portal.amfiindia.com / AMFI Historical NAV,2026-09-05T05:36:33.008543+00:00
2016-03-16,32.723,portal.amfiindia.com / AMFI Historical NAV,2026-09-05T05:36:33.008543+00:00
2016-03-17,32.7294,portal.amfiindia.com / AMFI Historical NAV,2026-09-05T05:36:33.008543+00:00
2016-03-18,32.9715,portal.amfiindia.com / AMFI Historical NAV,2026-09-05T05:36:33.008543+00:00
2016-03-21,32.6179,portal.amfiindia.com / AMFI Historical NAV,2026-09-05T05:36:33.008543+00:00
2016-03-22,32.3805,portal.amfiindia.com / AMFI Historical NAV,2026-09-05T05:36:33.008543+00:00
2016-03-23,32.3995,portal.amfiindia.com / AMFI Historical NAV,2026-09-05T05:36:33.008543+00:00
2016-03-24,33.2111,portal.amfiindia.com / AMFI Historical NAV,2026-09-05T05:36:33.008543+00:00
2016-03-25,32.8546,portal.amfiindia.com / AMFI Historical NAV,2026-09-05T05:36:33.008543+00:00
2016-03-28,33.3699,portal.amfiindia.com / AMFI Historical NAV,2026-09-05T05:36:33.008543+00:00
2016-03-29,33.0719,portal.amfiindia.com / AMFI Historical NAV,2026-09-05T05:36:33.008543+00:00
2016-03-30,32.6625,portal.amfiindia.com / AMFI Historical NAV,2026-09-05T05:36:33.008543+00:00
2016-03-31,33.1005,portal.amfiindia.com / AMFI Historical NAV,2026-09-05T05:36:33.008543+00:00
2016-04-01,34.2272,portal.amfiindia.com / AMFI Historical NAV,2026-09-05T05:36:33.008543+00:00
2016-04-04,33.9859,portal.amfiindia.com / AMFI Historical NAV,2026-09-05T05:36:33.008543+00:00
2016-04-05,34.1365,portal.amfiindia.com / AMFI Historical NAV,2026-09-05T05:36:33.008543+00:00
2016-04-06,34.1231,portal.amfiindia.com / AMFI Historical NAV,2026-09-05T05:36:33.008543+00:00
2016-04-07,33.9026,portal.amfiindia.com / AMFI Historical NAV,2026-09-05T05:36:33.008543+00:00
2016-04-08,33.6588,portal.amfiindia.com / AMFI Historical NAV,2026-09-05T05:36:33.008543+00:00
2016-04-11,34.284,portal.amfiindia.com / AMFI Historical NAV,2026-09-05T05:36:33.008543+00:00
2016-04-12,34.7014,portal.amfiindia.com / AMFI Historical NAV,2026-09-05T05:36:33.008543+00:00
2016-04-13,35.388,portal.amfiindia.com / AMFI Historical NAV,2026-09-05T05:36:33.008543+00:00
2016-04-14,34.2753,portal.amfiindia.com / AMFI Historical NAV,2026-09-05T05:36:33.008543+00:00
2016-04-15,34.4761,portal.amfiindia.com / AMFI Historical NAV,2026-09-05T05:36:33.008543+00:00
2016-04-18,34.7527,portal.amfiindia.com / AMFI Historical NAV,2026-09-05T05:36:33.008543+00:00
2016-04-19,34.4577,portal.amfiindia.com / AMFI Historical NAV,2026-09-05T05:36:33.008543+00:00
2016-04-20,34.9647,portal.amfiindia.com / AMFI Historical NAV,2026-09-05T05:36:33.008543+00:00
2016-04-21,34.6643,portal.amfiindia.com / AMFI Historical NAV,2026-09-05T05:36:33.008543+00:00
2016-04-22,34.6644,portal.amfiindia.com / AMFI Historical NAV,2026-09-05T05:36:33.008543+00:00
2016-04-25,34.8294,portal.amfiindia.com / AMFI Historical NAV,2026-09-05T05:36:33.008543+00:00
2016-04-26,35.6981,portal.amfiindia.com / AMFI Historical NAV,2026-09-05T05:36:33.008543+00:00
2016-04-27,35.7851,portal.amfiindia.com / AMFI Historical NAV,2026-09-05T05:36:33.008543+00:00
2016-04-28,35.2767,portal.amfiindia.com / AMFI Historical NAV,2026-09-05T05:36:33.008543+00:00
2016-04-29,34.969,portal.amfiindia.com / AMFI Historical NAV,2026-09-05T05:36:33.008543+00:00
2016-05-02,35.039,portal.amfiindia.com / AMFI Historical NAV,2026-09-05T05:36:33.008543+00:00
2016-05-03,35.2975,portal.amfiindia.com / AMFI Historical NAV,2026-09-05T05:36:33.008543+00:00
2016-05-04,35.273,portal.amfiindia.com / AMFI Historical NAV,2026-09-05T05:36:33.008543+00:00
2016-05-05,35.1737,portal.amfiindia.com / AMFI Historical NAV,2026-09-05T05:36:33.008543+00:00
2016-05-06,35.1267,portal.amfiindia.com / AMFI Historical NAV,2026-09-05T05:36:33.008543+00:00
2016-05-09,35.2124,portal.amfiindia.com / AMFI Historical NAV,2026-09-05T05:36:33.008543+00:00
2016-05-10,34.7324,portal.amfiindia.com / AMFI Historical NAV,2026-09-05T05:36:33.008543+00:00
2016-05-11,34.7609,portal.amfiindia.com / AMFI Historical NAV,2026-09-05T05:36:33.008543+00:00
2016-05-12,34.4512,portal.amfiindia.com / AMFI Historical NAV,2026-09-05T05:36:33.008543+00:00
2016-05-13,33.824,portal.amfiindia.com / AMFI Historical NAV,2026-09-05T05:36:33.008543+00:00
2016-05-16,33.5787,portal.amfiindia.com / AMFI Historical NAV,2026-09-05T05:36:33.008543+00:00
2016-05-17,33.748,portal.amfiindia.com / AMFI Historical NAV,2026-09-05T05:36:33.008543+00:00
2016-05-18,33.7643,portal.amfiindia.com / AMFI Historical NAV,2026-09-05T05:36:33.008543+00:00
2016-05-19,33.5256,portal.amfiindia.com / AMFI Historical NAV,2026-09-05T05:36:33.008543+00:00
2016-05-20,32.9602,portal.amfiindia.com / AMFI Historical NAV,2026-09-05T05:36:33.008543+00:00
2016-05-23,32.8665,portal.amfiindia.com / AMFI Historical NAV,2026-09-05T05:36:33.008543+00:00
2016-05-24,32.5735,portal.amfiindia.com / AMFI Historical NAV,2026-09-05T05:36:33.008543+00:00
2016-05-25,31.9602,portal.amfiindia.com / AMFI Historical NAV,2026-09-05T05:36:33.008543+00:00
2016-05-26,32.3283,portal.amfiindia.com / AMFI Historical NAV,2026-09-05T05:36:33.008543+00:00
2016-05-27,32.3589,portal.amfiindia.com / AMFI Historical NAV,2026-09-05T05:36:33.008543+00:00
2016-05-30,33.0626,portal.amfiindia.com / AMFI Historical NAV,2026-09-05T05:36:33.008543+00:00
2016-05-31,33.3871,portal.amfiindia.com / AMFI Historical NAV,2026-09-05T05:36:33.008543+00:00
2016-06-01,34.3353,portal.amfiindia.com / AMFI Historical NAV,2026-09-05T05:36:33.008543+00:00
2016-06-02,34.0319,portal.amfiindia.com / AMFI Historical NAV,2026-09-05T05:36:33.008543+00:00
2016-06-03,33.413,portal.amfiindia.com / AMFI Historical NAV,2026-09-05T05:36:33.008543+00:00
2016-06-06,33.2618,portal.amfiindia.com / AMFI Historical NAV,2026-09-05T05:36:33.008543+00:00
2016-06-07,33.1838,portal.amfiindia.com / AMFI Historical NAV,2026-09-05T05:36:33.008543+00:00
2016-06-08,33.9808,portal.amfiindia.com / AMFI Historical NAV,2026-09-05T05:36:33.008543+00:00
2016-06-09,33.6628,portal.amfiindia.com / AMFI Historical NAV,2026-09-05T05:36:33.008543+00:00
2016-06-10,33.7944,portal.amfiindia.com / AMFI Historical NAV,2026-09-05T05:36:33.008543+00:00
2016-06-13,33.4569,portal.amfiindia.com / AMFI Historical NAV,2026-09-05T05:36:33.008543+00:00
2016-06-14,33.2535,portal.amfiindia.com / AMFI Historical NAV,2026-09-05T05:36:33.008543+00:00
2016-06-15,33.7277,portal.amfiindia.com / AMFI Historical NAV,2026-09-05T05:36:33.008543+00:00
2016-06-16,34.1438,portal.amfiindia.com / AMFI Historical NAV,2026-09-05T05:36:33.008543+00:00
2016-06-17,34.368,portal.amfiindia.com / AMFI Historical NAV,2026-09-05T05:36:33.008543+00:00
2016-06-20,33.9454,portal.amfiindia.com / AMFI Historical NAV,2026-09-05T05:36:33.008543+00:00
2016-06-21,34.5862,portal.amfiindia.com / AMFI Historical NAV,2026-09-05T05:36:33.008543+00:00
2016-06-22,33.7721,portal.amfiindia.com / AMFI Historical NAV,2026-09-05T05:36:33.008543+00:00
2016-06-23,33.9402,portal.amfiindia.com / AMFI Historical NAV,2026-09-05T05:36:33.008543+00:00
2016-06-24,34.6158,portal.amfiindia.com / AMFI Historical NAV,2026-09-05T05:36:33.008543+00:00
2016-06-27,34.031,portal.amfiindia.com / AMFI Historical NAV,2026-09-05T05:36:33.008543+00:00
2016-06-28,33.3317,portal.amfiindia.com / AMFI Historical NAV,2026-09-05T05:36:33.008543+00:00
2016-06-29,33.7068,portal.amfiindia.com / AMFI Historical NAV,2026-09-05T05:36:33.008543+00:00
2016-06-30,33.3744,portal.amfiindia.com / AMFI Historical NAV,2026-09-05T05:36:33.008543+00:00
2016-07-01,33.0754,portal.amfiindia.com / AMFI Historical NAV,2026-09-05T05:36:33.008543+00:00
2016-07-04,33.3732,portal.amfiindia.com / AMFI Historical NAV,2026-09-05T05:36:33.008543+00:00
2016-07-05,32.6895,portal.amfiindia.com / AMFI Historical NAV,2026-09-05T05:36:33.008543+00:00
2016-07-06,32.6424,portal.amfiindia.com / AMFI Historical NAV,2026-09-05T05:36:33.008543+00:00
2016-07-07,32.9063,portal.amfiindia.com / AMFI Historical NAV,2026-09-05T05:36:33.008543+00:00
2016-07-08,33.9202,portal.amfiindia.com / AMFI Historical NAV,2026-09-05T05:36:33.008543+00:00
2016-07-11,33.6321,portal.amfiindia.com / AMFI Historical NAV,2026-09-05T05:36:33.008543+00:00
2016-07-12,33.5927,portal.amfiindia.com / AMFI Historical NAV,2026-09-05T05:36:33.008543+00:00
2016-07-13,33.7833,portal.amfiindia.com / AMFI Historical NAV,2026-09-05T05:36:33.008543+00:00
2016-07-14,33.4321,portal.amfiindia.com / AMFI Historical NAV,2026-09-05T05:36:33.008543+00:00
2016-07-15,33.3762,portal.amfiindia.com / AMFI Historical NAV,2026-09-05T05:36:33.008543+00:00
2016-07-18,33.4275,portal.amfiindia.com / AMFI Historical NAV,2026-09-05T05:36:33.008543+00:00
2016-07-19,32.5248,portal.amfiindia.com / AMFI Historical NAV,2026-09-05T05:36:33.008543+00:00
2016-07-20,32.6225,portal.amfiindia.com / AMFI Historical NAV,2026-09-05T05:36:33.008543+00:00
2016-07-21,32.4856,portal.amfiindia.com / AMFI Historical NAV,2026-09-05T05:36:33.008543+00:00
2016-07-22,32.7862,portal.amfiindia.com / AMFI Historical NAV,2026-09-05T05:36:33.008543+00:00
2016-07-25,32.0972,portal.amfiindia.com / AMFI Historical NAV,2026-09-05T05:36:33.008543+00:00
2016-07-26,31.4575,portal.amfiindia.com / AMFI Historical NAV,2026-09-05T05:36:33.008543+00:00
2016-07-27,31.8572,portal.amfiindia.com / AMFI Historical NAV,2026-09-05T05:36:33.008543+00:00
2016-07-28,32.0445,portal.amfiindia.com / AMFI Historical NAV,2026-09-05T05:36:33.008543+00:00
2016-07-29,32.1582,portal.amfiindia.com / AMFI Historical NAV,2026-09-05T05:36:33.008543+00:00
2016-08-01,32.5077,portal.amfiindia.com / AMFI Historical NAV,2026-09-05T05:36:33.008543+00:00
2016-08-02,32.3867,portal.amfiindia.com / AMFI Historical NAV,2026-09-05T05:36:33.008543+00:00
2016-08-03,32.8248,portal.amfiindia.com / AMFI Historical NAV,2026-09-05T05:36:33.008543+00:00
2016-08-04,32.8538,portal.amfiindia.com / AMFI Historical NAV,2026-09-05T05:36:33.008543+00:00
2016-08-05,32.5092,portal.amfiindia.com / AMFI Historical NAV,2026-09-05T05:36:33.008543+00:00
2016-08-08,32.9345,portal.amfiindia.com / AMFI Historical NAV,2026-09-05T05:36:33.008543+00:00
2016-08-09,33.0392,portal.amfiindia.com / AMFI Historical NAV,2026-09-05T05:36:33.008543+00:00
2016-08-10,32.8338,portal.amfiindia.com / AMFI Historical NAV,2026-09-05T05:36:33.008543+00:00
2016-08-11,33.4046,portal.amfiindia.com / AMFI Historical NAV,2026-09-05T05:36:33.008543+00:00
2016-08-12,33.2792,portal.amfiindia.com / AMFI Historical NAV,2026-09-05T05:36:33.008543+00:00
2016-08-15,33.1868,portal.amfiindia.com / AMFI Historical NAV,2026-09-05T05:36:33.008543+00:00
2016-08-16,33.9049,portal.amfiindia.com / AMFI Historical NAV,2026-09-05T05:36:33.008543+00:00
2016-08-17,33.1734,portal.amfiindia.com / AMFI Historical NAV,2026-09-05T05:36:33.008543+00:00
2016-08-18,33.7738,portal.amfiindia.com / AMFI Historical NAV,2026-09-05T05:36:33.008543+00:00
2016-08-19,33.8719,portal.amfiindia.com / AMFI Historical NAV,2026-09-05T05:36:33.008543+00:00
2016-08-22,34.3835,portal.amfiindia.com / AMFI Historical NAV,2026-09-05T05:36:33.008543+00:00
2016-08-23,34.838,portal.amfiindia.com / AMFI Historical NAV,2026-09-05T05:36:33.008543+00:00
2016-08-24,35.0508,portal.amfiindia.com / AMFI Historical NAV,2026-09-05T05:36:33.008543+00:00
2016-08-25,34.4132,portal.amfiindia.com / AMFI Historical NAV,2026-09-05T05:36:33.008543+00:00
2016-08-26,33.9254,portal.amfiindia.com / AMFI Historical NAV,2026-09-05T05:36:33.008543+00:00
2016-08-29,33.3949,portal.amfiindia.com / AMFI Historical NAV,2026-09-05T05:36:33.008543+00:00
2016-08-30,32.9797,portal.amfiindia.com / AMFI Historical NAV,2026-09-05T05:36:33.008543+00:00
2016-08-31,33.1551,portal.amfiindia.com / AMFI Historical NAV,2026-09-05T05:36:33.008543+00:00
2016-09-01,33.704,portal.amfiindia.com / AMFI Historical NAV,2026-09-05T05:36:33.008543+00:00
2016-09-02,34.6785,portal.amfiindia.com / AMFI Historical NAV,2026-09-05T05:36:33.008543+00:00
2016-09-05,34.7327,portal.amfiindia.com / AMFI Historical NAV,2026-09-05T05:36:33.008543+00:00
2016-09-06,35.6102,portal.amfiindia.com / AMFI Historical NAV,2026-09-05T05:36:33.008543+00:00
2016-09-07,35.5858,portal.amfiindia.com / AMFI Historical NAV,2026-09-05T05:36:33.008543+00:00
2016-09-08,36.8493,portal.amfiindia.com / AMFI Historical NAV,2026-09-05T05:36:33.008543+00:00
2016-09-09,37.0532,portal.amfiindia.com / AMFI Historical NAV,2026-09-05T05:36:33.008543+00:00
2016-09-12,36.7657,portal.amfiindia.com / AMFI Historical NAV,2026-09-05T05:36:33.008543+00:00
2016-09-13,36.4781,portal.amfiindia.com / AMFI Historical NAV,2026-09-05T05:36:33.008543+00:00
2016-09-14,36.5596,portal.amfiindia.com / AMFI Historical NAV,2026-09-05T05:36:33.008543+00:00
2016-09-15,36.4726,portal.amfiindia.com / AMFI Historical NAV,2026-09-05T05:36:33.008543+00:00
2016-09-16,36.7838,portal.amfiindia.com / AMFI Historical NAV,2026-09-05T05:36:33.008543+00:00
2016-09-19,37.2237,portal.amfiindia.com / AMFI Historical NAV,2026-09-05T05:36:33.008543+00:00
2016-09-20,36.9421,portal.amfiindia.com / AMFI Historical NAV,2026-09-05T05:36:33.008543+00:00
2016-09-21,36.596,portal.amfiindia.com / AMFI Historical NAV,2026-09-05T05:36:33.008543+00:00
2016-09-22,36.4751,portal.amfiindia.com / AMFI Historical NAV,2026-09-05T05:36:33.008543+00:00
2016-09-23,36.6118,portal.amfiindia.com / AMFI Historical NAV,2026-09-05T05:36:33.008543+00:00
2016-09-26,37.3449,portal.amfiindia.com / AMFI Historical NAV,2026-09-05T05:36:33.008543+00:00
2016-09-27,37.4706,portal.amfiindia.com / AMFI Historical NAV,2026-09-05T05:36:33.008543+00:00
2016-09-28,37.0455,portal.amfiindia.com / AMFI Historical NAV,2026-09-05T05:36:33.008543+00:00
2016-09-29,37.4063,portal.amfiindia.com / AMFI Historical NAV,2026-09-05T05:36:33.008543+00:00
2016-09-30,38.008,portal.amfiindia.com / AMFI Historical NAV,2026-09-05T05:36:33.008543+00:00
2016-10-03,37.1302,portal.amfiindia.com / AMFI Historical NAV,2026-09-05T05:36:33.008543+00:00
2016-10-04,36.8812,portal.amfiindia.com / AMFI Historical NAV,2026-09-05T05:36:33.008543+00:00
2016-10-05,37.2709,portal.amfiindia.com / AMFI Historical NAV,2026-09-05T05:36:33.008543+00:00
2016-10-06,36.7361,portal.amfiindia.com / AMFI Historical NAV,2026-09-05T05:36:33.008543+00:00
2016-10-07,36.7414,portal.amfiindia.com / AMFI Historical NAV,2026-09-05T05:36:33.008543+00:00
2016-10-10,36.6827,portal.amfiindia.com / AMFI Historical NAV,2026-09-05T05:36:33.008543+00:00
2016-10-11,37.024,portal.amfiindia.com / AMFI Historical NAV,2026-09-05T05:36:33.008543+00:00
2016-10-12,37.1363,portal.amfiindia.com / AMFI Historical NAV,2026-09-05T05:36:33.008543+00:00
2016-10-13,37.1188,portal.amfiindia.com / AMFI Historical NAV,2026-09-05T05:36:33.008543+00:00
2016-10-14,36.7398,portal.amfiindia.com / AMFI Historical NAV,2026-09-05T05:36:33.008543+00:00
2016-10-17,36.9694,portal.amfiindia.com / AMFI Historical NAV,2026-09-05T05:36:33.008543+00:00
2016-10-18,37.3671,portal.amfiindia.com / AMFI Historical NAV,2026-09-05T05:36:33.008543+00:00
2016-10-19,37.8675,portal.amfiindia.com / AMFI Historical NAV,2026-09-05T05:36:33.008543+00:00
2016-10-20,39.8238,portal.amfiindia.com / AMFI Historical NAV,2026-09-05T05:36:33.008543+00:00
2016-10-21,40.4137,portal.amfiindia.com / AMFI Historical NAV,2026-09-05T05:36:33.008543+00:00
2016-10-24,40.7926,portal.amfiindia.com / AMFI Historical NAV,2026-09-05T05:36:33.008543+00:00
2016-10-25,41.185,portal.amfiindia.com / AMFI Historical NAV,2026-09-05T05:36:33.008543+00:00
2016-10-26,41.7453,portal.amfiindia.com / AMFI Historical NAV,2026-09-05T05:36:33.008543+00:00
2016-10-27,41.4705,portal.amfiindia.com / AMFI Historical NAV,2026-09-05T05:36:33.008543+00:00
2016-10-28,41.8613,portal.amfiindia.com / AMFI Historical NAV,2026-09-05T05:36:33.008543+00:00
2016-10-31,41.6368,portal.amfiindia.com / AMFI Historical NAV,2026-09-05T05:36:33.008543+00:00
2016-11-01,41.7827,portal.amfiindia.com / AMFI Historical NAV,2026-09-05T05:36:33.008543+00:00
2016-11-02,41.0602,portal.amfiindia.com / AMFI Historical NAV,2026-09-05T05:36:33.008543+00:00
2016-11-03,41.3344,portal.amfiindia.com / AMFI Historical NAV,2026-09-05T05:36:33.008543+00:00
2016-11-04,42.3973,portal.amfiindia.com / AMFI Historical NAV,2026-09-05T05:36:33.008543+00:00
2016-11-07,41.7279,portal.amfiindia.com / AMFI Historical NAV,2026-09-05T05:36:33.008543+00:00
2016-11-08,42.381,portal.amfiindia.com / AMFI Historical NAV,2026-09-05T05:36:33.008543+00:00
2016-11-09,41.6101,portal.amfiindia.com / AMFI Historical NAV,2026-09-05T05:36:33.008543+00:00
2016-11-10,41.598,portal.amfiindia.com / AMFI Historical NAV,2026-09-05T05:36:33.008543+00:00
2016-11-11,42.7039,portal.amfiindia.com / AMFI Historical NAV,2026-09-05T05:36:33.008543+00:00
2016-11-14,43.1134,portal.amfiindia.com / AMFI Historical NAV,2026-09-05T05:36:33.008543+00:00
2016-11-15,42.3297,portal.amfiindia.com / AMFI Historical NAV,2026-09-05T05:36:33.008543+00:00
2016-11-16,41.7482,portal.amfiindia.com / AMFI Historical NAV,2026-09-05T05:36:33.008543+00:00
2016-11-17,42.4248,portal.amfiindia.com / AMFI Historical NAV,2026-09-05T05:36:33.008543+00:00
2016-11-18,42.0388,portal.amfiindia.com / AMFI Historical NAV,2026-09-05T05:36:33.008543+00:00
2016-11-21,42.0365,portal.amfiindia.com / AMFI Historical NAV,2026-09-05T05:36:33.008543+00:00
2016-11-22,42.1204,portal.amfiindia.com / AMFI Historical NAV,2026-09-05T05:36:33.008543+00:00
2016-11-23,41.5681,portal.amfiindia.com / AMFI Historical NAV,2026-09-05T05:36:33.008543+00:00
2016-11-24,42.7894,portal.amfiindia.com / AMFI Historical NAV,2026-09-05T05:36:33.008543+00:00
2016-11-25,43.5743,portal.amfiindia.com / AMFI Historical NAV,2026-09-05T05:36:33.008543+00:00
2016-11-28,41.9981,portal.amfiindia.com / AMFI Historical NAV,2026-09-05T05:36:33.008543+00:00
2016-11-29,42.6673,portal.amfiindia.com / AMFI Historical NAV,2026-09-05T05:36:33.008543+00:00
2016-11-30,41.6254,portal.amfiindia.com / AMFI Historical NAV,2026-09-05T05:36:33.008543+00:00
2016-12-01,42.0076,portal.amfiindia.com / AMFI Historical NAV,2026-09-05T05:36:33.008543+00:00
2016-12-02,41.3746,portal.amfiindia.com / AMFI Historical NAV,2026-09-05T05:36:33.008543+00:00
2016-12-05,41.5549,portal.amfiindia.com / AMFI Historical NAV,2026-09-05T05:36:33.008543+00:00
2016-12-06,41.9656,portal.amfiindia.com / AMFI Historical NAV,2026-09-05T05:36:33.008543+00:00
2016-12-07,42.6153,portal.amfiindia.com / AMFI Historical NAV,2026-09-05T05:36:33.008543+00:00
2016-12-08,41.3274,portal.amfiindia.com / AMFI Historical NAV,2026-09-05T05:36:33.008543+00:00
2016-12-09,40.6871,portal.amfiindia.com / AMFI Historical NAV,2026-09-05T05:36:33.008543+00:00
2016-12-12,40.3795,portal.amfiindia.com / AMFI Historical NAV,2026-09-05T05:36:33.008543+00:00
2016-12-13,39.4732,portal.amfiindia.com / AMFI Historical NAV,2026-09-05T05:36:33.008543+00:00
2016-12-14,40.4642,portal.amfiindia.com / AMFI Historical NAV,2026-09-05T05:36:33.008543+00:00
2016-12-15,40.8231,portal.amfiindia.com / AMFI Historical NAV,2026-09-05T05:36:33.008543+00:00
2016-12-16,39.5881,portal.amfiindia.com / AMFI Historical NAV,2026-09-05T05:36:33.008543+00:00
2016-12-19,40.5954,portal.amfiindia.com / AMFI Historical NAV,2026-09-05T05:36:33.008543+00:00
2016-12-20,42.3634,portal.amfiindia.com / AMFI Historical NAV,2026-09-05T05:36:33.008543+00:00
2016-12-21,42.583,portal.amfiindia.com / AMFI Historical NAV,2026-09-05T05:36:33.008543+00:00
2016-12-22,41.1198,portal.amfiindia.com / AMFI Historical NAV,2026-09-05T05:36:33.008543+00:00
2016-12-23,40.0516,portal.amfiindia.com / AMFI Historical NAV,2026-09-05T05:36:33.008543+00:00
2016-12-26,40.6424,portal.amfiindia.com / AMFI Historical NAV,2026-09-05T05:36:33.008543+00:00
2016-12-27,40.2983,portal.amfiindia.com / AMFI Historical NAV,2026-09-05T05:36:33.008543+00:00
2016-12-28,40.4245,portal.amfiindia.com / AMFI Historical NAV,2026-09-05T05:36:33.008543+00:00
2016-12-29,41.0294,portal.amfiindia.com / AMFI Historical NAV,2026-09-05T05:36:33.008543+00:00
2016-12-30,39.8695,portal.amfiindia.com / AMFI Historical NAV,2026-09-05T05:36:33.008543+00:00
2017-01-02,40.1275,portal.amfiindia.com / AMFI Historical NAV,2026-09-05T05:36:33.008543+00:00
2017-01-03,38.9793,portal.amfiindia.com / AMFI Historical NAV,2026-09-05T05:36:33.008543+00:00
2017-01-04,38.7144,portal.amfiindia.com / AMFI Historical NAV,2026-09-05T05:36:33.008543+00:00
2017-01-05,38.6634,portal.amfiindia.com / AMFI Historical NAV,2026-09-05T05:36:33.008543+00:00
2017-01-06,37.9837,portal.amfiindia.com / AMFI Historical NAV,2026-09-05T05:36:33.008543+00:00
2017-01-09,38.2281,portal.amfiindia.com / AMFI Historical NAV,2026-09-05T05:36:33.008543+00:00
2017-01-10,38.0991,portal.amfiindia.com / AMFI Historical NAV,2026-09-05T05:36:33.008543+00:00
2017-01-11,38.1226,portal.amfiindia.com / AMFI Historical NAV,2026-09-05T05:36:33.008543+00:00
2017-01-12,38.4949,portal.amfiindia.com / AMFI Historical NAV,2026-09-05T05:36:33.008543+00:00
2017-01-13,39.0816,portal.amfiindia.com / AMFI Historical NAV,2026-09-05T05:36:33.008543+00:00
2017-01-16,38.7223,portal.amfiindia.com / AMFI Historical NAV,2026-09-05T05:36:33.008543+00:00
2017-01-17,38.6699,portal.amfiindia.com / AMFI Historical NAV,2026-09-05T05:36:33.008543+00:00
2017-01-18,38.6527,portal.amfiindia.com / AMFI Historical NAV,2026-09-05T05:36:33.008543+00:00
2017-01-19,38.3927,portal.amfiindia.com / AMFI Historical NAV,2026-09-05T05:36:33.008543+00:00
2017-01-20,39.1128,portal.amfiindia.com / AMFI Historical NAV,2026-09-05T05:36:33.008543+00:00
2017-01-23,39.4169,portal.amfiindia.com / AMFI Historical NAV,2026-09-05T05:36:33.008543+00:00
2017-01-24,39.7041,portal.amfiindia.com / AMFI Historical NAV,2026-09-05T05:36:33.008543+00:00
2017-01-25,39.9467,portal.amfiindia.com / AMFI Historical NAV,2026-09-05T05:36:33.008543+00:00
2017-01-26,39.6784,portal.amfiindia.com / AMFI Historical NAV,2026-09-05T05:36:33.008543+00:00
2017-01-27,39.8014,portal.amfiindia.com / AMFI Historical NAV,2026-09-05T05:36:33.008543+00:00
2017-01-30,40.1336,portal.amfiindia.com / AMFI Historical NAV,2026-09-05T05:36:33.008543+00:00
2017-01-31,40.437,portal.amfiindia.com / AMFI Historical NAV,2026-09-05T05:36:33.008543+00:00
2017-02-01,39.9805,portal.amfiindia.com / AMFI Historical NAV,2026-09-05T05:36:33.008543+00:00
2017-02-02,40.6639,portal.amfiindia.com / AMFI Historical NAV,2026-09-05T05:36:33.008543+00:00
2017-02-03,40.5375,portal.amfiindia.com / AMFI Historical NAV,2026-09-05T05:36:33.008543+00:00
2017-02-06,39.9528,portal.amfiindia.com / AMFI Historical NAV,2026-09-05T05:36:33.008543+00:00
2017-02-07,40.5338,portal.amfiindia.com / AMFI Historical NAV,2026-09-05T05:36:33.008543+00:00
2017-02-08,40.415,portal.amfiindia.com / AMFI Historical NAV,2026-09-05T05:36:33.008543+00:00
2017-02-09,39.8794,portal.amfiindia.com / AMFI Historical NAV,2026-09-05T05:36:33.008543+00:00
2017-02-10,40.1965,portal.amfiindia.com / AMFI Historical NAV,2026-09-05T05:36:33.008543+00:00
2017-02-13,40.2977,portal.amfiindia.com / AMFI Historical NAV,2026-09-05T05:36:33.008543+00:00
2017-02-14,40.5154,portal.amfiindia.com / AMFI Historical NAV,2026-09-05T05:36:33.008543+00:00
2017-02-15,41.0749,portal.amfiindia.com / AMFI Historical NAV,2026-09-05T05:36:33.008543+00:00
2017-02-16,41.8413,portal.amfiindia.com / AMFI Historical NAV,2026-09-05T05:36:33.008543+00:00
2017-02-17,41.8287,portal.amfiindia.com / AMFI Historical NAV,2026-09-05T05:36:33.008543+00:00
2017-02-20,42.1429,portal.amfiindia.com / AMFI Historical NAV,2026-09-05T05:36:33.008543+00:00
2017-02-21,42.4058,portal.amfiindia.com / AMFI Historical NAV,2026-09-05T05:36:33.008543+00:00
2017-02-22,43.1103,portal.amfiindia.com / AMFI Historical NAV,2026-09-05T05:36:33.008543+00:00
2017-02-23,43.1524,portal.amfiindia.com / AMFI Historical NAV,2026-09-05T05:36:33.008543+00:00
2017-02-24,42.7264,portal.amfiindia.com / AMFI Historical NAV,2026-09-05T05:36:33.008543+00:00
2017-02-27,42.4997,portal.amfiindia.com / AMFI Historical NAV,2026-09-05T05:36:33.008543+00:00
2017-02-28,42.1873,portal.amfiindia.com / AMFI Historical NAV,2026-09-05T05:36:33.008543+00:00
2017-03-01,42.4929,portal.amfiindia.com / AMFI Historical NAV,2026-09-05T05:36:33.008543+00:00
2017-03-02,41.9827,portal.amfiindia.com / AMFI Historical NAV,2026-09-05T05:36:33.008543+00:00
2017-03-03,42.0953,portal.amfiindia.com / AMFI Historical NAV,2026-09-05T05:36:33.008543+00:00
2017-03-06,42.8407,portal.amfiindia.com / AMFI Historical NAV,2026-09-05T05:36:33.008543+00:00
2017-03-07,42.5521,portal.amfiindia.com / AMFI Historical NAV,2026-09-05T05:36:33.008543+00:00
2017-03-08,43.2972,portal.amfiindia.com / AMFI Historical NAV,2026-09-05T05:36:33.008543+00:00
2017-03-09,42.8431,portal.amfiindia.com / AMFI Historical NAV,2026-09-05T05:36:33.008543+00:00
2017-03-10,43.1838,portal.amfiindia.com / AMFI Historical NAV,2026-09-05T05:36:33.008543+00:00
2017-03-13,43.8288,portal.amfiindia.com / AMFI Historical NAV,2026-09-05T05:36:33.008543+00:00
2017-03-14,43.6534,portal.amfiindia.com / AMFI Historical NAV,2026-09-05T05:36:33.008543+00:00
2017-03-15,44.8272,portal.amfiindia.com / AMFI Historical NAV,2026-09-05T05:36:33.008543+00:00
2017-03-16,45.3395,portal.amfiindia.com / AMFI Historical NAV,2026-09-05T05:36:33.008543+00:00
2017-03-17,45.1305,portal.amfiindia.com / AMFI Historical NAV,2026-09-05T05:36:33.008543+00:00
2017-03-20,44.9954,portal.amfiindia.com / AMFI Historical NAV,2026-09-05T05:36:33.008543+00:00
2017-03-21,44.8751,portal.amfiindia.com / AMFI Historical NAV,2026-09-05T05:36:33.008543+00:00
2017-03-22,45.0134,portal.amfiindia.com / AMFI Historical NAV,2026-09-05T05:36:33.008543+00:00
2017-03-23,45.0601,portal.amfiindia.com / AMFI Historical NAV,2026-09-05T05:36:33.008543+00:00
2017-03-24,45.0628,portal.amfiindia.com / AMFI Historical NAV,2026-09-05T05:36:33.008543+00:00
2017-03-27,45.54,portal.amfiindia.com / AMFI Historical NAV,2026-09-05T05:36:33.008543+00:00
2017-03-28,45.1786,portal.amfiindia.com / AMFI Historical NAV,2026-09-05T05:36:33.008543+00:00
2017-03-29,45.3893,portal.amfiindia.com / AMFI Historical NAV,2026-09-05T05:36:33.008543+00:00
2017-03-30,45.0363,portal.amfiindia.com / AMFI Historical NAV,2026-09-05T05:36:33.008543+00:00
2017-03-31,43.9112,portal.amfiindia.com / AMFI Historical NAV,2026-09-05T05:36:33.008543+00:00
2017-04-03,44.4892,portal.amfiindia.com / AMFI Historical NAV,2026-09-05T05:36:33.008543+00:00
2017-04-04,44.5285,portal.amfiindia.com / AMFI Historical NAV,2026-09-05T05:36:33.008543+00:00
2017-04-05,44.8639,portal.amfiindia.com / AMFI Historical NAV,2026-09-05T05:36:33.008543+00:00
2017-04-06,45.5648,portal.amfiindia.com / AMFI Historical NAV,2026-09-05T05:36:33.008543+00:00
2017-04-07,45.3199,portal.amfiindia.com / AMFI Historical NAV,2026-09-05T05:36:33.008543+00:00
2017-04-10,45.3911,portal.amfiindia.com / AMFI Historical NAV,2026-09-05T05:36:33.008543+00:00
2017-04-11,45.343,portal.amfiindia.com / AMFI Historical NAV,2026-09-05T05:36:33.008543+00:00
2017-04-12,45.7142,portal.amfiindia.com / AMFI Historical NAV,2026-09-05T05:36:33.008543+00:00
2017-04-13,46.0186,portal.amfiindia.com / AMFI Historical NAV,2026-09-05T05:36:33.008543+00:00
2017-04-14,45.7562,portal.amfiindia.com / AMFI Historical NAV,2026-09-05T05:36:33.008543+00:00
2017-04-17,45.7347,portal.amfiindia.com / AMFI Historical NAV,2026-09-05T05:36:33.008543+00:00
2017-04-18,45.5393,portal.amfiindia.com / AMFI Historical NAV,2026-09-05T05:36:33.008543+00:00
2017-04-19,45.4846,portal.amfiindia.com / AMFI Historical NAV,2026-09-05T05:36:33.008543+00:00
2017-04-20,45.1881,portal.amfiindia.com / AMFI Historical NAV,2026-09-05T05:36:33.008543+00:00
2017-04-21,44.9366,portal.amfiindia.com / AMFI Historical NAV,2026-09-05T05:36:33.008543+00:00
2017-04-24,45.5083,portal.amfiindia.com / AMFI Historical NAV,2026-09-05T05:36:33.008543+00:00
2017-04-25,45.044,portal.amfiindia.com / AMFI Historical NAV,2026-09-05T05:36:33.008543+00:00
2017-04-26,44.929,portal.amfiindia.com / AMFI Historical NAV,2026-09-05T05:36:33.008543+00:00
2017-04-27,45.0165,portal.amfiindia.com / AMFI Historical NAV,2026-09-05T05:36:33.008543+00:00
2017-04-28,45.223,portal.amfiindia.com / AMFI Historical NAV,2026-09-05T05:36:33.008543+00:00
2017-05-01,45.1722,portal.amfiindia.com / AMFI Historical NAV,2026-09-05T05:36:33.008543+00:00
2017-05-02,44.6985,portal.amfiindia.com / AMFI Historical NAV,2026-09-05T05:36:33.008543+00:00
2017-05-03,44.4433,portal.amfiindia.com / AMFI Historical NAV,2026-09-05T05:36:33.008543+00:00
2017-05-04,44.6119,portal.amfiindia.com / AMFI Historical NAV,2026-09-05T05:36:33.008543+00:00
2017-05-05,44.8154,portal.amfiindia.com / AMFI Historical NAV,2026-09-05T05:36:33.008543+00:00
2017-05-08,45.2864,portal.amfiindia.com / AMFI Historical NAV,2026-09-05T05:36:33.008543+00:00
2017-05-09,45.8245,portal.amfiindia.com / AMFI Historical NAV,2026-09-05T05:36:33.008543+00:00
2017-05-10,45.6187,portal.amfiindia.com / AMFI Historical NAV,2026-09-05T05:36:33.008543+00:00
2017-05-11,45.4788,portal.amfiindia.com / AMFI Historical NAV,2026-09-05T05:36:33.008543+00:00
2017-05-12,45.0058,portal.amfiindia.com / AMFI Historical NAV,2026-09-05T05:36:33.008543+00:00
2017-05-15,45.4868,portal.amfiindia.com / AMFI Historical NAV,2026-09-05T05:36:33.008543+00:00
2017-05-16,44.4176,portal.amfiindia.com / AMFI Historical NAV,2026-09-05T05:36:33.008543+00:00
2017-05-17,44.7166,portal.amfiindia.com / AMFI Historical NAV,2026-09-05T05:36:33.008543+00:00
2017-05-18,44.4906,portal.amfiindia.com / AMFI Historical NAV,2026-09-05T05:36:33.008543+00:00
2017-05-19,44.2139,portal.amfiindia.com / AMFI Historical NAV,2026-09-05T05:36:33.008543+00:00
2017-05-22,44.9156,portal.amfiindia.com / AMFI Historical NAV,2026-09-05T05:36:33.008543+00:00
2017-05-23,45.0872,portal.amfiindia.com / AMFI Historical NAV,2026-09-05T05:36:33.008543+00:00
2017-05-24,45.4806,portal.amfiindia.com / AMFI Historical NAV,2026-09-05T05:36:33.008543+00:00
2017-05-25,44.9511,portal.amfiindia.com / AMFI Historical NAV,2026-09-05T05:36:33.008543+00:00
2017-05-26,45.2972,portal.amfiindia.com / AMFI Historical NAV,2026-09-05T05:36:33.008543+00:00
2017-05-29,45.2069,portal.amfiindia.com / AMFI Historical NAV,2026-09-05T05:36:33.008543+00:00
2017-05-30,45.4904,portal.amfiindia.com / AMFI Historical NAV,2026-09-05T05:36:33.008543+00:00
2017-05-31,45.8243,portal.amfiindia.com / AMFI Historical NAV,2026-09-05T05:36:33.008543+00:00
2017-06-01,45.3204,portal.amfiindia.com / AMFI Historical NAV,2026-09-05T05:36:33.008543+00:00
2017-06-02,45.6008,portal.amfiindia.com / AMFI Historical NAV,2026-09-05T05:36:33.008543+00:00
2017-06-05,45.7228,portal.amfiindia.com / AMFI Historical NAV,2026-09-05T05:36:33.008543+00:00
2017-06-06,45.6563,portal.amfiindia.com / AMFI Historical NAV,2026-09-05T05:36:33.008543+00:00
2017-06-07,46.4444,portal.amfiindia.com / AMFI Historical NAV,2026-09-05T05:36:33.008543+00:00
2017-06-08,47.0609,portal.amfiindia.com / AMFI Historical NAV,2026-09-05T05:36:33.008543+00:00
2017-06-09,46.5529,portal.amfiindia.com / AMFI Historical NAV,2026-09-05T05:36:33.008543+00:00
2017-06-12,46.812,portal.amfiindia.com / AMFI Historical NAV,2026-09-05T05:36:33.008543+00:00
2017-06-13,47.0342,portal.amfiindia.com / AMFI Historical NAV,2026-09-05T05:36:33.008543+00:00
2017-06-14,47.9087,portal.amfiindia.com / AMFI Historical NAV,2026-09-05T05:36:33.008543+00:00
2017-06-15,47.8461,portal.amfiindia.com / AMFI Historical NAV,2026-09-05T05:36:33.008543+00:00
2017-06-16,47.1394,portal.amfiindia.com / AMFI Historical NAV,2026-09-05T05:36:33.008543+00:00
2017-06-19,46.7313,portal.amfiindia.com / AMFI Historical NAV,2026-09-05T05:36:33.008543+00:00
2017-06-20,45.9582,portal.amfiindia.com / AMFI Historical NAV,2026-09-05T05:36:33.008543+00:00
2017-06-21,46.437,portal.amfiindia.com / AMFI Historical NAV,2026-09-05T05:36:33.008543+00:00
2017-06-22,46.1796,portal.amfiindia.com / AMFI Historical NAV,2026-09-05T05:36:33.008543+00:00
2017-06-23,46.6493,portal.amfiindia.com / AMFI Historical NAV,2026-09-05T05:36:33.008543+00:00
2017-06-26,46.8539,portal.amfiindia.com / AMFI Historical NAV,2026-09-05T05:36:33.008543+00:00
2017-06-27,47.4669,portal.amfiindia.com / AMFI Historical NAV,2026-09-05T05:36:33.008543+00:00
2017-06-28,47.8129,portal.amfiindia.com / AMFI Historical NAV,2026-09-05T05:36:33.008543+00:00
2017-06-29,47.5997,portal.amfiindia.com / AMFI Historical NAV,2026-09-05T05:36:33.008543+00:00
2017-06-30,47.5216,portal.amfiindia.com / AMFI Historical NAV,2026-09-05T05:36:33.008543+00:00
2017-07-03,48.2319,portal.amfiindia.com / AMFI Historical NAV,2026-09-05T05:36:33.008543+00:00
2017-07-04,47.9066,portal.amfiindia.com / AMFI Historical NAV,2026-09-05T05:36:33.008543+00:00
2017-07-05,49.0764,portal.amfiindia.com / AMFI Historical NAV,2026-09-05T05:36:33.008543+00:00
2017-07-06,49.2779,portal.amfiindia.com / AMFI Historical NAV,2026-09-05T05:36:33.008543+00:00
2017-07-07,49.016,portal.amfiindia.com / AMFI Historical NAV,2026-09-05T05:36:33.008543+00:00
2017-07-10,48.1584,portal.amfiindia.com / AMFI Historical NAV,2026-09-05T05:36:33.008543+00:00
2017-07-11,48.855,portal.amfiindia.com / AMFI Historical NAV,2026-09-05T05:36:33.008543+00:00
2017-07-12,48.7539,portal.amfiindia.com / AMFI Historical NAV,2026-09-05T05:36:33.008543+00:00
2017-07-13,49.5553,portal.amfiindia.com / AMFI Historical NAV,2026-09-05T05:36:33.008543+00:00
2017-07-14,48.6639,portal.amfiindia.com / AMFI Historical NAV,2026-09-05T05:36:33.008543+00:00
2017-07-17,48.5102,portal.amfiindia.com / AMFI Historical NAV,2026-09-05T05:36:33.008543+00:00
2017-07-18,48.8117,portal.amfiindia.com / AMFI Historical NAV,2026-09-05T05:36:33.008543+00:00
2017-07-19,48.1911,portal.amfiindia.com / AMFI Historical NAV,2026-09-05T05:36:33.008543+00:00
2017-07-20,48.798,portal.amfiindia.com / AMFI Historical NAV,2026-09-05T05:36:33.008543+00:00
2017-07-21,49.0126,portal.amfiindia.com / AMFI Historical NAV,2026-09-05T05:36:33.008543+00:00
2017-07-24,47.9635,portal.amfiindia.com / AMFI Historical NAV,2026-09-05T05:36:33.008543+00:00
2017-07-25,48.0271,portal.amfiindia.com / AMFI Historical NAV,2026-09-05T05:36:33.008543+00:00
2017-07-26,48.1504,portal.amfiindia.com / AMFI Historical NAV,2026-09-05T05:36:33.008543+00:00
2017-07-27,48.3879,portal.amfiindia.com / AMFI Historical NAV,2026-09-05T05:36:33.008543+00:00
2017-07-28,49.0669,portal.amfiindia.com / AMFI Historical NAV,2026-09-05T05:36:33.008543+00:00
2017-07-31,48.9463,portal.amfiindia.com / AMFI Historical NAV,2026-09-05T05:36:33.008543+00:00
2017-08-01,48.5107,portal.amfiindia.com / AMFI Historical NAV,2026-09-05T05:36:33.008543+00:00
2017-08-02,49.2288,portal.amfiindia.com / AMFI Historical NAV,2026-09-05T05:36:33.008543+00:00
2017-08-03,49.3917,portal.amfiindia.com / AMFI Historical NAV,2026-09-05T05:36:33.008543+00:00
2017-08-04,49.7754,portal.amfiindia.com / AMFI Historical NAV,2026-09-05T05:36:33.008543+00:00
2017-08-07,49.9495,portal.amfiindia.com / AMFI Historical NAV,2026-09-05T05:36:33.008543+00:00
2017-08-08,50.113,portal.amfiindia.com / AMFI Historical NAV,2026-09-05T05:36:33.008543+00:00
2017-08-09,50.6799,portal.amfiindia.com / AMFI Historical NAV,2026-09-05T05:36:33.008543+00:00
2017-08-10,51.0652,portal.amfiindia.com / AMFI Historical NAV,2026-09-05T05:36:33.008543+00:00
2017-08-11,51.6804,portal.amfiindia.com / AMFI Historical NAV,2026-09-05T05:36:33.008543+00:00
2017-08-14,51.8504,portal.amfiindia.com / AMFI Historical NAV,2026-09-05T05:36:33.008543+00:00
2017-08-15,51.8742,portal.amfiindia.com / AMFI Historical NAV,2026-09-05T05:36:33.008543+00:00
2017-08-16,52.4528,portal.amfiindia.com / AMFI Historical NAV,2026-09-05T05:36:33.008543+00:00
2017-08-17,53.3439,portal.amfiindia.com / AMFI Historical NAV,2026-09-05T05:36:33.008543+00:00
2017-08-18,53.53,portal.amfiindia.com / AMFI Historical NAV,2026-09-05T05:36:33.008543+00:00
2017-08-21,53.62,portal.amfiindia.com / AMFI Historical NAV,2026-09-05T05:36:33.008543+00:00
2017-08-22,54.8779,portal.amfiindia.com / AMFI Historical NAV,2026-09-05T05:36:33.008543+00:00
2017-08-23,55.2752,portal.amfiindia.com / AMFI Historical NAV,2026-09-05T05:36:33.008543+00:00
2017-08-24,54.0686,portal.amfiindia.com / AMFI Historical NAV,2026-09-05T05:36:33.008543+00:00
2017-08-25,53.4734,portal.amfiindia.com / AMFI Historical NAV,2026-09-05T05:36:33.008543+00:00
2017-08-28,52.6738,portal.amfiindia.com / AMFI Historical NAV,2026-09-05T05:36:33.008543+00:00
2017-08-29,52.8393,portal.amfiindia.com / AMFI Historical NAV,2026-09-05T05:36:33.008543+00:00
2017-08-30,52.9979,portal.amfiindia.com / AMFI Historical NAV,2026-09-05T05:36:33.008543+00:00
2017-08-31,54.2882,portal.amfiindia.com / AMFI Historical NAV,2026-09-05T05:36:33.008543+00:00
2017-09-01,53.9711,portal.amfiindia.com / AMFI Historical NAV,2026-09-05T05:36:33.008543+00:00
2017-09-04,54.0953,portal.amfiindia.com / AMFI Historical NAV,2026-09-05T05:36:33.008543+00:00
2017-09-05,53.9872,portal.amfiindia.com / AMFI Historical NAV,2026-09-05T05:36:33.008543+00:00
2017-09-06,52.461,portal.amfiindia.com / AMFI Historical NAV,2026-09-05T05:36:33.008543+00:00
2017-09-07,52.4342,portal.amfiindia.com / AMFI Historical NAV,2026-09-05T05:36:33.008543+00:00
2017-09-08,53.8122,portal.amfiindia.com / AMFI Historical NAV,2026-09-05T05:36:33.008543+00:00
2017-09-11,53.867,portal.amfiindia.com / AMFI Historical NAV,2026-09-05T05:36:33.008543+00:00
2017-09-12,52.6214,portal.amfiindia.com / AMFI Historical NAV,2026-09-05T05:36:33.008543+00:00
2017-09-13,52.6343,portal.amfiindia.com / AMFI Historical NAV,2026-09-05T05:36:33.008543+00:00
2017-09-14,52.1347,portal.amfiindia.com / AMFI Historical NAV,2026-09-05T05:36:33.008543+00:00
2017-09-15,52.5456,portal.amfiindia.com / AMFI Historical NAV,2026-09-05T05:36:33.008543+00:00
2017-09-18,53.016,portal.amfiindia.com / AMFI Historical NAV,2026-09-05T05:36:33.008543+00:00
2017-09-19,52.3016,portal.amfiindia.com / AMFI Historical NAV,2026-09-05T05:36:33.008543+00:00
2017-09-20,52.7745,portal.amfiindia.com / AMFI Historical NAV,2026-09-05T05:36:33.008543+00:00
2017-09-21,52.4871,portal.amfiindia.com / AMFI Historical NAV,2026-09-05T05:36:33.008543+00:00
2017-09-22,52.7993,portal.amfiindia.com / AMFI Historical NAV,2026-09-05T05:36:33.008543+00:00
2017-09-25,53.0451,portal.amfiindia.com / AMFI Historical NAV,2026-09-05T05:36:33.008543+00:00
2017-09-26,53.1743,portal.amfiindia.com / AMFI Historical NAV,2026-09-05T05:36:33.008543+00:00
2017-09-27,53.3669,portal.amfiindia.com / AMFI Historical NAV,2026-09-05T05:36:33.008543+00:00
2017-09-28,53.3157,portal.amfiindia.com / AMFI Historical NAV,2026-09-05T05:36:33.008543+00:00
2017-09-29,52.6999,portal.amfiindia.com / AMFI Historical NAV,2026-09-05T05:36:33.008543+00:00
2017-10-02,52.3587,portal.amfiindia.com / AMFI Historical NAV,2026-09-05T05:36:33.008543+00:00
2017-10-03,52.246,portal.amfiindia.com / AMFI Historical NAV,2026-09-05T05:36:33.008543+00:00
2017-10-04,51.9223,portal.amfiindia.com / AMFI Historical NAV,2026-09-05T05:36:33.008543+00:00
2017-10-05,51.1821,portal.amfiindia.com / AMFI Historical NAV,2026-09-05T05:36:33.008543+00:00
2017-10-06,51.831,portal.amfiindia.com / AMFI Historical NAV,2026-09-05T05:36:33.008543+00:00
2017-10-09,52.1701,portal.amfiindia.com / AMFI Historical NAV,2026-09-05T05:36:33.008543+00:00
2017-10-10,51.7177,portal.amfiindia.com / AMFI Historical NAV,2026-09-05T05:36:33.008543+00:00
2017-10-11,51.8348,portal.amfiindia.com / AMFI Historical NAV,2026-09-05T05:36:33.008543+00:00
2017-10-12,51.8642,portal.amfiindia.com / AMFI Historical NAV,2026-09-05T05:36:33.008543+00:00
2017-10-13,51.1466,portal.amfiindia.com / AMFI Historical NAV,2026-09-05T05:36:33.008543+00:00
2017-10-16,50.9426,portal.amfiindia.com / AMFI Historical NAV,2026-09-05T05:36:33.008543+00:00
2017-10-17,51.4427,portal.amfiindia.com / AMFI Historical NAV,2026-09-05T05:36:33.008543+00:00
2017-10-18,51.0278,portal.amfiindia.com / AMFI Historical NAV,2026-09-05T05:36:33.008543+00:00
2017-10-19,51.2384,portal.amfiindia.com / AMFI Historical NAV,2026-09-05T05:36:33.008543+00:00
2017-10-20,51.5416,portal.amfiindia.com / AMFI Historical NAV,2026-09-05T05:36:33.008543+00:00
2017-10-23,50.9164,portal.amfiindia.com / AMFI Historical NAV,2026-09-05T05:36:33.008543+00:00
2017-10-24,51.0134,portal.amfiindia.com / AMFI Historical NAV,2026-09-05T05:36:33.008543+00:00
2017-10-25,51.6147,portal.amfiindia.com / AMFI Historical NAV,2026-09-05T05:36:33.008543+00:00
2017-10-26,52.6031,portal.amfiindia.com / AMFI Historical NAV,2026-09-05T05:36:33.008543+00:00
2017-10-27,52.3542,portal.amfiindia.com / AMFI Historical NAV,2026-09-05T05:36:33.008543+00:00
2017-10-30,53.5674,portal.amfiindia.com / AMFI Historical NAV,2026-09-05T05:36:33.008543+00:00
2017-10-31,54.5186,portal.amfiindia.com / AMFI Historical NAV,2026-09-05T05:36:33.008543+00:00
2017-11-01,55.9488,portal.amfiindia.com / AMFI Historical NAV,2026-09-05T05:36:33.008543+00:00
2017-11-02,56.6808,portal.amfiindia.com / AMFI Historical NAV,2026-09-05T05:36:33.008543+00:00
2017-11-03,57.2391,portal.amfiindia.com / AMFI Historical NAV,2026-09-05T05:36:33.008543+00:00
2017-11-06,56.818,portal.amfiindia.com / AMFI Historical NAV,2026-09-05T05:36:33.008543+00:00
2017-11-07,55.8996,portal.amfiindia.com / AMFI Historical NAV,2026-09-05T05:36:33.008543+00:00
2017-11-08,56.4095,portal.amfiindia.com / AMFI Historical NAV,2026-09-05T05:36:33.008543+00:00
2017-11-09,56.174,portal.amfiindia.com / AMFI Historical NAV,2026-09-05T05:36:33.008543+00:00
2017-11-10,55.6795,portal.amfiindia.com / AMFI Historical NAV,2026-09-05T05:36:33.008543+00:00
2017-11-13,55.1405,portal.amfiindia.com / AMFI Historical NAV,2026-09-05T05:36:33.008543+00:00
2017-11-14,54.0727,portal.amfiindia.com / AMFI Historical NAV,2026-09-05T05:36:33.008543+00:00
2017-11-15,54.9703,portal.amfiindia.com / AMFI Historical NAV,2026-09-05T05:36:33.008543+00:00
2017-11-16,55.7837,portal.amfiindia.com / AMFI Historical NAV,2026-09-05T05:36:33.008543+00:00
2017-11-17,55.7681,portal.amfiindia.com / AMFI Historical NAV,2026-09-05T05:36:33.008543+00:00
2017-11-20,57.0694,portal.amfiindia.com / AMFI Historical NAV,2026-09-05T05:36:33.008543+00:00
2017-11-21,56.9016,portal.amfiindia.com / AMFI Historical NAV,2026-09-05T05:36:33.008543+00:00
2017-11-22,56.1646,portal.amfiindia.com / AMFI Historical NAV,2026-09-05T05:36:33.008543+00:00
2017-11-23,56.9035,portal.amfiindia.com / AMFI Historical NAV,2026-09-05T05:36:33.008543+00:00
2017-11-24,57.1952,portal.amfiindia.com / AMFI Historical NAV,2026-09-05T05:36:33.008543+00:00
2017-11-27,57.1039,portal.amfiindia.com / AMFI Historical NAV,2026-09-05T05:36:33.008543+00:00
2017-11-28,56.7846,portal.amfiindia.com / AMFI Historical NAV,2026-09-05T05:36:33.008543+00:00
2017-11-29,57.0057,portal.amfiindia.com / AMFI Historical NAV,2026-09-05T05:36:33.008543+00:00
2017-11-30,57.2338,portal.amfiindia.com / AMFI Historical NAV,2026-09-05T05:36:33.008543+00:00
2017-12-01,57.723,portal.amfiindia.com / AMFI Historical NAV,2026-09-05T05:36:33.008543+00:00
2017-12-04,59.194,portal.amfiindia.com / AMFI Historical NAV,2026-09-05T05:36:33.008543+00:00
2017-12-05,58.1706,portal.amfiindia.com / AMFI Historical NAV,2026-09-05T05:36:33.008543+00:00
2017-12-06,58.9514,portal.amfiindia.com / AMFI Historical NAV,2026-09-05T05:36:33.008543+00:00
2017-12-07,59.1553,portal.amfiindia.com / AMFI Historical NAV,2026-09-05T05:36:33.008543+00:00
2017-12-08,59.3616,portal.amfiindia.com / AMFI Historical NAV,2026-09-05T05:36:33.008543+00:00
2017-12-11,59.1531,portal.amfiindia.com / AMFI Historical NAV,2026-09-05T05:36:33.008543+00:00
2017-12-12,57.5991,portal.amfiindia.com / AMFI Historical NAV,2026-09-05T05:36:33.008543+00:00
2017-12-13,57.4415,portal.amfiindia.com / AMFI Historical NAV,2026-09-05T05:36:33.008543+00:00
2017-12-14,56.884,portal.amfiindia.com / AMFI Historical NAV,2026-09-05T05:36:33.008543+00:00
2017-12-15,56.696,portal.amfiindia.com / AMFI Historical NAV,2026-09-05T05:36:33.008543+00:00
2017-12-18,56.7989,portal.amfiindia.com / AMFI Historical NAV,2026-09-05T05:36:33.008543+00:00
2017-12-19,56.6006,portal.amfiindia.com / AMFI Historical NAV,2026-09-05T05:36:33.008543+00:00
2017-12-20,55.9377,portal.amfiindia.com / AMFI Historical NAV,2026-09-05T05:36:33.008543+00:00
2017-12-21,55.3397,portal.amfiindia.com / AMFI Historical NAV,2026-09-05T05:36:33.008543+00:00
2017-12-22,55.4746,portal.amfiindia.com / AMFI Historical NAV,2026-09-05T05:36:33.008543+00:00
2017-12-25,56.2095,portal.amfiindia.com / AMFI Historical NAV,2026-09-05T05:36:33.008543+00:00
2017-12-26,55.5838,portal.amfiindia.com / AMFI Historical NAV,2026-09-05T05:36:33.008543+00:00
2017-12-27,55.5038,portal.amfiindia.com / AMFI Historical NAV,2026-09-05T05:36:33.008543+00:00
2017-12-28,55.7378,portal.amfiindia.com / AMFI Historical NAV,2026-09-05T05:36:33.008543+00:00
2017-12-29,55.1971,portal.amfiindia.com / AMFI Historical NAV,2026-09-05T05:36:33.008543+00:00
2018-01-01,55.7588,portal.amfiindia.com / AMFI Historical NAV,2026-09-05T05:36:33.008543+00:00
2018-01-02,54.1863,portal.amfiindia.com / AMFI Historical NAV,2026-09-05T05:36:33.008543+00:00
2018-01-03,54.9691,portal.amfiindia.com / AMFI Historical NAV,2026-09-05T05:36:33.008543+00:00
2018-01-04,55.0796,portal.amfiindia.com / AMFI Historical NAV,2026-09-05T05:36:33.008543+00:00
2018-01-05,53.5718,portal.amfiindia.com / AMFI Historical NAV,2026-09-05T05:36:33.008543+00:00
2018-01-08,52.2437,portal.amfiindia.com / AMFI Historical NAV,2026-09-05T05:36:33.008543+00:00
2018-01-09,52.1462,portal.amfiindia.com / AMFI Historical NAV,2026-09-05T05:36:33.008543+00:00
2018-01-10,52.0642,portal.amfiindia.com / AMFI Historical NAV,2026-09-05T05:36:33.008543+00:00
2018-01-11,51.6425,portal.amfiindia.com / AMFI Historical NAV,2026-09-05T05:36:33.008543+00:00
2018-01-12,51.3559,portal.amfiindia.com / AMFI Historical NAV,2026-09-05T05:36:33.008543+00:00
2018-01-15,50.0104,portal.amfiindia.com / AMFI Historical NAV,2026-09-05T05:36:33.008543+00:00
2018-01-16,50.5478,portal.amfiindia.com / AMFI Historical NAV,2026-09-05T05:36:33.008543+00:00
2018-01-17,49.5525,portal.amfiindia.com / AMFI Historical NAV,2026-09-05T05:36:33.008543+00:00
2018-01-18,49.6486,portal.amfiindia.com / AMFI Historical NAV,2026-09-05T05:36:33.008543+00:00
2018-01-19,49.8355,portal.amfiindia.com / AMFI Historical NAV,2026-09-05T05:36:33.008543+00:00
2018-01-22,48.7478,portal.amfiindia.com / AMFI Historical NAV,2026-09-05T05:36:33.008543+00:00
2018-01-23,48.7847,portal.amfiindia.com / AMFI Historical NAV,2026-09-05T05:36:33.008543+00:00
2018-01-24,49.3448,portal.amfiindia.com / AMFI Historical NAV,2026-09-05T05:36:33.008543+00:00
2018-01-25,48.8962,portal.amfiindia.com / AMFI Historical NAV,2026-09-05T05:36:33.008543+00:00
2018-01-26,49.4858,portal.amfiindia.com / AMFI Historical NAV,2026-09-05T05:36:33.008543+00:00
2018-01-29,49.0436,portal.amfiindia.com / AMFI Historical NAV,2026-09-05T05:36:33.008543+00:00
2018-01-30,49.6212,portal.amfiindia.com / AMFI Historical NAV,2026-09-05T05:36:33.008543+00:00
2018-01-31,50.8895,portal.amfiindia.com / AMFI Historical NAV,2026-09-05T05:36:33.008543+00:00
2018-02-01,49.142,portal.amfiindia.com / AMFI Historical NAV,2026-09-05T05:36:33.008543+00:00
2018-02-02,48.0713,portal.amfiindia.com / AMFI Historical NAV,2026-09-05T05:36:33.008543+00:00
2018-02-05,48.3148,portal.amfiindia.com / AMFI Historical NAV,2026-09-05T05:36:33.008543+00:00
2018-02-06,49.1517,portal.amfiindia.com / AMFI Historical NAV,2026-09-05T05:36:33.008543+00:00
2018-02-07,49.6616,portal.amfiindia.com / AMFI Historical NAV,2026-09-05T05:36:33.008543+00:00
2018-02-08,50.0247,portal.amfiindia.com / AMFI Historical NAV,2026-09-05T05:36:33.008543+00:00
2018-02-09,50.5658,portal.amfiindia.com / AMFI Historical NAV,2026-09-05T05:36:33.008543+00:00
2018-02-12,50.5213,portal.amfiindia.com / AMFI Historical NAV,2026-09-05T05:36:33.008543+00:00
2018-02-13,51.4976,portal.amfiindia.com / AMFI Historical NAV,2026-09-05T05:36:33.008543+00:00
2018-02-14,51.6676,portal.amfiindia.com / AMFI Historical NAV,2026-09-05T05:36:33.008543+00:00
2018-02-15,51.2872,portal.amfiindia.com / AMFI Historical NAV,2026-09-05T05:36:33.008543+00:00
2018-02-16,50.9654,portal.amfiindia.com / AMFI Historical NAV,2026-09-05T05:36:33.008543+00:00
2018-02-19,51.0133,portal.amfiindia.com / AMFI Historical NAV,2026-09-05T05:36:33.008543+00:00
2018-02-20,50.4567,portal.amfiindia.com / AMFI Historical NAV,2026-09-05T05:36:33.008543+00:00
2018-02-21,50.8874,portal.amfiindia.com / AMFI Historical NAV,2026-09-05T05:36:33.008543+00:00
2018-02-22,50.858,portal.amfiindia.com / AMFI Historical NAV,2026-09-05T05:36:33.008543+00:00
2018-02-23,50.742,portal.amfiindia.com / AMFI Historical NAV,2026-09-05T05:36:33.008543+00:00
2018-02-26,52.1437,portal.amfiindia.com / AMFI Historical NAV,2026-09-05T05:36:33.008543+00:00
2018-02-27,52.4385,portal.amfiindia.com / AMFI Historical NAV,2026-09-05T05:36:33.008543+00:00
2018-02-28,51.8682,portal.amfiindia.com / AMFI Historical NAV,2026-09-05T05:36:33.008543+00:00
2018-03-01,52.3195,portal.amfiindia.com / AMFI Historical NAV,2026-09-05T05:36:33.008543+00:00
2018-03-02,51.6577,portal.amfiindia.com / AMFI Historical NAV,2026-09-05T05:36:33.008543+00:00
2018-03-05,50.5843,portal.amfiindia.com / AMFI Historical NAV,2026-09-05T05:36:33.008543+00:00
2018-03-06,49.4854,portal.amfiindia.com / AMFI Historical NAV,2026-09-05T05:36:33.008543+00:00
2018-03-07,48.1331,portal.amfiindia.com / AMFI Historical NAV,2026-09-05T05:36:33.008543+00:00
2018-03-08,47.6989,portal.amfiindia.com / AMFI Historical NAV,2026-09-05T05:36:33.008543+00:00
2018-03-09,48.094,portal.amfiindia.com / AMFI Historical NAV,2026-09-05T05:36:33.008543+00:00
2018-03-12,49.729,portal.amfiindia.com / AMFI Historical NAV,2026-09-05T05:36:33.008543+00:00
2018-03-13,50.2606,portal.amfiindia.com / AMFI Historical NAV,2026-09-05T05:36:33.008543+00:00
2018-03-14,50.1914,portal.amfiindia.com / AMFI Historical NAV,2026-09-05T05:36:33.008543+00:00
2018-03-15,50.7203,portal.amfiindia.com / AMFI Historical NAV,2026-09-05T05:36:33.008543+00:00
2018-03-16,48.608,portal.amfiindia.com / AMFI Historical NAV,2026-09-05T05:36:33.008543+00:00
2018-03-19,49.4286,portal.amfiindia.com / AMFI Historical NAV,2026-09-05T05:36:33.008543+00:00
2018-03-20,49.7233,portal.amfiindia.com / AMFI Historical NAV,2026-09-05T05:36:33.008543+00:00
2018-03-21,48.843,portal.amfiindia.com / AMFI Historical NAV,2026-09-05T05:36:33.008543+00:00
2018-03-22,50.0285,portal.amfiindia.com / AMFI Historical NAV,2026-09-05T05:36:33.008543+00:00
2018-03-23,50.0749,portal.amfiindia.com / AMFI Historical NAV,2026-09-05T05:36:33.008543+00:00
2018-03-26,50.1156,portal.amfiindia.com / AMFI Historical NAV,2026-09-05T05:36:33.008543+00:00
2018-03-27,50.8455,portal.amfiindia.com / AMFI Historical NAV,2026-09-05T05:36:33.008543+00:00
2018-03-28,53.1741,portal.amfiindia.com / AMFI Historical NAV,2026-09-05T05:36:33.008543+00:00
2018-03-29,53.131,portal.amfiindia.com / AMFI Historical NAV,2026-09-05T05:36:33.008543+00:00
2018-03-30,52.8369,portal.amfiindia.com / AMFI Historical NAV,2026-09-05T05:36:33.008543+00:00
2018-04-02,52.2741,portal.amfiindia.com / AMFI Historical NAV,2026-09-05T05:36:33.008543+00:00
2018-04-03,51.6736,portal.amfiindia.com / AMFI Historical NAV,2026-09-05T05:36:33.008543+00:00
2018-04-04,52.3234,portal.amfiindia.com / AMFI Historical NAV,2026-09-05T05:36:33.008543+00:00
2018-04-05,51.4969,portal.amfiindia.com / AMFI Historical NAV,2026-09-05T05:36:33.008543+00:00
2018-04-06,50.8511,portal.amfiindia.com / AMFI Historical NAV,2026-09-05T05:36:33.008543+00:00
2018-04-09,50.643,portal.amfiindia.com / AMFI Historical NAV,2026-09-05T05:36:33.008543+00:00
2018-04-10,51.6924,portal.amfiindia.com / AMFI Historical NAV,2026-09-05T05:36:33.008543+00:00
2018-04-11,52.1056,portal.amfiindia.com / AMFI Historical NAV,2026-09-05T05:36:33.008543+00:00
2018-04-12,53.1232,portal.amfiindia.com / AMFI Historical NAV,2026-09-05T05:36:33.008543+00:00
2018-04-13,52.9181,portal.amfiindia.com / AMFI Historical NAV,2026-09-05T05:36:33.008543+00:00
2018-04-16,52.8387,portal.amfiindia.com / AMFI Historical NAV,2026-09-05T05:36:33.008543+00:00
2018-04-17,52.3971,portal.amfiindia.com / AMFI Historical NAV,2026-09-05T05:36:33.008543+00:00
2018-04-18,52.1813,portal.amfiindia.com / AMFI Historical NAV,2026-09-05T05:36:33.008543+00:00
2018-04-19,52.3486,portal.amfiindia.com / AMFI Historical NAV,2026-09-05T05:36:33.008543+00:00
2018-04-20,52.6366,portal.amfiindia.com / AMFI Historical NAV,2026-09-05T05:36:33.008543+00:00
2018-04-23,51.8063,portal.amfiindia.com / AMFI Historical NAV,2026-09-05T05:36:33.008543+00:00
2018-04-24,52.581,portal.amfiindia.com / AMFI Historical NAV,2026-09-05T05:36:33.008543+00:00
2018-04-25,53.5174,portal.amfiindia.com / AMFI Historical NAV,2026-09-05T05:36:33.008543+00:00
2018-04-26,53.9528,portal.amfiindia.com / AMFI Historical NAV,2026-09-05T05:36:33.008543+00:00
2018-04-27,55.6193,portal.amfiindia.com / AMFI Historical NAV,2026-09-05T05:36:33.008543+00:00
2018-04-30,55.2866,portal.amfiindia.com / AMFI Historical NAV,2026-09-05T05:36:33.008543+00:00
2018-05-01,54.7408,portal.amfiindia.com / AMFI Historical NAV,2026-09-05T05:36:33.008543+00:00
2018-05-02,53.3016,portal.amfiindia.com / AMFI Historical NAV,2026-09-05T05:36:33.008543+00:00
2018-05-03,53.9927,portal.amfiindia.com / AMFI Historical NAV,2026-09-05T05:36:33.008543+00:00
2018-05-04,54.3773,portal.amfiindia.com / AMFI Historical NAV,2026-09-05T05:36:33.008543+00:00
2018-05-07,54.3356,portal.amfiindia.com / AMFI Historical NAV,2026-09-05T05:36:33.008543+00:00
2018-05-08,53.8514,portal.amfiindia.com / AMFI Historical NAV,2026-09-05T05:36:33.008543+00:00
2018-05-09,53.4556,portal.amfiindia.com / AMFI Historical NAV,2026-09-05T05:36:33.008543+00:00
2018-05-10,55.4503,portal.amfiindia.com / AMFI Historical NAV,2026-09-05T05:36:33.008543+00:00
2018-05-11,55.6919,portal.amfiindia.com / AMFI Historical NAV,2026-09-05T05:36:33.008543+00:00
2018-05-14,56.3017,portal.amfiindia.com / AMFI Historical NAV,2026-09-05T05:36:33.008543+00:00
2018-05-15,56.6504,portal.amfiindia.com / AMFI Historical NAV,2026-09-05T05:36:33.008543+00:00
2018-05-16,57.2715,portal.amfiindia.com / AMFI Historical NAV,2026-09-05T05:36:33.008543+00:00
2018-05-17,57.4052,portal.amfiindia.com / AMFI Historical NAV,2026-09-05T05:36:33.008543+00:00
2018-05-18,56.6387,portal.amfiindia.com / AMFI Historical NAV,2026-09-05T05:36:33.008543+00:00
2018-05-21,56.7179,portal.amfiindia.com / AMFI Historical NAV,2026-09-05T05:36:33.008543+00:00
2018-05-22,58.9611,portal.amfiindia.com / AMFI Historical NAV,2026-09-05T05:36:33.008543+00:00
2018-05-23,59.9777,portal.amfiindia.com / AMFI Historical NAV,2026-09-05T05:36:33.008543+00:00
2018-05-24,61.6852,portal.amfiindia.com / AMFI Historical NAV,2026-09-05T05:36:33.008543+00:00
2018-05-25,60.389,portal.amfiindia.com / AMFI Historical NAV,2026-09-05T05:36:33.008543+00:00
2018-05-28,59.9796,portal.amfiindia.com / AMFI Historical NAV,2026-09-05T05:36:33.008543+00:00
2018-05-29,60.2939,portal.amfiindia.com / AMFI Historical NAV,2026-09-05T05:36:33.008543+00:00
2018-05-30,60.3705,portal.amfiindia.com / AMFI Historical NAV,2026-09-05T05:36:33.008543+00:00
2018-05-31,61.2473,portal.amfiindia.com / AMFI Historical NAV,2026-09-05T05:36:33.008543+00:00
2018-06-01,59.8541,portal.amfiindia.com / AMFI Historical NAV,2026-09-05T05:36:33.008543+00:00
2018-06-04,62.1671,portal.amfiindia.com / AMFI Historical NAV,2026-09-05T05:36:33.008543+00:00
2018-06-05,61.2377,portal.amfiindia.com / AMFI Historical NAV,2026-09-05T05:36:33.008543+00:00
2018-06-06,61.1671,portal.amfiindia.com / AMFI Historical NAV,2026-09-05T05:36:33.008543+00:00
2018-06-07,59.8363,portal.amfiindia.com / AMFI Historical NAV,2026-09-05T05:36:33.008543+00:00
2018-06-08,58.3329,portal.amfiindia.com / AMFI Historical NAV,2026-09-05T05:36:33.008543+00:00
2018-06-11,58.9353,portal.amfiindia.com / AMFI Historical NAV,2026-09-05T05:36:33.008543+00:00
2018-06-12,58.8087,portal.amfiindia.com / AMFI Historical NAV,2026-09-05T05:36:33.008543+00:00
2018-06-13,57.6559,portal.amfiindia.com / AMFI Historical NAV,2026-09-05T05:36:33.008543+00:00
2018-06-14,56.0677,portal.amfiindia.com / AMFI Historical NAV,2026-09-05T05:36:33.008543+00:00
2018-06-15,56.1765,portal.amfiindia.com / AMFI Historical NAV,2026-09-05T05:36:33.008543+00:00
2018-06-18,56.8589,portal.amfiindia.com / AMFI Historical NAV,2026-09-05T05:36:33.008543+00:00
2018-06-19,56.8391,portal.amfiindia.com / AMFI Historical NAV,2026-09-05T05:36:33.008543+00:00
2018-06-20,55.418,portal.amfiindia.com / AMFI Historical NAV,2026-09-05T05:36:33.008543+00:00
2018-06-21,54.7466,portal.amfiindia.com / AMFI Historical NAV,2026-09-05T05:36:33.008543+00:00
2018-06-22,54.5875,portal.amfiindia.com / AMFI Historical NAV,2026-09-05T05:36:33.008543+00:00
2018-06-25,51.7783,portal.amfiindia.com / AMFI Historical NAV,2026-09-05T05:36:33.008543+00:00
2018-06-26,51.738,portal.amfiindia.com / AMFI Historical NAV,2026-09-05T05:36:33.008543+00:00
2018-06-27,51.0314,portal.amfiindia.com / AMFI Historical NAV,2026-09-05T05:36:33.008543+00:00
2018-06-28,51.7148,portal.amfiindia.com / AMFI Historical NAV,2026-09-05T05:36:33.008543+00:00
2018-06-29,52.797,portal.amfiindia.com / AMFI Historical NAV,2026-09-05T05:36:33.008543+00:00
2018-07-02,53.5066,portal.amfiindia.com / AMFI Historical NAV,2026-09-05T05:36:33.008543+00:00
2018-07-03,53.3885,portal.amfiindia.com / AMFI Historical NAV,2026-09-05T05:36:33.008543+00:00
2018-07-04,52.2035,portal.amfiindia.com / AMFI Historical NAV,2026-09-05T05:36:33.008543+00:00
2018-07-05,54.1779,portal.amfiindia.com / AMFI Historical NAV,2026-09-05T05:36:33.008543+00:00
2018-07-06,53.6385,portal.amfiindia.com / AMFI Historical NAV,2026-09-05T05:36:33.008543+00:00
2018-07-09,53.8734,portal.amfiindia.com / AMFI Historical NAV,2026-09-05T05:36:33.008543+00:00
2018-07-10,54.5063,portal.amfiindia.com / AMFI Historical NAV,2026-09-05T05:36:33.008543+00:00
2018-07-11,55.7198,portal.amfiindia.com / AMFI Historical NAV,2026-09-05T05:36:33.008543+00:00
2018-07-12,55.6214,portal.amfiindia.com / AMFI Historical NAV,2026-09-05T05:36:33.008543+00:00
2018-07-13,55.4376,portal.amfiindia.com / AMFI Historical NAV,2026-09-05T05:36:33.008543+00:00
2018-07-16,54.2798,portal.amfiindia.com / AMFI Historical NAV,2026-09-05T05:36:33.008543+00:00
2018-07-17,54.8109,portal.amfiindia.com / AMFI Historical NAV,2026-09-05T05:36:33.008543+00:00
2018-07-18,54.65,portal.amfiindia.com / AMFI Historical NAV,2026-09-05T05:36:33.008543+00:00
2018-07-19,53.8691,portal.amfiindia.com / AMFI Historical NAV,2026-09-05T05:36:33.008543+00:00
2018-07-20,54.4081,portal.amfiindia.com / AMFI Historical NAV,2026-09-05T05:36:33.008543+00:00
2018-07-23,54.0905,portal.amfiindia.com / AMFI Historical NAV,2026-09-05T05:36:33.008543+00:00
2018-07-24,55.12,portal.amfiindia.com / AMFI Historical NAV,2026-09-05T05:36:33.008543+00:00
2018-07-25,53.1054,portal.amfiindia.com / AMFI Historical NAV,2026-09-05T05:36:33.008543+00:00
2018-07-26,53.5637,portal.amfiindia.com / AMFI Historical NAV,2026-09-05T05:36:33.008543+00:00
2018-07-27,54.9315,portal.amfiindia.com / AMFI Historical NAV,2026-09-05T05:36:33.008543+00:00
2018-07-30,52.8092,portal.amfiindia.com / AMFI Historical NAV,2026-09-05T05:36:33.008543+00:00
2018-07-31,52.1376,portal.amfiindia.com / AMFI Historical NAV,2026-09-05T05:36:33.008543+00:00
2018-08-01,51.5033,portal.amfiindia.com / AMFI Historical NAV,2026-09-05T05:36:33.008543+00:00
2018-08-02,50.6807,portal.amfiindia.com / AMFI Historical NAV,2026-09-05T05:36:33.008543+00:00
2018-08-03,49.8602,portal.amfiindia.com / AMFI Historical NAV,2026-09-05T05:36:33.008543+00:00
2018-08-06,48.5496,portal.amfiindia.com / AMFI Historical NAV,2026-09-05T05:36:33.008543+00:00
2018-08-07,49.6037,portal.amfiindia.com / AMFI Historical NAV,2026-09-05T05:36:33.008543+00:00
2018-08-08,50.2743,portal.amfiindia.com / AMFI Historical NAV,2026-09-05T05:36:33.008543+00:00
2018-08-09,50.8021,portal.amfiindia.com / AMFI Historical NAV,2026-09-05T05:36:33.008543+00:00
2018-08-10,50.9282,portal.amfiindia.com / AMFI Historical NAV,2026-09-05T05:36:33.008543+00:00
2018-08-13,50.8088,portal.amfiindia.com / AMFI Historical NAV,2026-09-05T05:36:33.008543+00:00
2018-08-14,50.0918,portal.amfiindia.com / AMFI Historical NAV,2026-09-05T05:36:33.008543+00:00
2018-08-15,50.3328,portal.amfiindia.com / AMFI Historical NAV,2026-09-05T05:36:33.008543+00:00
2018-08-16,49.2714,portal.amfiindia.com / AMFI Historical NAV,2026-09-05T05:36:33.008543+00:00
2018-08-17,49.6392,portal.amfiindia.com / AMFI Historical NAV,2026-09-05T05:36:33.008543+00:00
2018-08-20,49.6646,portal.amfiindia.com / AMFI Historical NAV,2026-09-05T05:36:33.008543+00:00
2018-08-21,49.7038,portal.amfiindia.com / AMFI Historical NAV,2026-09-05T05:36:33.008543+00:00
2018-08-22,50.1134,portal.amfiindia.com / AMFI Historical NAV,2026-09-05T05:36:33.008543+00:00
2018-08-23,50.0002,portal.amfiindia.com / AMFI Historical NAV,2026-09-05T05:36:33.008543+00:00
2018-08-24,50.1642,portal.amfiindia.com / AMFI Historical NAV,2026-09-05T05:36:33.008543+00:00
2018-08-27,50.9879,portal.amfiindia.com / AMFI Historical NAV,2026-09-05T05:36:33.008543+00:00
2018-08-28,50.7689,portal.amfiindia.com / AMFI Historical NAV,2026-09-05T05:36:33.008543+00:00
2018-08-29,50.4259,portal.amfiindia.com / AMFI Historical NAV,2026-09-05T05:36:33.008543+00:00
2018-08-30,50.9297,portal.amfiindia.com / AMFI Historical NAV,2026-09-05T05:36:33.008543+00:00
2018-08-31,51.3655,portal.amfiindia.com / AMFI Historical NAV,2026-09-05T05:36:33.008543+00:00
2018-09-03,51.4764,portal.amfiindia.com / AMFI Historical NAV,2026-09-05T05:36:33.008543+00:00
2018-09-04,50.4197,portal.amfiindia.com / AMFI Historical NAV,2026-09-05T05:36:33.008543+00:00
2018-09-05,51.2081,portal.amfiindia.com / AMFI Historical NAV,2026-09-05T05:36:33.008543+00:00
2018-09-06,50.8537,portal.amfiindia.com / AMFI Historical NAV,2026-09-05T05:36:33.008543+00:00
2018-09-07,50.3328,portal.amfiindia.com / AMFI Historical NAV,2026-09-05T05:36:33.008543+00:00
2018-09-10,50.9908,portal.amfiindia.com / AMFI Historical NAV,2026-09-05T05:36:33.008543+00:00
2018-09-11,50.2174,portal.amfiindia.com / AMFI Historical NAV,2026-09-05T05:36:33.008543+00:00
2018-09-12,49.5797,portal.amfiindia.com / AMFI Historical NAV,2026-09-05T05:36:33.008543+00:00
2018-09-13,48.5737,portal.amfiindia.com / AMFI Historical NAV,2026-09-05T05:36:33.008543+00:00
2018-09-14,49.0871,portal.amfiindia.com / AMFI Historical NAV,2026-09-05T05:36:33.008543+00:00
2018-09-17,48.4133,portal.amfiindia.com / AMFI Historical NAV,2026-09-05T05:36:33.008543+00:00
2018-09-18,49.5819,portal.amfiindia.com / AMFI Historical NAV,2026-09-05T05:36:33.008543+00:00
2018-09-19,47.7578,portal.amfiindia.com / AMFI Historical NAV,2026-09-05T05:36:33.008543+00:00
2018-09-20,48.7559,portal.amfiindia.com / AMFI Historical NAV,2026-09-05T05:36:33.008543+00:00
2018-09-21,48.8984,portal.amfiindia.com / AMFI Historical NAV,2026-09-05T05:36:33.008543+00:00
2018-09-24,48.4531,portal.amfiindia.com / AMFI Historical NAV,2026-09-05T05:36:33.008543+00:00
2018-09-25,47.8769,portal.amfiindia.com / AMFI Historical NAV,2026-09-05T05:36:33.008543+00:00
2018-09-26,47.9779,portal.amfiindia.com / AMFI Historical NAV,2026-09-05T05:36:33.008543+00:00
2018-09-27,48.6526,portal.amfiindia.com / AMFI Historical NAV,2026-09-05T05:36:33.008543+00:00
2018-09-28,48.4985,portal.amfiindia.com / AMFI Historical NAV,2026-09-05T05:36:33.008543+00:00
2018-10-01,48.5085,portal.amfiindia.com / AMFI Historical NAV,2026-09-05T05:36:33.008543+00:00
2018-10-02,49.1916,portal.amfiindia.com / AMFI Historical NAV,2026-09-05T05:36:33.008543+00:00
2018-10-03,48.9541,portal.amfiindia.com / AMFI Historical NAV,2026-09-05T05:36:33.008543+00:00
2018-10-04,49.1586,portal.amfiindia.com / AMFI Historical NAV,2026-09-05T05:36:33.008543+00:00
2018-10-05,49.4071,portal.amfiindia.com / AMFI Historical NAV,2026-09-05T05:36:33.008543+00:00
2018-10-08,47.901,portal.amfiindia.com / AMFI Historical NAV,2026-09-05T05:36:33.008543+00:00
2018-10-09,46.1721,portal.amfiindia.com / AMFI Historical NAV,2026-09-05T05:36:33.008543+00:00
2018-10-10,46.7402,portal.amfiindia.com / AMFI Historical NAV,2026-09-05T05:36:33.008543+00:00
2018-10-11,46.5944,portal.amfiindia.com / AMFI Historical NAV,2026-09-05T05:36:33.008543+00:00
2018-10-12,46.1938,portal.amfiindia.com / AMFI Historical NAV,2026-09-05T05:36:33.008543+00:00
2018-10-15,46.0339,portal.amfiindia.com / AMFI Historical NAV,2026-09-05T05:36:33.008543+00:00
2018-10-16,46.824,portal.amfiindia.com / AMFI Historical NAV,2026-09-05T05:36:33.008543+00:00
2018-10-17,47.223,portal.amfiindia.com / AMFI Historical NAV,2026-09-05T05:36:33.008543+00:00
2018-10-18,46.7337,portal.amfiindia.com / AMFI Historical NAV,2026-09-05T05:36:33.008543+00:00
2018-10-19,46.7071,portal.amfiindia.com / AMFI Historical NAV,2026-09-05T05:36:33.008543+00:00
2018-10-22,45.6276,portal.amfiindia.com / AMFI Historical NAV,2026-09-05T05:36:33.008543+00:00
2018-10-23,46.0445,portal.amfiindia.com / AMFI Historical NAV,2026-09-05T05:36:33.008543+00:00
2018-10-24,45.4359,portal.amfiindia.com / AMFI Historical NAV,2026-09-05T05:36:33.008543+00:00
2018-10-25,46.0451,portal.amfiindia.com / AMFI Historical NAV,2026-09-05T05:36:33.008543+00:00
2018-10-26,45.5924,portal.amfiindia.com / AMFI Historical NAV,2026-09-05T05:36:33.008543+00:00
2018-10-29,45.9696,portal.amfiindia.com / AMFI Historical NAV,2026-09-05T05:36:33.008543+00:00
2018-10-30,46.9508,portal.amfiindia.com / AMFI Historical NAV,2026-09-05T05:36:33.008543+00:00
2018-10-31,47.5871,portal.amfiindia.com / AMFI Historical NAV,2026-09-05T05:36:33.008543+00:00
2018-11-01,48.2358,portal.amfiindia.com / AMFI Historical NAV,2026-09-05T05:36:33.008543+00:00
2018-11-02,47.4024,portal.amfiindia.com / AMFI Historical NAV,2026-09-05T05:36:33.008543+00:00
2018-11-05,46.7153,portal.amfiindia.com / AMFI Historical NAV,2026-09-05T05:36:33.008543+00:00
2018-11-06,46.1553,portal.amfiindia.com / AMFI Historical NAV,2026-09-05T05:36:33.008543+00:00
2018-11-07,46.5312,portal.amfiindia.com / AMFI Historical NAV,2026-09-05T05:36:33.008543+00:00
2018-11-08,46.7109,portal.amfiindia.com / AMFI Historical NAV,2026-09-05T05:36:33.008543+00:00
2018-11-09,45.8696,portal.amfiindia.com / AMFI Historical NAV,2026-09-05T05:36:33.008543+00:00
2018-11-12,45.3437,portal.amfiindia.com / AMFI Historical NAV,2026-09-05T05:36:33.008543+00:00
2018-11-13,45.3832,portal.amfiindia.com / AMFI Historical NAV,2026-09-05T05:36:33.008543+00:00
2018-11-14,45.2932,portal.amfiindia.com / AMFI Historical NAV,2026-09-05T05:36:33.008543+00:00
2018-11-15,44.6216,portal.amfiindia.com / AMFI Historical NAV,2026-09-05T05:36:33.008543+00:00
2018-11-16,44.043,portal.amfiindia.com / AMFI Historical NAV,2026-09-05T05:36:33.008543+00:00
2018-11-19,43.2275,portal.amfiindia.com / AMFI Historical NAV,2026-09-05T05:36:33.008543+00:00
2018-11-20,42.4486,portal.amfiindia.com / AMFI Historical NAV,2026-09-05T05:36:33.008543+00:00
2018-11-21,42.8658,portal.amfiindia.com / AMFI Historical NAV,2026-09-05T05:36:33.008543+00:00
2018-11-22,41.793,portal.amfiindia.com / AMFI Historical NAV,2026-09-05T05:36:33.008543+00:00
2018-11-23,42.8735,portal.amfiindia.com / AMFI Historical NAV,2026-09-05T05:36:33.008543+00:00
2018-11-26,43.0548,portal.amfiindia.com / AMFI Historical NAV,2026-09-05T05:36:33.008543+00:00
2018-11-27,43.3616,portal.amfiindia.com / AMFI Historical NAV,2026-09-05T05:36:33.008543+00:00
2018-11-28,42.9533,portal.amfiindia.com / AMFI Historical NAV,2026-09-05T05:36:33.008543+00:00
2018-11-29,43.5697,portal.amfiindia.com / AMFI Historical NAV,2026-09-05T05:36:33.008543+00:00
2018-11-30,43.7246,portal.amfiindia.com / AMFI Historical NAV,2026-09-05T05:36:33.008543+00:00
2018-12-03,44.1419,portal.amfiindia.com / AMFI Historical NAV,2026-09-05T05:36:33.008543+00:00
2018-12-04,45.6192,portal.amfiindia.com / AMFI Historical NAV,2026-09-05T05:36:33.008543+00:00
2018-12-05,45.606,portal.amfiindia.com / AMFI Historical NAV,2026-09-05T05:36:33.008543+00:00
2018-12-06,45.929,portal.amfiindia.com / AMFI Historical NAV,2026-09-05T05:36:33.008543+00:00
2018-12-07,45.8292,portal.amfiindia.com / AMFI Historical NAV,2026-09-05T05:36:33.008543+00:00
2018-12-10,46.3832,portal.amfiindia.com / AMFI Historical NAV,2026-09-05T05:36:33.008543+00:00
2018-12-11,47.4728,portal.amfiindia.com / AMFI Historical NAV,2026-09-05T05:36:33.008543+00:00
2018-12-12,47.8024,portal.amfiindia.com / AMFI Historical NAV,2026-09-05T05:36:33.008543+00:00
2018-12-13,48.3233,portal.amfiindia.com / AMFI Historical NAV,2026-09-05T05:36:33.008543+00:00
2018-12-14,48.3616,portal.amfiindia.com / AMFI Historical NAV,2026-09-05T05:36:33.008543+00:00
2018-12-17,48.3737,portal.amfiindia.com / AMFI Historical NAV,2026-09-05T05:36:33.008543+00:00
2018-12-18,48.8504,portal.amfiindia.com / AMFI Historical NAV,2026-09-05T05:36:33.008543+00:00
2018-12-19,49.8818,portal.amfiindia.com / AMFI Historical NAV,2026-09-05T05:36:33.008543+00:00
2018-12-20,50.2697,portal.amfiindia.com / AMFI Historical NAV,2026-09-05T05:36:33.008543+00:00
2018-12-21,49.0933,portal.amfiindia.com / AMFI Historical NAV,2026-09-05T05:36:33.008543+00:00
2018-12-24,48.6453,portal.amfiindia.com / AMFI Historical NAV,2026-09-05T05:36:33.008543+00:00
2018-12-25,48.0206,portal.amfiindia.com / AMFI Historical NAV,2026-09-05T05:36:33.008543+00:00
2018-12-26,47.6353,portal.amfiindia.com / AMFI Historical NAV,2026-09-05T05:36:33.008543+00:00
2018-12-27,48.3345,portal.amfiindia.com / AMFI Historical NAV,2026-09-05T05:36:33.008543+00:00
2018-12-28,48.7639,portal.amfiindia.com / AMFI Historical NAV,2026-09-05T05:36:33.008543+00:00
2018-12-31,48.1747,portal.amfiindia.com / AMFI Historical NAV,2026-09-05T05:36:33.008543+00:00
2019-01-01,47.8403,portal.amfiindia.com / AMFI Historical NAV,2026-09-05T05:36:33.008543+00:00
2019-01-02,48.0912,portal.amfiindia.com / AMFI Historical NAV,2026-09-05T05:36:33.008543+00:00
2019-01-03,48.0236,portal.amfiindia.com / AMFI Historical NAV,2026-09-05T05:36:33.008543+00:00
2019-01-04,49.0512,portal.amfiindia.com / AMFI Historical NAV,2026-09-05T05:36:33.008543+00:00
2019-01-07,49.3571,portal.amfiindia.com / AMFI Historical NAV,2026-09-05T05:36:33.008543+00:00
2019-01-08,49.2788,portal.amfiindia.com / AMFI Historical NAV,2026-09-05T05:36:33.008543+00:00
2019-01-09,49.2854,portal.amfiindia.com / AMFI Historical NAV,2026-09-05T05:36:33.008543+00:00
2019-01-10,48.1592,portal.amfiindia.com / AMFI Historical NAV,2026-09-05T05:36:33.008543+00:00
2019-01-11,48.9326,portal.amfiindia.com / AMFI Historical NAV,2026-09-05T05:36:33.008543+00:00
2019-01-14,48.8337,portal.amfiindia.com / AMFI Historical NAV,2026-09-05T05:36:33.008543+00:00
2019-01-15,48.5436,portal.amfiindia.com / AMFI Historical NAV,2026-09-05T05:36:33.008543+00:00
2019-01-16,47.1349,portal.amfiindia.com / AMFI Historical NAV,2026-09-05T05:36:33.008543+00:00
2019-01-17,46.5733,portal.amfiindia.com / AMFI Historical NAV,2026-09-05T05:36:33.008543+00:00
2019-01-18,46.9882,portal.amfiindia.com / AMFI Historical NAV,2026-09-05T05:36:33.008543+00:00
2019-01-21,46.5313,portal.amfiindia.com / AMFI Historical NAV,2026-09-05T05:36:33.008543+00:00
2019-01-22,47.3174,portal.amfiindia.com / AMFI Historical NAV,2026-09-05T05:36:33.008543+00:00
2019-01-23,47.5885,portal.amfiindia.com / AMFI Historical NAV,2026-09-05T05:36:33.008543+00:00
2019-01-24,47.6302,portal.amfiindia.com / AMFI Historical NAV,2026-09-05T05:36:33.008543+00:00
2019-01-25,48.6339,portal.amfiindia.com / AMFI Historical NAV,2026-09-05T05:36:33.008543+00:00
2019-01-28,48.6065,portal.amfiindia.com / AMFI Historical NAV,2026-09-05T05:36:33.008543+00:00
2019-01-29,48.4159,portal.amfiindia.com / AMFI Historical NAV,2026-09-05T05:36:33.008543+00:00
2019-01-30,47.8417,portal.amfiindia.com / AMFI Historical NAV,2026-09-05T05:36:33.008543+00:00
2019-01-31,47.9117,portal.amfiindia.com / AMFI Historical NAV,2026-09-05T05:36:33.008543+00:00
2019-02-01,47.9094,portal.amfiindia.com / AMFI Historical NAV,2026-09-05T05:36:33.008543+00:00
2019-02-04,48.1238,portal.amfiindia.com / AMFI Historical NAV,2026-09-05T05:36:33.008543+00:00
2019-02-05,47.6089,portal.amfiindia.com / AMFI Historical NAV,2026-09-05T05:36:33.008543+00:00
2019-02-06,48.5339,portal.amfiindia.com / AMFI Historical NAV,2026-09-05T05:36:33.008543+00:00
2019-02-07,47.8135,portal.amfiindia.com / AMFI Historical NAV,2026-09-05T05:36:33.008543+00:00
2019-02-08,47.7116,portal.amfiindia.com / AMFI Historical NAV,2026-09-05T05:36:33.008543+00:00
2019-02-11,47.9885,portal.amfiindia.com / AMFI Historical NAV,2026-09-05T05:36:33.008543+00:00
2019-02-12,48.6002,portal.amfiindia.com / AMFI Historical NAV,2026-09-05T05:36:33.008543+00:00
2019-02-13,48.2106,portal.amfiindia.com / AMFI Historical NAV,2026-09-05T05:36:33.008543+00:00
2019-02-14,48.4627,portal.amfiindia.com / AMFI Historical NAV,2026-09-05T05:36:33.008543+00:00
2019-02-15,48.0076,portal.amfiindia.com / AMFI Historical NAV,2026-09-05T05:36:33.008543+00:00
2019-02-18,48.2758,portal.amfiindia.com / AMFI Historical NAV,2026-09-05T05:36:33.008543+00:00
2019-02-19,48.7615,portal.amfiindia.com / AMFI Historical NAV,2026-09-05T05:36:33.008543+00:00
2019-02-20,48.6696,portal.amfiindia.com / AMFI Historical NAV,2026-09-05T05:36:33.008543+00:00
2019-02-21,49.467,portal.amfiindia.com / AMFI Historical NAV,2026-09-05T05:36:33.008543+00:00
2019-02-22,48.9149,portal.amfiindia.com / AMFI Historical NAV,2026-09-05T05:36:33.008543+00:00
2019-02-25,49.8482,portal.amfiindia.com / AMFI Historical NAV,2026-09-05T05:36:33.008543+00:00
2019-02-26,50.9474,portal.amfiindia.com / AMFI Historical NAV,2026-09-05T05:36:33.008543+00:00
2019-02-27,50.452,portal.amfiindia.com / AMFI Historical NAV,2026-09-05T05:36:33.008543+00:00
2019-02-28,50.0053,portal.amfiindia.com / AMFI Historical NAV,2026-09-05T05:36:33.008543+00:00
2019-03-01,50.7464,portal.amfiindia.com / AMFI Historical NAV,2026-09-05T05:36:33.008543+00:00
2019-03-04,51.688,portal.amfiindia.com / AMFI Historical NAV,2026-09-05T05:36:33.008543+00:00
2019-03-05,51.5003,portal.amfiindia.com / AMFI Historical NAV,2026-09-05T05:36:33.008543+00:00
2019-03-06,49.9595,portal.amfiindia.com / AMFI Historical NAV,2026-09-05T05:36:33.008543+00:00
2019-03-07,49.5517,portal.amfiindia.com / AMFI Historical NAV,2026-09-05T05:36:33.008543+00:00
2019-03-08,48.6861,portal.amfiindia.com / AMFI Historical NAV,2026-09-05T05:36:33.008543+00:00
2019-03-11,48.7203,portal.amfiindia.com / AMFI Historical NAV,2026-09-05T05:36:33.008543+00:00
2019-03-12,47.8251,portal.amfiindia.com / AMFI Historical NAV,2026-09-05T05:36:33.008543+00:00
2019-03-13,47.4923,portal.amfiindia.com / AMFI Historical NAV,2026-09-05T05:36:33.008543+00:00
2019-03-14,48.0052,portal.amfiindia.com / AMFI Historical NAV,2026-09-05T05:36:33.008543+00:00
2019-03-15,47.7284,portal.amfiindia.com / AMFI Historical NAV,2026-09-05T05:36:33.008543+00:00
2019-03-18,48.7461,portal.amfiindia.com / AMFI Historical NAV,2026-09-05T05:36:33.008543+00:00
2019-03-19,47.9484,portal.amfiindia.com / AMFI Historical NAV,2026-09-05T05:36:33.008543+00:00
2019-03-20,48.3569,portal.amfiindia.com / AMFI Historical NAV,2026-09-05T05:36:33.008543+00:00
2019-03-21,48.0014,portal.amfiindia.com / AMFI Historical NAV,2026-09-05T05:36:33.008543+00:00
2019-03-22,47.7634,portal.amfiindia.com / AMFI Historical NAV,2026-09-05T05:36:33.008543+00:00
2019-03-25,49.0791,portal.amfiindia.com / AMFI Historical NAV,2026-09-05T05:36:33.008543+00:00
2019-03-26,48.7715,portal.amfiindia.com / AMFI Historical NAV,2026-09-05T05:36:33.008543+00:00
2019-03-27,49.3978,portal.amfiindia.com / AMFI Historical NAV,2026-09-05T05:36:33.008543+00:00
2019-03-28,49.6987,portal.amfiindia.com / AMFI Historical NAV,2026-09-05T05:36:33.008543+00:00
2019-03-29,49.4577,portal.amfiindia.com / AMFI Historical NAV,2026-09-05T05:36:33.008543+00:00
2019-04-01,49.7952,portal.amfiindia.com / AMFI Historical NAV,2026-09-05T05:36:33.008543+00:00
2019-04-02,51.6116,portal.amfiindia.com / AMFI Historical NAV,2026-09-05T05:36:33.008543+00:00
2019-04-03,50.9626,portal.amfiindia.com / AMFI Historical NAV,2026-09-05T05:36:33.008543+00:00
2019-04-04,51.0331,portal.amfiindia.com / AMFI Historical NAV,2026-09-05T05:36:33.008543+00:00
2019-04-05,50.9564,portal.amfiindia.com / AMFI Historical NAV,2026-09-05T05:36:33.008543+00:00
2019-04-08,51.3288,portal.amfiindia.com / AMFI Historical NAV,2026-09-05T05:36:33.008543+00:00
2019-04-09,50.8401,portal.amfiindia.com / AMFI Historical NAV,2026-09-05T05:36:33.008543+00:00
2019-04-10,51.1819,portal.amfiindia.com / AMFI Historical NAV,2026-09-05T05:36:33.008543+00:00
2019-04-11,51.9259,portal.amfiindia.com / AMFI Historical NAV,2026-09-05T05:36:33.008543+00:00
2019-04-12,52.1449,portal.amfiindia.com / AMFI Historical NAV,2026-09-05T05:36:33.008543+00:00
2019-04-15,51.0166,portal.amfiindia.com / AMFI Historical NAV,2026-09-05T05:36:33.008543+00:00
2019-04-16,50.5919,portal.amfiindia.com / AMFI Historical NAV,2026-09-05T05:36:33.008543+00:00
2019-04-17,50.3393,portal.amfiindia.com / AMFI Historical NAV,2026-09-05T05:36:33.008543+00:00
2019-04-18,50.5866,portal.amfiindia.com / AMFI Historical NAV,2026-09-05T05:36:33.008543+00:00
2019-04-19,50.7445,portal.amfiindia.com / AMFI Historical NAV,2026-09-05T05:36:33.008543+00:00
2019-04-22,50.2329,portal.amfiindia.com / AMFI Historical NAV,2026-09-05T05:36:33.008543+00:00
2019-04-23,50.9693,portal.amfiindia.com / AMFI Historical NAV,2026-09-05T05:36:33.008543+00:00
2019-04-24,51.3911,portal.amfiindia.com / AMFI Historical NAV,2026-09-05T05:36:33.008543+00:00
2019-04-25,51.802,portal.amfiindia.com / AMFI Historical NAV,2026-09-05T05:36:33.008543+00:00
2019-04-26,51.2474,portal.amfiindia.com / AMFI Historical NAV,2026-09-05T05:36:33.008543+00:00
2019-04-29,51.0735,portal.amfiindia.com / AMFI Historical NAV,2026-09-05T05:36:33.008543+00:00
2019-04-30,51.702,portal.amfiindia.com / AMFI Historical NAV,2026-09-05T05:36:33.008543+00:00
2019-05-01,51.9922,portal.amfiindia.com / AMFI Historical NAV,2026-09-05T05:36:33.008543+00:00
2019-05-02,53.2092,portal.amfiindia.com / AMFI Historical NAV,2026-09-05T05:36:33.008543+00:00
2019-05-03,53.3197,portal.amfiindia.com / AMFI Historical NAV,2026-09-05T05:36:33.008543+00:00
2019-05-06,53.2737,portal.amfiindia.com / AMFI Historical NAV,2026-09-05T05:36:33.008543+00:00
2019-05-07,52.3433,portal.amfiindia.com / AMFI Historical NAV,2026-09-05T05:36:33.008543+00:00
2019-05-08,52.4986,portal.amfiindia.com / AMFI Historical NAV,2026-09-05T05:36:33.008543+00:00
2019-05-09,51.7322,portal.amfiindia.com / AMFI Historical NAV,2026-09-05T05:36:33.008543+00:00
2019-05-10,53.1128,portal.amfiindia.com / AMFI Historical NAV,2026-09-05T05:36:33.008543+00:00
2019-05-13,52.5234,portal.amfiindia.com / AMFI Historical NAV,2026-09-05T05:36:33.008543+00:00
2019-05-14,53.2016,portal.amfiindia.com / AMFI Historical NAV,2026-09-05T05:36:33.008543+00:00
2019-05-15,53.2834,portal.amfiindia.com / AMFI Historical NAV,2026-09-05T05:36:33.008543+00:00
2019-05-16,53.7997,portal.amfiindia.com / AMFI Historical NAV,2026-09-05T05:36:33.008543+00:00
2019-05-17,55.6521,portal.amfiindia.com / AMFI Historical NAV,2026-09-05T05:36:33.008543+00:00
2019-05-20,55.7011,portal.amfiindia.com / AMFI Historical NAV,2026-09-05T05:36:33.008543+00:00
2019-05-21,55.6786,portal.amfiindia.com / AMFI Historical NAV,2026-09-05T05:36:33.008543+00:00
2019-05-22,55.9867,portal.amfiindia.com / AMFI Historical NAV,2026-09-05T05:36:33.008543+00:00
2019-05-23,56.277,portal.amfiindia.com / AMFI Historical NAV,2026-09-05T05:36:33.008543+00:00
2019-05-24,57.5118,portal.amfiindia.com / AMFI Historical NAV,2026-09-05T05:36:33.008543+00:00
2019-05-27,57.9235,portal.amfiindia.com / AMFI Historical NAV,2026-09-05T05:36:33.008543+00:00
2019-05-28,58.0306,portal.amfiindia.com / AMFI Historical NAV,2026-09-05T05:36:33.008543+00:00
2019-05-29,57.6488,portal.amfiindia.com / AMFI Historical NAV,2026-09-05T05:36:33.008543+00:00
2019-05-30,58.561,portal.amfiindia.com / AMFI Historical NAV,2026-09-05T05:36:33.008543+00:00
2019-05-31,59.0376,portal.amfiindia.com / AMFI Historical NAV,2026-09-05T05:36:33.008543+00:00
2019-06-03,59.0787,portal.amfiindia.com / AMFI Historical NAV,2026-09-05T05:36:33.008543+00:00
2019-06-04,59.5396,portal.amfiindia.com / AMFI Historical NAV,2026-09-05T05:36:33.008543+00:00
2019-06-05,60.2945,portal.amfiindia.com / AMFI Historical NAV,2026-09-05T05:36:33.008543+00:00
2019-06-06,59.7771,portal.amfiindia.com / AMFI Historical NAV,2026-09-05T05:36:33.008543+00:00
2019-06-07,59.9734,portal.amfiindia.com / AMFI Historical NAV,2026-09-05T05:36:33.008543+00:00
2019-06-10,59.5344,portal.amfiindia.com / AMFI Historical NAV,2026-09-05T05:36:33.008543+00:00
2019-06-11,59.9005,portal.amfiindia.com / AMFI Historical NAV,2026-09-05T05:36:33.008543+00:00
2019-06-12,60.4377,portal.amfiindia.com / AMFI Historical NAV,2026-09-05T05:36:33.008543+00:00
2019-06-13,59.8232,portal.amfiindia.com / AMFI Historical NAV,2026-09-05T05:36:33.008543+00:00
2019-06-14,60.7665,portal.amfiindia.com / AMFI Historical NAV,2026-09-05T05:36:33.008543+00:00
2019-06-17,60.9591,portal.amfiindia.com / AMFI Historical NAV,2026-09-05T05:36:33.008543+00:00
2019-06-18,61.4089,portal.amfiindia.com / AMFI Historical NAV,2026-09-05T05:36:33.008543+00:00
2019-06-19,62.1418,portal.amfiindia.com / AMFI Historical NAV,2026-09-05T05:36:33.008543+00:00
2019-06-20,62.5601,portal.amfiindia.com / AMFI Historical NAV,2026-09-05T05:36:33.008543+00:00
2019-06-21,62.5369,portal.amfiindia.com / AMFI Historical NAV,2026-09-05T05:36:33.008543+00:00
2019-06-24,61.5189,portal.amfiindia.com / AMFI Historical NAV,2026-09-05T05:36:33.008543+00:00
2019-06-25,62.2684,portal.amfiindia.com / AMFI Historical NAV,2026-09-05T05:36:33.008543+00:00
2019-06-26,62.516,portal.amfiindia.com / AMFI Historical NAV,2026-09-05T05:36:33.008543+00:00
2019-06-27,64.7704,portal.amfiindia.com / AMFI Historical NAV,2026-09-05T05:36:33.008543+00:00
2019-06-28,64.516,portal.amfiindia.com / AMFI Historical NAV,2026-09-05T05:36:33.008543+00:00
2019-07-01,65.0051,portal.amfiindia.com / AMFI Historical NAV,2026-09-05T05:36:33.008543+00:00
2019-07-02,65.9015,portal.amfiindia.com / AMFI Historical NAV,2026-09-05T05:36:33.008543+00:00
2019-07-03,67.6212,portal.amfiindia.com / AMFI Historical NAV,2026-09-05T05:36:33.008543+00:00
2019-07-04,66.9297,portal.amfiindia.com / AMFI Historical NAV,2026-09-05T05:36:33.008543+00:00
2019-07-05,67.4019,portal.amfiindia.com / AMFI Historical NAV,2026-09-05T05:36:33.008543+00:00
2019-07-08,68.3239,portal.amfiindia.com / AMFI Historical NAV,2026-09-05T05:36:33.008543+00:00
2019-07-09,68.9471,portal.amfiindia.com / AMFI Historical NAV,2026-09-05T05:36:33.008543+00:00
2019-07-10,68.1063,portal.amfiindia.com / AMFI Historical NAV,2026-09-05T05:36:33.008543+00:00
2019-07-11,67.995,portal.amfiindia.com / AMFI Historical NAV,2026-09-05T05:36:33.008543+00:00
2019-07-12,69.3577,portal.amfiindia.com / AMFI Historical NAV,2026-09-05T05:36:33.008543+00:00
2019-07-15,68.2199,portal.amfiindia.com / AMFI Historical NAV,2026-09-05T05:36:33.008543+00:00
2019-07-16,68.231,portal.amfiindia.com / AMFI Historical NAV,2026-09-05T05:36:33.008543+00:00
2019-07-17,68.4843,portal.amfiindia.com / AMFI Historical NAV,2026-09-05T05:36:33.008543+00:00
2019-07-18,69.4528,portal.amfiindia.com / AMFI Historical NAV,2026-09-05T05:36:33.008543+00:00
2019-07-19,67.9337,portal.amfiindia.com / AMFI Historical NAV,2026-09-05T05:36:33.008543+00:00
2019-07-22,67.1295,portal.amfiindia.com / AMFI Historical NAV,2026-09-05T05:36:33.008543+00:00
2019-07-23,67.6262,portal.amfiindia.com / AMFI Historical NAV,2026-09-05T05:36:33.008543+00:00
2019-07-24,68.2622,portal.amfiindia.com / AMFI Historical NAV,2026-09-05T05:36:33.008543+00:00
2019-07-25,68.1424,portal.amfiindia.com / AMFI Historical NAV,2026-09-05T05:36:33.008543+00:00
2019-07-26,67.9162,portal.amfiindia.com / AMFI Historical NAV,2026-09-05T05:36:33.008543+00:00
2019-07-29,70.0528,portal.amfiindia.com / AMFI Historical NAV,2026-09-05T05:36:33.008543+00:00
2019-07-30,69.2649,portal.amfiindia.com / AMFI Historical NAV,2026-09-05T05:36:33.008543+00:00
2019-07-31,67.218,portal.amfiindia.com / AMFI Historical NAV,2026-09-05T05:36:33.008543+00:00
2019-08-01,68.1618,portal.amfiindia.com / AMFI Historical NAV,2026-09-05T05:36:33.008543+00:00
2019-08-02,67.6753,portal.amfiindia.com / AMFI Historical NAV,2026-09-05T05:36:33.008543+00:00
2019-08-05,66.3447,portal.amfiindia.com / AMFI Historical NAV,2026-09-05T05:36:33.008543+00:00
2019-08-06,66.8539,portal.amfiindia.com / AMFI Historical NAV,2026-09-05T05:36:33.008543+00:00
2019-08-07,67.7633,portal.amfiindia.com / AMFI Historical NAV,2026-09-05T05:36:33.008543+00:00
2019-08-08,67.4517,portal.amfiindia.com / AMFI Historical NAV,2026-09-05T05:36:33.008543+00:00
2019-08-09,66.5139,portal.amfiindia.com / AMFI Historical NAV,2026-09-05T05:36:33.008543+00:00
2019-08-12,67.9923,portal.amfiindia.com / AMFI Historical NAV,2026-09-05T05:36:33.008543+00:00
2019-08-13,67.8692,portal.amfiindia.com / AMFI Historical NAV,2026-09-05T05:36:33.008543+00:00
2019-08-14,67.2308,portal.amfiindia.com / AMFI Historical NAV,2026-09-05T05:36:33.008543+00:00
2019-08-15,67.9473,portal.amfiindia.com / AMFI Historical NAV,2026-09-05T05:36:33.008543+00:00
2019-08-16,67.3382,portal.amfiindia.com / AMFI Historical NAV,2026-09-05T05:36:33.008543+00:00
2019-08-19,66.2846,portal.amfiindia.com / AMFI Historical NAV,2026-09-05T05:36:33.008543+00:00
2019-08-20,66.5216,portal.amfiindia.com / AMFI Historical NAV,2026-09-05T05:36:33.008543+00:00
2019-08-21,66.6488,portal.amfiindia.com / AMFI Historical NAV,2026-09-05T05:36:33.008543+00:00
2019-08-22,66.6956,portal.amfiindia.com / AMFI Historical NAV,2026-09-05T05:36:33.008543+00:00
2019-08-23,66.5603,portal.amfiindia.com / AMFI Historical NAV,2026-09-05T05:36:33.008543+00:00
2019-08-26,66.9333,portal.amfiindia.com / AMFI Historical NAV,2026-09-05T05:36:33.008543+00:00
2019-08-27,65.2357,portal.amfiindia.com / AMFI Historical NAV,2026-09-05T05:36:33.008543+00:00
2019-08-28,67.6043,portal.amfiindia.com / AMFI Historical NAV,2026-09-05T05:36:33.008543+00:00
2019-08-29,67.836,portal.amfiindia.com / AMFI Historical NAV,2026-09-05T05:36:33.008543+00:00
2019-08-30,68.857,portal.amfiindia.com / AMFI Historical NAV,2026-09-05T05:36:33.008543+00:00
2019-09-02,69.4754,portal.amfiindia.com / AMFI Historical NAV,2026-09-05T05:36:33.008543+00:00
2019-09-03,70.2362,portal.amfiindia.com / AMFI Historical NAV,2026-09-05T05:36:33.008543+00:00
2019-09-04,70.6787,portal.amfiindia.com / AMFI Historical NAV,2026-09-05T05:36:33.008543+00:00
2019-09-05,70.7821,portal.amfiindia.com / AMFI Historical NAV,2026-09-05T05:36:33.008543+00:00
2019-09-06,71.6541,portal.amfiindia.com / AMFI Historical NAV,2026-09-05T05:36:33.008543+00:00
2019-09-09,72.9953,portal.amfiindia.com / AMFI Historical NAV,2026-09-05T05:36:33.008543+00:00
2019-09-10,72.7999,portal.amfiindia.com / AMFI Historical NAV,2026-09-05T05:36:33.008543+00:00
2019-09-11,74.17,portal.amfiindia.com / AMFI Historical NAV,2026-09-05T05:36:33.008543+00:00
2019-09-12,74.3001,portal.amfiindia.com / AMFI Historical NAV,2026-09-05T05:36:33.008543+00:00
2019-09-13,75.9646,portal.amfiindia.com / AMFI Historical NAV,2026-09-05T05:36:33.008543+00:00
2019-09-16,76.1695,portal.amfiindia.com / AMFI Historical NAV,2026-09-05T05:36:33.008543+00:00
2019-09-17,77.8145,portal.amfiindia.com / AMFI Historical NAV,2026-09-05T05:36:33.008543+00:00
2019-09-18,78.0082,portal.amfiindia.com / AMFI Historical NAV,2026-09-05T05:36:33.008543+00:00
2019-09-19,77.2241,portal.amfiindia.com / AMFI Historical NAV,2026-09-05T05:36:33.008543+00:00
2019-09-20,77.0026,portal.amfiindia.com / AMFI Historical NAV,2026-09-05T05:36:33.008543+00:00
2019-09-23,76.4851,portal.amfiindia.com / AMFI Historical NAV,2026-09-05T05:36:33.008543+00:00
2019-09-24,77.3477,portal.amfiindia.com / AMFI Historical NAV,2026-09-05T05:36:33.008543+00:00
2019-09-25,76.3062,portal.amfiindia.com / AMFI Historical NAV,2026-09-05T05:36:33.008543+00:00
2019-09-26,77.2086,portal.amfiindia.com / AMFI Historical NAV,2026-09-05T05:36:33.008543+00:00
2019-09-27,74.8268,portal.amfiindia.com / AMFI Historical NAV,2026-09-05T05:36:33.008543+00:00
2019-09-30,73.8125,portal.amfiindia.com / AMFI Historical NAV,2026-09-05T05:36:33.008543+00:00
2019-10-01,72.4881,portal.amfiindia.com / AMFI Historical NAV,2026-09-05T05:36:33.008543+00:00
2019-10-02,71.5827,portal.amfiindia.com / AMFI Historical NAV,2026-09-05T05:36:33.008543+00:00
2019-10-03,71.7471,portal.amfiindia.com / AMFI Historical NAV,2026-09-05T05:36:33.008543+00:00
2019-10-04,72.753,portal.amfiindia.com / AMFI Historical NAV,2026-09-05T05:36:33.008543+00:00
2019-10-07,73.9098,portal.amfiindia.com / AMFI Historical NAV,2026-09-05T05:36:33.008543+00:00
2019-10-08,73.1263,portal.amfiindia.com / AMFI Historical NAV,2026-09-05T05:36:33.008543+00:00
2019-10-09,74.4701,portal.amfiindia.com / AMFI Historical NAV,2026-09-05T05:36:33.008543+00:00
2019-10-10,73.6228,portal.amfiindia.com / AMFI Historical NAV,2026-09-05T05:36:33.008543+00:00
2019-10-11,73.0536,portal.amfiindia.com / AMFI Historical NAV,2026-09-05T05:36:33.008543+00:00
2019-10-14,74.9666,portal.amfiindia.com / AMFI Historical NAV,2026-09-05T05:36:33.008543+00:00
2019-10-15,76.2457,portal.amfiindia.com / AMFI Historical NAV,2026-09-05T05:36:33.008543+00:00
2019-10-16,75.9987,portal.amfiindia.com / AMFI Historical NAV,2026-09-05T05:36:33.008543+00:00
2019-10-17,75.9234,portal.amfiindia.com / AMFI Historical NAV,2026-09-05T05:36:33.008543+00:00
2019-10-18,76.397,portal.amfiindia.com / AMFI Historical NAV,2026-09-05T05:36:33.008543+00:00
2019-10-21,75.0954,portal.amfiindia.com / AMFI Historical NAV,2026-09-05T05:36:33.008543+00:00
2019-10-22,75.2536,portal.amfiindia.com / AMFI Historical NAV,2026-09-05T05:36:33.008543+00:00
2019-10-23,75.2664,portal.amfiindia.com / AMFI Historical NAV,2026-09-05T05:36:33.008543+00:00
2019-10-24,73.9178,portal.amfiindia.com / AMFI Historical NAV,2026-09-05T05:36:33.008543+00:00
2019-10-25,73.6151,portal.amfiindia.com / AMFI Historical NAV,2026-09-05T05:36:33.008543+00:00
2019-10-28,74.7065,portal.amfiindia.com / AMFI Historical NAV,2026-09-05T05:36:33.008543+00:00
2019-10-29,75.1099,portal.amfiindia.com / AMFI Historical NAV,2026-09-05T05:36:33.008543+00:00
2019-10-30,75.2053,portal.amfiindia.com / AMFI Historical NAV,2026-09-05T05:36:33.008543+00:00
2019-10-31,75.8125,portal.amfiindia.com / AMFI Historical NAV,2026-09-05T05:36:33.008543+00:00
2019-11-01,78.4715,portal.amfiindia.com / AMFI Historical NAV,2026-09-05T05:36:33.008543+00:00
2019-11-04,79.4696,portal.amfiindia.com / AMFI Historical NAV,2026-09-05T05:36:33.008543+00:00
2019-11-05,79.6155,portal.amfiindia.com / AMFI Historical NAV,2026-09-05T05:36:33.008543+00:00
2019-11-06,79.1407,portal.amfiindia.com / AMFI Historical NAV,2026-09-05T05:36:33.008543+00:00
2019-11-07,79.4808,portal.amfiindia.com / AMFI Historical NAV,2026-09-05T05:36:33.008543+00:00
2019-11-08,79.8665,portal.amfiindia.com / AMFI Historical NAV,2026-09-05T05:36:33.008543+00:00
2019-11-11,81.3777,portal.amfiindia.com / AMFI Historical NAV,2026-09-05T05:36:33.008543+00:00
2019-11-12,82.0966,portal.amfiindia.com / AMFI Historical NAV,2026-09-05T05:36:33.008543+00:00
2019-11-13,82.6917,portal.amfiindia.com / AMFI Historical NAV,2026-09-05T05:36:33.008543+00:00
2019-11-14,81.7078,portal.amfiindia.com / AMFI Historical NAV,2026-09-05T05:36:33.008543+00:00
2019-11-15,82.748,portal.amfiindia.com / AMFI Historical NAV,2026-09-05T05:36:33.008543+00:00
2019-11-18,83.0395,portal.amfiindia.com / AMFI Historical NAV,2026-09-05T05:36:33.008543+00:00
2019-11-19,85.7759,portal.amfiindia.com / AMFI Historical NAV,2026-09-05T05:36:33.008543+00:00
2019-11-20,84.354,portal.amfiindia.com / AMFI Historical NAV,2026-09-05T05:36:33.008543+00:00
2019-11-21,85.9109,portal.amfiindia.com / AMFI Historical NAV,2026-09-05T05:36:33.008543+00:00
2019-11-22,86.2562,portal.amfiindia.com / AMFI Historical NAV,2026-09-05T05:36:33.008543+00:00
2019-11-25,84.566,portal.amfiindia.com / AMFI Historical NAV,2026-09-05T05:36:33.008543+00:00
2019-11-26,83.6639,portal.amfiindia.com / AMFI Historical NAV,2026-09-05T05:36:33.008543+00:00
2019-11-27,83.0188,portal.amfiindia.com / AMFI Historical NAV,2026-09-05T05:36:33.008543+00:00
2019-11-28,83.022,portal.amfiindia.com / AMFI Historical NAV,2026-09-05T05:36:33.008543+00:00
2019-11-29,83.6935,portal.amfiindia.com / AMFI Historical NAV,2026-09-05T05:36:33.008543+00:00
2019-12-02,83.1086,portal.amfiindia.com / AMFI Historical NAV,2026-09-05T05:36:33.008543+00:00
2019-12-03,82.8232,portal.amfiindia.com / AMFI Historical NAV,2026-09-05T05:36:33.008543+00:00
2019-12-04,85.1724,portal.amfiindia.com / AMFI Historical NAV,2026-09-05T05:36:33.008543+00:00
2019-12-05,87.9542,portal.amfiindia.com / AMFI Historical NAV,2026-09-05T05:36:33.008543+00:00
2019-12-06,89.4692,portal.amfiindia.com / AMFI Historical NAV,2026-09-05T05:36:33.008543+00:00
2019-12-09,88.3696,portal.amfiindia.com / AMFI Historical NAV,2026-09-05T05:36:33.008543+00:00
2019-12-10,88.9133,portal.amfiindia.com / AMFI Historical NAV,2026-09-05T05:36:33.008543+00:00
2019-12-11,89.495,portal.amfiindia.com / AMFI Historical NAV,2026-09-05T05:36:33.008543+00:00
2019-12-12,88.6051,portal.amfiindia.com / AMFI Historical NAV,2026-09-05T05:36:33.008543+00:00
2019-12-13,88.1607,portal.amfiindia.com / AMFI Historical NAV,2026-09-05T05:36:33.008543+00:00
2019-12-16,86.6061,portal.amfiindia.com / AMFI Historical NAV,2026-09-05T05:36:33.008543+00:00
2019-12-17,87.159,portal.amfiindia.com / AMFI Historical NAV,2026-09-05T05:36:33.008543+00:00
2019-12-18,87.5183,portal.amfiindia.com / AMFI Historical NAV,2026-09-05T05:36:33.008543+00:00
2019-12-19,86.547,portal.amfiindia.com / AMFI Historical NAV,2026-09-05T05:36:33.008543+00:00
2019-12-20,87.9051,portal.amfiindia.com / AMFI Historical NAV,2026-09-05T05:36:33.008543+00:00
2019-12-23,86.8745,portal.amfiindia.com / AMFI Historical NAV,2026-09-05T05:36:33.008543+00:00
2019-12-24,85.8394,portal.amfiindia.com / AMFI Historical NAV,2026-09-05T05:36:33.008543+00:00
2019-12-25,86.6366,portal.amfiindia.com / AMFI Historical NAV,2026-09-05T05:36:33.008543+00:00
2019-12-26,87.4436,portal.amfiindia.com / AMFI Historical NAV,2026-09-05T05:36:33.008543+00:00
2019-12-27,89.3748,portal.amfiindia.com / AMFI Historical NAV,2026-09-05T05:36:33.008543+00:00
2019-12-30,89.5707,portal.amfiindia.com / AMFI Historical NAV,2026-09-05T05:36:33.008543+00:00
2019-12-31,91.4783,portal.amfiindia.com / AMFI Historical NAV,2026-09-05T05:36:33.008543+00:00
2020-01-01,91.4671,portal.amfiindia.com / AMFI Historical NAV,2026-09-05T05:36:33.008543+00:00
2020-01-02,91.2111,portal.amfiindia.com / AMFI Historical NAV,2026-09-05T05:36:33.008543+00:00
2020-01-03,92.3268,portal.amfiindia.com / AMFI Historical NAV,2026-09-05T05:36:33.008543+00:00
2020-01-06,92.344,portal.amfiindia.com / AMFI Historical NAV,2026-09-05T05:36:33.008543+00:00
2020-01-07,90.6124,portal.amfiindia.com / AMFI Historical NAV,2026-09-05T05:36:33.008543+00:00
2020-01-08,92.6897,portal.amfiindia.com / AMFI Historical NAV,2026-09-05T05:36:33.008543+00:00
2020-01-09,94.6452,portal.amfiindia.com / AMFI Historical NAV,2026-09-05T05:36:33.008543+00:00
2020-01-10,93.8546,portal.amfiindia.com / AMFI Historical NAV,2026-09-05T05:36:33.008543+00:00
2020-01-13,94.4936,portal.amfiindia.com / AMFI Historical NAV,2026-09-05T05:36:33.008543+00:00
2020-01-14,94.5542,portal.amfiindia.com / AMFI Historical NAV,2026-09-05T05:36:33.008543+00:00
2020-01-15,95.3725,portal.amfiindia.com / AMFI Historical NAV,2026-09-05T05:36:33.008543+00:00
2020-01-16,94.7869,portal.amfiindia.com / AMFI Historical NAV,2026-09-05T05:36:33.008543+00:00
2020-01-17,93.9411,portal.amfiindia.com / AMFI Historical NAV,2026-09-05T05:36:33.008543+00:00
2020-01-20,93.7444,portal.amfiindia.com / AMFI Historical NAV,2026-09-05T05:36:33.008543+00:00
2020-01-21,95.0361,portal.amfiindia.com / AMFI Historical NAV,2026-09-05T05:36:33.008543+00:00
2020-01-22,95.4019,portal.amfiindia.com / AMFI Historical NAV,2026-09-05T05:36:33.008543+00:00
2020-01-23,95.5047,portal.amfiindia.com / AMFI Historical NAV,2026-09-05T05:36:33.008543+00:00
2020-01-24,96.1579,portal.amfiindia.com / AMFI Historical NAV,2026-09-05T05:36:33.008543+00:00
2020-01-27,94.1506,portal.amfiindia.com / AMFI Historical NAV,2026-09-05T05:36:33.008543+00:00
2020-01-28,96.4291,portal.amfiindia.com / AMFI Historical NAV,2026-09-05T05:36:33.008543+00:00
2020-01-29,93.9687,portal.amfiindia.com / AMFI Historical NAV,2026-09-05T05:36:33.008543+00:00
2020-01-30,93.6917,portal.amfiindia.com / AMFI Historical NAV,2026-09-05T05:36:33.008543+00:00
2020-01-31,92.1272,portal.amfiindia.com / AMFI Historical NAV,2026-09-05T05:36:33.008543+00:00
2020-02-03,90.6124,portal.amfiindia.com / AMFI Historical NAV,2026-09-05T05:36:33.008543+00:00
2020-02-04,93.1585,portal.amfiindia.com / AMFI Historical NAV,2026-09-05T05:36:33.008543+00:00
2020-02-05,92.5251,portal.amfiindia.com / AMFI Historical NAV,2026-09-05T05:36:33.008543+00:00
2020-02-06,93.1949,portal.amfiindia.com / AMFI Historical NAV,2026-09-05T05:36:33.008543+00:00
2020-02-07,93.566,portal.amfiindia.com / AMFI Historical NAV,2026-09-05T05:36:33.008543+00:00
2020-02-10,93.4924,portal.amfiindia.com / AMFI Historical NAV,2026-09-05T05:36:33.008543+00:00
2020-02-11,93.0839,portal.amfiindia.com / AMFI Historical NAV,2026-09-05T05:36:33.008543+00:00
2020-02-12,90.9929,portal.amfiindia.com / AMFI Historical NAV,2026-09-05T05:36:33.008543+00:00
2020-02-13,91.5377,portal.amfiindia.com / AMFI Historical NAV,2026-09-05T05:36:33.008543+00:00
2020-02-14,89.2588,portal.amfiindia.com / AMFI Historical NAV,2026-09-05T05:36:33.008543+00:00
2020-02-17,81.6887,portal.amfiindia.com / AMFI Historical NAV,2026-09-05T05:36:33.008543+00:00
2020-02-18,79.6523,portal.amfiindia.com / AMFI Historical NAV,2026-09-05T05:36:33.008543+00:00
2020-02-19,83.3177,portal.amfiindia.com / AMFI Historical NAV,2026-09-05T05:36:33.008543+00:00
2020-02-20,83.871,portal.amfiindia.com / AMFI Historical NAV,2026-09-05T05:36:33.008543+00:00
2020-02-21,80.488,portal.amfiindia.com / AMFI Historical NAV,2026-09-05T05:36:33.008543+00:00
2020-02-24,77.343,portal.amfiindia.com / AMFI Historical NAV,2026-09-05T05:36:33.008543+00:00
2020-02-25,74.1117,portal.amfiindia.com / AMFI Historical NAV,2026-09-05T05:36:33.008543+00:00
2020-02-26,79.7572,portal.amfiindia.com / AMFI Historical NAV,2026-09-05T05:36:33.008543+00:00
2020-02-27,79.8977,portal.amfiindia.com / AMFI Historical NAV,2026-09-05T05:36:33.008543+00:00
2020-02-28,79.1071,portal.amfiindia.com / AMFI Historical NAV,2026-09-05T05:36:33.008543+00:00
2020-03-02,81.4407,portal.amfiindia.com / AMFI Historical NAV,2026-09-05T05:36:33.008543+00:00
2020-03-03,81.4833,portal.amfiindia.com / AMFI Historical NAV,2026-09-05T05:36:33.008543+00:00
2020-03-04,79.9675,portal.amfiindia.com / AMFI Historical NAV,2026-09-05T05:36:33.008543+00:00
2020-03-05,79.2379,portal.amfiindia.com / AMFI Historical NAV,2026-09-05T05:36:33.008543+00:00
2020-03-06,76.8573,portal.amfiindia.com / AMFI Historical NAV,2026-09-05T05:36:33.008543+00:00
2020-03-09,76.6685,portal.amfiindia.com / AMFI Historical NAV,2026-09-05T05:36:33.008543+00:00
2020-03-10,77.3369,portal.amfiindia.com / AMFI Historical NAV,2026-09-05T05:36:33.008543+00:00
2020-03-11,75.5986,portal.amfiindia.com / AMFI Historical NAV,2026-09-05T05:36:33.008543+00:00
2020-03-12,76.6347,portal.amfiindia.com / AMFI Historical NAV,2026-09-05T05:36:33.008543+00:00
2020-03-13,74.4735,portal.amfiindia.com / AMFI Historical NAV,2026-09-05T05:36:33.008543+00:00
2020-03-16,73.4033,portal.amfiindia.com / AMFI Historical NAV,2026-09-05T05:36:33.008543+00:00
2020-03-17,64.8032,portal.amfiindia.com / AMFI Historical NAV,2026-09-05T05:36:33.008543+00:00
2020-03-18,65.9549,portal.amfiindia.com / AMFI Historical NAV,2026-09-05T05:36:33.008543+00:00
2020-03-19,66.1884,portal.amfiindia.com / AMFI Historical NAV,2026-09-05T05:36:33.008543+00:00
2020-03-20,67.6852,portal.amfiindia.com / AMFI Historical NAV,2026-09-05T05:36:33.008543+00:00
2020-03-23,57.7913,portal.amfiindia.com / AMFI Historical NAV,2026-09-05T05:36:33.008543+00:00
2020-03-24,62.0672,portal.amfiindia.com / AMFI Historical NAV,2026-09-05T05:36:33.008543+00:00
2020-03-25,62.6225,portal.amfiindia.com / AMFI Historical NAV,2026-09-05T05:36:33.008543+00:00
2020-03-26,63.3817,portal.amfiindia.com / AMFI Historical NAV,2026-09-05T05:36:33.008543+00:00
2020-03-27,62.6387,portal.amfiindia.com / AMFI Historical NAV,2026-09-05T05:36:33.008543+00:00
2020-03-30,63.4353,portal.amfiindia.com / AMFI Historical NAV,2026-09-05T05:36:33.008543+00:00
2020-03-31,62.4904,portal.amfiindia.com / AMFI Historical NAV,2026-09-05T05:36:33.008543+00:00
2020-04-01,62.4443,portal.amfiindia.com / AMFI Historical NAV,2026-09-05T05:36:33.008543+00:00
2020-04-02,64.3288,portal.amfiindia.com / AMFI Historical NAV,2026-09-05T05:36:33.008543+00:00
2020-04-03,63.8607,portal.amfiindia.com / AMFI Historical NAV,2026-09-05T05:36:33.008543+00:00
2020-04-06,63.463,portal.amfiindia.com / AMFI Historical NAV,2026-09-05T05:36:33.008543+00:00
2020-04-07,64.4457,portal.amfiindia.com / AMFI Historical NAV,2026-09-05T05:36:33.008543+00:00
2020-04-08,65.8476,portal.amfiindia.com / AMFI Historical NAV,2026-09-05T05:36:33.008543+00:00
2020-04-09,66.1929,portal.amfiindia.com / AMFI Historical NAV,2026-09-05T05:36:33.008543+00:00
2020-04-10,66.2362,portal.amfiindia.com / AMFI Historical NAV,2026-09-05T05:36:33.008543+00:00
2020-04-13,69.1601,portal.amfiindia.com / AMFI Historical NAV,2026-09-05T05:36:33.008543+00:00
2020-04-14,68.5961,portal.amfiindia.com / AMFI Historical NAV,2026-09-05T05:36:33.008543+00:00
2020-04-15,68.5374,portal.amfiindia.com / AMFI Historical NAV,2026-09-05T05:36:33.008543+00:00
2020-04-16,70.2764,portal.amfiindia.com / AMFI Historical NAV,2026-09-05T05:36:33.008543+00:00
2020-04-17,71.3618,portal.amfiindia.com / AMFI Historical NAV,2026-09-05T05:36:33.008543+00:00
2020-04-20,73.7132,portal.amfiindia.com / AMFI Historical NAV,2026-09-05T05:36:33.008543+00:00
2020-04-21,74.7875,portal.amfiindia.com / AMFI Historical NAV,2026-09-05T05:36:33.008543+00:00
2020-04-22,73.5077,portal.amfiindia.com / AMFI Historical NAV,2026-09-05T05:36:33.008543+00:00
2020-04-23,75.8178,portal.amfiindia.com / AMFI Historical NAV,2026-09-05T05:36:33.008543+00:00
2020-04-24,74.8805,portal.amfiindia.com / AMFI Historical NAV,2026-09-05T05:36:33.008543+00:00
2020-04-27,75.9566,portal.amfiindia.com / AMFI Historical NAV,2026-09-05T05:36:33.008543+00:00
2020-04-28,75.3327,portal.amfiindia.com / AMFI Historical NAV,2026-09-05T05:36:33.008543+00:00
2020-04-29,75.7918,portal.amfiindia.com / AMFI Historical NAV,2026-09-05T05:36:33.008543+00:00
2020-04-30,76.3894,portal.amfiindia.com / AMFI Historical NAV,2026-09-05T05:36:33.008543+00:00
2020-05-01,77.3846,portal.amfiindia.com / AMFI Historical NAV,2026-09-05T05:36:33.008543+00:00
2020-05-04,78.0592,portal.amfiindia.com / AMFI Historical NAV,2026-09-05T05:36:33.008543+00:00
2020-05-05,80.6374,portal.amfiindia.com / AMFI Historical NAV,2026-09-05T05:36:33.008543+00:00
2020-05-06,81.423,portal.amfiindia.com / AMFI Historical NAV,2026-09-05T05:36:33.008543+00:00
2020-05-07,81.0669,portal.amfiindia.com / AMFI Historical NAV,2026-09-05T05:36:33.008543+00:00
2020-05-08,82.3831,portal.amfiindia.com / AMFI Historical NAV,2026-09-05T05:36:33.008543+00:00
2020-05-11,84.7294,portal.amfiindia.com / AMFI Historical NAV,2026-09-05T05:36:33.008543+00:00
2020-05-12,83.8741,portal.amfiindia.com / AMFI Historical NAV,2026-09-05T05:36:33.008543+00:00
2020-05-13,85.7621,portal.amfiindia.com / AMFI Historical NAV,2026-09-05T05:36:33.008543+00:00
2020-05-14,86.3989,portal.amfiindia.com / AMFI Historical NAV,2026-09-05T05:36:33.008543+00:00
2020-05-15,86.9924,portal.amfiindia.com / AMFI Historical NAV,2026-09-05T05:36:33.008543+00:00
2020-05-18,89.2896,portal.amfiindia.com / AMFI Historical NAV,2026-09-05T05:36:33.008543+00:00
2020-05-19,89.7149,portal.amfiindia.com / AMFI Historical NAV,2026-09-05T05:36:33.008543+00:00
2020-05-20,89.651,portal.amfiindia.com / AMFI Historical NAV,2026-09-05T05:36:33.008543+00:00
2020-05-21,89.7522,portal.amfiindia.com / AMFI Historical NAV,2026-09-05T05:36:33.008543+00:00
2020-05-22,90.273,portal.amfiindia.com / AMFI Historical NAV,2026-09-05T05:36:33.008543+00:00
2020-05-25,87.8137,portal.amfiindia.com / AMFI Historical NAV,2026-09-05T05:36:33.008543+00:00
2020-05-26,86.1523,portal.amfiindia.com / AMFI Historical NAV,2026-09-05T05:36:33.008543+00:00
2020-05-27,89.7776,portal.amfiindia.com / AMFI Historical NAV,2026-09-05T05:36:33.008543+00:00
2020-05-28,88.5668,portal.amfiindia.com / AMFI Historical NAV,2026-09-05T05:36:33.008543+00:00
2020-05-29,88.0885,portal.amfiindia.com / AMFI Historical NAV,2026-09-05T05:36:33.008543+00:00
2020-06-01,84.7738,portal.amfiindia.com / AMFI Historical NAV,2026-09-05T05:36:33.008543+00:00
2020-06-02,84.5627,portal.amfiindia.com / AMFI Historical NAV,2026-09-05T05:36:33.008543+00:00
2020-06-03,81.4715,portal.amfiindia.com / AMFI Historical NAV,2026-09-05T05:36:33.008543+00:00
2020-06-04,85.5829,portal.amfiindia.com / AMFI Historical NAV,2026-09-05T05:36:33.008543+00:00
2020-06-05,88.3531,portal.amfiindia.com / AMFI Historical NAV,2026-09-05T05:36:33.008543+00:00
2020-06-08,87.3517,portal.amfiindia.com / AMFI Historical NAV,2026-09-05T05:36:33.008543+00:00
2020-06-09,90.0561,portal.amfiindia.com / AMFI Historical NAV,2026-09-05T05:36:33.008543+00:00
2020-06-10,92.1635,portal.amfiindia.com / AMFI Historical NAV,2026-09-05T05:36:33.008543+00:00
2020-06-11,90.9871,portal.amfiindia.com / AMFI Historical NAV,2026-09-05T05:36:33.008543+00:00
2020-06-12,87.3881,portal.amfiindia.com / AMFI Historical NAV,2026-09-05T05:36:33.008543+00:00
2020-06-15,91.6137,portal.amfiindia.com / AMFI Historical NAV,2026-09-05T05:36:33.008543+00:00
2020-06-16,88.9717,portal.amfiindia.com / AMFI Historical NAV,2026-09-05T05:36:33.008543+00:00
2020-06-17,87.2716,portal.amfiindia.com / AMFI Historical NAV,2026-09-05T05:36:33.008543+00:00
2020-06-18,89.6955,portal.amfiindia.com / AMFI Historical NAV,2026-09-05T05:36:33.008543+00:00
2020-06-19,94.6326,portal.amfiindia.com / AMFI Historical NAV,2026-09-05T05:36:33.008543+00:00
2020-06-22,97.363,portal.amfiindia.com / AMFI Historical NAV,2026-09-05T05:36:33.008543+00:00
2020-06-23,97.7317,portal.amfiindia.com / AMFI Historical NAV,2026-09-05T05:36:33.008543+00:00
2020-06-24,99.7947,portal.amfiindia.com / AMFI Historical NAV,2026-09-05T05:36:33.008543+00:00
2020-06-25,101.5042,portal.amfiindia.com / AMFI Historical NAV,2026-09-05T05:36:33.008543+00:00
2020-06-26,102.2711,portal.amfiindia.com / AMFI Historical NAV,2026-09-05T05:36:33.008543+00:00
2020-06-29,104.1078,portal.amfiindia.com / AMFI Historical NAV,2026-09-05T05:36:33.008543+00:00
2020-06-30,106.1829,portal.amfiindia.com / AMFI Historical NAV,2026-09-05T05:36:33.008543+00:00
2020-07-01,106.3825,portal.amfiindia.com / AMFI Historical NAV,2026-09-05T05:36:33.008543+00:00
2020-07-02,106.8677,portal.amfiindia.com / AMFI Historical NAV,2026-09-05T05:36:33.008543+00:00
2020-07-03,106.7389,portal.amfiindia.com / AMFI Historical NAV,2026-09-05T05:36:33.008543+00:00
2020-07-06,103.4841,portal.amfiindia.com / AMFI Historical NAV,2026-09-05T05:36:33.008543+00:00
2020-07-07,103.1837,portal.amfiindia.com / AMFI Historical NAV,2026-09-05T05:36:33.008543+00:00
2020-07-08,102.8318,portal.amfiindia.com / AMFI Historical NAV,2026-09-05T05:36:33.008543+00:00
2020-07-09,100.5235,portal.amfiindia.com / AMFI Historical NAV,2026-09-05T05:36:33.008543+00:00
2020-07-10,101.7074,portal.amfiindia.com / AMFI Historical NAV,2026-09-05T05:36:33.008543+00:00
2020-07-13,104.252,portal.amfiindia.com / AMFI Historical NAV,2026-09-05T05:36:33.008543+00:00
2020-07-14,106.0237,portal.amfiindia.com / AMFI Historical NAV,2026-09-05T05:36:33.008543+00:00
2020-07-15,104.0765,portal.amfiindia.com / AMFI Historical NAV,2026-09-05T05:36:33.008543+00:00
2020-07-16,102.2501,portal.amfiindia.com / AMFI Historical NAV,2026-09-05T05:36:33.008543+00:00
2020-07-17,104.0698,portal.amfiindia.com / AMFI Historical NAV,2026-09-05T05:36:33.008543+00:00
2020-07-20,103.3592,portal.amfiindia.com / AMFI Historical NAV,2026-09-05T05:36:33.008543+00:00
2020-07-21,104.4308,portal.amfiindia.com / AMFI Historical NAV,2026-09-05T05:36:33.008543+00:00
2020-07-22,106.3058,portal.amfiindia.com / AMFI Historical NAV,2026-09-05T05:36:33.008543+00:00
2020-07-23,104.2774,portal.amfiindia.com / AMFI Historical NAV,2026-09-05T05:36:33.008543+00:00
2020-07-24,104.453,portal.amfiindia.com / AMFI Historical NAV,2026-09-05T05:36:33.008543+00:00
2020-07-27,102.2943,portal.amfiindia.com / AMFI Historical NAV,2026-09-05T05:36:33.008543+00:00
2020-07-28,101.7318,portal.amfiindia.com / AMFI Historical NAV,2026-09-05T05:36:33.008543+00:00
2020-07-29,101.9647,portal.amfiindia.com / AMFI Historical NAV,2026-09-05T05:36:33.008543+00:00
2020-07-30,99.8306,portal.amfiindia.com / AMFI Historical NAV,2026-09-05T05:36:33.008543+00:00
2020-07-31,101.0309,portal.amfiindia.com / AMFI Historical NAV,2026-09-05T05:36:33.008543+00:00
2020-08-03,100.1164,portal.amfiindia.com / AMFI Historical NAV,2026-09-05T05:36:33.008543+00:00
2020-08-04,100.8156,portal.amfiindia.com / AMFI Historical NAV,2026-09-05T05:36:33.008543+00:00
2020-08-05,101.2099,portal.amfiindia.com / AMFI Historical NAV,2026-09-05T05:36:33.008543+00:00
2020-08-06,104.0347,portal.amfiindia.com / AMFI Historical NAV,2026-09-05T05:36:33.008543+00:00
2020-08-07,105.9956,portal.amfiindia.com / AMFI Historical NAV,2026-09-05T05:36:33.008543+00:00
2020-08-10,105.6868,portal.amfiindia.com / AMFI Historical NAV,2026-09-05T05:36:33.008543+00:00
2020-08-11,105.6535,portal.amfiindia.com / AMFI Historical NAV,2026-09-05T05:36:33.008543+00:00
2020-08-12,107.2236,portal.amfiindia.com / AMFI Historical NAV,2026-09-05T05:36:33.008543+00:00
2020-08-13,107.4117,portal.amfiindia.com / AMFI Historical NAV,2026-09-05T05:36:33.008543+00:00
2020-08-14,108.0927,portal.amfiindia.com / AMFI Historical NAV,2026-09-05T05:36:33.008543+00:00
2020-08-17,107.4947,portal.amfiindia.com / AMFI Historical NAV,2026-09-05T05:36:33.008543+00:00
2020-08-18,107.4503,portal.amfiindia.com / AMFI Historical NAV,2026-09-05T05:36:33.008543+00:00
2020-08-19,105.0157,portal.amfiindia.com / AMFI Historical NAV,2026-09-05T05:36:33.008543+00:00
2020-08-20,109.9499,portal.amfiindia.com / AMFI Historical NAV,2026-09-05T05:36:33.008543+00:00
2020-08-21,108.4973,portal.amfiindia.com / AMFI Historical NAV,2026-09-05T05:36:33.008543+00:00
2020-08-24,106.937,portal.amfiindia.com / AMFI Historical NAV,2026-09-05T05:36:33.008543+00:00
2020-08-25,107.5326,portal.amfiindia.com / AMFI Historical NAV,2026-09-05T05:36:33.008543+00:00
2020-08-26,109.9065,portal.amfiindia.com / AMFI Historical NAV,2026-09-05T05:36:33.008543+00:00
2020-08-27,109.0324,portal.amfiindia.com / AMFI Historical NAV,2026-09-05T05:36:33.008543+00:00
2020-08-28,113.1592,portal.amfiindia.com / AMFI Historical NAV,2026-09-05T05:36:33.008543+00:00
2020-08-31,113.7784,portal.amfiindia.com / AMFI Historical NAV,2026-09-05T05:36:33.008543+00:00
2020-09-01,114.7139,portal.amfiindia.com / AMFI Historical NAV,2026-09-05T05:36:33.008543+00:00
2020-09-02,112.9271,portal.amfiindia.com / AMFI Historical NAV,2026-09-05T05:36:33.008543+00:00
2020-09-03,117.6231,portal.amfiindia.com / AMFI Historical NAV,2026-09-05T05:36:33.008543+00:00
2020-09-04,116.0318,portal.amfiindia.com / AMFI Historical NAV,2026-09-05T05:36:33.008543+00:00
2020-09-07,118.1164,portal.amfiindia.com / AMFI Historical NAV,2026-09-05T05:36:33.008543+00:00
2020-09-08,120.3577,portal.amfiindia.com / AMFI Historical NAV,2026-09-05T05:36:33.008543+00:00
2020-09-09,121.7593,portal.amfiindia.com / AMFI Historical NAV,2026-09-05T05:36:33.008543+00:00
2020-09-10,123.0252,portal.amfiindia.com / AMFI Historical NAV,2026-09-05T05:36:33.008543+00:00
2020-09-11,122.8704,portal.amfiindia.com / AMFI Historical NAV,2026-09-05T05:36:33.008543+00:00
2020-09-14,124.2641,portal.amfiindia.com / AMFI Historical NAV,2026-09-05T05:36:33.008543+00:00
2020-09-15,124.0899,portal.amfiindia.com / AMFI Historical NAV,2026-09-05T05:36:33.008543+00:00
2020-09-16,127.0771,portal.amfiindia.com / AMFI Historical NAV,2026-09-05T05:36:33.008543+00:00
2020-09-17,132.5667,portal.amfiindia.com / AMFI Historical NAV,2026-09-05T05:36:33.008543+00:00
2020-09-18,131.5951,portal.amfiindia.com / AMFI Historical NAV,2026-09-05T05:36:33.008543+00:00
2020-09-21,128.3676,portal.amfiindia.com / AMFI Historical NAV,2026-09-05T05:36:33.008543+00:00
2020-09-22,129.7937,portal.amfiindia.com / AMFI Historical NAV,2026-09-05T05:36:33.008543+00:00
2020-09-23,135.7196,portal.amfiindia.com / AMFI Historical NAV,2026-09-05T05:36:33.008543+00:00
2020-09-24,133.46,portal.amfiindia.com / AMFI Historical NAV,2026-09-05T05:36:33.008543+00:00
2020-09-25,139.9096,portal.amfiindia.com / AMFI Historical NAV,2026-09-05T05:36:33.008543+00:00
2020-09-28,145.6508,portal.amfiindia.com / AMFI Historical NAV,2026-09-05T05:36:33.008543+00:00
2020-09-29,142.219,portal.amfiindia.com / AMFI Historical NAV,2026-09-05T05:36:33.008543+00:00
2020-09-30,143.6174,portal.amfiindia.com / AMFI Historical NAV,2026-09-05T05:36:33.008543+00:00
2020-10-01,146.5757,portal.amfiindia.com / AMFI Historical NAV,2026-09-05T05:36:33.008543+00:00
2020-10-02,145.0644,portal.amfiindia.com / AMFI Historical NAV,2026-09-05T05:36:33.008543+00:00
2020-10-05,141.8156,portal.amfiindia.com / AMFI Historical NAV,2026-09-05T05:36:33.008543+00:00
2020-10-06,140.6326,portal.amfiindia.com / AMFI Historical NAV,2026-09-05T05:36:33.008543+00:00
2020-10-07,137.3495,portal.amfiindia.com / AMFI Historical NAV,2026-09-05T05:36:33.008543+00:00
2020-10-08,136.2222,portal.amfiindia.com / AMFI Historical NAV,2026-09-05T05:36:33.008543+00:00
2020-10-09,132.057,portal.amfiindia.com / AMFI Historical NAV,2026-09-05T05:36:33.008543+00:00
2020-10-12,132.6549,portal.amfiindia.com / AMFI Historical NAV,2026-09-05T05:36:33.008543+00:00
2020-10-13,130.8307,portal.amfiindia.com / AMFI Historical NAV,2026-09-05T05:36:33.008543+00:00
2020-10-14,133.2033,portal.amfiindia.com / AMFI Historical NAV,2026-09-05T05:36:33.008543+00:00
2020-10-15,131.1481,portal.amfiindia.com / AMFI Historical NAV,2026-09-05T05:36:33.008543+00:00
2020-10-16,133.103,portal.amfiindia.com / AMFI Historical NAV,2026-09-05T05:36:33.008543+00:00
2020-10-19,135.2819,portal.amfiindia.com / AMFI Historical NAV,2026-09-05T05:36:33.008543+00:00
2020-10-20,132.6484,portal.amfiindia.com / AMFI Historical NAV,2026-09-05T05:36:33.008543+00:00
2020-10-21,132.5597,portal.amfiindia.com / AMFI Historical NAV,2026-09-05T05:36:33.008543+00:00
2020-10-22,134.6918,portal.amfiindia.com / AMFI Historical NAV,2026-09-05T05:36:33.008543+00:00
2020-10-23,132.0621,portal.amfiindia.com / AMFI Historical NAV,2026-09-05T05:36:33.008543+00:00
2020-10-26,138.6485,portal.amfiindia.com / AMFI Historical NAV,2026-09-05T05:36:33.008543+00:00
2020-10-27,139.9814,portal.amfiindia.com / AMFI Historical NAV,2026-09-05T05:36:33.008543+00:00
2020-10-28,138.4508,portal.amfiindia.com / AMFI Historical NAV,2026-09-05T05:36:33.008543+00:00
2020-10-29,137.3709,portal.amfiindia.com / AMFI Historical NAV,2026-09-05T05:36:33.008543+00:00
2020-10-30,140.1478,portal.amfiindia.com / AMFI Historical NAV,2026-09-05T05:36:33.008543+00:00
2020-11-02,141.7442,portal.amfiindia.com / AMFI Historical NAV,2026-09-05T05:36:33.008543+00:00
2020-11-03,144.4029,portal.amfiindia.com / AMFI Historical NAV,2026-09-05T05:36:33.008543+00:00
2020-11-04,141.8,portal.amfiindia.com / AMFI Historical NAV,2026-09-05T05:36:33.008543+00:00
2020-11-05,142.0112,portal.amfiindia.com / AMFI Historical NAV,2026-09-05T05:36:33.008543+00:00
2020-11-06,137.5032,portal.amfiindia.com / AMFI Historical NAV,2026-09-05T05:36:33.008543+00:00
2020-11-09,137.759,portal.amfiindia.com / AMFI Historical NAV,2026-09-05T05:36:33.008543+00:00
2020-11-10,134.8833,portal.amfiindia.com / AMFI Historical NAV,2026-09-05T05:36:33.008543+00:00
2020-11-11,132.3939,portal.amfiindia.com / AMFI Historical NAV,2026-09-05T05:36:33.008543+00:00
2020-11-12,135.452,portal.amfiindia.com / AMFI Historical NAV,2026-09-05T05:36:33.008543+00:00
2020-11-13,138.1578,portal.amfiindia.com / AMFI Historical NAV,2026-09-05T05:36:33.008543+00:00
2020-11-16,139.6447,portal.amfiindia.com / AMFI Historical NAV,2026-09-05T05:36:33.008543+00:00
2020-11-17,137.7576,portal.amfiindia.com / AMFI Historical NAV,2026-09-05T05:36:33.008543+00:00
2020-11-18,137.4892,portal.amfiindia.com / AMFI Historical NAV,2026-09-05T05:36:33.008543+00:00
2020-11-19,140.7372,portal.amfiindia.com / AMFI Historical NAV,2026-09-05T05:36:33.008543+00:00
2020-11-20,141.7517,portal.amfiindia.com / AMFI Historical NAV,2026-09-05T05:36:33.008543+00:00
2020-11-23,147.2879,portal.amfiindia.com / AMFI Historical NAV,2026-09-05T05:36:33.008543+00:00
2020-11-24,148.9513,portal.amfiindia.com / AMFI Historical NAV,2026-09-05T05:36:33.008543+00:00
2020-11-25,150.1292,portal.amfiindia.com / AMFI Historical NAV,2026-09-05T05:36:33.008543+00:00
2020-11-26,148.1942,portal.amfiindia.com / AMFI Historical NAV,2026-09-05T05:36:33.008543+00:00
2020-11-27,150.0832,portal.amfiindia.com / AMFI Historical NAV,2026-09-05T05:36:33.008543+00:00
2020-11-30,149.2344,portal.amfiindia.com / AMFI Historical NAV,2026-09-05T05:36:33.008543+00:00
2020-12-01,151.7686,portal.amfiindia.com / AMFI Historical NAV,2026-09-05T05:36:33.008543+00:00
2020-12-02,156.1812,portal.amfiindia.com / AMFI Historical NAV,2026-09-05T05:36:33.008543+00:00
2020-12-03,155.453,portal.amfiindia.com / AMFI Historical NAV,2026-09-05T05:36:33.008543+00:00
2020-12-04,152.1987,portal.amfiindia.com / AMFI Historical NAV,2026-09-05T05:36:33.008543+00:00
2020-12-07,147.1756,portal.amfiindia.com / AMFI Historical NAV,2026-09-05T05:36:33.008543+00:00
2020-12-08,150.016,portal.amfiindia.com / AMFI Historical NAV,2026-09-05T05:36:33.008543+00:00
2020-12-09,148.177,portal.amfiindia.com / AMFI Historical NAV,2026-09-05T05:36:33.008543+00:00
2020-12-10,142.1577,portal.amfiindia.com / AMFI Historical NAV,2026-09-05T05:36:33.008543+00:00
2020-12-11,142.8551,portal.amfiindia.com / AMFI Historical NAV,2026-09-05T05:36:33.008543+00:00
2020-12-14,147.81,portal.amfiindia.com / AMFI Historical NAV,2026-09-05T05:36:33.008543+00:00
2020-12-15,148.4436,portal.amfiindia.com / AMFI Historical NAV,2026-09-05T05:36:33.008543+00:00
2020-12-16,151.1407,portal.amfiindia.com / AMFI Historical NAV,2026-09-05T05:36:33.008543+00:00
2020-12-17,153.0721,portal.amfiindia.com / AMFI Historical NAV,2026-09-05T05:36:33.008543+00:00
2020-12-18,153.6865,portal.amfiindia.com / AMFI Historical NAV,2026-09-05T05:36:33.008543+00:00
2020-12-21,158.2312,portal.amfiindia.com / AMFI Historical NAV,2026-09-05T05:36:33.008543+00:00
2020-12-22,157.1389,portal.amfiindia.com / AMFI Historical NAV,2026-09-05T05:36:33.008543+00:00
2020-12-23,159.6857,portal.amfiindia.com / AMFI Historical NAV,2026-09-05T05:36:33.008543+00:00
2020-12-24,160.5699,portal.amfiindia.com / AMFI Historical NAV,2026-09-05T05:36:33.008543+00:00
2020-12-25,160.0031,portal.amfiindia.com / AMFI Historical NAV,2026-09-05T05:36:33.008543+00:00
2020-12-28,161.8211,portal.amfiindia.com / AMFI Historical NAV,2026-09-05T05:36:33.008543+00:00
2020-12-29,162.1037,portal.amfiindia.com / AMFI Historical NAV,2026-09-05T05:36:33.008543+00:00
2020-12-30,158.1357,portal.amfiindia.com / AMFI Historical NAV,2026-09-05T05:36:33.008543+00:00
2020-12-31,159.9261,portal.amfiindia.com / AMFI Historical NAV,2026-09-05T05:36:33.008543+00:00
2021-01-01,159.2053,portal.amfiindia.com / AMFI Historical NAV,2026-09-05T05:36:33.008543+00:00
2021-01-04,158.9434,portal.amfiindia.com / AMFI Historical NAV,2026-09-05T05:36:33.008543+00:00
2021-01-05,158.0315,portal.amfiindia.com / AMFI Historical NAV,2026-09-05T05:36:33.008543+00:00
2021-01-06,161.0138,portal.amfiindia.com / AMFI Historical NAV,2026-09-05T05:36:33.008543+00:00
2021-01-07,161.9636,portal.amfiindia.com / AMFI Historical NAV,2026-09-05T05:36:33.008543+00:00
2021-01-08,161.6436,portal.amfiindia.com / AMFI Historical NAV,2026-09-05T05:36:33.008543+00:00
2021-01-11,163.3355,portal.amfiindia.com / AMFI Historical NAV,2026-09-05T05:36:33.008543+00:00
2021-01-12,168.9797,portal.amfiindia.com / AMFI Historical NAV,2026-09-05T05:36:33.008543+00:00
2021-01-13,171.6086,portal.amfiindia.com / AMFI Historical NAV,2026-09-05T05:36:33.008543+00:00
2021-01-14,173.317,portal.amfiindia.com / AMFI Historical NAV,2026-09-05T05:36:33.008543+00:00
2021-01-15,171.7886,portal.amfiindia.com / AMFI Historical NAV,2026-09-05T05:36:33.008543+00:00
2021-01-18,170.3888,portal.amfiindia.com / AMFI Historical NAV,2026-09-05T05:36:33.008543+00:00
2021-01-19,167.284,portal.amfiindia.com / AMFI Historical NAV,2026-09-05T05:36:33.008543+00:00
2021-01-20,165.7197,portal.amfiindia.com / AMFI Historical NAV,2026-09-05T05:36:33.008543+00:00
2021-01-21,165.1249,portal.amfiindia.com / AMFI Historical NAV,2026-09-05T05:36:33.008543+00:00
2021-01-22,163.3369,portal.amfiindia.com / AMFI Historical NAV,2026-09-05T05:36:33.008543+00:00
2021-01-25,163.1883,portal.amfiindia.com / AMFI Historical NAV,2026-09-05T05:36:33.008543+00:00
2021-01-26,161.0856,portal.amfiindia.com / AMFI Historical NAV,2026-09-05T05:36:33.008543+00:00
2021-01-27,162.1289,portal.amfiindia.com / AMFI Historical NAV,2026-09-05T05:36:33.008543+00:00
2021-01-28,163.4436,portal.amfiindia.com / AMFI Historical NAV,2026-09-05T05:36:33.008543+00:00
2021-01-29,161.6476,portal.amfiindia.com / AMFI Historical NAV,2026-09-05T05:36:33.008543+00:00
2021-02-01,160.8218,portal.amfiindia.com / AMFI Historical NAV,2026-09-05T05:36:33.008543+00:00
2021-02-02,159.7724,portal.amfiindia.com / AMFI Historical NAV,2026-09-05T05:36:33.008543+00:00
2021-02-03,155.8844,portal.amfiindia.com / AMFI Historical NAV,2026-09-05T05:36:33.008543+00:00
2021-02-04,155.2018,portal.amfiindia.com / AMFI Historical NAV,2026-09-05T05:36:33.008543+00:00
2021-02-05,156.5474,portal.amfiindia.com / AMFI Historical NAV,2026-09-05T05:36:33.008543+00:00
2021-02-08,157.8158,portal.amfiindia.com / AMFI Historical NAV,2026-09-05T05:36:33.008543+00:00
2021-02-09,157.5606,portal.amfiindia.com / AMFI Historical NAV,2026-09-05T05:36:33.008543+00:00
2021-02-10,159.1424,portal.amfiindia.com / AMFI Historical NAV,2026-09-05T05:36:33.008543+00:00
2021-02-11,160.0371,portal.amfiindia.com / AMFI Historical NAV,2026-09-05T05:36:33.008543+00:00
2021-02-12,159.4922,portal.amfiindia.com / AMFI Historical NAV,2026-09-05T05:36:33.008543+00:00
2021-02-15,158.7641,portal.amfiindia.com / AMFI Historical NAV,2026-09-05T05:36:33.008543+00:00
2021-02-16,159.8058,portal.amfiindia.com / AMFI Historical NAV,2026-09-05T05:36:33.008543+00:00
2021-02-17,158.1168,portal.amfiindia.com / AMFI Historical NAV,2026-09-05T05:36:33.008543+00:00
2021-02-18,159.1295,portal.amfiindia.com / AMFI Historical NAV,2026-09-05T05:36:33.008543+00:00
2021-02-19,159.6505,portal.amfiindia.com / AMFI Historical NAV,2026-09-05T05:36:33.008543+00:00
2021-02-22,159.5558,portal.amfiindia.com / AMFI Historical NAV,2026-09-05T05:36:33.008543+00:00
2021-02-23,161.539,portal.amfiindia.com / AMFI Historical NAV,2026-09-05T05:36:33.008543+00:00
2021-02-24,164.7998,portal.amfiindia.com / AMFI Historical NAV,2026-09-05T05:36:33.008543+00:00
2021-02-25,165.6094,portal.amfiindia.com / AMFI Historical NAV,2026-09-05T05:36:33.008543+00:00
2021-02-26,163.1362,portal.amfiindia.com / AMFI Historical NAV,2026-09-05T05:36:33.008543+00:00
2021-03-01,159.4241,portal.amfiindia.com / AMFI Historical NAV,2026-09-05T05:36:33.008543+00:00
2021-03-02,160.9337,portal.amfiindia.com / AMFI Historical NAV,2026-09-05T05:36:33.008543+00:00
2021-03-03,159.5912,portal.amfiindia.com / AMFI Historical NAV,2026-09-05T05:36:33.008543+00:00
2021-03-04,159.807,portal.amfiindia.com / AMFI Historical NAV,2026-09-05T05:36:33.008543+00:00
2021-03-05,160.1949,portal.amfiindia.com / AMFI Historical NAV,2026-09-05T05:36:33.008543+00:00
2021-03-08,155.7651,portal.amfiindia.com / AMFI Historical NAV,2026-09-05T05:36:33.008543+00:00
2021-03-09,156.7709,portal.amfiindia.com / AMFI Historical NAV,2026-09-05T05:36:33.008543+00:00
2021-03-10,157.2738,portal.amfiindia.com / AMFI Historical NAV,2026-09-05T05:36:33.008543+00:00
2021-03-11,157.2694,portal.amfiindia.com / AMFI Historical NAV,2026-09-05T05:36:33.008543+00:00
2021-03-12,151.5404,portal.amfiindia.com / AMFI Historical NAV,2026-09-05T05:36:33.008543+00:00
2021-03-15,151.3102,portal.amfiindia.com / AMFI Historical NAV,2026-09-05T05:36:33.008543+00:00
2021-03-16,151.5152,portal.amfiindia.com / AMFI Historical NAV,2026-09-05T05:36:33.008543+00:00
2021-03-17,148.6764,portal.amfiindia.com / AMFI Historical NAV,2026-09-05T05:36:33.008543+00:00
2021-03-18,147.7074,portal.amfiindia.com / AMFI Historical NAV,2026-09-05T05:36:33.008543+00:00
2021-03-19,147.4557,portal.amfiindia.com / AMFI Historical NAV,2026-09-05T05:36:33.008543+00:00
2021-03-22,149.7113,portal.amfiindia.com / AMFI Historical NAV,2026-09-05T05:36:33.008543+00:00
2021-03-23,150.1262,portal.amfiindia.com / AMFI Historical NAV,2026-09-05T05:36:33.008543+00:00
2021-03-24,149.5306,portal.amfiindia.com / AMFI Historical NAV,2026-09-05T05:36:33.008543+00:00
2021-03-25,153.3806,portal.amfiindia.com / AMFI Historical NAV,2026-09-05T05:36:33.008543+00:00
2021-03-26,153.6744,portal.amfiindia.com / AMFI Historical NAV,2026-09-05T05:36:33.008543+00:00
2021-03-29,153.2926,portal.amfiindia.com / AMFI Historical NAV,2026-09-05T05:36:33.008543+00:00
2021-03-30,152.5754,portal.amfiindia.com / AMFI Historical NAV,2026-09-05T05:36:33.008543+00:00
2021-03-31,151.555,portal.amfiindia.com / AMFI Historical NAV,2026-09-05T05:36:33.008543+00:00
2021-04-01,149.8911,portal.amfiindia.com / AMFI Historical NAV,2026-09-05T05:36:33.008543+00:00
2021-04-02,148.2844,portal.amfiindia.com / AMFI Historical NAV,2026-09-05T05:36:33.008543+00:00
2021-04-05,152.1265,portal.amfiindia.com / AMFI Historical NAV,2026-09-05T05:36:33.008543+00:00
2021-04-06,149.8155,portal.amfiindia.com / AMFI Historical NAV,2026-09-05T05:36:33.008543+00:00
2021-04-07,147.7606,portal.amfiindia.com / AMFI Historical NAV,2026-09-05T05:36:33.008543+00:00
2021-04-08,149.1917,portal.amfiindia.com / AMFI Historical NAV,2026-09-05T05:36:33.008543+00:00
2021-04-09,149.5789,portal.amfiindia.com / AMFI Historical NAV,2026-09-05T05:36:33.008543+00:00
2021-04-12,148.001,portal.amfiindia.com / AMFI Historical NAV,2026-09-05T05:36:33.008543+00:00
2021-04-13,149.7002,portal.amfiindia.com / AMFI Historical NAV,2026-09-05T05:36:33.008543+00:00
2021-04-14,149.9378,portal.amfiindia.com / AMFI Historical NAV,2026-09-05T05:36:33.008543+00:00
2021-04-15,153.8578,portal.amfiindia.com / AMFI Historical NAV,2026-09-05T05:36:33.008543+00:00
2021-04-16,155.1767,portal.amfiindia.com / AMFI Historical NAV,2026-09-05T05:36:33.008543+00:00
2021-04-19,152.7379,portal.amfiindia.com / AMFI Historical NAV,2026-09-05T05:36:33.008543+00:00
2021-04-20,159.6092,portal.amfiindia.com / AMFI Historical NAV,2026-09-05T05:36:33.008543+00:00
2021-04-21,160.8321,portal.amfiindia.com / AMFI Historical NAV,2026-09-05T05:36:33.008543+00:00
2021-04-22,163.156,portal.amfiindia.com / AMFI Historical NAV,2026-09-05T05:36:33.008543+00:00
2021-04-23,163.0802,portal.amfiindia.com / AMFI Historical NAV,2026-09-05T05:36:33.008543+00:00
2021-04-26,165.4266,portal.amfiindia.com / AMFI Historical NAV,2026-09-05T05:36:33.008543+00:00
2021-04-27,167.7537,portal.amfiindia.com / AMFI Historical NAV,2026-09-05T05:36:33.008543+00:00
2021-04-28,169.5803,portal.amfiindia.com / AMFI Historical NAV,2026-09-05T05:36:33.008543+00:00
2021-04-29,168.8595,portal.amfiindia.com / AMFI Historical NAV,2026-09-05T05:36:33.008543+00:00
2021-04-30,169.0253,portal.amfiindia.com / AMFI Historical NAV,2026-09-05T05:36:33.008543+00:00
2021-05-03,167.5717,portal.amfiindia.com / AMFI Historical NAV,2026-09-05T05:36:33.008543+00:00
2021-05-04,172.6654,portal.amfiindia.com / AMFI Historical NAV,2026-09-05T05:36:33.008543+00:00
2021-05-05,175.1386,portal.amfiindia.com / AMFI Historical NAV,2026-09-05T05:36:33.008543+00:00
2021-05-06,176.6496,portal.amfiindia.com / AMFI Historical NAV,2026-09-05T05:36:33.008543+00:00
2021-05-07,178.2254,portal.amfiindia.com / AMFI Historical NAV,2026-09-05T05:36:33.008543+00:00
2021-05-10,175.73,portal.amfiindia.com / AMFI Historical NAV,2026-09-05T05:36:33.008543+00:00
2021-05-11,170.2759,portal.amfiindia.com / AMFI Historical NAV,2026-09-05T05:36:33.008543+00:00
2021-05-12,173.0369,portal.amfiindia.com / AMFI Historical NAV,2026-09-05T05:36:33.008543+00:00
2021-05-13,172.1541,portal.amfiindia.com / AMFI Historical NAV,2026-09-05T05:36:33.008543+00:00
2021-05-14,170.7518,portal.amfiindia.com / AMFI Historical NAV,2026-09-05T05:36:33.008543+00:00
2021-05-17,172.0566,portal.amfiindia.com / AMFI Historical NAV,2026-09-05T05:36:33.008543+00:00
2021-05-18,172.8649,portal.amfiindia.com / AMFI Historical NAV,2026-09-05T05:36:33.008543+00:00
2021-05-19,175.1214,portal.amfiindia.com / AMFI Historical NAV,2026-09-05T05:36:33.008543+00:00
2021-05-20,178.0012,portal.amfiindia.com / AMFI Historical NAV,2026-09-05T05:36:33.008543+00:00
2021-05-21,177.7615,portal.amfiindia.com / AMFI Historical NAV,2026-09-05T05:36:33.008543+00:00
2021-05-24,176.6274,portal.amfiindia.com / AMFI Historical NAV,2026-09-05T05:36:33.008543+00:00
2021-05-25,180.4209,portal.amfiindia.com / AMFI Historical NAV,2026-09-05T05:36:33.008543+00:00
2021-05-26,179.609,portal.amfiindia.com / AMFI Historical NAV,2026-09-05T05:36:33.008543+00:00
2021-05-27,179.3608,portal.amfiindia.com / AMFI Historical NAV,2026-09-05T05:36:33.008543+00:00
2021-05-28,182.2475,portal.amfiindia.com / AMFI Historical NAV,2026-09-05T05:36:33.008543+00:00
2021-05-31,183.7458,portal.amfiindia.com / AMFI Historical NAV,2026-09-05T05:36:33.008543+00:00
2021-06-01,186.2109,portal.amfiindia.com / AMFI Historical NAV,2026-09-05T05:36:33.008543+00:00
2021-06-02,191.5409,portal.amfiindia.com / AMFI Historical NAV,2026-09-05T05:36:33.008543+00:00
2021-06-03,193.378,portal.amfiindia.com / AMFI Historical NAV,2026-09-05T05:36:33.008543+00:00
2021-06-04,198.5525,portal.amfiindia.com / AMFI Historical NAV,2026-09-05T05:36:33.008543+00:00
2021-06-07,199.1198,portal.amfiindia.com / AMFI Historical NAV,2026-09-05T05:36:33.008543+00:00
2021-06-08,194.6662,portal.amfiindia.com / AMFI Historical NAV,2026-09-05T05:36:33.008543+00:00
2021-06-09,199.764,portal.amfiindia.com / AMFI Historical NAV,2026-09-05T05:36:33.008543+00:00
2021-06-10,200.4,portal.amfiindia.com / AMFI Historical NAV,2026-09-05T05:36:33.008543+00:00
2021-06-11,200.7348,portal.amfiindia.com / AMFI Historical NAV,2026-09-05T05:36:33.008543+00:00
2021-06-14,202.7465,portal.amfiindia.com / AMFI Historical NAV,2026-09-05T05:36:33.008543+00:00
2021-06-15,201.6934,portal.amfiindia.com / AMFI Historical NAV,2026-09-05T05:36:33.008543+00:00
2021-06-16,201.1509,portal.amfiindia.com / AMFI Historical NAV,2026-09-05T05:36:33.008543+00:00
2021-06-17,197.1239,portal.amfiindia.com / AMFI Historical NAV,2026-09-05T05:36:33.008543+00:00
2021-06-18,191.962,portal.amfiindia.com / AMFI Historical NAV,2026-09-05T05:36:33.008543+00:00
2021-06-21,196.8367,portal.amfiindia.com / AMFI Historical NAV,2026-09-05T05:36:33.008543+00:00
2021-06-22,195.7841,portal.amfiindia.com / AMFI Historical NAV,2026-09-05T05:36:33.008543+00:00
2021-06-23,196.5498,portal.amfiindia.com / AMFI Historical NAV,2026-09-05T05:36:33.008543+00:00
2021-06-24,195.2399,portal.amfiindia.com / AMFI Historical NAV,2026-09-05T05:36:33.008543+00:00
2021-06-25,194.858,portal.amfiindia.com / AMFI Historical NAV,2026-09-05T05:36:33.008543+00:00
2021-06-28,196.1453,portal.amfiindia.com / AMFI Historical NAV,2026-09-05T05:36:33.008543+00:00
2021-06-29,198.5569,portal.amfiindia.com / AMFI Historical NAV,2026-09-05T05:36:33.008543+00:00
2021-06-30,199.7628,portal.amfiindia.com / AMFI Historical NAV,2026-09-05T05:36:33.008543+00:00
2021-07-01,196.8959,portal.amfiindia.com / AMFI Historical NAV,2026-09-05T05:36:33.008543+00:00
2021-07-02,197.5042,portal.amfiindia.com / AMFI Historical NAV,2026-09-05T05:36:33.008543+00:00
2021-07-05,195.4911,portal.amfiindia.com / AMFI Historical NAV,2026-09-05T05:36:33.008543+00:00
2021-07-06,196.8166,portal.amfiindia.com / AMFI Historical NAV,2026-09-05T05:36:33.008543+00:00
2021-07-07,199.4855,portal.amfiindia.com / AMFI Historical NAV,2026-09-05T05:36:33.008543+00:00
2021-07-08,202.1044,portal.amfiindia.com / AMFI Historical NAV,2026-09-05T05:36:33.008543+00:00
2021-07-09,204.4724,portal.amfiindia.com / AMFI Historical NAV,2026-09-05T05:36:33.008543+00:00
2021-07-12,208.6238,portal.amfiindia.com / AMFI Historical NAV,2026-09-05T05:36:33.008543+00:00
2021-07-13,208.6708,portal.amfiindia.com / AMFI Historical NAV,2026-09-05T05:36:33.008543+00:00
2021-07-14,205.5949,portal.amfiindia.com / AMFI Historical NAV,2026-09-05T05:36:33.008543+00:00
2021-07-15,209.9426,portal.amfiindia.com / AMFI Historical NAV,2026-09-05T05:36:33.008543+00:00
2021-07-16,208.5239,portal.amfiindia.com / AMFI Historical NAV,2026-09-05T05:36:33.008543+00:00
2021-07-19,208.8126,portal.amfiindia.com / AMFI Historical NAV,2026-09-05T05:36:33.008543+00:00
2021-07-20,210.4463,portal.amfiindia.com / AMFI Historical NAV,2026-09-05T05:36:33.008543+00:00
2021-07-21,210.7806,portal.amfiindia.com / AMFI Historical NAV,2026-09-05T05:36:33.008543+00:00
2021-07-22,208.1706,portal.amfiindia.com / AMFI Historical NAV,2026-09-05T05:36:33.008543+00:00
2021-07-23,208.3483,portal.amfiindia.com / AMFI Historical NAV,2026-09-05T05:36:33.008543+00:00
2021-07-26,213.9155,portal.amfiindia.com / AMFI Historical NAV,2026-09-05T05:36:33.008543+00:00
2021-07-27,215.9947,portal.amfiindia.com / AMFI Historical NAV,2026-09-05T05:36:33.008543+00:00
2021-07-28,223.5623,portal.amfiindia.com / AMFI Historical NAV,2026-09-05T05:36:33.008543+00:00
2021-07-29,223.7084,portal.amfiindia.com / AMFI Historical NAV,2026-09-05T05:36:33.008543+00:00
2021-07-30,222.5445,portal.amfiindia.com / AMFI Historical NAV,2026-09-05T05:36:33.008543+00:00
2021-08-02,223.1572,portal.amfiindia.com / AMFI Historical NAV,2026-09-05T05:36:33.008543+00:00
2021-08-03,224.7516,portal.amfiindia.com / AMFI Historical NAV,2026-09-05T05:36:33.008543+00:00
2021-08-04,228.1198,portal.amfiindia.com / AMFI Historical NAV,2026-09-05T05:36:33.008543+00:00
2021-08-05,229.8216,portal.amfiindia.com / AMFI Historical NAV,2026-09-05T05:36:33.008543+00:00
2021-08-06,232.0388,portal.amfiindia.com / AMFI Historical NAV,2026-09-05T05:36:33.008543+00:00
2021-08-09,228.35,portal.amfiindia.com / AMFI Historical NAV,2026-09-05T05:36:33.008543+00:00
2021-08-10,226.0892,portal.amfiindia.com / AMFI Historical NAV,2026-09-05T05:36:33.008543+00:00
2021-08-11,224.5172,portal.amfiindia.com / AMFI Historical NAV,2026-09-05T05:36:33.008543+00:00
2021-08-12,222.9238,portal.amfiindia.com / AMFI Historical NAV,2026-09-05T05:36:33.008543+00:00
2021-08-13,229.9332,portal.amfiindia.com / AMFI Historical NAV,2026-09-05T05:36:33.008543+00:00
2021-08-16,235.3893,portal.amfiindia.com / AMFI Historical NAV,2026-09-05T05:36:33.008543+00:00
2021-08-17,236.0789,portal.amfiindia.com / AMFI Historical NAV,2026-09-05T05:36:33.008543+00:00
2021-08-18,231.8153,portal.amfiindia.com / AMFI Historical NAV,2026-09-05T05:36:33.008543+00:00
2021-08-19,230.2273,portal.amfiindia.com / AMFI Historical NAV,2026-09-05T05:36:33.008543+00:00
2021-08-20,231.8201,portal.amfiindia.com / AMFI Historical NAV,2026-09-05T05:36:33.008543+00:00
2021-08-23,230.94,portal.amfiindia.com / AMFI Historical NAV,2026-09-05T05:36:33.008543+00:00
2021-08-24,233.3219,portal.amfiindia.com / AMFI Historical NAV,2026-09-05T05:36:33.008543+00:00
2021-08-25,235.5884,portal.amfiindia.com / AMFI Historical NAV,2026-09-05T05:36:33.008543+00:00
2021-08-26,234.4552,portal.amfiindia.com / AMFI Historical NAV,2026-09-05T05:36:33.008543+00:00
2021-08-27,235.8989,portal.amfiindia.com / AMFI Historical NAV,2026-09-05T05:36:33.008543+00:00
2021-08-30,236.4508,portal.amfiindia.com / AMFI Historical NAV,2026-09-05T05:36:33.008543+00:00
2021-08-31,237.0235,portal.amfiindia.com / AMFI Historical NAV,2026-09-05T05:36:33.008543+00:00
2021-09-01,238.1026,portal.amfiindia.com / AMFI Historical NAV,2026-09-05T05:36:33.008543+00:00
2021-09-02,237.1164,portal.amfiindia.com / AMFI Historical NAV,2026-09-05T05:36:33.008543+00:00
2021-09-03,239.1514,portal.amfiindia.com / AMFI Historical NAV,2026-09-05T05:36:33.008543+00:00
2021-09-06,234.9281,portal.amfiindia.com / AMFI Historical NAV,2026-09-05T05:36:33.008543+00:00
2021-09-07,239.2075,portal.amfiindia.com / AMFI Historical NAV,2026-09-05T05:36:33.008543+00:00
2021-09-08,240.0278,portal.amfiindia.com / AMFI Historical NAV,2026-09-05T05:36:33.008543+00:00
2021-09-09,239.2025,portal.amfiindia.com / AMFI Historical NAV,2026-09-05T05:36:33.008543+00:00
2021-09-10,240.6633,portal.amfiindia.com / AMFI Historical NAV,2026-09-05T05:36:33.008543+00:00
2021-09-13,238.8774,portal.amfiindia.com / AMFI Historical NAV,2026-09-05T05:36:33.008543+00:00
2021-09-14,232.4633,portal.amfiindia.com / AMFI Historical NAV,2026-09-05T05:36:33.008543+00:00
2021-09-15,230.9114,portal.amfiindia.com / AMFI Historical NAV,2026-09-05T05:36:33.008543+00:00
2021-09-16,233.4636,portal.amfiindia.com / AMFI Historical NAV,2026-09-05T05:36:33.008543+00:00
2021-09-17,231.8943,portal.amfiindia.com / AMFI Historical NAV,2026-09-05T05:36:33.008543+00:00
2021-09-20,236.6064,portal.amfiindia.com / AMFI Historical NAV,2026-09-05T05:36:33.008543+00:00
2021-09-21,236.2554,portal.amfiindia.com / AMFI Historical NAV,2026-09-05T05:36:33.008543+00:00
2021-09-22,241.1788,portal.amfiindia.com / AMFI Historical NAV,2026-09-05T05:36:33.008543+00:00
2021-09-23,246.76,portal.amfiindia.com / AMFI Historical NAV,2026-09-05T05:36:33.008543+00:00
2021-09-24,250.8125,portal.amfiindia.com / AMFI Historical NAV,2026-09-05T05:36:33.008543+00:00
2021-09-27,258.5867,portal.amfiindia.com / AMFI Historical NAV,2026-09-05T05:36:33.008543+00:00
2021-09-28,261.6897,portal.amfiindia.com / AMFI Historical NAV,2026-09-05T05:36:33.008543+00:00
2021-09-29,267.4286,portal.amfiindia.com / AMFI Historical NAV,2026-09-05T05:36:33.008543+00:00
2021-09-30,271.0361,portal.amfiindia.com / AMFI Historical NAV,2026-09-05T05:36:33.008543+00:00
2021-10-01,268.0992,portal.amfiindia.com / AMFI Historical NAV,2026-09-05T05:36:33.008543+00:00
2021-10-04,265.1438,portal.amfiindia.com / AMFI Historical NAV,2026-09-05T05:36:33.008543+00:00
2021-10-05,265.1047,portal.amfiindia.com / AMFI Historical NAV,2026-09-05T05:36:33.008543+00:00
2021-10-06,265.8302,portal.amfiindia.com / AMFI Historical NAV,2026-09-05T05:36:33.008543+00:00
2021-10-07,263.9115,portal.amfiindia.com / AMFI Historical NAV,2026-09-05T05:36:33.008543+00:00
2021-10-08,261.9543,portal.amfiindia.com / AMFI Historical NAV,2026-09-05T05:36:33.008543+00:00
2021-10-11,260.7949,portal.amfiindia.com / AMFI Historical NAV,2026-09-05T05:36:33.008543+00:00
2021-10-12,263.6581,portal.amfiindia.com / AMFI Historical NAV,2026-09-05T05:36:33.008543+00:00
2021-10-13,268.4303,portal.amfiindia.com / AMFI Historical NAV,2026-09-05T05:36:33.008543+00:00
2021-10-14,274.5067,portal.amfiindia.com / AMFI Historical NAV,2026-09-05T05:36:33.008543+00:00
2021-10-15,275.9414,portal.amfiindia.com / AMFI Historical NAV,2026-09-05T05:36:33.008543+00:00
2021-10-18,277.5646,portal.amfiindia.com / AMFI Historical NAV,2026-09-05T05:36:33.008543+00:00
2021-10-19,276.13,portal.amfiindia.com / AMFI Historical NAV,2026-09-05T05:36:33.008543+00:00
2021-10-20,271.4213,portal.amfiindia.com / AMFI Historical NAV,2026-09-05T05:36:33.008543+00:00
2021-10-21,271.5542,portal.amfiindia.com / AMFI Historical NAV,2026-09-05T05:36:33.008543+00:00
2021-10-22,270.4433,portal.amfiindia.com / AMFI Historical NAV,2026-09-05T05:36:33.008543+00:00
2021-10-25,278.7662,portal.amfiindia.com / AMFI Historical NAV,2026-09-05T05:36:33.008543+00:00
2021-10-26,284.2058,portal.amfiindia.com / AMFI Historical NAV,2026-09-05T05:36:33.008543+00:00
2021-10-27,278.3315,portal.amfiindia.com / AMFI Historical NAV,2026-09-05T05:36:33.008543+00:00
2021-10-28,285.0059,portal.amfiindia.com / AMFI Historical NAV,2026-09-05T05:36:33.008543+00:00
2021-10-29,290.652,portal.amfiindia.com / AMFI Historical NAV,2026-09-05T05:36:33.008543+00:00
2021-11-01,294.8293,portal.amfiindia.com / AMFI Historical NAV,2026-09-05T05:36:33.008543+00:00
2021-11-02,295.1596,portal.amfiindia.com / AMFI Historical NAV,2026-09-05T05:36:33.008543+00:00
2021-11-03,287.4158,portal.amfiindia.com / AMFI Historical NAV,2026-09-05T05:36:33.008543+00:00
2021-11-04,289.3037,portal.amfiindia.com / AMFI Historical NAV,2026-09-05T05:36:33.008543+00:00
2021-11-05,292.8392,portal.amfiindia.com / AMFI Historical NAV,2026-09-05T05:36:33.008543+00:00
2021-11-08,300.941,portal.amfiindia.com / AMFI Historical NAV,2026-09-05T05:36:33.008543+00:00
2021-11-09,306.27,portal.amfiindia.com / AMFI Historical NAV,2026-09-05T05:36:33.008543+00:00
2021-11-10,309.3933,portal.amfiindia.com / AMFI Historical NAV,2026-09-05T05:36:33.008543+00:00
2021-11-11,304.0867,portal.amfiindia.com / AMFI Historical NAV,2026-09-05T05:36:33.008543+00:00
2021-11-12,302.7158,portal.amfiindia.com / AMFI Historical NAV,2026-09-05T05:36:33.008543+00:00
2021-11-15,295.6793,portal.amfiindia.com / AMFI Historical NAV,2026-09-05T05:36:33.008543+00:00
2021-11-16,298.5672,portal.amfiindia.com / AMFI Historical NAV,2026-09-05T05:36:33.008543+00:00
2021-11-17,297.2205,portal.amfiindia.com / AMFI Historical NAV,2026-09-05T05:36:33.008543+00:00
2021-11-18,296.4956,portal.amfiindia.com / AMFI Historical NAV,2026-09-05T05:36:33.008543+00:00
2021-11-19,286.9272,portal.amfiindia.com / AMFI Historical NAV,2026-09-05T05:36:33.008543+00:00
2021-11-22,288.0745,portal.amfiindia.com / AMFI Historical NAV,2026-09-05T05:36:33.008543+00:00
2021-11-23,281.3139,portal.amfiindia.com / AMFI Historical NAV,2026-09-05T05:36:33.008543+00:00
2021-11-24,273.1774,portal.amfiindia.com / AMFI Historical NAV,2026-09-05T05:36:33.008543+00:00
2021-11-25,263.7774,portal.amfiindia.com / AMFI Historical NAV,2026-09-05T05:36:33.008543+00:00
2021-11-26,266.475,portal.amfiindia.com / AMFI Historical NAV,2026-09-05T05:36:33.008543+00:00
2021-11-29,273.9826,portal.amfiindia.com / AMFI Historical NAV,2026-09-05T05:36:33.008543+00:00
2021-11-30,284.2753,portal.amfiindia.com / AMFI Historical NAV,2026-09-05T05:36:33.008543+00:00
2021-12-01,281.6316,portal.amfiindia.com / AMFI Historical NAV,2026-09-05T05:36:33.008543+00:00
2021-12-02,278.1902,portal.amfiindia.com / AMFI Historical NAV,2026-09-05T05:36:33.008543+00:00
2021-12-03,280.1717,portal.amfiindia.com / AMFI Historical NAV,2026-09-05T05:36:33.008543+00:00
2021-12-06,275.1935,portal.amfiindia.com / AMFI Historical NAV,2026-09-05T05:36:33.008543+00:00
2021-12-07,275.8904,portal.amfiindia.com / AMFI Historical NAV,2026-09-05T05:36:33.008543+00:00
2021-12-08,281.2751,portal.amfiindia.com / AMFI Historical NAV,2026-09-05T05:36:33.008543+00:00
2021-12-09,286.8963,portal.amfiindia.com / AMFI Historical NAV,2026-09-05T05:36:33.008543+00:00
2021-12-10,287.6293,portal.amfiindia.com / AMFI Historical NAV,2026-09-05T05:36:33.008543+00:00
2021-12-13,288.5268,portal.amfiindia.com / AMFI Historical NAV,2026-09-05T05:36:33.008543+00:00
2021-12-14,284.9958,portal.amfiindia.com / AMFI Historical NAV,2026-09-05T05:36:33.008543+00:00
2021-12-15,279.0323,portal.amfiindia.com / AMFI Historical NAV,2026-09-05T05:36:33.008543+00:00
2021-12-16,275.1436,portal.amfiindia.com / AMFI Historical NAV,2026-09-05T05:36:33.008543+00:00
2021-12-17,276.8319,portal.amfiindia.com / AMFI Historical NAV,2026-09-05T05:36:33.008543+00:00
2021-12-20,280.3449,portal.amfiindia.com / AMFI Historical NAV,2026-09-05T05:36:33.008543+00:00
2021-12-21,276.6613,portal.amfiindia.com / AMFI Historical NAV,2026-09-05T05:36:33.008543+00:00
2021-12-22,283.0522,portal.amfiindia.com / AMFI Historical NAV,2026-09-05T05:36:33.008543+00:00
2021-12-23,286.7035,portal.amfiindia.com / AMFI Historical NAV,2026-09-05T05:36:33.008543+00:00
2021-12-24,283.7001,portal.amfiindia.com / AMFI Historical NAV,2026-09-05T05:36:33.008543+00:00
2021-12-27,276.1027,portal.amfiindia.com / AMFI Historical NAV,2026-09-05T05:36:33.008543+00:00
2021-12-28,265.7423,portal.amfiindia.com / AMFI Historical NAV,2026-09-05T05:36:33.008543+00:00
2021-12-29,268.6066,portal.amfiindia.com / AMFI Historical NAV,2026-09-05T05:36:33.008543+00:00
2021-12-30,272.1671,portal.amfiindia.com / AMFI Historical NAV,2026-09-05T05:36:33.008543+00:00
2021-12-31,271.8236,portal.amfiindia.com / AMFI Historical NAV,2026-09-05T05:36:33.008543+00:00
2022-01-03,274.3372,portal.amfiindia.com / AMFI Historical NAV,2026-09-05T05:36:33.008543+00:00
2022-01-04,273.4967,portal.amfiindia.com / AMFI Historical NAV,2026-09-05T05:36:33.008543+00:00
2022-01-05,265.3262,portal.amfiindia.com / AMFI Historical NAV,2026-09-05T05:36:33.008543+00:00
2022-01-06,263.645,portal.amfiindia.com / AMFI Historical NAV,2026-09-05T05:36:33.008543+00:00
2022-01-07,268.2221,portal.amfiindia.com / AMFI Historical NAV,2026-09-05T05:36:33.008543+00:00
2022-01-10,266.704,portal.amfiindia.com / AMFI Historical NAV,2026-09-05T05:36:33.008543+00:00
2022-01-11,269.5301,portal.amfiindia.com / AMFI Historical NAV,2026-09-05T05:36:33.008543+00:00
2022-01-12,263.3151,portal.amfiindia.com / AMFI Historical NAV,2026-09-05T05:36:33.008543+00:00
2022-01-13,263.4353,portal.amfiindia.com / AMFI Historical NAV,2026-09-05T05:36:33.008543+00:00
2022-01-14,262.0275,portal.amfiindia.com / AMFI Historical NAV,2026-09-05T05:36:33.008543+00:00
2022-01-17,253.9119,portal.amfiindia.com / AMFI Historical NAV,2026-09-05T05:36:33.008543+00:00
2022-01-18,259.6297,portal.amfiindia.com / AMFI Historical NAV,2026-09-05T05:36:33.008543+00:00
2022-01-19,256.8133,portal.amfiindia.com / AMFI Historical NAV,2026-09-05T05:36:33.008543+00:00
2022-01-20,250.873,portal.amfiindia.com / AMFI Historical NAV,2026-09-05T05:36:33.008543+00:00
2022-01-21,250.7119,portal.amfiindia.com / AMFI Historical NAV,2026-09-05T05:36:33.008543+00:00
2022-01-24,256.6828,portal.amfiindia.com / AMFI Historical NAV,2026-09-05T05:36:33.008543+00:00
2022-01-25,252.9062,portal.amfiindia.com / AMFI Historical NAV,2026-09-05T05:36:33.008543+00:00
2022-01-26,253.9567,portal.amfiindia.com / AMFI Historical NAV,2026-09-05T05:36:33.008543+00:00
2022-01-27,256.1825,portal.amfiindia.com / AMFI Historical NAV,2026-09-05T05:36:33.008543+00:00
2022-01-28,261.7478,portal.amfiindia.com / AMFI Historical NAV,2026-09-05T05:36:33.008543+00:00
2022-01-31,262.7092,portal.amfiindia.com / AMFI Historical NAV,2026-09-05T05:36:33.008543+00:00
2022-02-01,260.2315,portal.amfiindia.com / AMFI Historical NAV,2026-09-05T05:36:33.008543+00:00
2022-02-02,254.8826,portal.amfiindia.com / AMFI Historical NAV,2026-09-05T05:36:33.008543+00:00
2022-02-03,255.4724,portal.amfiindia.com / AMFI Historical NAV,2026-09-05T05:36:33.008543+00:00
2022-02-04,246.4884,portal.amfiindia.com / AMFI Historical NAV,2026-09-05T05:36:33.008543+00:00
2022-02-07,234.375,portal.amfiindia.com / AMFI Historical NAV,2026-09-05T05:36:33.008543+00:00
2022-02-08,235.4925,portal.amfiindia.com / AMFI Historical NAV,2026-09-05T05:36:33.008543+00:00
2022-02-09,236.4773,portal.amfiindia.com / AMFI Historical NAV,2026-09-05T05:36:33.008543+00:00
2022-02-10,225.7504,portal.amfiindia.com / AMFI Historical NAV,2026-09-05T05:36:33.008543+00:00
2022-02-11,223.1748,portal.amfiindia.com / AMFI Historical NAV,2026-09-05T05:36:33.008543+00:00
2022-02-14,225.5769,portal.amfiindia.com / AMFI Historical NAV,2026-09-05T05:36:33.008543+00:00
2022-02-15,233.0251,portal.amfiindia.com / AMFI Historical NAV,2026-09-05T05:36:33.008543+00:00
2022-02-16,233.4117,portal.amfiindia.com / AMFI Historical NAV,2026-09-05T05:36:33.008543+00:00
2022-02-17,230.6359,portal.amfiindia.com / AMFI Historical NAV,2026-09-05T05:36:33.008543+00:00
2022-02-18,231.7742,portal.amfiindia.com / AMFI Historical NAV,2026-09-05T05:36:33.008543+00:00
2022-02-21,236.9148,portal.amfiindia.com / AMFI Historical NAV,2026-09-05T05:36:33.008543+00:00
2022-02-22,231.8383,portal.amfiindia.com / AMFI Historical NAV,2026-09-05T05:36:33.008543+00:00
2022-02-23,231.3106,portal.amfiindia.com / AMFI Historical NAV,2026-09-05T05:36:33.008543+00:00
2022-02-24,229.9228,portal.amfiindia.com / AMFI Historical NAV,2026-09-05T05:36:33.008543+00:00
2022-02-25,225.2569,portal.amfiindia.com / AMFI Historical NAV,2026-09-05T05:36:33.008543+00:00
2022-02-28,223.5407,portal.amfiindia.com / AMFI Historical NAV,2026-09-05T05:36:33.008543+00:00
2022-03-01,229.8242,portal.amfiindia.com / AMFI Historical NAV,2026-09-05T05:36:33.008543+00:00
2022-03-02,230.6427,portal.amfiindia.com / AMFI Historical NAV,2026-09-05T05:36:33.008543+00:00
2022-03-03,232.0579,portal.amfiindia.com / AMFI Historical NAV,2026-09-05T05:36:33.008543+00:00
2022-03-04,230.2155,portal.amfiindia.com / AMFI Historical NAV,2026-09-05T05:36:33.008543+00:00
2022-03-07,222.8833,portal.amfiindia.com / AMFI Historical NAV,2026-09-05T05:36:33.008543+00:00
2022-03-08,227.2671,portal.amfiindia.com / AMFI Historical NAV,2026-09-05T05:36:33.008543+00:00
2022-03-09,228.268,portal.amfiindia.com / AMFI Historical NAV,2026-09-05T05:36:33.008543+00:00
2022-03-10,227.687,portal.amfiindia.com / AMFI Historical NAV,2026-09-05T05:36:33.008543+00:00
2022-03-11,240.2835,portal.amfiindia.com / AMFI Historical NAV,2026-09-05T05:36:33.008543+00:00
2022-03-14,241.1788,portal.amfiindia.com / AMFI Historical NAV,2026-09-05T05:36:33.008543+00:00
2022-03-15,238.4566,portal.amfiindia.com / AMFI Historical NAV,2026-09-05T05:36:33.008543+00:00
2022-03-16,238.5689,portal.amfiindia.com / AMFI Historical NAV,2026-09-05T05:36:33.008543+00:00
2022-03-17,243.8286,portal.amfiindia.com / AMFI Historical NAV,2026-09-05T05:36:33.008543+00:00
2022-03-18,243.7844,portal.amfiindia.com / AMFI Historical NAV,2026-09-05T05:36:33.008543+00:00
2022-03-21,240.2472,portal.amfiindia.com / AMFI Historical NAV,2026-09-05T05:36:33.008543+00:00
2022-03-22,239.6287,portal.amfiindia.com / AMFI Historical NAV,2026-09-05T05:36:33.008543+00:00
2022-03-23,240.2966,portal.amfiindia.com / AMFI Historical NAV,2026-09-05T05:36:33.008543+00:00
2022-03-24,244.4774,portal.amfiindia.com / AMFI Historical NAV,2026-09-05T05:36:33.008543+00:00
2022-03-25,247.4549,portal.amfiindia.com / AMFI Historical NAV,2026-09-05T05:36:33.008543+00:00
2022-03-28,245.399,portal.amfiindia.com / AMFI Historical NAV,2026-09-05T05:36:33.008543+00:00
2022-03-29,250.0073,portal.amfiindia.com / AMFI Historical NAV,2026-09-05T05:36:33.008543+00:00
2022-03-30,251.8367,portal.amfiindia.com / AMFI Historical NAV,2026-09-05T05:36:33.008543+00:00
2022-03-31,253.223,portal.amfiindia.com / AMFI Historical NAV,2026-09-05T05:36:33.008543+00:00
2022-04-01,255.4538,portal.amfiindia.com / AMFI Historical NAV,2026-09-05T05:36:33.008543+00:00
2022-04-04,250.7295,portal.amfiindia.com / AMFI Historical NAV,2026-09-05T05:36:33.008543+00:00
2022-04-05,248.4441,portal.amfiindia.com / AMFI Historical NAV,2026-09-05T05:36:33.008543+00:00
2022-04-06,252.2475,portal.amfiindia.com / AMFI Historical NAV,2026-09-05T05:36:33.008543+00:00
2022-04-07,250.8452,portal.amfiindia.com / AMFI Historical NAV,2026-09-05T05:36:33.008543+00:00
2022-04-08,248.0437,portal.amfiindia.com / AMFI Historical NAV,2026-09-05T05:36:33.008543+00:00
2022-04-11,243.1404,portal.amfiindia.com / AMFI Historical NAV,2026-09-05T05:36:33.008543+00:00
2022-04-12,245.0881,portal.amfiindia.com / AMFI Historical NAV,2026-09-05T05:36:33.008543+00:00
2022-04-13,254.6448,portal.amfiindia.com / AMFI Historical NAV,2026-09-05T05:36:33.008543+00:00
2022-04-14,248.9929,portal.amfiindia.com / AMFI Historical NAV,2026-09-05T05:36:33.008543+00:00
2022-04-15,247.3716,portal.amfiindia.com / AMFI Historical NAV,2026-09-05T05:36:33.008543+00:00
2022-04-18,253.8554,portal.amfiindia.com / AMFI Historical NAV,2026-09-05T05:36:33.008543+00:00
2022-04-19,253.264,portal.amfiindia.com / AMFI Historical NAV,2026-09-05T05:36:33.008543+00:00
2022-04-20,256.3732,portal.amfiindia.com / AMFI Historical NAV,2026-09-05T05:36:33.008543+00:00
2022-04-21,250.1523,portal.amfiindia.com / AMFI Historical NAV,2026-09-05T05:36:33.008543+00:00
2022-04-22,248.5563,portal.amfiindia.com / AMFI Historical NAV,2026-09-05T05:36:33.008543+00:00
2022-04-25,246.6762,portal.amfiindia.com / AMFI Historical NAV,2026-09-05T05:36:33.008543+00:00
2022-04-26,249.0654,portal.amfiindia.com / AMFI Historical NAV,2026-09-05T05:36:33.008543+00:00
2022-04-27,253.4852,portal.amfiindia.com / AMFI Historical NAV,2026-09-05T05:36:33.008543+00:00
2022-04-28,262.7156,portal.amfiindia.com / AMFI Historical NAV,2026-09-05T05:36:33.008543+00:00
2022-04-29,266.3146,portal.amfiindia.com / AMFI Historical NAV,2026-09-05T05:36:33.008543+00:00
2022-05-02,266.956,portal.amfiindia.com / AMFI Historical NAV,2026-09-05T05:36:33.008543+00:00
2022-05-03,267.8537,portal.amfiindia.com / AMFI Historical NAV,2026-09-05T05:36:33.008543+00:00
2022-05-04,266.4066,portal.amfiindia.com / AMFI Historical NAV,2026-09-05T05:36:33.008543+00:00
2022-05-05,268.0035,portal.amfiindia.com / AMFI Historical NAV,2026-09-05T05:36:33.008543+00:00
2022-05-06,266.4639,portal.amfiindia.com / AMFI Historical NAV,2026-09-05T05:36:33.008543+00:00
2022-05-09,267.9205,portal.amfiindia.com / AMFI Historical NAV,2026-09-05T05:36:33.008543+00:00
2022-05-10,271.8921,portal.amfiindia.com / AMFI Historical NAV,2026-09-05T05:36:33.008543+00:00
2022-05-11,269.9265,portal.amfiindia.com / AMFI Historical NAV,2026-09-05T05:36:33.008543+00:00
2022-05-12,274.2119,portal.amfiindia.com / AMFI Historical NAV,2026-09-05T05:36:33.008543+00:00
2022-05-13,277.2843,portal.amfiindia.com / AMFI Historical NAV,2026-09-05T05:36:33.008543+00:00
2022-05-16,276.8949,portal.amfiindia.com / AMFI Historical NAV,2026-09-05T05:36:33.008543+00:00
2022-05-17,265.5588,portal.amfiindia.com / AMFI Historical NAV,2026-09-05T05:36:33.008543+00:00
2022-05-18,263.9791,portal.amfiindia.com / AMFI Historical NAV,2026-09-05T05:36:33.008543+00:00
2022-05-19,273.358,portal.amfiindia.com / AMFI Historical NAV,2026-09-05T05:36:33.008543+00:00
2022-05-20,271.5281,portal.amfiindia.com / AMFI Historical NAV,2026-09-05T05:36:33.008543+00:00
2022-05-23,267.5686,portal.amfiindia.com / AMFI Historical NAV,2026-09-05T05:36:33.008543+00:00
2022-05-24,261.8867,portal.amfiindia.com / AMFI Historical NAV,2026-09-05T05:36:33.008543+00:00
2022-05-25,266.0484,portal.amfiindia.com / AMFI Historical NAV,2026-09-05T05:36:33.008543+00:00
2022-05-26,266.5226,portal.amfiindia.com / AMFI Historical NAV,2026-09-05T05:36:33.008543+00:00
2022-05-27,264.1131,portal.amfiindia.com / AMFI Historical NAV,2026-09-05T05:36:33.008543+00:00
2022-05-30,260.3006,portal.amfiindia.com / AMFI Historical NAV,2026-09-05T05:36:33.008543+00:00
2022-05-31,259.7795,portal.amfiindia.com / AMFI Historical NAV,2026-09-05T05:36:33.008543+00:00
2022-06-01,257.5402,portal.amfiindia.com / AMFI Historical NAV,2026-09-05T05:36:33.008543+00:00
2022-06-02,264.0692,portal.amfiindia.com / AMFI Historical NAV,2026-09-05T05:36:33.008543+00:00
2022-06-03,260.8844,portal.amfiindia.com / AMFI Historical NAV,2026-09-05T05:36:33.008543+00:00
2022-06-06,268.6856,portal.amfiindia.com / AMFI Historical NAV,2026-09-05T05:36:33.008543+00:00
2022-06-07,273.6349,portal.amfiindia.com / AMFI Historical NAV,2026-09-05T05:36:33.008543+00:00
2022-06-08,273.6674,portal.amfiindia.com / AMFI Historical NAV,2026-09-05T05:36:33.008543+00:00
2022-06-09,272.4193,portal.amfiindia.com / AMFI Historical NAV,2026-09-05T05:36:33.008543+00:00
2022-06-10,271.86,portal.amfiindia.com / AMFI Historical NAV,2026-09-05T05:36:33.008543+00:00
2022-06-13,273.4125,portal.amfiindia.com / AMFI Historical NAV,2026-09-05T05:36:33.008543+00:00
2022-06-14,268.4808,portal.amfiindia.com / AMFI Historical NAV,2026-09-05T05:36:33.008543+00:00
2022-06-15,270.7973,portal.amfiindia.com / AMFI Historical NAV,2026-09-05T05:36:33.008543+00:00
2022-06-16,268.0915,portal.amfiindia.com / AMFI Historical NAV,2026-09-05T05:36:33.008543+00:00
2022-06-17,270.7294,portal.amfiindia.com / AMFI Historical NAV,2026-09-05T05:36:33.008543+00:00
2022-06-20,267.4097,portal.amfiindia.com / AMFI Historical NAV,2026-09-05T05:36:33.008543+00:00
2022-06-21,268.0826,portal.amfiindia.com / AMFI Historical NAV,2026-09-05T05:36:33.008543+00:00
2022-06-22,272.0376,portal.amfiindia.com / AMFI Historical NAV,2026-09-05T05:36:33.008543+00:00
2022-06-23,270.1732,portal.amfiindia.com / AMFI Historical NAV,2026-09-05T05:36:33.008543+00:00
2022-06-24,271.0696,portal.amfiindia.com / AMFI Historical NAV,2026-09-05T05:36:33.008543+00:00
2022-06-27,270.695,portal.amfiindia.com / AMFI Historical NAV,2026-09-05T05:36:33.008543+00:00
2022-06-28,272.5119,portal.amfiindia.com / AMFI Historical NAV,2026-09-05T05:36:33.008543+00:00
2022-06-29,268.7843,portal.amfiindia.com / AMFI Historical NAV,2026-09-05T05:36:33.008543+00:00
2022-06-30,266.4526,portal.amfiindia.com / AMFI Historical NAV,2026-09-05T05:36:33.008543+00:00
2022-07-01,276.7192,portal.amfiindia.com / AMFI Historical NAV,2026-09-05T05:36:33.008543+00:00
2022-07-04,271.128,portal.amfiindia.com / AMFI Historical NAV,2026-09-05T05:36:33.008543+00:00
2022-07-05,268.6028,portal.amfiindia.com / AMFI Historical NAV,2026-09-05T05:36:33.008543+00:00
2022-07-06,270.3259,portal.amfiindia.com / AMFI Historical NAV,2026-09-05T05:36:33.008543+00:00
2022-07-07,274.7015,portal.amfiindia.com / AMFI Historical NAV,2026-09-05T05:36:33.008543+00:00
2022-07-08,273.4628,portal.amfiindia.com / AMFI Historical NAV,2026-09-05T05:36:33.008543+00:00
2022-07-11,278.9988,portal.amfiindia.com / AMFI Historical NAV,2026-09-05T05:36:33.008543+00:00
2022-07-12,282.7184,portal.amfiindia.com / AMFI Historical NAV,2026-09-05T05:36:33.008543+00:00
2022-07-13,287.3589,portal.amfiindia.com / AMFI Historical NAV,2026-09-05T05:36:33.008543+00:00
2022-07-14,286.9431,portal.amfiindia.com / AMFI Historical NAV,2026-09-05T05:36:33.008543+00:00
2022-07-15,287.5044,portal.amfiindia.com / AMFI Historical NAV,2026-09-05T05:36:33.008543+00:00
2022-07-18,288.4826,portal.amfiindia.com / AMFI Historical NAV,2026-09-05T05:36:33.008543+00:00
2022-07-19,297.5548,portal.amfiindia.com / AMFI Historical NAV,2026-09-05T05:36:33.008543+00:00
2022-07-20,295.2963,portal.amfiindia.com / AMFI Historical NAV,2026-09-05T05:36:33.008543+00:00
2022-07-21,291.9693,portal.amfiindia.com / AMFI Historical NAV,2026-09-05T05:36:33.008543+00:00
2022-07-22,294.7655,portal.amfiindia.com / AMFI Historical NAV,2026-09-05T05:36:33.008543+00:00
2022-07-25,292.5357,portal.amfiindia.com / AMFI Historical NAV,2026-09-05T05:36:33.008543+00:00
2022-07-26,286.9588,portal.amfiindia.com / AMFI Historical NAV,2026-09-05T05:36:33.008543+00:00
2022-07-27,291.0411,portal.amfiindia.com / AMFI Historical NAV,2026-09-05T05:36:33.008543+00:00
2022-07-28,291.9257,portal.amfiindia.com / AMFI Historical NAV,2026-09-05T05:36:33.008543+00:00
2022-07-29,288.1984,portal.amfiindia.com / AMFI Historical NAV,2026-09-05T05:36:33.008543+00:00
2022-08-01,291.6566,portal.amfiindia.com / AMFI Historical NAV,2026-09-05T05:36:33.008543+00:00
2022-08-02,297.6243,portal.amfiindia.com / AMFI Historical NAV,2026-09-05T05:36:33.008543+00:00
2022-08-03,299.3297,portal.amfiindia.com / AMFI Historical NAV,2026-09-05T05:36:33.008543+00:00
2022-08-04,302.0208,portal.amfiindia.com / AMFI Historical NAV,2026-09-05T05:36:33.008543+00:00
2022-08-05,303.4678,portal.amfiindia.com / AMFI Historical NAV,2026-09-05T05:36:33.008543+00:00
2022-08-08,299.8689,portal.amfiindia.com / AMFI Historical NAV,2026-09-05T05:36:33.008543+00:00
2022-08-09,301.9948,portal.amfiindia.com / AMFI Historical NAV,2026-09-05T05:36:33.008543+00:00
2022-08-10,306.569,portal.amfiindia.com / AMFI Historical NAV,2026-09-05T05:36:33.008543+00:00
2022-08-11,301.6969,portal.amfiindia.com / AMFI Historical NAV,2026-09-05T05:36:33.008543+00:00
2022-08-12,304.4179,portal.amfiindia.com / AMFI Historical NAV,2026-09-05T05:36:33.008543+00:00
2022-08-15,304.0294,portal.amfiindia.com / AMFI Historical NAV,2026-09-05T05:36:33.008543+00:00
2022-08-16,307.0838,portal.amfiindia.com / AMFI Historical NAV,2026-09-05T05:36:33.008543+00:00
2022-08-17,309.8625,portal.amfiindia.com / AMFI Historical NAV,2026-09-05T05:36:33.008543+00:00
2022-08-18,317.1556,portal.amfiindia.com / AMFI Historical NAV,2026-09-05T05:36:33.008543+00:00
2022-08-19,317.6377,portal.amfiindia.com / AMFI Historical NAV,2026-09-05T05:36:33.008543+00:00
2022-08-22,315.6331,portal.amfiindia.com / AMFI Historical NAV,2026-09-05T05:36:33.008543+00:00
2022-08-23,316.3058,portal.amfiindia.com / AMFI Historical NAV,2026-09-05T05:36:33.008543+00:00
2022-08-24,313.3814,portal.amfiindia.com / AMFI Historical NAV,2026-09-05T05:36:33.008543+00:00
2022-08-25,319.3202,portal.amfiindia.com / AMFI Historical NAV,2026-09-05T05:36:33.008543+00:00
2022-08-26,312.201,portal.amfiindia.com / AMFI Historical NAV,2026-09-05T05:36:33.008543+00:00
2022-08-29,311.1136,portal.amfiindia.com / AMFI Historical NAV,2026-09-05T05:36:33.008543+00:00
2022-08-30,307.0124,portal.amfiindia.com / AMFI Historical NAV,2026-09-05T05:36:33.008543+00:00
2022-08-31,311.0266,portal.amfiindia.com / AMFI Historical NAV,2026-09-05T05:36:33.008543+00:00
2022-09-01,316.2953,portal.amfiindia.com / AMFI Historical NAV,2026-09-05T05:36:33.008543+00:00
2022-09-02,313.8976,portal.amfiindia.com / AMFI Historical NAV,2026-09-05T05:36:33.008543+00:00
2022-09-05,309.6843,portal.amfiindia.com / AMFI Historical NAV,2026-09-05T05:36:33.008543+00:00
2022-09-06,307.8729,portal.amfiindia.com / AMFI Historical NAV,2026-09-05T05:36:33.008543+00:00
2022-09-07,311.5141,portal.amfiindia.com / AMFI Historical NAV,2026-09-05T05:36:33.008543+00:00
2022-09-08,308.8821,portal.amfiindia.com / AMFI Historical NAV,2026-09-05T05:36:33.008543+00:00
2022-09-09,312.1397,portal.amfiindia.com / AMFI Historical NAV,2026-09-05T05:36:33.008543+00:00
2022-09-12,314.895,portal.amfiindia.com / AMFI Historical NAV,2026-09-05T05:36:33.008543+00:00
2022-09-13,314.9962,portal.amfiindia.com / AMFI Historical NAV,2026-09-05T05:36:33.008543+00:00
2022-09-14,312.7325,portal.amfiindia.com / AMFI Historical NAV,2026-09-05T05:36:33.008543+00:00
2022-09-15,317.6127,portal.amfiindia.com / AMFI Historical NAV,2026-09-05T05:36:33.008543+00:00
2022-09-16,311.0469,portal.amfiindia.com / AMFI Historical NAV,2026-09-05T05:36:33.008543+00:00
2022-09-19,316.4567,portal.amfiindia.com / AMFI Historical NAV,2026-09-05T05:36:33.008543+00:00
2022-09-20,315.8808,portal.amfiindia.com / AMFI Historical NAV,2026-09-05T05:36:33.008543+00:00
2022-09-21,310.8741,portal.amfiindia.com / AMFI Historical NAV,2026-09-05T05:36:33.008543+00:00
2022-09-22,316.6237,portal.amfiindia.com / AMFI Historical NAV,2026-09-05T05:36:33.008543+00:00
2022-09-23,322.5933,portal.amfiindia.com / AMFI Historical NAV,2026-09-05T05:36:33.008543+00:00
2022-09-26,323.7788,portal.amfiindia.com / AMFI Historical NAV,2026-09-05T05:36:33.008543+00:00
2022-09-27,326.8369,portal.amfiindia.com / AMFI Historical NAV,2026-09-05T05:36:33.008543+00:00
2022-09-28,330.0201,portal.amfiindia.com / AMFI Historical NAV,2026-09-05T05:36:33.008543+00:00
2022-09-29,333.6724,portal.amfiindia.com / AMFI Historical NAV,2026-09-05T05:36:33.008543+00:00
2022-09-30,340.1884,portal.amfiindia.com / AMFI Historical NAV,2026-09-05T05:36:33.008543+00:00
2022-10-03,343.4857,portal.amfiindia.com / AMFI Historical NAV,2026-09-05T05:36:33.008543+00:00
2022-10-04,348.6668,portal.amfiindia.com / AMFI Historical NAV,2026-09-05T05:36:33.008543+00:00
2022-10-05,342.6972,portal.amfiindia.com / AMFI Historical NAV,2026-09-05T05:36:33.008543+00:00
2022-10-06,344.8064,portal.amfiindia.com / AMFI Historical NAV,2026-09-05T05:36:33.008543+00:00
2022-10-07,340.6651,portal.amfiindia.com / AMFI Historical NAV,2026-09-05T05:36:33.008543+00:00
2022-10-10,348.6764,portal.amfiindia.com / AMFI Historical NAV,2026-09-05T05:36:33.008543+00:00
2022-10-11,344.9828,portal.amfiindia.com / AMFI Historical NAV,2026-09-05T05:36:33.008543+00:00
2022-10-12,343.9317,portal.amfiindia.com / AMFI Historical NAV,2026-09-05T05:36:33.008543+00:00
2022-10-13,347.6336,portal.amfiindia.com / AMFI Historical NAV,2026-09-05T05:36:33.008543+00:00
2022-10-14,348.0809,portal.amfiindia.com / AMFI Historical NAV,2026-09-05T05:36:33.008543+00:00
2022-10-17,357.4186,portal.amfiindia.com / AMFI Historical NAV,2026-09-05T05:36:33.008543+00:00
2022-10-18,355.5746,portal.amfiindia.com / AMFI Historical NAV,2026-09-05T05:36:33.008543+00:00
2022-10-19,355.7536,portal.amfiindia.com / AMFI Historical NAV,2026-09-05T05:36:33.008543+00:00
2022-10-20,358.3264,portal.amfiindia.com / AMFI Historical NAV,2026-09-05T05:36:33.008543+00:00
2022-10-21,352.9139,portal.amfiindia.com / AMFI Historical NAV,2026-09-05T05:36:33.008543+00:00
2022-10-24,353.5626,portal.amfiindia.com / AMFI Historical NAV,2026-09-05T05:36:33.008543+00:00
2022-10-25,352.678,portal.amfiindia.com / AMFI Historical NAV,2026-09-05T05:36:33.008543+00:00
2022-10-26,352.947,portal.amfiindia.com / AMFI Historical NAV,2026-09-05T05:36:33.008543+00:00
2022-10-27,352.6879,portal.amfiindia.com / AMFI Historical NAV,2026-09-05T05:36:33.008543+00:00
2022-10-28,347.757,portal.amfiindia.com / AMFI Historical NAV,2026-09-05T05:36:33.008543+00:00
2022-10-31,341.9479,portal.amfiindia.com / AMFI Historical NAV,2026-09-05T05:36:33.008543+00:00
2022-11-01,336.3249,portal.amfiindia.com / AMFI Historical NAV,2026-09-05T05:36:33.008543+00:00
2022-11-02,342.4078,portal.amfiindia.com / AMFI Historical NAV,2026-09-05T05:36:33.008543+00:00
2022-11-03,344.2475,portal.amfiindia.com / AMFI Historical NAV,2026-09-05T05:36:33.008543+00:00
2022-11-04,339.8038,portal.amfiindia.com / AMFI Historical NAV,2026-09-05T05:36:33.008543+00:00
2022-11-07,334.7478,portal.amfiindia.com / AMFI Historical NAV,2026-09-05T05:36:33.008543+00:00
2022-11-08,330.4093,portal.amfiindia.com / AMFI Historical NAV,2026-09-05T05:36:33.008543+00:00
2022-11-09,332.8155,portal.amfiindia.com / AMFI Historical NAV,2026-09-05T05:36:33.008543+00:00
2022-11-10,339.1458,portal.amfiindia.com / AMFI Historical NAV,2026-09-05T05:36:33.008543+00:00
2022-11-11,334.9644,portal.amfiindia.com / AMFI Historical NAV,2026-09-05T05:36:33.008543+00:00
2022-11-14,335.3131,portal.amfiindia.com / AMFI Historical NAV,2026-09-05T05:36:33.008543+00:00
2022-11-15,335.8938,portal.amfiindia.com / AMFI Historical NAV,2026-09-05T05:36:33.008543+00:00
2022-11-16,338.7716,portal.amfiindia.com / AMFI Historical NAV,2026-09-05T05:36:33.008543+00:00
2022-11-17,337.5099,portal.amfiindia.com / AMFI Historical NAV,2026-09-05T05:36:33.008543+00:00
2022-11-18,329.509,portal.amfiindia.com / AMFI Historical NAV,2026-09-05T05:36:33.008543+00:00
2022-11-21,329.5355,portal.amfiindia.com / AMFI Historical NAV,2026-09-05T05:36:33.008543+00:00
2022-11-22,327.1615,portal.amfiindia.com / AMFI Historical NAV,2026-09-05T05:36:33.008543+00:00
2022-11-23,330.0337,portal.amfiindia.com / AMFI Historical NAV,2026-09-05T05:36:33.008543+00:00
2022-11-24,326.6157,portal.amfiindia.com / AMFI Historical NAV,2026-09-05T05:36:33.008543+00:00
2022-11-25,335.4358,portal.amfiindia.com / AMFI Historical NAV,2026-09-05T05:36:33.008543+00:00
2022-11-28,334.8231,portal.amfiindia.com / AMFI Historical NAV,2026-09-05T05:36:33.008543+00:00
2022-11-29,333.6458,portal.amfiindia.com / AMFI Historical NAV,2026-09-05T05:36:33.008543+00:00
2022-11-30,332.4357,portal.amfiindia.com / AMFI Historical NAV,2026-09-05T05:36:33.008543+00:00
2022-12-01,320.8026,portal.amfiindia.com / AMFI Historical NAV,2026-09-05T05:36:33.008543+00:00
2022-12-02,313.6223,portal.amfiindia.com / AMFI Historical NAV,2026-09-05T05:36:33.008543+00:00
2022-12-05,314.3558,portal.amfiindia.com / AMFI Historical NAV,2026-09-05T05:36:33.008543+00:00
2022-12-06,319.6265,portal.amfiindia.com / AMFI Historical NAV,2026-09-05T05:36:33.008543+00:00
2022-12-07,310.3874,portal.amfiindia.com / AMFI Historical NAV,2026-09-05T05:36:33.008543+00:00
2022-12-08,318.0156,portal.amfiindia.com / AMFI Historical NAV,2026-09-05T05:36:33.008543+00:00
2022-12-09,316.7843,portal.amfiindia.com / AMFI Historical NAV,2026-09-05T05:36:33.008543+00:00
2022-12-12,317.3383,portal.amfiindia.com / AMFI Historical NAV,2026-09-05T05:36:33.008543+00:00
2022-12-13,323.0144,portal.amfiindia.com / AMFI Historical NAV,2026-09-05T05:36:33.008543+00:00
2022-12-14,325.596,portal.amfiindia.com / AMFI Historical NAV,2026-09-05T05:36:33.008543+00:00
2022-12-15,327.2179,portal.amfiindia.com / AMFI Historical NAV,2026-09-05T05:36:33.008543+00:00
2022-12-16,321.6565,portal.amfiindia.com / AMFI Historical NAV,2026-09-05T05:36:33.008543+00:00
2022-12-19,314.7102,portal.amfiindia.com / AMFI Historical NAV,2026-09-05T05:36:33.008543+00:00
2022-12-20,311.4916,portal.amfiindia.com / AMFI Historical NAV,2026-09-05T05:36:33.008543+00:00
2022-12-21,309.3017,portal.amfiindia.com / AMFI Historical NAV,2026-09-05T05:36:33.008543+00:00
2022-12-22,311.6158,portal.amfiindia.com / AMFI Historical NAV,2026-09-05T05:36:33.008543+00:00
2022-12-23,312.2878,portal.amfiindia.com / AMFI Historical NAV,2026-09-05T05:36:33.008543+00:00
2022-12-26,314.1332,portal.amfiindia.com / AMFI Historical NAV,2026-09-05T05:36:33.008543+00:00
2022-12-27,316.0529,portal.amfiindia.com / AMFI Historical NAV,2026-09-05T05:36:33.008543+00:00
2022-12-28,310.7773,portal.amfiindia.com / AMFI Historical NAV,2026-09-05T05:36:33.008543+00:00
2022-12-29,315.4197,portal.amfiindia.com / AMFI Historical NAV,2026-09-05T05:36:33.008543+00:00
2022-12-30,311.7142,portal.amfiindia.com / AMFI Historical NAV,2026-09-05T05:36:33.008543+00:00
2023-01-02,306.3563,portal.amfiindia.com / AMFI Historical NAV,2026-09-05T05:36:33.008543+00:00
2023-01-03,310.5672,portal.amfiindia.com / AMFI Historical NAV,2026-09-05T05:36:33.008543+00:00
2023-01-04,311.7072,portal.amfiindia.com / AMFI Historical NAV,2026-09-05T05:36:33.008543+00:00
2023-01-05,312.4804,portal.amfiindia.com / AMFI Historical NAV,2026-09-05T05:36:33.008543+00:00
2023-01-06,314.8893,portal.amfiindia.com / AMFI Historical NAV,2026-09-05T05:36:33.008543+00:00
2023-01-09,315.9381,portal.amfiindia.com / AMFI Historical NAV,2026-09-05T05:36:33.008543+00:00
2023-01-10,317.4696,portal.amfiindia.com / AMFI Historical NAV,2026-09-05T05:36:33.008543+00:00
2023-01-11,315.4231,portal.amfiindia.com / AMFI Historical NAV,2026-09-05T05:36:33.008543+00:00
2023-01-12,315.0367,portal.amfiindia.com / AMFI Historical NAV,2026-09-05T05:36:33.008543+00:00
2023-01-13,318.107,portal.amfiindia.com / AMFI Historical NAV,2026-09-05T05:36:33.008543+00:00
2023-01-16,317.6843,portal.amfiindia.com / AMFI Historical NAV,2026-09-05T05:36:33.008543+00:00
2023-01-17,316.5567,portal.amfiindia.com / AMFI Historical NAV,2026-09-05T05:36:33.008543+00:00
2023-01-18,318.2029,portal.amfiindia.com / AMFI Historical NAV,2026-09-05T05:36:33.008543+00:00
2023-01-19,317.0424,portal.amfiindia.com / AMFI Historical NAV,2026-09-05T05:36:33.008543+00:00
2023-01-20,319.448,portal.amfiindia.com / AMFI Historical NAV,2026-09-05T05:36:33.008543+00:00
2023-01-23,315.054,portal.amfiindia.com / AMFI Historical NAV,2026-09-05T05:36:33.008543+00:00
2023-01-24,313.7625,portal.amfiindia.com / AMFI Historical NAV,2026-09-05T05:36:33.008543+00:00
2023-01-25,313.5816,portal.amfiindia.com / AMFI Historical NAV,2026-09-05T05:36:33.008543+00:00
2023-01-26,316.4971,portal.amfiindia.com / AMFI Historical NAV,2026-09-05T05:36:33.008543+00:00
2023-01-27,314.4217,portal.amfiindia.com / AMFI Historical NAV,2026-09-05T05:36:33.008543+00:00
2023-01-30,317.7222,portal.amfiindia.com / AMFI Historical NAV,2026-09-05T05:36:33.008543+00:00
2023-01-31,311.837,portal.amfiindia.com / AMFI Historical NAV,2026-09-05T05:36:33.008543+00:00
2023-02-01,314.9122,portal.amfiindia.com / AMFI Historical NAV,2026-09-05T05:36:33.008543+00:00
2023-02-02,320.0305,portal.amfiindia.com / AMFI Historical NAV,2026-09-05T05:36:33.008543+00:00
2023-02-03,320.4549,portal.amfiindia.com / AMFI Historical NAV,2026-09-05T05:36:33.008543+00:00
2023-02-06,324.737,portal.amfiindia.com / AMFI Historical NAV,2026-09-05T05:36:33.008543+00:00
2023-02-07,317.8627,portal.amfiindia.com / AMFI Historical NAV,2026-09-05T05:36:33.008543+00:00
2023-02-08,324.2917,portal.amfiindia.com / AMFI Historical NAV,2026-09-05T05:36:33.008543+00:00
2023-02-09,325.6828,portal.amfiindia.com / AMFI Historical NAV,2026-09-05T05:36:33.008543+00:00
2023-02-10,324.5707,portal.amfiindia.com / AMFI Historical NAV,2026-09-05T05:36:33.008543+00:00
2023-02-13,328.6062,portal.amfiindia.com / AMFI Historical NAV,2026-09-05T05:36:33.008543+00:00
2023-02-14,331.6216,portal.amfiindia.com / AMFI Historical NAV,2026-09-05T05:36:33.008543+00:00
2023-02-15,331.1771,portal.amfiindia.com / AMFI Historical NAV,2026-09-05T05:36:33.008543+00:00
2023-02-16,335.0617,portal.amfiindia.com / AMFI Historical NAV,2026-09-05T05:36:33.008543+00:00
2023-02-17,335.2232,portal.amfiindia.com / AMFI Historical NAV,2026-09-05T05:36:33.008543+00:00
2023-02-20,339.1863,portal.amfiindia.com / AMFI Historical NAV,2026-09-05T05:36:33.008543+00:00
2023-02-21,337.8517,portal.amfiindia.com / AMFI Historical NAV,2026-09-05T05:36:33.008543+00:00
2023-02-22,326.0958,portal.amfiindia.com / AMFI Historical NAV,2026-09-05T05:36:33.008543+00:00
2023-02-23,330.7226,portal.amfiindia.com / AMFI Historical NAV,2026-09-05T05:36:33.008543+00:00
2023-02-24,325.2135,portal.amfiindia.com / AMFI Historical NAV,2026-09-05T05:36:33.008543+00:00
2023-02-27,326.7519,portal.amfiindia.com / AMFI Historical NAV,2026-09-05T05:36:33.008543+00:00
2023-02-28,328.7349,portal.amfiindia.com / AMFI Historical NAV,2026-09-05T05:36:33.008543+00:00
2023-03-01,326.1433,portal.amfiindia.com / AMFI Historical NAV,2026-09-05T05:36:33.008543+00:00
2023-03-02,326.1264,portal.amfiindia.com / AMFI Historical NAV,2026-09-05T05:36:33.008543+00:00
2023-03-03,321.904,portal.amfiindia.com / AMFI Historical NAV,2026-09-05T05:36:33.008543+00:00
2023-03-06,323.1022,portal.amfiindia.com / AMFI Historical NAV,2026-09-05T05:36:33.008543+00:00
2023-03-07,319.5386,portal.amfiindia.com / AMFI Historical NAV,2026-09-05T05:36:33.008543+00:00
2023-03-08,321.8415,portal.amfiindia.com / AMFI Historical NAV,2026-09-05T05:36:33.008543+00:00
2023-03-09,330.6395,portal.amfiindia.com / AMFI Historical NAV,2026-09-05T05:36:33.008543+00:00
2023-03-10,336.3467,portal.amfiindia.com / AMFI Historical NAV,2026-09-05T05:36:33.008543+00:00
2023-03-13,334.716,portal.amfiindia.com / AMFI Historical NAV,2026-09-05T05:36:33.008543+00:00
2023-03-14,339.5587,portal.amfiindia.com / AMFI Historical NAV,2026-09-05T05:36:33.008543+00:00
2023-03-15,329.9076,portal.amfiindia.com / AMFI Historical NAV,2026-09-05T05:36:33.008543+00:00
2023-03-16,328.9311,portal.amfiindia.com / AMFI Historical NAV,2026-09-05T05:36:33.008543+00:00
2023-03-17,336.6531,portal.amfiindia.com / AMFI Historical NAV,2026-09-05T05:36:33.008543+00:00
2023-03-20,342.3889,portal.amfiindia.com / AMFI Historical NAV,2026-09-05T05:36:33.008543+00:00
2023-03-21,339.8398,portal.amfiindia.com / AMFI Historical NAV,2026-09-05T05:36:33.008543+00:00
2023-03-22,335.4372,portal.amfiindia.com / AMFI Historical NAV,2026-09-05T05:36:33.008543+00:00
2023-03-23,333.9685,portal.amfiindia.com / AMFI Historical NAV,2026-09-05T05:36:33.008543+00:00
2023-03-24,336.1891,portal.amfiindia.com / AMFI Historical NAV,2026-09-05T05:36:33.008543+00:00
2023-03-27,335.1846,portal.amfiindia.com / AMFI Historical NAV,2026-09-05T05:36:33.008543+00:00
2023-03-28,339.6948,portal.amfiindia.com / AMFI Historical NAV,2026-09-05T05:36:33.008543+00:00
2023-03-29,341.8249,portal.amfiindia.com / AMFI Historical NAV,2026-09-05T05:36:33.008543+00:00
2023-03-30,341.8571,portal.amfiindia.com / AMFI Historical NAV,2026-09-05T05:36:33.008543+00:00
2023-03-31,347.1115,portal.amfiindia.com / AMFI Historical NAV,2026-09-05T05:36:33.008543+00:00
2023-04-03,346.7354,portal.amfiindia.com / AMFI Historical NAV,2026-09-05T05:36:33.008543+00:00
2023-04-04,347.8793,portal.amfiindia.com / AMFI Historical NAV,2026-09-05T05:36:33.008543+00:00
2023-04-05,348.4467,portal.amfiindia.com / AMFI Historical NAV,2026-09-05T05:36:33.008543+00:00
2023-04-06,349.6683,portal.amfiindia.com / AMFI Historical NAV,2026-09-05T05:36:33.008543+00:00
2023-04-07,349.8773,portal.amfiindia.com / AMFI Historical NAV,2026-09-05T05:36:33.008543+00:00
2023-04-10,345.4994,portal.amfiindia.com / AMFI Historical NAV,2026-09-05T05:36:33.008543+00:00
2023-04-11,348.6116,portal.amfiindia.com / AMFI Historical NAV,2026-09-05T05:36:33.008543+00:00
2023-04-12,351.2091,portal.amfiindia.com / AMFI Historical NAV,2026-09-05T05:36:33.008543+00:00
2023-04-13,346.4856,portal.amfiindia.com / AMFI Historical NAV,2026-09-05T05:36:33.008543+00:00
2023-04-14,351.2952,portal.amfiindia.com / AMFI Historical NAV,2026-09-05T05:36:33.008543+00:00
2023-04-17,352.7312,portal.amfiindia.com / AMFI Historical NAV,2026-09-05T05:36:33.008543+00:00
2023-04-18,358.0248,portal.amfiindia.com / AMFI Historical NAV,2026-09-05T05:36:33.008543+00:00
2023-04-19,356.9563,portal.amfiindia.com / AMFI Historical NAV,2026-09-05T05:36:33.008543+00:00
2023-04-20,360.4766,portal.amfiindia.com / AMFI Historical NAV,2026-09-05T05:36:33.008543+00:00
2023-04-21,367.6454,portal.amfiindia.com / AMFI Historical NAV,2026-09-05T05:36:33.008543+00:00
2023-04-24,362.8381,portal.amfiindia.com / AMFI Historical NAV,2026-09-05T05:36:33.008543+00:00
2023-04-25,360.592,portal.amfiindia.com / AMFI Historical NAV,2026-09-05T05:36:33.008543+00:00
2023-04-26,357.3436,portal.amfiindia.com / AMFI Historical NAV,2026-09-05T05:36:33.008543+00:00
2023-04-27,359.6163,portal.amfiindia.com / AMFI Historical NAV,2026-09-05T05:36:33.008543+00:00
2023-04-28,365.855,portal.amfiindia.com / AMFI Historical NAV,2026-09-05T05:36:33.008543+00:00
2023-05-01,374.2035,portal.amfiindia.com / AMFI Historical NAV,2026-09-05T05:36:33.008543+00:00
2023-05-02,379.3776,portal.amfiindia.com / AMFI Historical NAV,2026-09-05T05:36:33.008543+00:00
2023-05-03,387.9383,portal.amfiindia.com / AMFI Historical NAV,2026-09-05T05:36:33.008543+00:00
2023-05-04,377.7914,portal.amfiindia.com / AMFI Historical NAV,2026-09-05T05:36:33.008543+00:00
2023-05-05,375.9851,portal.amfiindia.com / AMFI Historical NAV,2026-09-05T05:36:33.008543+00:00
2023-05-08,370.4529,portal.amfiindia.com / AMFI Historical NAV,2026-09-05T05:36:33.008543+00:00
2023-05-09,372.7962,portal.amfiindia.com / AMFI Historical NAV,2026-09-05T05:36:33.008543+00:00
2023-05-10,371.1157,portal.amfiindia.com / AMFI Historical NAV,2026-09-05T05:36:33.008543+00:00
2023-05-11,366.1179,portal.amfiindia.com / AMFI Historical NAV,2026-09-05T05:36:33.008543+00:00
2023-05-12,361.1275,portal.amfiindia.com / AMFI Historical NAV,2026-09-05T05:36:33.008543+00:00
2023-05-15,368.6285,portal.amfiindia.com / AMFI Historical NAV,2026-09-05T05:36:33.008543+00:00
2023-05-16,366.9362,portal.amfiindia.com / AMFI Historical NAV,2026-09-05T05:36:33.008543+00:00
2023-05-17,368.779,portal.amfiindia.com / AMFI Historical NAV,2026-09-05T05:36:33.008543+00:00
2023-05-18,377.7729,portal.amfiindia.com / AMFI Historical NAV,2026-09-05T05:36:33.008543+00:00
2023-05-19,378.5915,portal.amfiindia.com / AMFI Historical NAV,2026-09-05T05:36:33.008543+00:00
2023-05-22,367.384,portal.amfiindia.com / AMFI Historical NAV,2026-09-05T05:36:33.008543+00:00
2023-05-23,366.5285,portal.amfiindia.com / AMFI Historical NAV,2026-09-05T05:36:33.008543+00:00
2023-05-24,369.7698,portal.amfiindia.com / AMFI Historical NAV,2026-09-05T05:36:33.008543+00:00
2023-05-25,374.2875,portal.amfiindia.com / AMFI Historical NAV,2026-09-05T05:36:33.008543+00:00
2023-05-26,369.3965,portal.amfiindia.com / AMFI Historical NAV,2026-09-05T05:36:33.008543+00:00
2023-05-29,374.5161,portal.amfiindia.com / AMFI Historical NAV,2026-09-05T05:36:33.008543+00:00
2023-05-30,374.7662,portal.amfiindia.com / AMFI Historical NAV,2026-09-05T05:36:33.008543+00:00
2023-05-31,376.5368,portal.amfiindia.com / AMFI Historical NAV,2026-09-05T05:36:33.008543+00:00
2023-06-01,387.1265,portal.amfiindia.com / AMFI Historical NAV,2026-09-05T05:36:33.008543+00:00
2023-06-02,383.341,portal.amfiindia.com / AMFI Historical NAV,2026-09-05T05:36:33.008543+00:00
2023-06-05,382.6227,portal.amfiindia.com / AMFI Historical NAV,2026-09-05T05:36:33.008543+00:00
2023-06-06,384.0213,portal.amfiindia.com / AMFI Historical NAV,2026-09-05T05:36:33.008543+00:00
2023-06-07,389.0932,portal.amfiindia.com / AMFI Historical NAV,2026-09-05T05:36:33.008543+00:00
2023-06-08,390.7081,portal.amfiindia.com / AMFI Historical NAV,2026-09-05T05:36:33.008543+00:00
2023-06-09,393.2487,portal.amfiindia.com / AMFI Historical NAV,2026-09-05T05:36:33.008543+00:00
2023-06-12,391.854,portal.amfiindia.com / AMFI Historical NAV,2026-09-05T05:36:33.008543+00:00
2023-06-13,392.3394,portal.amfiindia.com / AMFI Historical NAV,2026-09-05T05:36:33.008543+00:00
2023-06-14,400.1861,portal.amfiindia.com / AMFI Historical NAV,2026-09-05T05:36:33.008543+00:00
2023-06-15,405.658,portal.amfiindia.com / AMFI Historical NAV,2026-09-05T05:36:33.008543+00:00
2023-06-16,405.8726,portal.amfiindia.com / AMFI Historical NAV,2026-09-05T05:36:33.008543+00:00
2023-06-19,407.2135,portal.amfiindia.com / AMFI Historical NAV,2026-09-05T05:36:33.008543+00:00
2023-06-20,406.3198,portal.amfiindia.com / AMFI Historical NAV,2026-09-05T05:36:33.008543+00:00
2023-06-21,410.9281,portal.amfiindia.com / AMFI Historical NAV,2026-09-05T05:36:33.008543+00:00
2023-06-22,412.0776,portal.amfiindia.com / AMFI Historical NAV,2026-09-05T05:36:33.008543+00:00
2023-06-23,400.0267,portal.amfiindia.com / AMFI Historical NAV,2026-09-05T05:36:33.008543+00:00
2023-06-26,401.0666,portal.amfiindia.com / AMFI Historical NAV,2026-09-05T05:36:33.008543+00:00
2023-06-27,396.229,portal.amfiindia.com / AMFI Historical NAV,2026-09-05T05:36:33.008543+00:00
2023-06-28,394.7667,portal.amfiindia.com / AMFI Historical NAV,2026-09-05T05:36:33.008543+00:00
2023-06-29,392.3004,portal.amfiindia.com / AMFI Historical NAV,2026-09-05T05:36:33.008543+00:00
2023-06-30,402.1204,portal.amfiindia.com / AMFI Historical NAV,2026-09-05T05:36:33.008543+00:00
2023-07-03,390.0556,portal.amfiindia.com / AMFI Historical NAV,2026-09-05T05:36:33.008543+00:00
2023-07-04,400.4553,portal.amfiindia.com / AMFI Historical NAV,2026-09-05T05:36:33.008543+00:00
2023-07-05,409.3509,portal.amfiindia.com / AMFI Historical NAV,2026-09-05T05:36:33.008543+00:00
2023-07-06,411.1315,portal.amfiindia.com / AMFI Historical NAV,2026-09-05T05:36:33.008543+00:00
2023-07-07,413.9713,portal.amfiindia.com / AMFI Historical NAV,2026-09-05T05:36:33.008543+00:00
2023-07-10,421.5884,portal.amfiindia.com / AMFI Historical NAV,2026-09-05T05:36:33.008543+00:00
2023-07-11,422.2155,portal.amfiindia.com / AMFI Historical NAV,2026-09-05T05:36:33.008543+00:00
2023-07-12,425.1126,portal.amfiindia.com / AMFI Historical NAV,2026-09-05T05:36:33.008543+00:00
2023-07-13,427.1421,portal.amfiindia.com / AMFI Historical NAV,2026-09-05T05:36:33.008543+00:00
2023-07-14,422.2059,portal.amfiindia.com / AMFI Historical NAV,2026-09-05T05:36:33.008543+00:00
2023-07-17,421.0018,portal.amfiindia.com / AMFI Historical NAV,2026-09-05T05:36:33.008543+00:00
2023-07-18,423.5021,portal.amfiindia.com / AMFI Historical NAV,2026-09-05T05:36:33.008543+00:00
2023-07-19,424.8271,portal.amfiindia.com / AMFI Historical NAV,2026-09-05T05:36:33.008543+00:00
2023-07-20,431.9074,portal.amfiindia.com / AMFI Historical NAV,2026-09-05T05:36:33.008543+00:00
2023-07-21,433.8179,portal.amfiindia.com / AMFI Historical NAV,2026-09-05T05:36:33.008543+00:00
2023-07-24,419.8989,portal.amfiindia.com / AMFI Historical NAV,2026-09-05T05:36:33.008543+00:00
2023-07-25,426.8466,portal.amfiindia.com / AMFI Historical NAV,2026-09-05T05:36:33.008543+00:00
2023-07-26,426.7068,portal.amfiindia.com / AMFI Historical NAV,2026-09-05T05:36:33.008543+00:00
2023-07-27,428.0405,portal.amfiindia.com / AMFI Historical NAV,2026-09-05T05:36:33.008543+00:00
2023-07-28,427.4394,portal.amfiindia.com / AMFI Historical NAV,2026-09-05T05:36:33.008543+00:00
2023-07-31,437.044,portal.amfiindia.com / AMFI Historical NAV,2026-09-05T05:36:33.008543+00:00
2023-08-01,444.6101,portal.amfiindia.com / AMFI Historical NAV,2026-09-05T05:36:33.008543+00:00
2023-08-02,437.7757,portal.amfiindia.com / AMFI Historical NAV,2026-09-05T05:36:33.008543+00:00
2023-08-03,436.4256,portal.amfiindia.com / AMFI Historical NAV,2026-09-05T05:36:33.008543+00:00
2023-08-04,434.5946,portal.amfiindia.com / AMFI Historical NAV,2026-09-05T05:36:33.008543+00:00
2023-08-07,429.0812,portal.amfiindia.com / AMFI Historical NAV,2026-09-05T05:36:33.008543+00:00
2023-08-08,425.6218,portal.amfiindia.com / AMFI Historical NAV,2026-09-05T05:36:33.008543+00:00
2023-08-09,432.7677,portal.amfiindia.com / AMFI Historical NAV,2026-09-05T05:36:33.008543+00:00
2023-08-10,437.9086,portal.amfiindia.com / AMFI Historical NAV,2026-09-05T05:36:33.008543+00:00
2023-08-11,440.8131,portal.amfiindia.com / AMFI Historical NAV,2026-09-05T05:36:33.008543+00:00
2023-08-14,446.8948,portal.amfiindia.com / AMFI Historical NAV,2026-09-05T05:36:33.008543+00:00
2023-08-15,448.5348,portal.amfiindia.com / AMFI Historical NAV,2026-09-05T05:36:33.008543+00:00
2023-08-16,451.2077,portal.amfiindia.com / AMFI Historical NAV,2026-09-05T05:36:33.008543+00:00
2023-08-17,451.1877,portal.amfiindia.com / AMFI Historical NAV,2026-09-05T05:36:33.008543+00:00
2023-08-18,457.3566,portal.amfiindia.com / AMFI Historical NAV,2026-09-05T05:36:33.008543+00:00
2023-08-21,465.8909,portal.amfiindia.com / AMFI Historical NAV,2026-09-05T05:36:33.008543+00:00
2023-08-22,467.396,portal.amfiindia.com / AMFI Historical NAV,2026-09-05T05:36:33.008543+00:00
2023-08-23,470.093,portal.amfiindia.com / AMFI Historical NAV,2026-09-05T05:36:33.008543+00:00
2023-08-24,476.0542,portal.amfiindia.com / AMFI Historical NAV,2026-09-05T05:36:33.008543+00:00
2023-08-25,485.4855,portal.amfiindia.com / AMFI Historical NAV,2026-09-05T05:36:33.008543+00:00
2023-08-28,485.3837,portal.amfiindia.com / AMFI Historical NAV,2026-09-05T05:36:33.008543+00:00
2023-08-29,479.3101,portal.amfiindia.com / AMFI Historical NAV,2026-09-05T05:36:33.008543+00:00
2023-08-30,482.3525,portal.amfiindia.com / AMFI Historical NAV,2026-09-05T05:36:33.008543+00:00
2023-08-31,483.4395,portal.amfiindia.com / AMFI Historical NAV,2026-09-05T05:36:33.008543+00:00
2023-09-01,476.9118,portal.amfiindia.com / AMFI Historical NAV,2026-09-05T05:36:33.008543+00:00
2023-09-04,472.8151,portal.amfiindia.com / AMFI Historical NAV,2026-09-05T05:36:33.008543+00:00
2023-09-05,470.4893,portal.amfiindia.com / AMFI Historical NAV,2026-09-05T05:36:33.008543+00:00
2023-09-06,471.7338,portal.amfiindia.com / AMFI Historical NAV,2026-09-05T05:36:33.008543+00:00
2023-09-07,462.6041,portal.amfiindia.com / AMFI Historical NAV,2026-09-05T05:36:33.008543+00:00
2023-09-08,466.3466,portal.amfiindia.com / AMFI Historical NAV,2026-09-05T05:36:33.008543+00:00
2023-09-11,464.6168,portal.amfiindia.com / AMFI Historical NAV,2026-09-05T05:36:33.008543+00:00
2023-09-12,454.609,portal.amfiindia.com / AMFI Historical NAV,2026-09-05T05:36:33.008543+00:00
2023-09-13,456.7579,portal.amfiindia.com / AMFI Historical NAV,2026-09-05T05:36:33.008543+00:00
2023-09-14,461.717,portal.amfiindia.com / AMFI Historical NAV,2026-09-05T05:36:33.008543+00:00
2023-09-15,454.1473,portal.amfiindia.com / AMFI Historical NAV,2026-09-05T05:36:33.008543+00:00
2023-09-18,447.6458,portal.amfiindia.com / AMFI Historical NAV,2026-09-05T05:36:33.008543+00:00
2023-09-19,439.1504,portal.amfiindia.com / AMFI Historical NAV,2026-09-05T05:36:33.008543+00:00
2023-09-20,434.0843,portal.amfiindia.com / AMFI Historical NAV,2026-09-05T05:36:33.008543+00:00
2023-09-21,440.8741,portal.amfiindia.com / AMFI Historical NAV,2026-09-05T05:36:33.008543+00:00
2023-09-22,444.4667,portal.amfiindia.com / AMFI Historical NAV,2026-09-05T05:36:33.008543+00:00
2023-09-25,447.5683,portal.amfiindia.com / AMFI Historical NAV,2026-09-05T05:36:33.008543+00:00
2023-09-26,436.8047,portal.amfiindia.com / AMFI Historical NAV,2026-09-05T05:36:33.008543+00:00
2023-09-27,436.5362,portal.amfiindia.com / AMFI Historical NAV,2026-09-05T05:36:33.008543+00:00
2023-09-28,433.3114,portal.amfiindia.com / AMFI Historical NAV,2026-09-05T05:36:33.008543+00:00
2023-09-29,436.0332,portal.amfiindia.com / AMFI Historical NAV,2026-09-05T05:36:33.008543+00:00
2023-10-02,438.9819,portal.amfiindia.com / AMFI Historical NAV,2026-09-05T05:36:33.008543+00:00
2023-10-03,439.1803,portal.amfiindia.com / AMFI Historical NAV,2026-09-05T05:36:33.008543+00:00
2023-10-04,431.4455,portal.amfiindia.com / AMFI Historical NAV,2026-09-05T05:36:33.008543+00:00
2023-10-05,419.1607,portal.amfiindia.com / AMFI Historical NAV,2026-09-05T05:36:33.008543+00:00
2023-10-06,421.8675,portal.amfiindia.com / AMFI Historical NAV,2026-09-05T05:36:33.008543+00:00
2023-10-09,432.0857,portal.amfiindia.com / AMFI Historical NAV,2026-09-05T05:36:33.008543+00:00
2023-10-10,438.2949,portal.amfiindia.com / AMFI Historical NAV,2026-09-05T05:36:33.008543+00:00
2023-10-11,440.7559,portal.amfiindia.com / AMFI Historical NAV,2026-09-05T05:36:33.008543+00:00
2023-10-12,439.4505,portal.amfiindia.com / AMFI Historical NAV,2026-09-05T05:36:33.008543+00:00
2023-10-13,445.576,portal.amfiindia.com / AMFI Historical NAV,2026-09-05T05:36:33.008543+00:00
2023-10-16,442.8685,portal.amfiindia.com / AMFI Historical NAV,2026-09-05T05:36:33.008543+00:00
2023-10-17,445.6881,portal.amfiindia.com / AMFI Historical NAV,2026-09-05T05:36:33.008543+00:00
2023-10-18,447.6101,portal.amfiindia.com / AMFI Historical NAV,2026-09-05T05:36:33.008543+00:00
2023-10-19,453.0631,portal.amfiindia.com / AMFI Historical NAV,2026-09-05T05:36:33.008543+00:00
2023-10-20,467.388,portal.amfiindia.com / AMFI Historical NAV,2026-09-05T05:36:33.008543+00:00
2023-10-23,470.6402,portal.amfiindia.com / AMFI Historical NAV,2026-09-05T05:36:33.008543+00:00
2023-10-24,470.1416,portal.amfiindia.com / AMFI Historical NAV,2026-09-05T05:36:33.008543+00:00
2023-10-25,475.0306,portal.amfiindia.com / AMFI Historical NAV,2026-09-05T05:36:33.008543+00:00
2023-10-26,468.2916,portal.amfiindia.com / AMFI Historical NAV,2026-09-05T05:36:33.008543+00:00
2023-10-27,463.5694,portal.amfiindia.com / AMFI Historical NAV,2026-09-05T05:36:33.008543+00:00
2023-10-30,465.1615,portal.amfiindia.com / AMFI Historical NAV,2026-09-05T05:36:33.008543+00:00
2023-10-31,458.9115,portal.amfiindia.com / AMFI Historical NAV,2026-09-05T05:36:33.008543+00:00
2023-11-01,456.6946,portal.amfiindia.com / AMFI Historical NAV,2026-09-05T05:36:33.008543+00:00
2023-11-02,454.6677,portal.amfiindia.com / AMFI Historical NAV,2026-09-05T05:36:33.008543+00:00
2023-11-03,461.8619,portal.amfiindia.com / AMFI Historical NAV,2026-09-05T05:36:33.008543+00:00
2023-11-06,458.4148,portal.amfiindia.com / AMFI Historical NAV,2026-09-05T05:36:33.008543+00:00
2023-11-07,457.7178,portal.amfiindia.com / AMFI Historical NAV,2026-09-05T05:36:33.008543+00:00
2023-11-08,454.8809,portal.amfiindia.com / AMFI Historical NAV,2026-09-05T05:36:33.008543+00:00
2023-11-09,454.5899,portal.amfiindia.com / AMFI Historical NAV,2026-09-05T05:36:33.008543+00:00
2023-11-10,461.8272,portal.amfiindia.com / AMFI Historical NAV,2026-09-05T05:36:33.008543+00:00
2023-11-13,460.774,portal.amfiindia.com / AMFI Historical NAV,2026-09-05T05:36:33.008543+00:00
2023-11-14,458.3241,portal.amfiindia.com / AMFI Historical NAV,2026-09-05T05:36:33.008543+00:00
2023-11-15,455.7846,portal.amfiindia.com / AMFI Historical NAV,2026-09-05T05:36:33.008543+00:00
2023-11-16,446.0521,portal.amfiindia.com / AMFI Historical NAV,2026-09-05T05:36:33.008543+00:00
2023-11-17,447.4719,portal.amfiindia.com / AMFI Historical NAV,2026-09-05T05:36:33.008543+00:00
2023-11-20,447.8029,portal.amfiindia.com / AMFI Historical NAV,2026-09-05T05:36:33.008543+00:00
2023-11-21,449.9749,portal.amfiindia.com / AMFI Historical NAV,2026-09-05T05:36:33.008543+00:00
2023-11-22,453.9589,portal.amfiindia.com / AMFI Historical NAV,2026-09-05T05:36:33.008543+00:00
2023-11-23,455.1622,portal.amfiindia.com / AMFI Historical NAV,2026-09-05T05:36:33.008543+00:00
2023-11-24,458.6023,portal.amfiindia.com / AMFI Historical NAV,2026-09-05T05:36:33.008543+00:00
2023-11-27,459.9568,portal.amfiindia.com / AMFI Historical NAV,2026-09-05T05:36:33.008543+00:00
2023-11-28,459.8999,portal.amfiindia.com / AMFI Historical NAV,2026-09-05T05:36:33.008543+00:00
2023-11-29,458.9041,portal.amfiindia.com / AMFI Historical NAV,2026-09-05T05:36:33.008543+00:00
2023-11-30,461.0583,portal.amfiindia.com / AMFI Historical NAV,2026-09-05T05:36:33.008543+00:00
2023-12-01,457.3963,portal.amfiindia.com / AMFI Historical NAV,2026-09-05T05:36:33.008543+00:00
2023-12-04,449.2062,portal.amfiindia.com / AMFI Historical NAV,2026-09-05T05:36:33.008543+00:00
2023-12-05,455.0553,portal.amfiindia.com / AMFI Historical NAV,2026-09-05T05:36:33.008543+00:00
2023-12-06,459.55,portal.amfiindia.com / AMFI Historical NAV,2026-09-05T05:36:33.008543+00:00
2023-12-07,458.9286,portal.amfiindia.com / AMFI Historical NAV,2026-09-05T05:36:33.008543+00:00
2023-12-08,457.4025,portal.amfiindia.com / AMFI Historical NAV,2026-09-05T05:36:33.008543+00:00
2023-12-11,463.0193,portal.amfiindia.com / AMFI Historical NAV,2026-09-05T05:36:33.008543+00:00
2023-12-12,461.8499,portal.amfiindia.com / AMFI Historical NAV,2026-09-05T05:36:33.008543+00:00
2023-12-13,463.9901,portal.amfiindia.com / AMFI Historical NAV,2026-09-05T05:36:33.008543+00:00
2023-12-14,462.1994,portal.amfiindia.com / AMFI Historical NAV,2026-09-05T05:36:33.008543+00:00
2023-12-15,456.162,portal.amfiindia.com / AMFI Historical NAV,2026-09-05T05:36:33.008543+00:00
2023-12-18,453.6828,portal.amfiindia.com / AMFI Historical NAV,2026-09-05T05:36:33.008543+00:00
2023-12-19,460.5286,portal.amfiindia.com / AMFI Historical NAV,2026-09-05T05:36:33.008543+00:00
2023-12-20,460.9131,portal.amfiindia.com / AMFI Historical NAV,2026-09-05T05:36:33.008543+00:00
2023-12-21,458.0871,portal.amfiindia.com / AMFI Historical NAV,2026-09-05T05:36:33.008543+00:00
2023-12-22,453.3483,portal.amfiindia.com / AMFI Historical NAV,2026-09-05T05:36:33.008543+00:00
2023-12-25,458.0751,portal.amfiindia.com / AMFI Historical NAV,2026-09-05T05:36:33.008543+00:00
2023-12-26,456.261,portal.amfiindia.com / AMFI Historical NAV,2026-09-05T05:36:33.008543+00:00
2023-12-27,447.4783,portal.amfiindia.com / AMFI Historical NAV,2026-09-05T05:36:33.008543+00:00
2023-12-28,442.975,portal.amfiindia.com / AMFI Historical NAV,2026-09-05T05:36:33.008543+00:00
2023-12-29,438.381,portal.amfiindia.com / AMFI Historical NAV,2026-09-05T05:36:33.008543+00:00
2024-01-01,432.5594,portal.amfiindia.com / AMFI Historical NAV,2026-09-05T05:36:33.008543+00:00
2024-01-02,435.6787,portal.amfiindia.com / AMFI Historical NAV,2026-09-05T05:36:33.008543+00:00
2024-01-03,434.5426,portal.amfiindia.com / AMFI Historical NAV,2026-09-05T05:36:33.008543+00:00
2024-01-04,435.877,portal.amfiindia.com / AMFI Historical NAV,2026-09-05T05:36:33.008543+00:00
2024-01-05,436.8966,portal.amfiindia.com / AMFI Historical NAV,2026-09-05T05:36:33.008543+00:00
2024-01-08,440.1428,portal.amfiindia.com / AMFI Historical NAV,2026-09-05T05:36:33.008543+00:00
2024-01-09,442.3439,portal.amfiindia.com / AMFI Historical NAV,2026-09-05T05:36:33.008543+00:00
2024-01-10,437.1183,portal.amfiindia.com / AMFI Historical NAV,2026-09-05T05:36:33.008543+00:00
2024-01-11,438.3582,portal.amfiindia.com / AMFI Historical NAV,2026-09-05T05:36:33.008543+00:00
2024-01-12,440.3199,portal.amfiindia.com / AMFI Historical NAV,2026-09-05T05:36:33.008543+00:00
2024-01-15,441.7574,portal.amfiindia.com / AMFI Historical NAV,2026-09-05T05:36:33.008543+00:00
2024-01-16,431.0128,portal.amfiindia.com / AMFI Historical NAV,2026-09-05T05:36:33.008543+00:00
2024-01-17,423.8852,portal.amfiindia.com / AMFI Historical NAV,2026-09-05T05:36:33.008543+00:00
2024-01-18,430.7152,portal.amfiindia.com / AMFI Historical NAV,2026-09-05T05:36:33.008543+00:00
2024-01-19,431.6718,portal.amfiindia.com / AMFI Historical NAV,2026-09-05T05:36:33.008543+00:00
2024-01-22,433.6568,portal.amfiindia.com / AMFI Historical NAV,2026-09-05T05:36:33.008543+00:00
2024-01-23,431.8145,portal.amfiindia.com / AMFI Historical NAV,2026-09-05T05:36:33.008543+00:00
2024-01-24,438.1287,portal.amfiindia.com / AMFI Historical NAV,2026-09-05T05:36:33.008543+00:00
2024-01-25,433.1887,portal.amfiindia.com / AMFI Historical NAV,2026-09-05T05:36:33.008543+00:00
2024-01-26,440.4789,portal.amfiindia.com / AMFI Historical NAV,2026-09-05T05:36:33.008543+00:00
2024-01-29,436.3394,portal.amfiindia.com / AMFI Historical NAV,2026-09-05T05:36:33.008543+00:00
2024-01-30,438.6845,portal.amfiindia.com / AMFI Historical NAV,2026-09-05T05:36:33.008543+00:00
2024-01-31,439.4539,portal.amfiindia.com / AMFI Historical NAV,2026-09-05T05:36:33.008543+00:00
2024-02-01,439.7155,portal.amfiindia.com / AMFI Historical NAV,2026-09-05T05:36:33.008543+00:00
2024-02-02,434.6148,portal.amfiindia.com / AMFI Historical NAV,2026-09-05T05:36:33.008543+00:00
2024-02-05,431.0494,portal.amfiindia.com / AMFI Historical NAV,2026-09-05T05:36:33.008543+00:00
2024-02-06,437.933,portal.amfiindia.com / AMFI Historical NAV,2026-09-05T05:36:33.008543+00:00
2024-02-07,435.8161,portal.amfiindia.com / AMFI Historical NAV,2026-09-05T05:36:33.008543+00:00
2024-02-08,440.4458,portal.amfiindia.com / AMFI Historical NAV,2026-09-05T05:36:33.008543+00:00
2024-02-09,435.5263,portal.amfiindia.com / AMFI Historical NAV,2026-09-05T05:36:33.008543+00:00
2024-02-12,436.9979,portal.amfiindia.com / AMFI Historical NAV,2026-09-05T05:36:33.008543+00:00
2024-02-13,432.94,portal.amfiindia.com / AMFI Historical NAV,2026-09-05T05:36:33.008543+00:00
2024-02-14,423.2865,portal.amfiindia.com / AMFI Historical NAV,2026-09-05T05:36:33.008543+00:00
2024-02-15,420.1315,portal.amfiindia.com / AMFI Historical NAV,2026-09-05T05:36:33.008543+00:00
2024-02-16,431.0361,portal.amfiindia.com / AMFI Historical NAV,2026-09-05T05:36:33.008543+00:00
2024-02-19,433.6019,portal.amfiindia.com / AMFI Historical NAV,2026-09-05T05:36:33.008543+00:00
2024-02-20,431.7384,portal.amfiindia.com / AMFI Historical NAV,2026-09-05T05:36:33.008543+00:00
2024-02-21,433.3872,portal.amfiindia.com / AMFI Historical NAV,2026-09-05T05:36:33.008543+00:00
2024-02-22,429.3592,portal.amfiindia.com / AMFI Historical NAV,2026-09-05T05:36:33.008543+00:00
2024-02-23,433.8896,portal.amfiindia.com / AMFI Historical NAV,2026-09-05T05:36:33.008543+00:00
2024-02-26,431.5027,portal.amfiindia.com / AMFI Historical NAV,2026-09-05T05:36:33.008543+00:00
2024-02-27,434.0853,portal.amfiindia.com / AMFI Historical NAV,2026-09-05T05:36:33.008543+00:00
2024-02-28,435.1707,portal.amfiindia.com / AMFI Historical NAV,2026-09-05T05:36:33.008543+00:00
2024-02-29,438.0903,portal.amfiindia.com / AMFI Historical NAV,2026-09-05T05:36:33.008543+00:00
2024-03-01,441.3805,portal.amfiindia.com / AMFI Historical NAV,2026-09-05T05:36:33.008543+00:00
2024-03-04,441.5446,portal.amfiindia.com / AMFI Historical NAV,2026-09-05T05:36:33.008543+00:00
2024-03-05,446.3408,portal.amfiindia.com / AMFI Historical NAV,2026-09-05T05:36:33.008543+00:00
2024-03-06,454.989,portal.amfiindia.com / AMFI Historical NAV,2026-09-05T05:36:33.008543+00:00
2024-03-07,452.3661,portal.amfiindia.com / AMFI Historical NAV,2026-09-05T05:36:33.008543+00:00
2024-03-08,444.9639,portal.amfiindia.com / AMFI Historical NAV,2026-09-05T05:36:33.008543+00:00
2024-03-11,448.5357,portal.amfiindia.com / AMFI Historical NAV,2026-09-05T05:36:33.008543+00:00
2024-03-12,461.1731,portal.amfiindia.com / AMFI Historical NAV,2026-09-05T05:36:33.008543+00:00
2024-03-13,457.4317,portal.amfiindia.com / AMFI Historical NAV,2026-09-05T05:36:33.008543+00:00
2024-03-14,447.9586,portal.amfiindia.com / AMFI Historical NAV,2026-09-05T05:36:33.008543+00:00
2024-03-15,448.8515,portal.amfiindia.com / AMFI Historical NAV,2026-09-05T05:36:33.008543+00:00
2024-03-18,446.1215,portal.amfiindia.com / AMFI Historical NAV,2026-09-05T05:36:33.008543+00:00
2024-03-19,449.4426,portal.amfiindia.com / AMFI Historical NAV,2026-09-05T05:36:33.008543+00:00
2024-03-20,446.8249,portal.amfiindia.com / AMFI Historical NAV,2026-09-05T05:36:33.008543+00:00
2024-03-21,445.4698,portal.amfiindia.com / AMFI Historical NAV,2026-09-05T05:36:33.008543+00:00
2024-03-22,449.3824,portal.amfiindia.com / AMFI Historical NAV,2026-09-05T05:36:33.008543+00:00
2024-03-25,443.3107,portal.amfiindia.com / AMFI Historical NAV,2026-09-05T05:36:33.008543+00:00
2024-03-26,439.1379,portal.amfiindia.com / AMFI Historical NAV,2026-09-05T05:36:33.008543+00:00
2024-03-27,439.7869,portal.amfiindia.com / AMFI Historical NAV,2026-09-05T05:36:33.008543+00:00
2024-03-28,433.3415,portal.amfiindia.com / AMFI Historical NAV,2026-09-05T05:36:33.008543+00:00
2024-03-29,430.1454,portal.amfiindia.com / AMFI Historical NAV,2026-09-05T05:36:33.008543+00:00
2024-04-01,439.5565,portal.amfiindia.com / AMFI Historical NAV,2026-09-05T05:36:33.008543+00:00
2024-04-02,440.0457,portal.amfiindia.com / AMFI Historical NAV,2026-09-05T05:36:33.008543+00:00
2024-04-03,438.5431,portal.amfiindia.com / AMFI Historical NAV,2026-09-05T05:36:33.008543+00:00
2024-04-04,440.5685,portal.amfiindia.com / AMFI Historical NAV,2026-09-05T05:36:33.008543+00:00
2024-04-05,439.9341,portal.amfiindia.com / AMFI Historical NAV,2026-09-05T05:36:33.008543+00:00
2024-04-08,438.3985,portal.amfiindia.com / AMFI Historical NAV,2026-09-05T05:36:33.008543+00:00
2024-04-09,441.928,portal.amfiindia.com / AMFI Historical NAV,2026-09-05T05:36:33.008543+00:00
2024-04-10,453.7145,portal.amfiindia.com / AMFI Historical NAV,2026-09-05T05:36:33.008543+00:00
2024-04-11,456.2934,portal.amfiindia.com / AMFI Historical NAV,2026-09-05T05:36:33.008543+00:00
2024-04-12,453.016,portal.amfiindia.com / AMFI Historical NAV,2026-09-05T05:36:33.008543+00:00
2024-04-15,451.5408,portal.amfiindia.com / AMFI Historical NAV,2026-09-05T05:36:33.008543+00:00
2024-04-16,453.839,portal.amfiindia.com / AMFI Historical NAV,2026-09-05T05:36:33.008543+00:00
2024-04-17,458.832,portal.amfiindia.com / AMFI Historical NAV,2026-09-05T05:36:33.008543+00:00
2024-04-18,467.088,portal.amfiindia.com / AMFI Historical NAV,2026-09-05T05:36:33.008543+00:00
2024-04-19,464.1251,portal.amfiindia.com / AMFI Historical NAV,2026-09-05T05:36:33.008543+00:00
2024-04-22,462.8454,portal.amfiindia.com / AMFI Historical NAV,2026-09-05T05:36:33.008543+00:00
2024-04-23,458.5042,portal.amfiindia.com / AMFI Historical NAV,2026-09-05T05:36:33.008543+00:00
2024-04-24,454.1426,portal.amfiindia.com / AMFI Historical NAV,2026-09-05T05:36:33.008543+00:00
2024-04-25,453.7972,portal.amfiindia.com / AMFI Historical NAV,2026-09-05T05:36:33.008543+00:00
2024-04-26,457.0084,portal.amfiindia.com / AMFI Historical NAV,2026-09-05T05:36:33.008543+00:00
2024-04-29,456.3374,portal.amfiindia.com / AMFI Historical NAV,2026-09-05T05:36:33.008543+00:00
2024-04-30,458.8377,portal.amfiindia.com / AMFI Historical NAV,2026-09-05T05:36:33.008543+00:00
2024-05-01,456.3567,portal.amfiindia.com / AMFI Historical NAV,2026-09-05T05:36:33.008543+00:00
2024-05-02,452.0599,portal.amfiindia.com / AMFI Historical NAV,2026-09-05T05:36:33.008543+00:00
2024-05-03,464.8741,portal.amfiindia.com / AMFI Historical NAV,2026-09-05T05:36:33.008543+00:00
2024-05-06,457.1739,portal.amfiindia.com / AMFI Historical NAV,2026-09-05T05:36:33.008543+00:00
2024-05-07,460.0444,portal.amfiindia.com / AMFI Historical NAV,2026-09-05T05:36:33.008543+00:00
2024-05-08,469.2701,portal.amfiindia.com / AMFI Historical NAV,2026-09-05T05:36:33.008543+00:00
2024-05-09,470.7314,portal.amfiindia.com / AMFI Historical NAV,2026-09-05T05:36:33.008543+00:00
2024-05-10,469.6925,portal.amfiindia.com / AMFI Historical NAV,2026-09-05T05:36:33.008543+00:00
2024-05-13,470.8317,portal.amfiindia.com / AMFI Historical NAV,2026-09-05T05:36:33.008543+00:00
2024-05-14,465.4978,portal.amfiindia.com / AMFI Historical NAV,2026-09-05T05:36:33.008543+00:00
2024-05-15,471.1426,portal.amfiindia.com / AMFI Historical NAV,2026-09-05T05:36:33.008543+00:00
2024-05-16,462.5231,portal.amfiindia.com / AMFI Historical NAV,2026-09-05T05:36:33.008543+00:00
2024-05-17,471.7621,portal.amfiindia.com / AMFI Historical NAV,2026-09-05T05:36:33.008543+00:00
2024-05-20,470.7155,portal.amfiindia.com / AMFI Historical NAV,2026-09-05T05:36:33.008543+00:00
2024-05-21,468.7885,portal.amfiindia.com / AMFI Historical NAV,2026-09-05T05:36:33.008543+00:00
2024-05-22,472.2625,portal.amfiindia.com / AMFI Historical NAV,2026-09-05T05:36:33.008543+00:00
2024-05-23,473.3911,portal.amfiindia.com / AMFI Historical NAV,2026-09-05T05:36:33.008543+00:00
2024-05-24,470.9905,portal.amfiindia.com / AMFI Historical NAV,2026-09-05T05:36:33.008543+00:00
2024-05-27,476.4022,portal.amfiindia.com / AMFI Historical NAV,2026-09-05T05:36:33.008543+00:00
2024-05-28,483.3784,portal.amfiindia.com / AMFI Historical NAV,2026-09-05T05:36:33.008543+00:00
2024-05-29,478.5805,portal.amfiindia.com / AMFI Historical NAV,2026-09-05T05:36:33.008543+00:00
2024-05-30,479.8945,portal.amfiindia.com / AMFI Historical NAV,2026-09-05T05:36:33.008543+00:00
2024-05-31,479.4905,portal.amfiindia.com / AMFI Historical NAV,2026-09-05T05:36:33.008543+00:00
2024-06-03,481.3367,portal.amfiindia.com / AMFI Historical NAV,2026-09-05T05:36:33.008543+00:00
2024-06-04,480.9932,portal.amfiindia.com / AMFI Historical NAV,2026-09-05T05:36:33.008543+00:00
2024-06-05,483.188,portal.amfiindia.com / AMFI Historical NAV,2026-09-05T05:36:33.008543+00:00
2024-06-06,485.7624,portal.amfiindia.com / AMFI Historical NAV,2026-09-05T05:36:33.008543+00:00
2024-06-07,497.7474,portal.amfiindia.com / AMFI Historical NAV,2026-09-05T05:36:33.008543+00:00
2024-06-10,496.6555,portal.amfiindia.com / AMFI Historical NAV,2026-09-05T05:36:33.008543+00:00
2024-06-11,506.5649,portal.amfiindia.com / AMFI Historical NAV,2026-09-05T05:36:33.008543+00:00
2024-06-12,498.3889,portal.amfiindia.com / AMFI Historical NAV,2026-09-05T05:36:33.008543+00:00
2024-06-13,492.2098,portal.amfiindia.com / AMFI Historical NAV,2026-09-05T05:36:33.008543+00:00
2024-06-14,500.3507,portal.amfiindia.com / AMFI Historical NAV,2026-09-05T05:36:33.008543+00:00
2024-06-17,506.6764,portal.amfiindia.com / AMFI Historical NAV,2026-09-05T05:36:33.008543+00:00
2024-06-18,514.7496,portal.amfiindia.com / AMFI Historical NAV,2026-09-05T05:36:33.008543+00:00
2024-06-19,517.0314,portal.amfiindia.com / AMFI Historical NAV,2026-09-05T05:36:33.008543+00:00
2024-06-20,517.1144,portal.amfiindia.com / AMFI Historical NAV,2026-09-05T05:36:33.008543+00:00
2024-06-21,504.8764,portal.amfiindia.com / AMFI Historical NAV,2026-09-05T05:36:33.008543+00:00
2024-06-24,508.4226,portal.amfiindia.com / AMFI Historical NAV,2026-09-05T05:36:33.008543+00:00
2024-06-25,513.8049,portal.amfiindia.com / AMFI Historical NAV,2026-09-05T05:36:33.008543+00:00
2024-06-26,516.3746,portal.amfiindia.com / AMFI Historical NAV,2026-09-05T05:36:33.008543+00:00
2024-06-27,520.3892,portal.amfiindia.com / AMFI Historical NAV,2026-09-05T05:36:33.008543+00:00
2024-06-28,519.8969,portal.amfiindia.com / AMFI Historical NAV,2026-09-05T05:36:33.008543+00:00
2024-07-01,521.2431,portal.amfiindia.com / AMFI Historical NAV,2026-09-05T05:36:33.008543+00:00
2024-07-02,524.3504,portal.amfiindia.com / AMFI Historical NAV,2026-09-05T05:36:33.008543+00:00
2024-07-03,539.7079,portal.amfiindia.com / AMFI Historical NAV,2026-09-05T05:36:33.008543+00:00
2024-07-04,540.9634,portal.amfiindia.com / AMFI Historical NAV,2026-09-05T05:36:33.008543+00:00
2024-07-05,532.389,portal.amfiindia.com / AMFI Historical NAV,2026-09-05T05:36:33.008543+00:00
2024-07-08,529.1054,portal.amfiindia.com / AMFI Historical NAV,2026-09-05T05:36:33.008543+00:00
2024-07-09,529.3353,portal.amfiindia.com / AMFI Historical NAV,2026-09-05T05:36:33.008543+00:00
2024-07-10,528.3085,portal.amfiindia.com / AMFI Historical NAV,2026-09-05T05:36:33.008543+00:00
2024-07-11,529.2396,portal.amfiindia.com / AMFI Historical NAV,2026-09-05T05:36:33.008543+00:00
2024-07-12,537.8672,portal.amfiindia.com / AMFI Historical NAV,2026-09-05T05:36:33.008543+00:00
2024-07-15,550.3259,portal.amfiindia.com / AMFI Historical NAV,2026-09-05T05:36:33.008543+00:00
2024-07-16,549.1004,portal.amfiindia.com / AMFI Historical NAV,2026-09-05T05:36:33.008543+00:00
2024-07-17,534.7779,portal.amfiindia.com / AMFI Historical NAV,2026-09-05T05:36:33.008543+00:00
2024-07-18,531.2764,portal.amfiindia.com / AMFI Historical NAV,2026-09-05T05:36:33.008543+00:00
2024-07-19,528.9385,portal.amfiindia.com / AMFI Historical NAV,2026-09-05T05:36:33.008543+00:00
2024-07-22,532.8954,portal.amfiindia.com / AMFI Historical NAV,2026-09-05T05:36:33.008543+00:00
2024-07-23,519.6549,portal.amfiindia.com / AMFI Historical NAV,2026-09-05T05:36:33.008543+00:00
2024-07-24,518.6523,portal.amfiindia.com / AMFI Historical NAV,2026-09-05T05:36:33.008543+00:00
2024-07-25,510.4927,portal.amfiindia.com / AMFI Historical NAV,2026-09-05T05:36:33.008543+00:00
2024-07-26,514.0824,portal.amfiindia.com / AMFI Historical NAV,2026-09-05T05:36:33.008543+00:00
2024-07-29,517.1929,portal.amfiindia.com / AMFI Historical NAV,2026-09-05T05:36:33.008543+00:00
2024-07-30,513.6996,portal.amfiindia.com / AMFI Historical NAV,2026-09-05T05:36:33.008543+00:00
2024-07-31,518.0803,portal.amfiindia.com / AMFI Historical NAV,2026-09-05T05:36:33.008543+00:00
2024-08-01,518.4479,portal.amfiindia.com / AMFI Historical NAV,2026-09-05T05:36:33.008543+00:00
2024-08-02,522.8301,portal.amfiindia.com / AMFI Historical NAV,2026-09-05T05:36:33.008543+00:00
2024-08-05,526.6434,portal.amfiindia.com / AMFI Historical NAV,2026-09-05T05:36:33.008543+00:00
2024-08-06,540.0372,portal.amfiindia.com / AMFI Historical NAV,2026-09-05T05:36:33.008543+00:00
2024-08-07,530.8047,portal.amfiindia.com / AMFI Historical NAV,2026-09-05T05:36:33.008543+00:00
2024-08-08,543.8413,portal.amfiindia.com / AMFI Historical NAV,2026-09-05T05:36:33.008543+00:00
2024-08-09,546.1998,portal.amfiindia.com / AMFI Historical NAV,2026-09-05T05:36:33.008543+00:00
2024-08-12,539.486,portal.amfiindia.com / AMFI Historical NAV,2026-09-05T05:36:33.008543+00:00
2024-08-13,533.0996,portal.amfiindia.com / AMFI Historical NAV,2026-09-05T05:36:33.008543+00:00
2024-08-14,531.8865,portal.amfiindia.com / AMFI Historical NAV,2026-09-05T05:36:33.008543+00:00
2024-08-15,539.1645,portal.amfiindia.com / AMFI Historical NAV,2026-09-05T05:36:33.008543+00:00
2024-08-16,534.7136,portal.amfiindia.com / AMFI Historical NAV,2026-09-05T05:36:33.008543+00:00
2024-08-19,543.1706,portal.amfiindia.com / AMFI Historical NAV,2026-09-05T05:36:33.008543+00:00
2024-08-20,537.6476,portal.amfiindia.com / AMFI Historical NAV,2026-09-05T05:36:33.008543+00:00
2024-08-21,538.3804,portal.amfiindia.com / AMFI Historical NAV,2026-09-05T05:36:33.008543+00:00
2024-08-22,537.5387,portal.amfiindia.com / AMFI Historical NAV,2026-09-05T05:36:33.008543+00:00
2024-08-23,543.0337,portal.amfiindia.com / AMFI Historical NAV,2026-09-05T05:36:33.008543+00:00
2024-08-26,548.3918,portal.amfiindia.com / AMFI Historical NAV,2026-09-05T05:36:33.008543+00:00
2024-08-27,547.6536,portal.amfiindia.com / AMFI Historical NAV,2026-09-05T05:36:33.008543+00:00
2024-08-28,535.5305,portal.amfiindia.com / AMFI Historical NAV,2026-09-05T05:36:33.008543+00:00
2024-08-29,538.7532,portal.amfiindia.com / AMFI Historical NAV,2026-09-05T05:36:33.008543+00:00
2024-08-30,534.8416,portal.amfiindia.com / AMFI Historical NAV,2026-09-05T05:36:33.008543+00:00
