date,nav,source,retrieval_date
2016-01-01,98.6169,portal.amfiindia.com / AMFI Historical NAV,2026-09-05T05:36:33.019111+00:00
2016-01-04,98.4978,portal.amfiindia.com / AMFI Historical NAV,2026-09-05T05:36:33.019111+00:00
2016-01-05,98.6445,portal.amfiindia.com / AMFI Historical NAV,2026-09-05T05:36:33.019111+00:00
2016-01-06,99.5676,portal.amfiindia.com / AMFI Historical NAV,2026-09-05T05:36:33.019111+00:00
2016-01-07,99.1184,portal.amfiindia.com / AMFI Historical NAV,2026-09-05T05:36:33.019111+00:00
2016-01-08,98.9702,portal.amfiindia.com / AMFI Historical NAV,2026-09-05T05:36:33.019111+00:00
2016-01-11,99.7613,portal.amfiindia.com / AMFI Historical NAV,2026-09-05T05:36:33.019111+00:00
2016-01-12,100.0751,portal.amfiindia.com / AMFI Historical NAV,2026-09-05T05:36:33.019111+00:00
2016-01-13,99.4102,portal.amfiindia.com / AMFI Historical NAV,2026-09-05T05:36:33.019111+00:00
2016-01-14,99.7783,portal.amfiindia.com / AMFI Historical NAV,2026-09-05T05:36:33.019111+00:00
2016-01-15,99.2518,portal.amfiindia.com / AMFI Historical NAV,2026-09-05T05:36:33.019111+00:00
2016-01-18,99.2545,portal.amfiindia.com / AMFI Historical NAV,2026-09-05T05:36:33.019111+00:00
2016-01-19,99.5857,portal.amfiindia.com / AMFI Historical NAV,2026-09-05T05:36:33.019111+00:00
2016-01-20,98.3164,portal.amfiindia.com / AMFI Historical NAV,2026-09-05T05:36:33.019111+00:00
2016-01-21,96.9746,portal.amfiindia.com / AMFI Historical NAV,2026-09-05T05:36:33.019111+00:00
2016-01-22,96.7605,portal.amfiindia.com / AMFI Historical NAV,2026-09-05T05:36:33.019111+00:00
2016-01-25,96.3404,portal.amfiindia.com / AMFI Historical NAV,2026-09-05T05:36:33.019111+00:00
2016-01-26,96.6332,portal.amfiindia.com / AMFI Historical NAV,2026-09-05T05:36:33.019111+00:00
2016-01-27,96.5473,portal.amfiindia.com / AMFI Historical NAV,2026-09-05T05:36:33.019111+00:00
2016-01-28,95.799,portal.amfiindia.com / AMFI Historical NAV,2026-09-05T05:36:33.019111+00:00
2016-01-29,97.0617,portal.amfiindia.com / AMFI Historical NAV,2026-09-05T05:36:33.019111+00:00
2016-02-01,96.9976,portal.amfiindia.com / AMFI Historical NAV,2026-09-05T05:36:33.019111+00:00
2016-02-02,97.2847,portal.amfiindia.com / AMFI Historical NAV,2026-09-05T05:36:33.019111+00:00
2016-02-03,96.1558,portal.amfiindia.com / AMFI Historical NAV,2026-09-05T05:36:33.019111+00:00
2016-02-04,95.7132,portal.amfiindia.com / AMFI Historical NAV,2026-09-05T05:36:33.019111+00:00
2016-02-05,95.931,portal.amfiindia.com / AMFI Historical NAV,2026-09-05T05:36:33.019111+00:00
2016-02-08,95.3241,portal.amfiindia.com / AMFI Historical NAV,2026-09-05T05:36:33.019111+00:00
2016-02-09,95.758,portal.amfiindia.com / AMFI Historical NAV,2026-09-05T05:36:33.019111+00:00
2016-02-10,95.7284,portal.amfiindia.com / AMFI Historical NAV,2026-09-05T05:36:33.019111+00:00
2016-02-11,95.1747,portal.amfiindia.com / AMFI Historical NAV,2026-09-05T05:36:33.019111+00:00
2016-02-12,94.5521,portal.amfiindia.com / AMFI Historical NAV,2026-09-05T05:36:33.019111+00:00
2016-02-15,95.853,portal.amfiindia.com / AMFI Historical NAV,2026-09-05T05:36:33.019111+00:00
2016-02-16,95.6813,portal.amfiindia.com / AMFI Historical NAV,2026-09-05T05:36:33.019111+00:00
2016-02-17,96.0081,portal.amfiindia.com / AMFI Historical NAV,2026-09-05T05:36:33.019111+00:00
2016-02-18,96.7391,portal.amfiindia.com / AMFI Historical NAV,2026-09-05T05:36:33.019111+00:00
2016-02-19,95.9592,portal.amfiindia.com / AMFI Historical NAV,2026-09-05T05:36:33.019111+00:00
2016-02-22,95.9925,portal.amfiindia.com / AMFI Historical NAV,2026-09-05T05:36:33.019111+00:00
2016-02-23,94.6206,portal.amfiindia.com / AMFI Historical NAV,2026-09-05T05:36:33.019111+00:00
2016-02-24,93.8194,portal.amfiindia.com / AMFI Historical NAV,2026-09-05T05:36:33.019111+00:00
2016-02-25,94.021,portal.amfiindia.com / AMFI Historical NAV,2026-09-05T05:36:33.019111+00:00
2016-02-26,94.4089,portal.amfiindia.com / AMFI Historical NAV,2026-09-05T05:36:33.019111+00:00
2016-02-29,94.4863,portal.amfiindia.com / AMFI Historical NAV,2026-09-05T05:36:33.019111+00:00
2016-03-01,94.8378,portal.amfiindia.com / AMFI Historical NAV,2026-09-05T05:36:33.019111+00:00
2016-03-02,95.0825,portal.amfiindia.com / AMFI Historical NAV,2026-09-05T05:36:33.019111+00:00
2016-03-03,94.2435,portal.amfiindia.com / AMFI Historical NAV,2026-09-05T05:36:33.019111+00:00
2016-03-04,93.4476,portal.amfiindia.com / AMFI Historical NAV,2026-09-05T05:36:33.019111+00:00
2016-03-07,93.3502,portal.amfiindia.com / AMFI Historical NAV,2026-09-05T05:36:33.019111+00:00
2016-03-08,94.5007,portal.amfiindia.com / AMFI Historical NAV,2026-09-05T05:36:33.019111+00:00
2016-03-09,95.1547,portal.amfiindia.com / AMFI Historical NAV,2026-09-05T05:36:33.019111+00:00
2016-03-10,94.2687,portal.amfiindia.com / AMFI Historical NAV,2026-09-05T05:36:33.019111+00:00
2016-03-11,94.9234,portal.amfiindia.com / AMFI Historical NAV,2026-09-05T05:36:33.019111+00:00
2016-03-14,94.735,portal.amfiindia.com / AMFI Historical NAV,2026-09-05T05:36:33.019111+00:00
2016-03-15,94.5223,portal.amfiindia.com / AMFI Historical NAV,2026-09-05T05:36:33.019111+00:00
2016-03-16,94.7673,portal.amfiindia.com / AMFI Historical NAV,2026-09-05T05:36:33.019111+00:00
2016-03-17,95.5597,portal.amfiindia.com / AMFI Historical NAV,2026-09-05T05:36:33.019111+00:00
2016-03-18,96.5913,portal.amfiindia.com / AMFI Historical NAV,2026-09-05T05:36:33.019111+00:00
2016-03-21,95.915,portal.amfiindia.com / AMFI Historical NAV,2026-09-05T05:36:33.019111+00:00
2016-03-22,95.5109,portal.amfiindia.com / AMFI Historical NAV,2026-09-05T05:36:33.019111+00:00
2016-03-23,95.7993,portal.amfiindia.com / AMFI Historical NAV,2026-09-05T05:36:33.019111+00:00
2016-03-24,96.4151,portal.amfiindia.com / AMFI Historical NAV,2026-09-05T05:36:33.019111+00:00
2016-03-25,96.3344,portal.amfiindia.com / AMFI Historical NAV,2026-09-05T05:36:33.019111+00:00
2016-03-28,96.1274,portal.amfiindia.com / AMFI Historical NAV,2026-09-05T05:36:33.019111+00:00
2016-03-29,95.9454,portal.amfiindia.com / AMFI Historical NAV,2026-09-05T05:36:33.019111+00:00
2016-03-30,94.8392,portal.amfiindia.com / AMFI Historical NAV,2026-09-05T05:36:33.019111+00:00
2016-03-31,95.7649,portal.amfiindia.com / AMFI Historical NAV,2026-09-05T05:36:33.019111+00:00
2016-04-01,96.4737,portal.amfiindia.com / AMFI Historical NAV,2026-09-05T05:36:33.019111+00:00
2016-04-04,95.9524,portal.amfiindia.com / AMFI Historical NAV,2026-09-05T05:36:33.019111+00:00
2016-04-05,96.7211,portal.amfiindia.com / AMFI Historical NAV,2026-09-05T05:36:33.019111+00:00
2016-04-06,96.931,portal.amfiindia.com / AMFI Historical NAV,2026-09-05T05:36:33.019111+00:00
2016-04-07,96.229,portal.amfiindia.com / AMFI Historical NAV,2026-09-05T05:36:33.019111+00:00
2016-04-08,96.0257,portal.amfiindia.com / AMFI Historical NAV,2026-09-05T05:36:33.019111+00:00
2016-04-11,97.0731,portal.amfiindia.com / AMFI Historical NAV,2026-09-05T05:36:33.019111+00:00
2016-04-12,97.3797,portal.amfiindia.com / AMFI Historical NAV,2026-09-05T05:36:33.019111+00:00
2016-04-13,98.6328,portal.amfiindia.com / AMFI Historical NAV,2026-09-05T05:36:33.019111+00:00
2016-04-14,96.9393,portal.amfiindia.com / AMFI Historical NAV,2026-09-05T05:36:33.019111+00:00
2016-04-15,97.6662,portal.amfiindia.com / AMFI Historical NAV,2026-09-05T05:36:33.019111+00:00
2016-04-18,97.7624,portal.amfiindia.com / AMFI Historical NAV,2026-09-05T05:36:33.019111+00:00
2016-04-19,97.1906,portal.amfiindia.com / AMFI Historical NAV,2026-09-05T05:36:33.019111+00:00
2016-04-20,96.883,portal.amfiindia.com / AMFI Historical NAV,2026-09-05T05:36:33.019111+00:00
2016-04-21,95.5605,portal.amfiindia.com / AMFI Historical NAV,2026-09-05T05:36:33.019111+00:00
2016-04-22,95.417,portal.amfiindia.com / AMFI Historical NAV,2026-09-05T05:36:33.019111+00:00
2016-04-25,95.9375,portal.amfiindia.com / AMFI Historical NAV,2026-09-05T05:36:33.019111+00:00
2016-04-26,97.1651,portal.amfiindia.com / AMFI Historical NAV,2026-09-05T05:36:33.019111+00:00
2016-04-27,97.0451,portal.amfiindia.com / AMFI Historical NAV,2026-09-05T05:36:33.019111+00:00
2016-04-28,96.476,portal.amfiindia.com / AMFI Historical NAV,2026-09-05T05:36:33.019111+00:00
2016-04-29,95.7929,portal.amfiindia.com / AMFI Historical NAV,2026-09-05T05:36:33.019111+00:00
2016-05-02,96.5531,portal.amfiindia.com / AMFI Historical NAV,2026-09-05T05:36:33.019111+00:00
2016-05-03,96.9668,portal.amfiindia.com / AMFI Historical NAV,2026-09-05T05:36:33.019111+00:00
2016-05-04,95.9686,portal.amfiindia.com / AMFI Historical NAV,2026-09-05T05:36:33.019111+00:00
2016-05-05,96.1088,portal.amfiindia.com / AMFI Historical NAV,2026-09-05T05:36:33.019111+00:00
2016-05-06,96.0186,portal.amfiindia.com / AMFI Historical NAV,2026-09-05T05:36:33.019111+00:00
2016-05-09,96.7307,portal.amfiindia.com / AMFI Historical NAV,2026-09-05T05:36:33.019111+00:00
2016-05-10,96.0816,portal.amfiindia.com / AMFI Historical NAV,2026-09-05T05:36:33.019111+00:00
2016-05-11,95.9021,portal.amfiindia.com / AMFI Historical NAV,2026-09-05T05:36:33.019111+00:00
2016-05-12,95.6312,portal.amfiindia.com / AMFI Historical NAV,2026-09-05T05:36:33.019111+00:00
2016-05-13,94.6792,portal.amfiindia.com / AMFI Historical NAV,2026-09-05T05:36:33.019111+00:00
2016-05-16,94.7112,portal.amfiindia.com / AMFI Historical NAV,2026-09-05T05:36:33.019111+00:00
2016-05-17,94.7427,portal.amfiindia.com / AMFI Historical NAV,2026-09-05T05:36:33.019111+00:00
2016-05-18,94.4839,portal.amfiindia.com / AMFI Historical NAV,2026-09-05T05:36:33.019111+00:00
2016-05-19,94.4857,portal.amfiindia.com / AMFI Historical NAV,2026-09-05T05:36:33.019111+00:00
2016-05-20,93.7829,portal.amfiindia.com / AMFI Historical NAV,2026-09-05T05:36:33.019111+00:00
2016-05-23,93.3423,portal.amfiindia.com / AMFI Historical NAV,2026-09-05T05:36:33.019111+00:00
2016-05-24,93.5949,portal.amfiindia.com / AMFI Historical NAV,2026-09-05T05:36:33.019111+00:00
2016-05-25,93.0403,portal.amfiindia.com / AMFI Historical NAV,2026-09-05T05:36:33.019111+00:00
2016-05-26,93.4095,portal.amfiindia.com / AMFI Historical NAV,2026-09-05T05:36:33.019111+00:00
2016-05-27,93.5304,portal.amfiindia.com / AMFI Historical NAV,2026-09-05T05:36:33.019111+00:00
2016-05-30,94.2058,portal.amfiindia.com / AMFI Historical NAV,2026-09-05T05:36:33.019111+00:00
2016-05-31,94.4759,portal.amfiindia.com / AMFI Historical NAV,2026-09-05T05:36:33.019111+00:00
2016-06-01,94.7566,portal.amfiindia.com / AMFI Historical NAV,2026-09-05T05:36:33.019111+00:00
2016-06-02,94.7633,portal.amfiindia.com / AMFI Historical NAV,2026-09-05T05:36:33.019111+00:00
2016-06-03,93.3892,portal.amfiindia.com / AMFI Historical NAV,2026-09-05T05:36:33.019111+00:00
2016-06-06,93.407,portal.amfiindia.com / AMFI Historical NAV,2026-09-05T05:36:33.019111+00:00
2016-06-07,93.3462,portal.amfiindia.com / AMFI Historical NAV,2026-09-05T05:36:33.019111+00:00
2016-06-08,94.8694,portal.amfiindia.com / AMFI Historical NAV,2026-09-05T05:36:33.019111+00:00
2016-06-09,95.0298,portal.amfiindia.com / AMFI Historical NAV,2026-09-05T05:36:33.019111+00:00
2016-06-10,95.3222,portal.amfiindia.com / AMFI Historical NAV,2026-09-05T05:36:33.019111+00:00
2016-06-13,95.5193,portal.amfiindia.com / AMFI Historical NAV,2026-09-05T05:36:33.019111+00:00
2016-06-14,94.739,portal.amfiindia.com / AMFI Historical NAV,2026-09-05T05:36:33.019111+00:00
2016-06-15,95.423,portal.amfiindia.com / AMFI Historical NAV,2026-09-05T05:36:33.019111+00:00
2016-06-16,95.6259,portal.amfiindia.com / AMFI Historical NAV,2026-09-05T05:36:33.019111+00:00
2016-06-17,96.0795,portal.amfiindia.com / AMFI Historical NAV,2026-09-05T05:36:33.019111+00:00
2016-06-20,94.5736,portal.amfiindia.com / AMFI Historical NAV,2026-09-05T05:36:33.019111+00:00
2016-06-21,95.3531,portal.amfiindia.com / AMFI Historical NAV,2026-09-05T05:36:33.019111+00:00
2016-06-22,94.4659,portal.amfiindia.com / AMFI Historical NAV,2026-09-05T05:36:33.019111+00:00
2016-06-23,95.0474,portal.amfiindia.com / AMFI Historical NAV,2026-09-05T05:36:33.019111+00:00
2016-06-24,96.4316,portal.amfiindia.com / AMFI Historical NAV,2026-09-05T05:36:33.019111+00:00
2016-06-27,95.9283,portal.amfiindia.com / AMFI Historical NAV,2026-09-05T05:36:33.019111+00:00
2016-06-28,94.9771,portal.amfiindia.com / AMFI Historical NAV,2026-09-05T05:36:33.019111+00:00
2016-06-29,95.0703,portal.amfiindia.com / AMFI Historical NAV,2026-09-05T05:36:33.019111+00:00
2016-06-30,94.3109,portal.amfiindia.com / AMFI Historical NAV,2026-09-05T05:36:33.019111+00:00
2016-07-01,93.0192,portal.amfiindia.com / AMFI Historical NAV,2026-09-05T05:36:33.019111+00:00
2016-07-04,93.0545,portal.amfiindia.com / AMFI Historical NAV,2026-09-05T05:36:33.019111+00:00
2016-07-05,92.7827,portal.amfiindia.com / AMFI Historical NAV,2026-09-05T05:36:33.019111+00:00
2016-07-06,93.2288,portal.amfiindia.com / AMFI Historical NAV,2026-09-05T05:36:33.019111+00:00
2016-07-07,92.6952,portal.amfiindia.com / AMFI Historical NAV,2026-09-05T05:36:33.019111+00:00
2016-07-08,93.7106,portal.amfiindia.com / AMFI Historical NAV,2026-09-05T05:36:33.019111+00:00
2016-07-11,93.0553,portal.amfiindia.com / AMFI Historical NAV,2026-09-05T05:36:33.019111+00:00
2016-07-12,92.7438,portal.amfiindia.com / AMFI Historical NAV,2026-09-05T05:36:33.019111+00:00
2016-07-13,93.4197,portal.amfiindia.com / AMFI Historical NAV,2026-09-05T05:36:33.019111+00:00
2016-07-14,92.2938,portal.amfiindia.com / AMFI Historical NAV,2026-09-05T05:36:33.019111+00:00
2016-07-15,92.6445,portal.amfiindia.com / AMFI Historical NAV,2026-09-05T05:36:33.019111+00:00
2016-07-18,93.4039,portal.amfiindia.com / AMFI Historical NAV,2026-09-05T05:36:33.019111+00:00
2016-07-19,92.6585,portal.amfiindia.com / AMFI Historical NAV,2026-09-05T05:36:33.019111+00:00
2016-07-20,93.086,portal.amfiindia.com / AMFI Historical NAV,2026-09-05T05:36:33.019111+00:00
2016-07-21,92.8274,portal.amfiindia.com / AMFI Historical NAV,2026-09-05T05:36:33.019111+00:00
2016-07-22,93.2029,portal.amfiindia.com / AMFI Historical NAV,2026-09-05T05:36:33.019111+00:00
2016-07-25,92.2239,portal.amfiindia.com / AMFI Historical NAV,2026-09-05T05:36:33.019111+00:00
2016-07-26,90.938,portal.amfiindia.com / AMFI Historical NAV,2026-09-05T05:36:33.019111+00:00
2016-07-27,91.0222,portal.amfiindia.com / AMFI Historical NAV,2026-09-05T05:36:33.019111+00:00
2016-07-28,91.9158,portal.amfiindia.com / AMFI Historical NAV,2026-09-05T05:36:33.019111+00:00
2016-07-29,92.284,portal.amfiindia.com / AMFI Historical NAV,2026-09-05T05:36:33.019111+00:00
2016-08-01,93.0759,portal.amfiindia.com / AMFI Historical NAV,2026-09-05T05:36:33.019111+00:00
2016-08-02,92.9212,portal.amfiindia.com / AMFI Historical NAV,2026-09-05T05:36:33.019111+00:00
2016-08-03,92.9052,portal.amfiindia.com / AMFI Historical NAV,2026-09-05T05:36:33.019111+00:00
2016-08-04,93.0279,portal.amfiindia.com / AMFI Historical NAV,2026-09-05T05:36:33.019111+00:00
2016-08-05,92.7844,portal.amfiindia.com / AMFI Historical NAV,2026-09-05T05:36:33.019111+00:00
2016-08-08,94.1273,portal.amfiindia.com / AMFI Historical NAV,2026-09-05T05:36:33.019111+00:00
2016-08-09,94.3122,portal.amfiindia.com / AMFI Historical NAV,2026-09-05T05:36:33.019111+00:00
2016-08-10,93.1656,portal.amfiindia.com / AMFI Historical NAV,2026-09-05T05:36:33.019111+00:00
2016-08-11,94.5447,portal.amfiindia.com / AMFI Historical NAV,2026-09-05T05:36:33.019111+00:00
2016-08-12,93.9228,portal.amfiindia.com / AMFI Historical NAV,2026-09-05T05:36:33.019111+00:00
2016-08-15,94.3782,portal.amfiindia.com / AMFI Historical NAV,2026-09-05T05:36:33.019111+00:00
2016-08-16,95.1986,portal.amfiindia.com / AMFI Historical NAV,2026-09-05T05:36:33.019111+00:00
2016-08-17,94.6432,portal.amfiindia.com / AMFI Historical NAV,2026-09-05T05:36:33.019111+00:00
2016-08-18,95.3429,portal.amfiindia.com / AMFI Historical NAV,2026-09-05T05:36:33.019111+00:00
2016-08-19,96.0238,portal.amfiindia.com / AMFI Historical NAV,2026-09-05T05:36:33.019111+00:00
2016-08-22,96.5702,portal.amfiindia.com / AMFI Historical NAV,2026-09-05T05:36:33.019111+00:00
2016-08-23,97.5247,portal.amfiindia.com / AMFI Historical NAV,2026-09-05T05:36:33.019111+00:00
2016-08-24,97.3609,portal.amfiindia.com / AMFI Historical NAV,2026-09-05T05:36:33.019111+00:00
2016-08-25,96.7724,portal.amfiindia.com / AMFI Historical NAV,2026-09-05T05:36:33.019111+00:00
2016-08-26,96.6463,portal.amfiindia.com / AMFI Historical NAV,2026-09-05T05:36:33.019111+00:00
2016-08-29,96.4955,portal.amfiindia.com / AMFI Historical NAV,2026-09-05T05:36:33.019111+00:00
2016-08-30,96.5218,portal.amfiindia.com / AMFI Historical NAV,2026-09-05T05:36:33.019111+00:00
2016-08-31,96.4212,portal.amfiindia.com / AMFI Historical NAV,2026-09-05T05:36:33.019111+00:00
2016-09-01,96.2937,portal.amfiindia.com / AMFI Historical NAV,2026-09-05T05:36:33.019111+00:00
2016-09-02,96.8853,portal.amfiindia.com / AMFI Historical NAV,2026-09-05T05:36:33.019111+00:00
2016-09-05,97.0376,portal.amfiindia.com / AMFI Historical NAV,2026-09-05T05:36:33.019111+00:00
2016-09-06,97.9336,portal.amfiindia.com / AMFI Historical NAV,2026-09-05T05:36:33.019111+00:00
2016-09-07,97.6627,portal.amfiindia.com / AMFI Historical NAV,2026-09-05T05:36:33.019111+00:00
2016-09-08,99.3418,portal.amfiindia.com / AMFI Historical NAV,2026-09-05T05:36:33.019111+00:00
2016-09-09,99.8046,portal.amfiindia.com / AMFI Historical NAV,2026-09-05T05:36:33.019111+00:00
2016-09-12,98.5567,portal.amfiindia.com / AMFI Historical NAV,2026-09-05T05:36:33.019111+00:00
2016-09-13,97.5601,portal.amfiindia.com / AMFI Historical NAV,2026-09-05T05:36:33.019111+00:00
2016-09-14,97.7429,portal.amfiindia.com / AMFI Historical NAV,2026-09-05T05:36:33.019111+00:00
2016-09-15,97.9948,portal.amfiindia.com / AMFI Historical NAV,2026-09-05T05:36:33.019111+00:00
2016-09-16,98.2778,portal.amfiindia.com / AMFI Historical NAV,2026-09-05T05:36:33.019111+00:00
2016-09-19,98.6938,portal.amfiindia.com / AMFI Historical NAV,2026-09-05T05:36:33.019111+00:00
2016-09-20,98.7588,portal.amfiindia.com / AMFI Historical NAV,2026-09-05T05:36:33.019111+00:00
2016-09-21,98.6215,portal.amfiindia.com / AMFI Historical NAV,2026-09-05T05:36:33.019111+00:00
2016-09-22,98.0259,portal.amfiindia.com / AMFI Historical NAV,2026-09-05T05:36:33.019111+00:00
2016-09-23,97.7578,portal.amfiindia.com / AMFI Historical NAV,2026-09-05T05:36:33.019111+00:00
2016-09-26,98.234,portal.amfiindia.com / AMFI Historical NAV,2026-09-05T05:36:33.019111+00:00
2016-09-27,98.228,portal.amfiindia.com / AMFI Historical NAV,2026-09-05T05:36:33.019111+00:00
2016-09-28,97.3714,portal.amfiindia.com / AMFI Historical NAV,2026-09-05T05:36:33.019111+00:00
2016-09-29,97.4054,portal.amfiindia.com / AMFI Historical NAV,2026-09-05T05:36:33.019111+00:00
2016-09-30,97.8686,portal.amfiindia.com / AMFI Historical NAV,2026-09-05T05:36:33.019111+00:00
2016-10-03,97.4502,portal.amfiindia.com / AMFI Historical NAV,2026-09-05T05:36:33.019111+00:00
2016-10-04,97.7712,portal.amfiindia.com / AMFI Historical NAV,2026-09-05T05:36:33.019111+00:00
2016-10-05,98.2256,portal.amfiindia.com / AMFI Historical NAV,2026-09-05T05:36:33.019111+00:00
2016-10-06,98.0577,portal.amfiindia.com / AMFI Historical NAV,2026-09-05T05:36:33.019111+00:00
2016-10-07,98.3794,portal.amfiindia.com / AMFI Historical NAV,2026-09-05T05:36:33.019111+00:00
2016-10-10,99.1257,portal.amfiindia.com / AMFI Historical NAV,2026-09-05T05:36:33.019111+00:00
2016-10-11,99.7982,portal.amfiindia.com / AMFI Historical NAV,2026-09-05T05:36:33.019111+00:00
2016-10-12,100.9154,portal.amfiindia.com / AMFI Historical NAV,2026-09-05T05:36:33.019111+00:00
2016-10-13,100.3392,portal.amfiindia.com / AMFI Historical NAV,2026-09-05T05:36:33.019111+00:00
2016-10-14,100.0504,portal.amfiindia.com / AMFI Historical NAV,2026-09-05T05:36:33.019111+00:00
2016-10-17,100.4765,portal.amfiindia.com / AMFI Historical NAV,2026-09-05T05:36:33.019111+00:00
2016-10-18,100.6737,portal.amfiindia.com / AMFI Historical NAV,2026-09-05T05:36:33.019111+00:00
2016-10-19,100.6528,portal.amfiindia.com / AMFI Historical NAV,2026-09-05T05:36:33.019111+00:00
2016-10-20,103.3254,portal.amfiindia.com / AMFI Historical NAV,2026-09-05T05:36:33.019111+00:00
2016-10-21,104.2507,portal.amfiindia.com / AMFI Historical NAV,2026-09-05T05:36:33.019111+00:00
2016-10-24,105.0082,portal.amfiindia.com / AMFI Historical NAV,2026-09-05T05:36:33.019111+00:00
2016-10-25,105.9865,portal.amfiindia.com / AMFI Historical NAV,2026-09-05T05:36:33.019111+00:00
2016-10-26,106.7746,portal.amfiindia.com / AMFI Historical NAV,2026-09-05T05:36:33.019111+00:00
2016-10-27,106.5054,portal.amfiindia.com / AMFI Historical NAV,2026-09-05T05:36:33.019111+00:00
2016-10-28,107.5262,portal.amfiindia.com / AMFI Historical NAV,2026-09-05T05:36:33.019111+00:00
2016-10-31,106.0738,portal.amfiindia.com / AMFI Historical NAV,2026-09-05T05:36:33.019111+00:00
2016-11-01,105.5641,portal.amfiindia.com / AMFI Historical NAV,2026-09-05T05:36:33.019111+00:00
2016-11-02,104.9758,portal.amfiindia.com / AMFI Historical NAV,2026-09-05T05:36:33.019111+00:00
2016-11-03,104.8259,portal.amfiindia.com / AMFI Historical NAV,2026-09-05T05:36:33.019111+00:00
2016-11-04,106.6312,portal.amfiindia.com / AMFI Historical NAV,2026-09-05T05:36:33.019111+00:00
2016-11-07,105.4206,portal.amfiindia.com / AMFI Historical NAV,2026-09-05T05:36:33.019111+00:00
2016-11-08,106.1861,portal.amfiindia.com / AMFI Historical NAV,2026-09-05T05:36:33.019111+00:00
2016-11-09,104.5316,portal.amfiindia.com / AMFI Historical NAV,2026-09-05T05:36:33.019111+00:00
2016-11-10,103.6343,portal.amfiindia.com / AMFI Historical NAV,2026-09-05T05:36:33.019111+00:00
2016-11-11,104.3113,portal.amfiindia.com / AMFI Historical NAV,2026-09-05T05:36:33.019111+00:00
2016-11-14,104.4078,portal.amfiindia.com / AMFI Historical NAV,2026-09-05T05:36:33.019111+00:00
2016-11-15,102.9666,portal.amfiindia.com / AMFI Historical NAV,2026-09-05T05:36:33.019111+00:00
2016-11-16,101.6355,portal.amfiindia.com / AMFI Historical NAV,2026-09-05T05:36:33.019111+00:00
2016-11-17,102.5426,portal.amfiindia.com / AMFI Historical NAV,2026-09-05T05:36:33.019111+00:00
2016-11-18,102.1136,portal.amfiindia.com / AMFI Historical NAV,2026-09-05T05:36:33.019111+00:00
2016-11-21,102.7221,portal.amfiindia.com / AMFI Historical NAV,2026-09-05T05:36:33.019111+00:00
2016-11-22,102.733,portal.amfiindia.com / AMFI Historical NAV,2026-09-05T05:36:33.019111+00:00
2016-11-23,102.1486,portal.amfiindia.com / AMFI Historical NAV,2026-09-05T05:36:33.019111+00:00
2016-11-24,104.7082,portal.amfiindia.com / AMFI Historical NAV,2026-09-05T05:36:33.019111+00:00
2016-11-25,105.0874,portal.amfiindia.com / AMFI Historical NAV,2026-09-05T05:36:33.019111+00:00
2016-11-28,103.1702,portal.amfiindia.com / AMFI Historical NAV,2026-09-05T05:36:33.019111+00:00
2016-11-29,103.3567,portal.amfiindia.com / AMFI Historical NAV,2026-09-05T05:36:33.019111+00:00
2016-11-30,102.8472,portal.amfiindia.com / AMFI Historical NAV,2026-09-05T05:36:33.019111+00:00
2016-12-01,103.7043,portal.amfiindia.com / AMFI Historical NAV,2026-09-05T05:36:33.019111+00:00
2016-12-02,103.1738,portal.amfiindia.com / AMFI Historical NAV,2026-09-05T05:36:33.019111+00:00
2016-12-05,103.0274,portal.amfiindia.com / AMFI Historical NAV,2026-09-05T05:36:33.019111+00:00
2016-12-06,103.0046,portal.amfiindia.com / AMFI Historical NAV,2026-09-05T05:36:33.019111+00:00
2016-12-07,104.2681,portal.amfiindia.com / AMFI Historical NAV,2026-09-05T05:36:33.019111+00:00
2016-12-08,102.5992,portal.amfiindia.com / AMFI Historical NAV,2026-09-05T05:36:33.019111+00:00
2016-12-09,102.5404,portal.amfiindia.com / AMFI Historical NAV,2026-09-05T05:36:33.019111+00:00
2016-12-12,101.9216,portal.amfiindia.com / AMFI Historical NAV,2026-09-05T05:36:33.019111+00:00
2016-12-13,101.5082,portal.amfiindia.com / AMFI Historical NAV,2026-09-05T05:36:33.019111+00:00
2016-12-14,103.5883,portal.amfiindia.com / AMFI Historical NAV,2026-09-05T05:36:33.019111+00:00
2016-12-15,104.0546,portal.amfiindia.com / AMFI Historical NAV,2026-09-05T05:36:33.019111+00:00
2016-12-16,102.7794,portal.amfiindia.com / AMFI Historical NAV,2026-09-05T05:36:33.019111+00:00
2016-12-19,103.7773,portal.amfiindia.com / AMFI Historical NAV,2026-09-05T05:36:33.019111+00:00
2016-12-20,105.3013,portal.amfiindia.com / AMFI Historical NAV,2026-09-05T05:36:33.019111+00:00
2016-12-21,106.3507,portal.amfiindia.com / AMFI Historical NAV,2026-09-05T05:36:33.019111+00:00
2016-12-22,104.2486,portal.amfiindia.com / AMFI Historical NAV,2026-09-05T05:36:33.019111+00:00
2016-12-23,103.6913,portal.amfiindia.com / AMFI Historical NAV,2026-09-05T05:36:33.019111+00:00
2016-12-26,104.5804,portal.amfiindia.com / AMFI Historical NAV,2026-09-05T05:36:33.019111+00:00
2016-12-27,103.3575,portal.amfiindia.com / AMFI Historical NAV,2026-09-05T05:36:33.019111+00:00
2016-12-28,104.2279,portal.amfiindia.com / AMFI Historical NAV,2026-09-05T05:36:33.019111+00:00
2016-12-29,105.29,portal.amfiindia.com / AMFI Historical NAV,2026-09-05T05:36:33.019111+00:00
2016-12-30,104.1963,portal.amfiindia.com / AMFI Historical NAV,2026-09-05T05:36:33.019111+00:00
2017-01-02,104.3129,portal.amfiindia.com / AMFI Historical NAV,2026-09-05T05:36:33.019111+00:00
2017-01-03,102.7144,portal.amfiindia.com / AMFI Historical NAV,2026-09-05T05:36:33.019111+00:00
2017-01-04,102.4763,portal.amfiindia.com / AMFI Historical NAV,2026-09-05T05:36:33.019111+00:00
2017-01-05,102.2321,portal.amfiindia.com / AMFI Historical NAV,2026-09-05T05:36:33.019111+00:00
2017-01-06,102.0164,portal.amfiindia.com / AMFI Historical NAV,2026-09-05T05:36:33.019111+00:00
2017-01-09,102.8181,portal.amfiindia.com / AMFI Historical NAV,2026-09-05T05:36:33.019111+00:00
2017-01-10,102.0759,portal.amfiindia.com / AMFI Historical NAV,2026-09-05T05:36:33.019111+00:00
2017-01-11,101.9553,portal.amfiindia.com / AMFI Historical NAV,2026-09-05T05:36:33.019111+00:00
2017-01-12,101.9244,portal.amfiindia.com / AMFI Historical NAV,2026-09-05T05:36:33.019111+00:00
2017-01-13,102.8106,portal.amfiindia.com / AMFI Historical NAV,2026-09-05T05:36:33.019111+00:00
2017-01-16,102.0293,portal.amfiindia.com / AMFI Historical NAV,2026-09-05T05:36:33.019111+00:00
2017-01-17,102.8242,portal.amfiindia.com / AMFI Historical NAV,2026-09-05T05:36:33.019111+00:00
2017-01-18,103.2915,portal.amfiindia.com / AMFI Historical NAV,2026-09-05T05:36:33.019111+00:00
2017-01-19,102.6736,portal.amfiindia.com / AMFI Historical NAV,2026-09-05T05:36:33.019111+00:00
2017-01-20,102.9463,portal.amfiindia.com / AMFI Historical NAV,2026-09-05T05:36:33.019111+00:00
2017-01-23,103.2736,portal.amfiindia.com / AMFI Historical NAV,2026-09-05T05:36:33.019111+00:00
2017-01-24,102.9311,portal.amfiindia.com / AMFI Historical NAV,2026-09-05T05:36:33.019111+00:00
2017-01-25,103.1959,portal.amfiindia.com / AMFI Historical NAV,2026-09-05T05:36:33.019111+00:00
2017-01-26,103.2661,portal.amfiindia.com / AMFI Historical NAV,2026-09-05T05:36:33.019111+00:00
2017-01-27,103.7451,portal.amfiindia.com / AMFI Historical NAV,2026-09-05T05:36:33.019111+00:00
2017-01-30,103.9714,portal.amfiindia.com / AMFI Historical NAV,2026-09-05T05:36:33.019111+00:00
2017-01-31,104.5505,portal.amfiindia.com / AMFI Historical NAV,2026-09-05T05:36:33.019111+00:00
2017-02-01,103.9266,portal.amfiindia.com / AMFI Historical NAV,2026-09-05T05:36:33.019111+00:00
2017-02-02,104.7682,portal.amfiindia.com / AMFI Historical NAV,2026-09-05T05:36:33.019111+00:00
2017-02-03,104.061,portal.amfiindia.com / AMFI Historical NAV,2026-09-05T05:36:33.019111+00:00
2017-02-06,103.7114,portal.amfiindia.com / AMFI Historical NAV,2026-09-05T05:36:33.019111+00:00
2017-02-07,104.8157,portal.amfiindia.com / AMFI Historical NAV,2026-09-05T05:36:33.019111+00:00
2017-02-08,105.4522,portal.amfiindia.com / AMFI Historical NAV,2026-09-05T05:36:33.019111+00:00
2017-02-09,105.2331,portal.amfiindia.com / AMFI Historical NAV,2026-09-05T05:36:33.019111+00:00
2017-02-10,105.4919,portal.amfiindia.com / AMFI Historical NAV,2026-09-05T05:36:33.019111+00:00
2017-02-13,104.8158,portal.amfiindia.com / AMFI Historical NAV,2026-09-05T05:36:33.019111+00:00
2017-02-14,105.4041,portal.amfiindia.com / AMFI Historical NAV,2026-09-05T05:36:33.019111+00:00
2017-02-15,105.7331,portal.amfiindia.com / AMFI Historical NAV,2026-09-05T05:36:33.019111+00:00
2017-02-16,105.9642,portal.amfiindia.com / AMFI Historical NAV,2026-09-05T05:36:33.019111+00:00
2017-02-17,105.1146,portal.amfiindia.com / AMFI Historical NAV,2026-09-05T05:36:33.019111+00:00
2017-02-20,105.8072,portal.amfiindia.com / AMFI Historical NAV,2026-09-05T05:36:33.019111+00:00
2017-02-21,105.7005,portal.amfiindia.com / AMFI Historical NAV,2026-09-05T05:36:33.019111+00:00
2017-02-22,106.2314,portal.amfiindia.com / AMFI Historical NAV,2026-09-05T05:36:33.019111+00:00
2017-02-23,106.4664,portal.amfiindia.com / AMFI Historical NAV,2026-09-05T05:36:33.019111+00:00
2017-02-24,105.7923,portal.amfiindia.com / AMFI Historical NAV,2026-09-05T05:36:33.019111+00:00
2017-02-27,105.3446,portal.amfiindia.com / AMFI Historical NAV,2026-09-05T05:36:33.019111+00:00
2017-02-28,105.88,portal.amfiindia.com / AMFI Historical NAV,2026-09-05T05:36:33.019111+00:00
2017-03-01,105.8704,portal.amfiindia.com / AMFI Historical NAV,2026-09-05T05:36:33.019111+00:00
2017-03-02,105.7118,portal.amfiindia.com / AMFI Historical NAV,2026-09-05T05:36:33.019111+00:00
2017-03-03,106.0708,portal.amfiindia.com / AMFI Historical NAV,2026-09-05T05:36:33.019111+00:00
2017-03-06,107.634,portal.amfiindia.com / AMFI Historical NAV,2026-09-05T05:36:33.019111+00:00
2017-03-07,107.5764,portal.amfiindia.com / AMFI Historical NAV,2026-09-05T05:36:33.019111+00:00
2017-03-08,107.6518,portal.amfiindia.com / AMFI Historical NAV,2026-09-05T05:36:33.019111+00:00
2017-03-09,107.5209,portal.amfiindia.com / AMFI Historical NAV,2026-09-05T05:36:33.019111+00:00
2017-03-10,107.5108,portal.amfiindia.com / AMFI Historical NAV,2026-09-05T05:36:33.019111+00:00
2017-03-13,108.0516,portal.amfiindia.com / AMFI Historical NAV,2026-09-05T05:36:33.019111+00:00
2017-03-14,108.8605,portal.amfiindia.com / AMFI Historical NAV,2026-09-05T05:36:33.019111+00:00
2017-03-15,109.4454,portal.amfiindia.com / AMFI Historical NAV,2026-09-05T05:36:33.019111+00:00
2017-03-16,110.5164,portal.amfiindia.com / AMFI Historical NAV,2026-09-05T05:36:33.019111+00:00
2017-03-17,110.5169,portal.amfiindia.com / AMFI Historical NAV,2026-09-05T05:36:33.019111+00:00
2017-03-20,111.4088,portal.amfiindia.com / AMFI Historical NAV,2026-09-05T05:36:33.019111+00:00
2017-03-21,111.2831,portal.amfiindia.com / AMFI Historical NAV,2026-09-05T05:36:33.019111+00:00
2017-03-22,111.225,portal.amfiindia.com / AMFI Historical NAV,2026-09-05T05:36:33.019111+00:00
2017-03-23,111.9769,portal.amfiindia.com / AMFI Historical NAV,2026-09-05T05:36:33.019111+00:00
2017-03-24,111.5105,portal.amfiindia.com / AMFI Historical NAV,2026-09-05T05:36:33.019111+00:00
2017-03-27,111.6738,portal.amfiindia.com / AMFI Historical NAV,2026-09-05T05:36:33.019111+00:00
2017-03-28,111.1235,portal.amfiindia.com / AMFI Historical NAV,2026-09-05T05:36:33.019111+00:00
2017-03-29,113.1607,portal.amfiindia.com / AMFI Historical NAV,2026-09-05T05:36:33.019111+00:00
2017-03-30,113.3282,portal.amfiindia.com / AMFI Historical NAV,2026-09-05T05:36:33.019111+00:00
2017-03-31,113.2772,portal.amfiindia.com / AMFI Historical NAV,2026-09-05T05:36:33.019111+00:00
2017-04-03,113.8854,portal.amfiindia.com / AMFI Historical NAV,2026-09-05T05:36:33.019111+00:00
2017-04-04,115.24,portal.amfiindia.com / AMFI Historical NAV,2026-09-05T05:36:33.019111+00:00
2017-04-05,115.8074,portal.amfiindia.com / AMFI Historical NAV,2026-09-05T05:36:33.019111+00:00
2017-04-06,116.5915,portal.amfiindia.com / AMFI Historical NAV,2026-09-05T05:36:33.019111+00:00
2017-04-07,116.7465,portal.amfiindia.com / AMFI Historical NAV,2026-09-05T05:36:33.019111+00:00
2017-04-10,116.3295,portal.amfiindia.com / AMFI Historical NAV,2026-09-05T05:36:33.019111+00:00
2017-04-11,116.3823,portal.amfiindia.com / AMFI Historical NAV,2026-09-05T05:36:33.019111+00:00
2017-04-12,116.0326,portal.amfiindia.com / AMFI Historical NAV,2026-09-05T05:36:33.019111+00:00
2017-04-13,116.8814,portal.amfiindia.com / AMFI Historical NAV,2026-09-05T05:36:33.019111+00:00
2017-04-14,117.0275,portal.amfiindia.com / AMFI Historical NAV,2026-09-05T05:36:33.019111+00:00
2017-04-17,116.6558,portal.amfiindia.com / AMFI Historical NAV,2026-09-05T05:36:33.019111+00:00
2017-04-18,117.1046,portal.amfiindia.com / AMFI Historical NAV,2026-09-05T05:36:33.019111+00:00
2017-04-19,116.3918,portal.amfiindia.com / AMFI Historical NAV,2026-09-05T05:36:33.019111+00:00
2017-04-20,116.3562,portal.amfiindia.com / AMFI Historical NAV,2026-09-05T05:36:33.019111+00:00
2017-04-21,116.25,portal.amfiindia.com / AMFI Historical NAV,2026-09-05T05:36:33.019111+00:00
2017-04-24,116.8835,portal.amfiindia.com / AMFI Historical NAV,2026-09-05T05:36:33.019111+00:00
2017-04-25,117.0961,portal.amfiindia.com / AMFI Historical NAV,2026-09-05T05:36:33.019111+00:00
2017-04-26,116.9859,portal.amfiindia.com / AMFI Historical NAV,2026-09-05T05:36:33.019111+00:00
2017-04-27,117.1688,portal.amfiindia.com / AMFI Historical NAV,2026-09-05T05:36:33.019111+00:00
2017-04-28,117.9218,portal.amfiindia.com / AMFI Historical NAV,2026-09-05T05:36:33.019111+00:00
2017-05-01,117.1026,portal.amfiindia.com / AMFI Historical NAV,2026-09-05T05:36:33.019111+00:00
2017-05-02,116.5112,portal.amfiindia.com / AMFI Historical NAV,2026-09-05T05:36:33.019111+00:00
2017-05-03,116.7983,portal.amfiindia.com / AMFI Historical NAV,2026-09-05T05:36:33.019111+00:00
2017-05-04,116.0344,portal.amfiindia.com / AMFI Historical NAV,2026-09-05T05:36:33.019111+00:00
2017-05-05,116.0643,portal.amfiindia.com / AMFI Historical NAV,2026-09-05T05:36:33.019111+00:00
2017-05-08,117.4882,portal.amfiindia.com / AMFI Historical NAV,2026-09-05T05:36:33.019111+00:00
2017-05-09,118.4526,portal.amfiindia.com / AMFI Historical NAV,2026-09-05T05:36:33.019111+00:00
2017-05-10,118.6485,portal.amfiindia.com / AMFI Historical NAV,2026-09-05T05:36:33.019111+00:00
2017-05-11,118.5787,portal.amfiindia.com / AMFI Historical NAV,2026-09-05T05:36:33.019111+00:00
2017-05-12,117.7997,portal.amfiindia.com / AMFI Historical NAV,2026-09-05T05:36:33.019111+00:00
2017-05-15,117.6803,portal.amfiindia.com / AMFI Historical NAV,2026-09-05T05:36:33.019111+00:00
2017-05-16,118.1649,portal.amfiindia.com / AMFI Historical NAV,2026-09-05T05:36:33.019111+00:00
2017-05-17,118.2238,portal.amfiindia.com / AMFI Historical NAV,2026-09-05T05:36:33.019111+00:00
2017-05-18,117.8945,portal.amfiindia.com / AMFI Historical NAV,2026-09-05T05:36:33.019111+00:00
2017-05-19,118.0194,portal.amfiindia.com / AMFI Historical NAV,2026-09-05T05:36:33.019111+00:00
2017-05-22,119.2789,portal.amfiindia.com / AMFI Historical NAV,2026-09-05T05:36:33.019111+00:00
2017-05-23,119.1255,portal.amfiindia.com / AMFI Historical NAV,2026-09-05T05:36:33.019111+00:00
2017-05-24,119.4194,portal.amfiindia.com / AMFI Historical NAV,2026-09-05T05:36:33.019111+00:00
2017-05-25,119.3099,portal.amfiindia.com / AMFI Historical NAV,2026-09-05T05:36:33.019111+00:00
2017-05-26,118.6058,portal.amfiindia.com / AMFI Historical NAV,2026-09-05T05:36:33.019111+00:00
2017-05-29,118.8356,portal.amfiindia.com / AMFI Historical NAV,2026-09-05T05:36:33.019111+00:00
2017-05-30,118.4711,portal.amfiindia.com / AMFI Historical NAV,2026-09-05T05:36:33.019111+00:00
2017-05-31,119.3748,portal.amfiindia.com / AMFI Historical NAV,2026-09-05T05:36:33.019111+00:00
2017-06-01,118.2985,portal.amfiindia.com / AMFI Historical NAV,2026-09-05T05:36:33.019111+00:00
2017-06-02,118.1286,portal.amfiindia.com / AMFI Historical NAV,2026-09-05T05:36:33.019111+00:00
2017-06-05,118.5147,portal.amfiindia.com / AMFI Historical NAV,2026-09-05T05:36:33.019111+00:00
2017-06-06,119.304,portal.amfiindia.com / AMFI Historical NAV,2026-09-05T05:36:33.019111+00:00
2017-06-07,119.5548,portal.amfiindia.com / AMFI Historical NAV,2026-09-05T05:36:33.019111+00:00
2017-06-08,120.5379,portal.amfiindia.com / AMFI Historical NAV,2026-09-05T05:36:33.019111+00:00
2017-06-09,119.8416,portal.amfiindia.com / AMFI Historical NAV,2026-09-05T05:36:33.019111+00:00
2017-06-12,120.3378,portal.amfiindia.com / AMFI Historical NAV,2026-09-05T05:36:33.019111+00:00
2017-06-13,121.2495,portal.amfiindia.com / AMFI Historical NAV,2026-09-05T05:36:33.019111+00:00
2017-06-14,122.6445,portal.amfiindia.com / AMFI Historical NAV,2026-09-05T05:36:33.019111+00:00
2017-06-15,122.7119,portal.amfiindia.com / AMFI Historical NAV,2026-09-05T05:36:33.019111+00:00
2017-06-16,122.5121,portal.amfiindia.com / AMFI Historical NAV,2026-09-05T05:36:33.019111+00:00
2017-06-19,122.6758,portal.amfiindia.com / AMFI Historical NAV,2026-09-05T05:36:33.019111+00:00
2017-06-20,120.5092,portal.amfiindia.com / AMFI Historical NAV,2026-09-05T05:36:33.019111+00:00
2017-06-21,120.1997,portal.amfiindia.com / AMFI Historical NAV,2026-09-05T05:36:33.019111+00:00
2017-06-22,120.3387,portal.amfiindia.com / AMFI Historical NAV,2026-09-05T05:36:33.019111+00:00
2017-06-23,120.3204,portal.amfiindia.com / AMFI Historical NAV,2026-09-05T05:36:33.019111+00:00
2017-06-26,121.2544,portal.amfiindia.com / AMFI Historical NAV,2026-09-05T05:36:33.019111+00:00
2017-06-27,122.9799,portal.amfiindia.com / AMFI Historical NAV,2026-09-05T05:36:33.019111+00:00
2017-06-28,123.4674,portal.amfiindia.com / AMFI Historical NAV,2026-09-05T05:36:33.019111+00:00
2017-06-29,123.0467,portal.amfiindia.com / AMFI Historical NAV,2026-09-05T05:36:33.019111+00:00
2017-06-30,122.2507,portal.amfiindia.com / AMFI Historical NAV,2026-09-05T05:36:33.019111+00:00
2017-07-03,122.4097,portal.amfiindia.com / AMFI Historical NAV,2026-09-05T05:36:33.019111+00:00
2017-07-04,121.2916,portal.amfiindia.com / AMFI Historical NAV,2026-09-05T05:36:33.019111+00:00
2017-07-05,122.6079,portal.amfiindia.com / AMFI Historical NAV,2026-09-05T05:36:33.019111+00:00
2017-07-06,122.8646,portal.amfiindia.com / AMFI Historical NAV,2026-09-05T05:36:33.019111+00:00
2017-07-07,122.917,portal.amfiindia.com / AMFI Historical NAV,2026-09-05T05:36:33.019111+00:00
2017-07-10,122.2505,portal.amfiindia.com / AMFI Historical NAV,2026-09-05T05:36:33.019111+00:00
2017-07-11,122.5327,portal.amfiindia.com / AMFI Historical NAV,2026-09-05T05:36:33.019111+00:00
2017-07-12,123.1395,portal.amfiindia.com / AMFI Historical NAV,2026-09-05T05:36:33.019111+00:00
2017-07-13,124.1592,portal.amfiindia.com / AMFI Historical NAV,2026-09-05T05:36:33.019111+00:00
2017-07-14,123.6015,portal.amfiindia.com / AMFI Historical NAV,2026-09-05T05:36:33.019111+00:00
2017-07-17,123.0723,portal.amfiindia.com / AMFI Historical NAV,2026-09-05T05:36:33.019111+00:00
2017-07-18,123.4096,portal.amfiindia.com / AMFI Historical NAV,2026-09-05T05:36:33.019111+00:00
2017-07-19,123.9588,portal.amfiindia.com / AMFI Historical NAV,2026-09-05T05:36:33.019111+00:00
2017-07-20,123.7617,portal.amfiindia.com / AMFI Historical NAV,2026-09-05T05:36:33.019111+00:00
2017-07-21,124.9769,portal.amfiindia.com / AMFI Historical NAV,2026-09-05T05:36:33.019111+00:00
2017-07-24,124.4643,portal.amfiindia.com / AMFI Historical NAV,2026-09-05T05:36:33.019111+00:00
2017-07-25,124.9114,portal.amfiindia.com / AMFI Historical NAV,2026-09-05T05:36:33.019111+00:00
2017-07-26,125.1987,portal.amfiindia.com / AMFI Historical NAV,2026-09-05T05:36:33.019111+00:00
2017-07-27,125.8313,portal.amfiindia.com / AMFI Historical NAV,2026-09-05T05:36:33.019111+00:00
2017-07-28,125.7334,portal.amfiindia.com / AMFI Historical NAV,2026-09-05T05:36:33.019111+00:00
2017-07-31,125.3068,portal.amfiindia.com / AMFI Historical NAV,2026-09-05T05:36:33.019111+00:00
2017-08-01,124.2218,portal.amfiindia.com / AMFI Historical NAV,2026-09-05T05:36:33.019111+00:00
2017-08-02,124.7672,portal.amfiindia.com / AMFI Historical NAV,2026-09-05T05:36:33.019111+00:00
2017-08-03,125.7232,portal.amfiindia.com / AMFI Historical NAV,2026-09-05T05:36:33.019111+00:00
2017-08-04,125.3012,portal.amfiindia.com / AMFI Historical NAV,2026-09-05T05:36:33.019111+00:00
2017-08-07,125.9555,portal.amfiindia.com / AMFI Historical NAV,2026-09-05T05:36:33.019111+00:00
2017-08-08,125.9959,portal.amfiindia.com / AMFI Historical NAV,2026-09-05T05:36:33.019111+00:00
2017-08-09,126.3185,portal.amfiindia.com / AMFI Historical NAV,2026-09-05T05:36:33.019111+00:00
2017-08-10,127.0096,portal.amfiindia.com / AMFI Historical NAV,2026-09-05T05:36:33.019111+00:00
2017-08-11,128.0981,portal.amfiindia.com / AMFI Historical NAV,2026-09-05T05:36:33.019111+00:00
2017-08-14,129.4804,portal.amfiindia.com / AMFI Historical NAV,2026-09-05T05:36:33.019111+00:00
2017-08-15,129.9636,portal.amfiindia.com / AMFI Historical NAV,2026-09-05T05:36:33.019111+00:00
2017-08-16,130.4798,portal.amfiindia.com / AMFI Historical NAV,2026-09-05T05:36:33.019111+00:00
2017-08-17,131.1995,portal.amfiindia.com / AMFI Historical NAV,2026-09-05T05:36:33.019111+00:00
2017-08-18,131.7601,portal.amfiindia.com / AMFI Historical NAV,2026-09-05T05:36:33.019111+00:00
2017-08-21,132.2334,portal.amfiindia.com / AMFI Historical NAV,2026-09-05T05:36:33.019111+00:00
2017-08-22,133.1488,portal.amfiindia.com / AMFI Historical NAV,2026-09-05T05:36:33.019111+00:00
2017-08-23,133.8556,portal.amfiindia.com / AMFI Historical NAV,2026-09-05T05:36:33.019111+00:00
2017-08-24,132.5382,portal.amfiindia.com / AMFI Historical NAV,2026-09-05T05:36:33.019111+00:00
2017-08-25,131.8588,portal.amfiindia.com / AMFI Historical NAV,2026-09-05T05:36:33.019111+00:00
2017-08-28,130.5562,portal.amfiindia.com / AMFI Historical NAV,2026-09-05T05:36:33.019111+00:00
2017-08-29,131.2644,portal.amfiindia.com / AMFI Historical NAV,2026-09-05T05:36:33.019111+00:00
2017-08-30,131.3414,portal.amfiindia.com / AMFI Historical NAV,2026-09-05T05:36:33.019111+00:00
2017-08-31,132.4451,portal.amfiindia.com / AMFI Historical NAV,2026-09-05T05:36:33.019111+00:00
2017-09-01,132.5969,portal.amfiindia.com / AMFI Historical NAV,2026-09-05T05:36:33.019111+00:00
2017-09-04,133.6905,portal.amfiindia.com / AMFI Historical NAV,2026-09-05T05:36:33.019111+00:00
2017-09-05,132.8821,portal.amfiindia.com / AMFI Historical NAV,2026-09-05T05:36:33.019111+00:00
2017-09-06,131.8711,portal.amfiindia.com / AMFI Historical NAV,2026-09-05T05:36:33.019111+00:00
2017-09-07,132.2934,portal.amfiindia.com / AMFI Historical NAV,2026-09-05T05:36:33.019111+00:00
2017-09-08,132.8892,portal.amfiindia.com / AMFI Historical NAV,2026-09-05T05:36:33.019111+00:00
2017-09-11,133.1482,portal.amfiindia.com / AMFI Historical NAV,2026-09-05T05:36:33.019111+00:00
2017-09-12,130.7389,portal.amfiindia.com / AMFI Historical NAV,2026-09-05T05:36:33.019111+00:00
2017-09-13,130.9119,portal.amfiindia.com / AMFI Historical NAV,2026-09-05T05:36:33.019111+00:00
2017-09-14,129.5598,portal.amfiindia.com / AMFI Historical NAV,2026-09-05T05:36:33.019111+00:00
2017-09-15,130.3338,portal.amfiindia.com / AMFI Historical NAV,2026-09-05T05:36:33.019111+00:00
2017-09-18,131.2483,portal.amfiindia.com / AMFI Historical NAV,2026-09-05T05:36:33.019111+00:00
2017-09-19,130.4078,portal.amfiindia.com / AMFI Historical NAV,2026-09-05T05:36:33.019111+00:00
2017-09-20,130.0969,portal.amfiindia.com / AMFI Historical NAV,2026-09-05T05:36:33.019111+00:00
2017-09-21,129.3174,portal.amfiindia.com / AMFI Historical NAV,2026-09-05T05:36:33.019111+00:00
2017-09-22,129.8678,portal.amfiindia.com / AMFI Historical NAV,2026-09-05T05:36:33.019111+00:00
2017-09-25,130.6054,portal.amfiindia.com / AMFI Historical NAV,2026-09-05T05:36:33.019111+00:00
2017-09-26,130.7805,portal.amfiindia.com / AMFI Historical NAV,2026-09-05T05:36:33.019111+00:00
2017-09-27,131.3675,portal.amfiindia.com / AMFI Historical NAV,2026-09-05T05:36:33.019111+00:00
2017-09-28,131.2429,portal.amfiindia.com / AMFI Historical NAV,2026-09-05T05:36:33.019111+00:00
2017-09-29,130.8857,portal.amfiindia.com / AMFI Historical NAV,2026-09-05T05:36:33.019111+00:00
2017-10-02,131.2512,portal.amfiindia.com / AMFI Historical NAV,2026-09-05T05:36:33.019111+00:00
2017-10-03,130.0315,portal.amfiindia.com / AMFI Historical NAV,2026-09-05T05:36:33.019111+00:00
2017-10-04,129.8324,portal.amfiindia.com / AMFI Historical NAV,2026-09-05T05:36:33.019111+00:00
2017-10-05,129.1749,portal.amfiindia.com / AMFI Historical NAV,2026-09-05T05:36:33.019111+00:00
2017-10-06,130.7736,portal.amfiindia.com / AMFI Historical NAV,2026-09-05T05:36:33.019111+00:00
2017-10-09,130.8328,portal.amfiindia.com / AMFI Historical NAV,2026-09-05T05:36:33.019111+00:00
2017-10-10,130.1003,portal.amfiindia.com / AMFI Historical NAV,2026-09-05T05:36:33.019111+00:00
2017-10-11,130.346,portal.amfiindia.com / AMFI Historical NAV,2026-09-05T05:36:33.019111+00:00
2017-10-12,129.9634,portal.amfiindia.com / AMFI Historical NAV,2026-09-05T05:36:33.019111+00:00
2017-10-13,129.1863,portal.amfiindia.com / AMFI Historical NAV,2026-09-05T05:36:33.019111+00:00
2017-10-16,129.9553,portal.amfiindia.com / AMFI Historical NAV,2026-09-05T05:36:33.019111+00:00
2017-10-17,130.7599,portal.amfiindia.com / AMFI Historical NAV,2026-09-05T05:36:33.019111+00:00
2017-10-18,130.7238,portal.amfiindia.com / AMFI Historical NAV,2026-09-05T05:36:33.019111+00:00
2017-10-19,130.9873,portal.amfiindia.com / AMFI Historical NAV,2026-09-05T05:36:33.019111+00:00
2017-10-20,130.6656,portal.amfiindia.com / AMFI Historical NAV,2026-09-05T05:36:33.019111+00:00
2017-10-23,128.7837,portal.amfiindia.com / AMFI Historical NAV,2026-09-05T05:36:33.019111+00:00
2017-10-24,127.937,portal.amfiindia.com / AMFI Historical NAV,2026-09-05T05:36:33.019111+00:00
2017-10-25,128.7445,portal.amfiindia.com / AMFI Historical NAV,2026-09-05T05:36:33.019111+00:00
2017-10-26,129.5364,portal.amfiindia.com / AMFI Historical NAV,2026-09-05T05:36:33.019111+00:00
2017-10-27,129.4617,portal.amfiindia.com / AMFI Historical NAV,2026-09-05T05:36:33.019111+00:00
2017-10-30,129.6892,portal.amfiindia.com / AMFI Historical NAV,2026-09-05T05:36:33.019111+00:00
2017-10-31,129.277,portal.amfiindia.com / AMFI Historical NAV,2026-09-05T05:36:33.019111+00:00
2017-11-01,131.1102,portal.amfiindia.com / AMFI Historical NAV,2026-09-05T05:36:33.019111+00:00
2017-11-02,131.4731,portal.amfiindia.com / AMFI Historical NAV,2026-09-05T05:36:33.019111+00:00
2017-11-03,131.5959,portal.amfiindia.com / AMFI Historical NAV,2026-09-05T05:36:33.019111+00:00
2017-11-06,130.8499,portal.amfiindia.com / AMFI Historical NAV,2026-09-05T05:36:33.019111+00:00
2017-11-07,130.3967,portal.amfiindia.com / AMFI Historical NAV,2026-09-05T05:36:33.019111+00:00
2017-11-08,131.261,portal.amfiindia.com / AMFI Historical NAV,2026-09-05T05:36:33.019111+00:00
2017-11-09,131.1673,portal.amfiindia.com / AMFI Historical NAV,2026-09-05T05:36:33.019111+00:00
2017-11-10,129.7802,portal.amfiindia.com / AMFI Historical NAV,2026-09-05T05:36:33.019111+00:00
2017-11-13,130.0768,portal.amfiindia.com / AMFI Historical NAV,2026-09-05T05:36:33.019111+00:00
2017-11-14,130.1324,portal.amfiindia.com / AMFI Historical NAV,2026-09-05T05:36:33.019111+00:00
2017-11-15,131.2951,portal.amfiindia.com / AMFI Historical NAV,2026-09-05T05:36:33.019111+00:00
2017-11-16,132.4785,portal.amfiindia.com / AMFI Historical NAV,2026-09-05T05:36:33.019111+00:00
2017-11-17,132.3666,portal.amfiindia.com / AMFI Historical NAV,2026-09-05T05:36:33.019111+00:00
2017-11-20,132.6702,portal.amfiindia.com / AMFI Historical NAV,2026-09-05T05:36:33.019111+00:00
2017-11-21,132.529,portal.amfiindia.com / AMFI Historical NAV,2026-09-05T05:36:33.019111+00:00
2017-11-22,132.7856,portal.amfiindia.com / AMFI Historical NAV,2026-09-05T05:36:33.019111+00:00
2017-11-23,133.2669,portal.amfiindia.com / AMFI Historical NAV,2026-09-05T05:36:33.019111+00:00
2017-11-24,133.7216,portal.amfiindia.com / AMFI Historical NAV,2026-09-05T05:36:33.019111+00:00
2017-11-27,133.1885,portal.amfiindia.com / AMFI Historical NAV,2026-09-05T05:36:33.019111+00:00
2017-11-28,132.9758,portal.amfiindia.com / AMFI Historical NAV,2026-09-05T05:36:33.019111+00:00
2017-11-29,132.3574,portal.amfiindia.com / AMFI Historical NAV,2026-09-05T05:36:33.019111+00:00
2017-11-30,131.6271,portal.amfiindia.com / AMFI Historical NAV,2026-09-05T05:36:33.019111+00:00
2017-12-01,132.097,portal.amfiindia.com / AMFI Historical NAV,2026-09-05T05:36:33.019111+00:00
2017-12-04,132.8461,portal.amfiindia.com / AMFI Historical NAV,2026-09-05T05:36:33.019111+00:00
2017-12-05,132.1601,portal.amfiindia.com / AMFI Historical NAV,2026-09-05T05:36:33.019111+00:00
2017-12-06,133.0519,portal.amfiindia.com / AMFI Historical NAV,2026-09-05T05:36:33.019111+00:00
2017-12-07,133.0997,portal.amfiindia.com / AMFI Historical NAV,2026-09-05T05:36:33.019111+00:00
2017-12-08,132.5806,portal.amfiindia.com / AMFI Historical NAV,2026-09-05T05:36:33.019111+00:00
2017-12-11,131.8215,portal.amfiindia.com / AMFI Historical NAV,2026-09-05T05:36:33.019111+00:00
2017-12-12,131.2788,portal.amfiindia.com / AMFI Historical NAV,2026-09-05T05:36:33.019111+00:00
2017-12-13,132.0379,portal.amfiindia.com / AMFI Historical NAV,2026-09-05T05:36:33.019111+00:00
2017-12-14,131.8834,portal.amfiindia.com / AMFI Historical NAV,2026-09-05T05:36:33.019111+00:00
2017-12-15,132.4435,portal.amfiindia.com / AMFI Historical NAV,2026-09-05T05:36:33.019111+00:00
2017-12-18,132.8777,portal.amfiindia.com / AMFI Historical NAV,2026-09-05T05:36:33.019111+00:00
2017-12-19,133.007,portal.amfiindia.com / AMFI Historical NAV,2026-09-05T05:36:33.019111+00:00
2017-12-20,132.5933,portal.amfiindia.com / AMFI Historical NAV,2026-09-05T05:36:33.019111+00:00
2017-12-21,132.6052,portal.amfiindia.com / AMFI Historical NAV,2026-09-05T05:36:33.019111+00:00
2017-12-22,132.9772,portal.amfiindia.com / AMFI Historical NAV,2026-09-05T05:36:33.019111+00:00
2017-12-25,132.8427,portal.amfiindia.com / AMFI Historical NAV,2026-09-05T05:36:33.019111+00:00
2017-12-26,132.6254,portal.amfiindia.com / AMFI Historical NAV,2026-09-05T05:36:33.019111+00:00
2017-12-27,133.293,portal.amfiindia.com / AMFI Historical NAV,2026-09-05T05:36:33.019111+00:00
2017-12-28,133.4356,portal.amfiindia.com / AMFI Historical NAV,2026-09-05T05:36:33.019111+00:00
2017-12-29,132.8175,portal.amfiindia.com / AMFI Historical NAV,2026-09-05T05:36:33.019111+00:00
2018-01-01,134.0409,portal.amfiindia.com / AMFI Historical NAV,2026-09-05T05:36:33.019111+00:00
2018-01-02,133.4995,portal.amfiindia.com / AMFI Historical NAV,2026-09-05T05:36:33.019111+00:00
2018-01-03,133.7532,portal.amfiindia.com / AMFI Historical NAV,2026-09-05T05:36:33.019111+00:00
2018-01-04,133.1717,portal.amfiindia.com / AMFI Historical NAV,2026-09-05T05:36:33.019111+00:00
2018-01-05,131.3805,portal.amfiindia.com / AMFI Historical NAV,2026-09-05T05:36:33.019111+00:00
2018-01-08,129.7456,portal.amfiindia.com / AMFI Historical NAV,2026-09-05T05:36:33.019111+00:00
2018-01-09,130.0182,portal.amfiindia.com / AMFI Historical NAV,2026-09-05T05:36:33.019111+00:00
2018-01-10,129.6839,portal.amfiindia.com / AMFI Historical NAV,2026-09-05T05:36:33.019111+00:00
2018-01-11,128.3861,portal.amfiindia.com / AMFI Historical NAV,2026-09-05T05:36:33.019111+00:00
2018-01-12,129.0119,portal.amfiindia.com / AMFI Historical NAV,2026-09-05T05:36:33.019111+00:00
2018-01-15,127.6068,portal.amfiindia.com / AMFI Historical NAV,2026-09-05T05:36:33.019111+00:00
2018-01-16,127.7415,portal.amfiindia.com / AMFI Historical NAV,2026-09-05T05:36:33.019111+00:00
2018-01-17,127.4687,portal.amfiindia.com / AMFI Historical NAV,2026-09-05T05:36:33.019111+00:00
2018-01-18,127.0041,portal.amfiindia.com / AMFI Historical NAV,2026-09-05T05:36:33.019111+00:00
2018-01-19,127.3332,portal.amfiindia.com / AMFI Historical NAV,2026-09-05T05:36:33.019111+00:00
2018-01-22,126.2759,portal.amfiindia.com / AMFI Historical NAV,2026-09-05T05:36:33.019111+00:00
2018-01-23,126.2964,portal.amfiindia.com / AMFI Historical NAV,2026-09-05T05:36:33.019111+00:00
2018-01-24,127.0211,portal.amfiindia.com / AMFI Historical NAV,2026-09-05T05:36:33.019111+00:00
2018-01-25,126.6102,portal.amfiindia.com / AMFI Historical NAV,2026-09-05T05:36:33.019111+00:00
2018-01-26,127.3484,portal.amfiindia.com / AMFI Historical NAV,2026-09-05T05:36:33.019111+00:00
2018-01-29,126.8251,portal.amfiindia.com / AMFI Historical NAV,2026-09-05T05:36:33.019111+00:00
2018-01-30,126.8437,portal.amfiindia.com / AMFI Historical NAV,2026-09-05T05:36:33.019111+00:00
2018-01-31,127.2784,portal.amfiindia.com / AMFI Historical NAV,2026-09-05T05:36:33.019111+00:00
2018-02-01,124.4027,portal.amfiindia.com / AMFI Historical NAV,2026-09-05T05:36:33.019111+00:00
2018-02-02,123.6882,portal.amfiindia.com / AMFI Historical NAV,2026-09-05T05:36:33.019111+00:00
2018-02-05,124.3629,portal.amfiindia.com / AMFI Historical NAV,2026-09-05T05:36:33.019111+00:00
2018-02-06,124.5864,portal.amfiindia.com / AMFI Historical NAV,2026-09-05T05:36:33.019111+00:00
2018-02-07,125.1457,portal.amfiindia.com / AMFI Historical NAV,2026-09-05T05:36:33.019111+00:00
2018-02-08,124.2528,portal.amfiindia.com / AMFI Historical NAV,2026-09-05T05:36:33.019111+00:00
2018-02-09,123.4682,portal.amfiindia.com / AMFI Historical NAV,2026-09-05T05:36:33.019111+00:00
2018-02-12,123.1975,portal.amfiindia.com / AMFI Historical NAV,2026-09-05T05:36:33.019111+00:00
2018-02-13,124.8364,portal.amfiindia.com / AMFI Historical NAV,2026-09-05T05:36:33.019111+00:00
2018-02-14,124.9574,portal.amfiindia.com / AMFI Historical NAV,2026-09-05T05:36:33.019111+00:00
2018-02-15,125.3279,portal.amfiindia.com / AMFI Historical NAV,2026-09-05T05:36:33.019111+00:00
2018-02-16,125.017,portal.amfiindia.com / AMFI Historical NAV,2026-09-05T05:36:33.019111+00:00
2018-02-19,124.0843,portal.amfiindia.com / AMFI Historical NAV,2026-09-05T05:36:33.019111+00:00
2018-02-20,123.829,portal.amfiindia.com / AMFI Historical NAV,2026-09-05T05:36:33.019111+00:00
2018-02-21,124.856,portal.amfiindia.com / AMFI Historical NAV,2026-09-05T05:36:33.019111+00:00
2018-02-22,124.3137,portal.amfiindia.com / AMFI Historical NAV,2026-09-05T05:36:33.019111+00:00
2018-02-23,124.1981,portal.amfiindia.com / AMFI Historical NAV,2026-09-05T05:36:33.019111+00:00
2018-02-26,126.439,portal.amfiindia.com / AMFI Historical NAV,2026-09-05T05:36:33.019111+00:00
2018-02-27,126.5558,portal.amfiindia.com / AMFI Historical NAV,2026-09-05T05:36:33.019111+00:00
2018-02-28,126.3058,portal.amfiindia.com / AMFI Historical NAV,2026-09-05T05:36:33.019111+00:00
2018-03-01,127.8052,portal.amfiindia.com / AMFI Historical NAV,2026-09-05T05:36:33.019111+00:00
2018-03-02,127.9733,portal.amfiindia.com / AMFI Historical NAV,2026-09-05T05:36:33.019111+00:00
2018-03-05,125.5799,portal.amfiindia.com / AMFI Historical NAV,2026-09-05T05:36:33.019111+00:00
2018-03-06,124.6016,portal.amfiindia.com / AMFI Historical NAV,2026-09-05T05:36:33.019111+00:00
2018-03-07,122.206,portal.amfiindia.com / AMFI Historical NAV,2026-09-05T05:36:33.019111+00:00
2018-03-08,121.6829,portal.amfiindia.com / AMFI Historical NAV,2026-09-05T05:36:33.019111+00:00
2018-03-09,121.1333,portal.amfiindia.com / AMFI Historical NAV,2026-09-05T05:36:33.019111+00:00
2018-03-12,122.8451,portal.amfiindia.com / AMFI Historical NAV,2026-09-05T05:36:33.019111+00:00
2018-03-13,123.0748,portal.amfiindia.com / AMFI Historical NAV,2026-09-05T05:36:33.019111+00:00
2018-03-14,122.9341,portal.amfiindia.com / AMFI Historical NAV,2026-09-05T05:36:33.019111+00:00
2018-03-15,123.5927,portal.amfiindia.com / AMFI Historical NAV,2026-09-05T05:36:33.019111+00:00
2018-03-16,121.1949,portal.amfiindia.com / AMFI Historical NAV,2026-09-05T05:36:33.019111+00:00
2018-03-19,121.3136,portal.amfiindia.com / AMFI Historical NAV,2026-09-05T05:36:33.019111+00:00
2018-03-20,122.007,portal.amfiindia.com / AMFI Historical NAV,2026-09-05T05:36:33.019111+00:00
2018-03-21,120.429,portal.amfiindia.com / AMFI Historical NAV,2026-09-05T05:36:33.019111+00:00
2018-03-22,121.6487,portal.amfiindia.com / AMFI Historical NAV,2026-09-05T05:36:33.019111+00:00
2018-03-23,122.2779,portal.amfiindia.com / AMFI Historical NAV,2026-09-05T05:36:33.019111+00:00
2018-03-26,121.772,portal.amfiindia.com / AMFI Historical NAV,2026-09-05T05:36:33.019111+00:00
2018-03-27,122.3127,portal.amfiindia.com / AMFI Historical NAV,2026-09-05T05:36:33.019111+00:00
2018-03-28,124.6888,portal.amfiindia.com / AMFI Historical NAV,2026-09-05T05:36:33.019111+00:00
2018-03-29,124.609,portal.amfiindia.com / AMFI Historical NAV,2026-09-05T05:36:33.019111+00:00
2018-03-30,124.7349,portal.amfiindia.com / AMFI Historical NAV,2026-09-05T05:36:33.019111+00:00
2018-04-02,124.9755,portal.amfiindia.com / AMFI Historical NAV,2026-09-05T05:36:33.019111+00:00
2018-04-03,123.6814,portal.amfiindia.com / AMFI Historical NAV,2026-09-05T05:36:33.019111+00:00
2018-04-04,124.473,portal.amfiindia.com / AMFI Historical NAV,2026-09-05T05:36:33.019111+00:00
2018-04-05,123.3733,portal.amfiindia.com / AMFI Historical NAV,2026-09-05T05:36:33.019111+00:00
2018-04-06,123.3471,portal.amfiindia.com / AMFI Historical NAV,2026-09-05T05:36:33.019111+00:00
2018-04-09,122.6908,portal.amfiindia.com / AMFI Historical NAV,2026-09-05T05:36:33.019111+00:00
2018-04-10,123.3004,portal.amfiindia.com / AMFI Historical NAV,2026-09-05T05:36:33.019111+00:00
2018-04-11,123.0186,portal.amfiindia.com / AMFI Historical NAV,2026-09-05T05:36:33.019111+00:00
2018-04-12,124.5169,portal.amfiindia.com / AMFI Historical NAV,2026-09-05T05:36:33.019111+00:00
2018-04-13,124.1789,portal.amfiindia.com / AMFI Historical NAV,2026-09-05T05:36:33.019111+00:00
2018-04-16,123.4067,portal.amfiindia.com / AMFI Historical NAV,2026-09-05T05:36:33.019111+00:00
2018-04-17,121.4861,portal.amfiindia.com / AMFI Historical NAV,2026-09-05T05:36:33.019111+00:00
2018-04-18,120.6402,portal.amfiindia.com / AMFI Historical NAV,2026-09-05T05:36:33.019111+00:00
2018-04-19,120.9422,portal.amfiindia.com / AMFI Historical NAV,2026-09-05T05:36:33.019111+00:00
2018-04-20,122.6751,portal.amfiindia.com / AMFI Historical NAV,2026-09-05T05:36:33.019111+00:00
2018-04-23,121.8623,portal.amfiindia.com / AMFI Historical NAV,2026-09-05T05:36:33.019111+00:00
2018-04-24,122.1255,portal.amfiindia.com / AMFI Historical NAV,2026-09-05T05:36:33.019111+00:00
2018-04-25,123.3237,portal.amfiindia.com / AMFI Historical NAV,2026-09-05T05:36:33.019111+00:00
2018-04-26,123.7419,portal.amfiindia.com / AMFI Historical NAV,2026-09-05T05:36:33.019111+00:00
2018-04-27,125.8762,portal.amfiindia.com / AMFI Historical NAV,2026-09-05T05:36:33.019111+00:00
2018-04-30,124.5056,portal.amfiindia.com / AMFI Historical NAV,2026-09-05T05:36:33.019111+00:00
2018-05-01,123.0723,portal.amfiindia.com / AMFI Historical NAV,2026-09-05T05:36:33.019111+00:00
2018-05-02,120.8594,portal.amfiindia.com / AMFI Historical NAV,2026-09-05T05:36:33.019111+00:00
2018-05-03,122.045,portal.amfiindia.com / AMFI Historical NAV,2026-09-05T05:36:33.019111+00:00
2018-05-04,122.8333,portal.amfiindia.com / AMFI Historical NAV,2026-09-05T05:36:33.019111+00:00
2018-05-07,123.0454,portal.amfiindia.com / AMFI Historical NAV,2026-09-05T05:36:33.019111+00:00
2018-05-08,123.6475,portal.amfiindia.com / AMFI Historical NAV,2026-09-05T05:36:33.019111+00:00
2018-05-09,122.6175,portal.amfiindia.com / AMFI Historical NAV,2026-09-05T05:36:33.019111+00:00
2018-05-10,125.0729,portal.amfiindia.com / AMFI Historical NAV,2026-09-05T05:36:33.019111+00:00
2018-05-11,125.4709,portal.amfiindia.com / AMFI Historical NAV,2026-09-05T05:36:33.019111+00:00
2018-05-14,125.6955,portal.amfiindia.com / AMFI Historical NAV,2026-09-05T05:36:33.019111+00:00
2018-05-15,126.5393,portal.amfiindia.com / AMFI Historical NAV,2026-09-05T05:36:33.019111+00:00
2018-05-16,126.832,portal.amfiindia.com / AMFI Historical NAV,2026-09-05T05:36:33.019111+00:00
2018-05-17,126.8808,portal.amfiindia.com / AMFI Historical NAV,2026-09-05T05:36:33.019111+00:00
2018-05-18,126.0091,portal.amfiindia.com / AMFI Historical NAV,2026-09-05T05:36:33.019111+00:00
2018-05-21,127.4435,portal.amfiindia.com / AMFI Historical NAV,2026-09-05T05:36:33.019111+00:00
2018-05-22,129.6657,portal.amfiindia.com / AMFI Historical NAV,2026-09-05T05:36:33.019111+00:00
2018-05-23,130.9567,portal.amfiindia.com / AMFI Historical NAV,2026-09-05T05:36:33.019111+00:00
2018-05-24,132.4604,portal.amfiindia.com / AMFI Historical NAV,2026-09-05T05:36:33.019111+00:00
2018-05-25,131.6526,portal.amfiindia.com / AMFI Historical NAV,2026-09-05T05:36:33.019111+00:00
2018-05-28,131.3471,portal.amfiindia.com / AMFI Historical NAV,2026-09-05T05:36:33.019111+00:00
2018-05-29,131.0301,portal.amfiindia.com / AMFI Historical NAV,2026-09-05T05:36:33.019111+00:00
2018-05-30,131.4375,portal.amfiindia.com / AMFI Historical NAV,2026-09-05T05:36:33.019111+00:00
2018-05-31,132.5469,portal.amfiindia.com / AMFI Historical NAV,2026-09-05T05:36:33.019111+00:00
2018-06-01,130.6539,portal.amfiindia.com / AMFI Historical NAV,2026-09-05T05:36:33.019111+00:00
2018-06-04,132.7173,portal.amfiindia.com / AMFI Historical NAV,2026-09-05T05:36:33.019111+00:00
2018-06-05,132.2904,portal.amfiindia.com / AMFI Historical NAV,2026-09-05T05:36:33.019111+00:00
2018-06-06,131.523,portal.amfiindia.com / AMFI Historical NAV,2026-09-05T05:36:33.019111+00:00
2018-06-07,130.9871,portal.amfiindia.com / AMFI Historical NAV,2026-09-05T05:36:33.019111+00:00
2018-06-08,129.4442,portal.amfiindia.com / AMFI Historical NAV,2026-09-05T05:36:33.019111+00:00
2018-06-11,130.6797,portal.amfiindia.com / AMFI Historical NAV,2026-09-05T05:36:33.019111+00:00
2018-06-12,131.0595,portal.amfiindia.com / AMFI Historical NAV,2026-09-05T05:36:33.019111+00:00
2018-06-13,129.732,portal.amfiindia.com / AMFI Historical NAV,2026-09-05T05:36:33.019111+00:00
2018-06-14,129.0186,portal.amfiindia.com / AMFI Historical NAV,2026-09-05T05:36:33.019111+00:00
2018-06-15,128.6392,portal.amfiindia.com / AMFI Historical NAV,2026-09-05T05:36:33.019111+00:00
2018-06-18,130.7466,portal.amfiindia.com / AMFI Historical NAV,2026-09-05T05:36:33.019111+00:00
2018-06-19,129.8638,portal.amfiindia.com / AMFI Historical NAV,2026-09-05T05:36:33.019111+00:00
2018-06-20,127.8033,portal.amfiindia.com / AMFI Historical NAV,2026-09-05T05:36:33.019111+00:00
2018-06-21,127.052,portal.amfiindia.com / AMFI Historical NAV,2026-09-05T05:36:33.019111+00:00
2018-06-22,127.2181,portal.amfiindia.com / AMFI Historical NAV,2026-09-05T05:36:33.019111+00:00
2018-06-25,123.1977,portal.amfiindia.com / AMFI Historical NAV,2026-09-05T05:36:33.019111+00:00
2018-06-26,122.9771,portal.amfiindia.com / AMFI Historical NAV,2026-09-05T05:36:33.019111+00:00
2018-06-27,121.6088,portal.amfiindia.com / AMFI Historical NAV,2026-09-05T05:36:33.019111+00:00
2018-06-28,122.0413,portal.amfiindia.com / AMFI Historical NAV,2026-09-05T05:36:33.019111+00:00
2018-06-29,123.8436,portal.amfiindia.com / AMFI Historical NAV,2026-09-05T05:36:33.019111+00:00
2018-07-02,125.5786,portal.amfiindia.com / AMFI Historical NAV,2026-09-05T05:36:33.019111+00:00
2018-07-03,125.4164,portal.amfiindia.com / AMFI Historical NAV,2026-09-05T05:36:33.019111+00:00
2018-07-04,123.8631,portal.amfiindia.com / AMFI Historical NAV,2026-09-05T05:36:33.019111+00:00
2018-07-05,127.0641,portal.amfiindia.com / AMFI Historical NAV,2026-09-05T05:36:33.019111+00:00
2018-07-06,127.1242,portal.amfiindia.com / AMFI Historical NAV,2026-09-05T05:36:33.019111+00:00
2018-07-09,127.1409,portal.amfiindia.com / AMFI Historical NAV,2026-09-05T05:36:33.019111+00:00
2018-07-10,126.6419,portal.amfiindia.com / AMFI Historical NAV,2026-09-05T05:36:33.019111+00:00
2018-07-11,126.4743,portal.amfiindia.com / AMFI Historical NAV,2026-09-05T05:36:33.019111+00:00
2018-07-12,125.9867,portal.amfiindia.com / AMFI Historical NAV,2026-09-05T05:36:33.019111+00:00
2018-07-13,125.3523,portal.amfiindia.com / AMFI Historical NAV,2026-09-05T05:36:33.019111+00:00
2018-07-16,124.7625,portal.amfiindia.com / AMFI Historical NAV,2026-09-05T05:36:33.019111+00:00
2018-07-17,125.2914,portal.amfiindia.com / AMFI Historical NAV,2026-09-05T05:36:33.019111+00:00
2018-07-18,124.8212,portal.amfiindia.com / AMFI Historical NAV,2026-09-05T05:36:33.019111+00:00
2018-07-19,123.0078,portal.amfiindia.com / AMFI Historical NAV,2026-09-05T05:36:33.019111+00:00
2018-07-20,123.2076,portal.amfiindia.com / AMFI Historical NAV,2026-09-05T05:36:33.019111+00:00
2018-07-23,122.3811,portal.amfiindia.com / AMFI Historical NAV,2026-09-05T05:36:33.019111+00:00
2018-07-24,123.6408,portal.amfiindia.com / AMFI Historical NAV,2026-09-05T05:36:33.019111+00:00
2018-07-25,120.4293,portal.amfiindia.com / AMFI Historical NAV,2026-09-05T05:36:33.019111+00:00
2018-07-26,121.3391,portal.amfiindia.com / AMFI Historical NAV,2026-09-05T05:36:33.019111+00:00
2018-07-27,122.1625,portal.amfiindia.com / AMFI Historical NAV,2026-09-05T05:36:33.019111+00:00
2018-07-30,119.9853,portal.amfiindia.com / AMFI Historical NAV,2026-09-05T05:36:33.019111+00:00
2018-07-31,119.1015,portal.amfiindia.com / AMFI Historical NAV,2026-09-05T05:36:33.019111+00:00
2018-08-01,118.8255,portal.amfiindia.com / AMFI Historical NAV,2026-09-05T05:36:33.019111+00:00
2018-08-02,118.1321,portal.amfiindia.com / AMFI Historical NAV,2026-09-05T05:36:33.019111+00:00
2018-08-03,116.8364,portal.amfiindia.com / AMFI Historical NAV,2026-09-05T05:36:33.019111+00:00
2018-08-06,115.5775,portal.amfiindia.com / AMFI Historical NAV,2026-09-05T05:36:33.019111+00:00
2018-08-07,116.4808,portal.amfiindia.com / AMFI Historical NAV,2026-09-05T05:36:33.019111+00:00
2018-08-08,117.327,portal.amfiindia.com / AMFI Historical NAV,2026-09-05T05:36:33.019111+00:00
2018-08-09,118.8598,portal.amfiindia.com / AMFI Historical NAV,2026-09-05T05:36:33.019111+00:00
2018-08-10,119.8627,portal.amfiindia.com / AMFI Historical NAV,2026-09-05T05:36:33.019111+00:00
2018-08-13,118.6817,portal.amfiindia.com / AMFI Historical NAV,2026-09-05T05:36:33.019111+00:00
2018-08-14,118.4357,portal.amfiindia.com / AMFI Historical NAV,2026-09-05T05:36:33.019111+00:00
2018-08-15,119.8404,portal.amfiindia.com / AMFI Historical NAV,2026-09-05T05:36:33.019111+00:00
2018-08-16,119.1488,portal.amfiindia.com / AMFI Historical NAV,2026-09-05T05:36:33.019111+00:00
2018-08-17,119.7006,portal.amfiindia.com / AMFI Historical NAV,2026-09-05T05:36:33.019111+00:00
2018-08-20,118.9128,portal.amfiindia.com / AMFI Historical NAV,2026-09-05T05:36:33.019111+00:00
2018-08-21,118.3615,portal.amfiindia.com / AMFI Historical NAV,2026-09-05T05:36:33.019111+00:00
2018-08-22,118.7569,portal.amfiindia.com / AMFI Historical NAV,2026-09-05T05:36:33.019111+00:00
2018-08-23,119.3717,portal.amfiindia.com / AMFI Historical NAV,2026-09-05T05:36:33.019111+00:00
2018-08-24,118.5554,portal.amfiindia.com / AMFI Historical NAV,2026-09-05T05:36:33.019111+00:00
2018-08-27,119.7322,portal.amfiindia.com / AMFI Historical NAV,2026-09-05T05:36:33.019111+00:00
2018-08-28,118.8765,portal.amfiindia.com / AMFI Historical NAV,2026-09-05T05:36:33.019111+00:00
2018-08-29,119.4755,portal.amfiindia.com / AMFI Historical NAV,2026-09-05T05:36:33.019111+00:00
2018-08-30,119.7503,portal.amfiindia.com / AMFI Historical NAV,2026-09-05T05:36:33.019111+00:00
2018-08-31,119.8322,portal.amfiindia.com / AMFI Historical NAV,2026-09-05T05:36:33.019111+00:00
2018-09-03,119.4897,portal.amfiindia.com / AMFI Historical NAV,2026-09-05T05:36:33.019111+00:00
2018-09-04,118.0382,portal.amfiindia.com / AMFI Historical NAV,2026-09-05T05:36:33.019111+00:00
2018-09-05,118.9754,portal.amfiindia.com / AMFI Historical NAV,2026-09-05T05:36:33.019111+00:00
2018-09-06,118.7742,portal.amfiindia.com / AMFI Historical NAV,2026-09-05T05:36:33.019111+00:00
2018-09-07,118.2774,portal.amfiindia.com / AMFI Historical NAV,2026-09-05T05:36:33.019111+00:00
2018-09-10,119.5785,portal.amfiindia.com / AMFI Historical NAV,2026-09-05T05:36:33.019111+00:00
2018-09-11,118.8088,portal.amfiindia.com / AMFI Historical NAV,2026-09-05T05:36:33.019111+00:00
2018-09-12,117.186,portal.amfiindia.com / AMFI Historical NAV,2026-09-05T05:36:33.019111+00:00
2018-09-13,115.418,portal.amfiindia.com / AMFI Historical NAV,2026-09-05T05:36:33.019111+00:00
2018-09-14,115.8125,portal.amfiindia.com / AMFI Historical NAV,2026-09-05T05:36:33.019111+00:00
2018-09-17,114.7632,portal.amfiindia.com / AMFI Historical NAV,2026-09-05T05:36:33.019111+00:00
2018-09-18,116.3089,portal.amfiindia.com / AMFI Historical NAV,2026-09-05T05:36:33.019111+00:00
2018-09-19,114.4517,portal.amfiindia.com / AMFI Historical NAV,2026-09-05T05:36:33.019111+00:00
2018-09-20,116.1627,portal.amfiindia.com / AMFI Historical NAV,2026-09-05T05:36:33.019111+00:00
2018-09-21,116.1857,portal.amfiindia.com / AMFI Historical NAV,2026-09-05T05:36:33.019111+00:00
2018-09-24,116.2898,portal.amfiindia.com / AMFI Historical NAV,2026-09-05T05:36:33.019111+00:00
2018-09-25,115.4638,portal.amfiindia.com / AMFI Historical NAV,2026-09-05T05:36:33.019111+00:00
2018-09-26,116.0802,portal.amfiindia.com / AMFI Historical NAV,2026-09-05T05:36:33.019111+00:00
2018-09-27,116.1036,portal.amfiindia.com / AMFI Historical NAV,2026-09-05T05:36:33.019111+00:00
2018-09-28,117.0162,portal.amfiindia.com / AMFI Historical NAV,2026-09-05T05:36:33.019111+00:00
2018-10-01,117.3078,portal.amfiindia.com / AMFI Historical NAV,2026-09-05T05:36:33.019111+00:00
2018-10-02,117.6438,portal.amfiindia.com / AMFI Historical NAV,2026-09-05T05:36:33.019111+00:00
2018-10-03,117.662,portal.amfiindia.com / AMFI Historical NAV,2026-09-05T05:36:33.019111+00:00
2018-10-04,117.9315,portal.amfiindia.com / AMFI Historical NAV,2026-09-05T05:36:33.019111+00:00
2018-10-05,118.414,portal.amfiindia.com / AMFI Historical NAV,2026-09-05T05:36:33.019111+00:00
2018-10-08,116.2109,portal.amfiindia.com / AMFI Historical NAV,2026-09-05T05:36:33.019111+00:00
2018-10-09,115.6675,portal.amfiindia.com / AMFI Historical NAV,2026-09-05T05:36:33.019111+00:00
2018-10-10,115.9284,portal.amfiindia.com / AMFI Historical NAV,2026-09-05T05:36:33.019111+00:00
2018-10-11,116.4216,portal.amfiindia.com / AMFI Historical NAV,2026-09-05T05:36:33.019111+00:00
2018-10-12,116.3707,portal.amfiindia.com / AMFI Historical NAV,2026-09-05T05:36:33.019111+00:00
2018-10-15,115.9677,portal.amfiindia.com / AMFI Historical NAV,2026-09-05T05:36:33.019111+00:00
2018-10-16,116.2687,portal.amfiindia.com / AMFI Historical NAV,2026-09-05T05:36:33.019111+00:00
2018-10-17,115.6744,portal.amfiindia.com / AMFI Historical NAV,2026-09-05T05:36:33.019111+00:00
2018-10-18,115.3195,portal.amfiindia.com / AMFI Historical NAV,2026-09-05T05:36:33.019111+00:00
2018-10-19,115.2604,portal.amfiindia.com / AMFI Historical NAV,2026-09-05T05:36:33.019111+00:00
2018-10-22,114.161,portal.amfiindia.com / AMFI Historical NAV,2026-09-05T05:36:33.019111+00:00
2018-10-23,113.7611,portal.amfiindia.com / AMFI Historical NAV,2026-09-05T05:36:33.019111+00:00
2018-10-24,112.6291,portal.amfiindia.com / AMFI Historical NAV,2026-09-05T05:36:33.019111+00:00
2018-10-25,113.2803,portal.amfiindia.com / AMFI Historical NAV,2026-09-05T05:36:33.019111+00:00
2018-10-26,113.8529,portal.amfiindia.com / AMFI Historical NAV,2026-09-05T05:36:33.019111+00:00
2018-10-29,114.0641,portal.amfiindia.com / AMFI Historical NAV,2026-09-05T05:36:33.019111+00:00
2018-10-30,115.0096,portal.amfiindia.com / AMFI Historical NAV,2026-09-05T05:36:33.019111+00:00
2018-10-31,116.9703,portal.amfiindia.com / AMFI Historical NAV,2026-09-05T05:36:33.019111+00:00
2018-11-01,118.4191,portal.amfiindia.com / AMFI Historical NAV,2026-09-05T05:36:33.019111+00:00
2018-11-02,117.0822,portal.amfiindia.com / AMFI Historical NAV,2026-09-05T05:36:33.019111+00:00
2018-11-05,116.349,portal.amfiindia.com / AMFI Historical NAV,2026-09-05T05:36:33.019111+00:00
2018-11-06,116.0246,portal.amfiindia.com / AMFI Historical NAV,2026-09-05T05:36:33.019111+00:00
2018-11-07,116.4544,portal.amfiindia.com / AMFI Historical NAV,2026-09-05T05:36:33.019111+00:00
2018-11-08,116.7578,portal.amfiindia.com / AMFI Historical NAV,2026-09-05T05:36:33.019111+00:00
2018-11-09,116.6136,portal.amfiindia.com / AMFI Historical NAV,2026-09-05T05:36:33.019111+00:00
2018-11-12,117.2055,portal.amfiindia.com / AMFI Historical NAV,2026-09-05T05:36:33.019111+00:00
2018-11-13,117.0396,portal.amfiindia.com / AMFI Historical NAV,2026-09-05T05:36:33.019111+00:00
2018-11-14,116.3766,portal.amfiindia.com / AMFI Historical NAV,2026-09-05T05:36:33.019111+00:00
2018-11-15,115.2598,portal.amfiindia.com / AMFI Historical NAV,2026-09-05T05:36:33.019111+00:00
2018-11-16,114.6737,portal.amfiindia.com / AMFI Historical NAV,2026-09-05T05:36:33.019111+00:00
2018-11-19,113.2024,portal.amfiindia.com / AMFI Historical NAV,2026-09-05T05:36:33.019111+00:00
2018-11-20,113.0465,portal.amfiindia.com / AMFI Historical NAV,2026-09-05T05:36:33.019111+00:00
2018-11-21,113.9059,portal.amfiindia.com / AMFI Historical NAV,2026-09-05T05:36:33.019111+00:00
2018-11-22,113.3215,portal.amfiindia.com / AMFI Historical NAV,2026-09-05T05:36:33.019111+00:00
2018-11-23,115.2076,portal.amfiindia.com / AMFI Historical NAV,2026-09-05T05:36:33.019111+00:00
2018-11-26,115.19,portal.amfiindia.com / AMFI Historical NAV,2026-09-05T05:36:33.019111+00:00
2018-11-27,115.1807,portal.amfiindia.com / AMFI Historical NAV,2026-09-05T05:36:33.019111+00:00
2018-11-28,114.6387,portal.amfiindia.com / AMFI Historical NAV,2026-09-05T05:36:33.019111+00:00
2018-11-29,115.4706,portal.amfiindia.com / AMFI Historical NAV,2026-09-05T05:36:33.019111+00:00
2018-11-30,115.1294,portal.amfiindia.com / AMFI Historical NAV,2026-09-05T05:36:33.019111+00:00
2018-12-03,115.3992,portal.amfiindia.com / AMFI Historical NAV,2026-09-05T05:36:33.019111+00:00
2018-12-04,117.3462,portal.amfiindia.com / AMFI Historical NAV,2026-09-05T05:36:33.019111+00:00
2018-12-05,117.4999,portal.amfiindia.com / AMFI Historical NAV,2026-09-05T05:36:33.019111+00:00
2018-12-06,118.9965,portal.amfiindia.com / AMFI Historical NAV,2026-09-05T05:36:33.019111+00:00
2018-12-07,118.7355,portal.amfiindia.com / AMFI Historical NAV,2026-09-05T05:36:33.019111+00:00
2018-12-10,119.0519,portal.amfiindia.com / AMFI Historical NAV,2026-09-05T05:36:33.019111+00:00
2018-12-11,120.6469,portal.amfiindia.com / AMFI Historical NAV,2026-09-05T05:36:33.019111+00:00
2018-12-12,119.6457,portal.amfiindia.com / AMFI Historical NAV,2026-09-05T05:36:33.019111+00:00
2018-12-13,120.802,portal.amfiindia.com / AMFI Historical NAV,2026-09-05T05:36:33.019111+00:00
2018-12-14,121.6055,portal.amfiindia.com / AMFI Historical NAV,2026-09-05T05:36:33.019111+00:00
2018-12-17,121.1941,portal.amfiindia.com / AMFI Historical NAV,2026-09-05T05:36:33.019111+00:00
2018-12-18,121.9326,portal.amfiindia.com / AMFI Historical NAV,2026-09-05T05:36:33.019111+00:00
2018-12-19,123.41,portal.amfiindia.com / AMFI Historical NAV,2026-09-05T05:36:33.019111+00:00
2018-12-20,124.2591,portal.amfiindia.com / AMFI Historical NAV,2026-09-05T05:36:33.019111+00:00
2018-12-21,123.4605,portal.amfiindia.com / AMFI Historical NAV,2026-09-05T05:36:33.019111+00:00
2018-12-24,122.9437,portal.amfiindia.com / AMFI Historical NAV,2026-09-05T05:36:33.019111+00:00
2018-12-25,122.4973,portal.amfiindia.com / AMFI Historical NAV,2026-09-05T05:36:33.019111+00:00
2018-12-26,122.4721,portal.amfiindia.com / AMFI Historical NAV,2026-09-05T05:36:33.019111+00:00
2018-12-27,122.7514,portal.amfiindia.com / AMFI Historical NAV,2026-09-05T05:36:33.019111+00:00
2018-12-28,123.5317,portal.amfiindia.com / AMFI Historical NAV,2026-09-05T05:36:33.019111+00:00
2018-12-31,122.7615,portal.amfiindia.com / AMFI Historical NAV,2026-09-05T05:36:33.019111+00:00
2019-01-01,123.3288,portal.amfiindia.com / AMFI Historical NAV,2026-09-05T05:36:33.019111+00:00
2019-01-02,124.3566,portal.amfiindia.com / AMFI Historical NAV,2026-09-05T05:36:33.019111+00:00
2019-01-03,124.1353,portal.amfiindia.com / AMFI Historical NAV,2026-09-05T05:36:33.019111+00:00
2019-01-04,125.3254,portal.amfiindia.com / AMFI Historical NAV,2026-09-05T05:36:33.019111+00:00
2019-01-07,125.6027,portal.amfiindia.com / AMFI Historical NAV,2026-09-05T05:36:33.019111+00:00
2019-01-08,126.0517,portal.amfiindia.com / AMFI Historical NAV,2026-09-05T05:36:33.019111+00:00
2019-01-09,125.9335,portal.amfiindia.com / AMFI Historical NAV,2026-09-05T05:36:33.019111+00:00
2019-01-10,124.8208,portal.amfiindia.com / AMFI Historical NAV,2026-09-05T05:36:33.019111+00:00
2019-01-11,125.3301,portal.amfiindia.com / AMFI Historical NAV,2026-09-05T05:36:33.019111+00:00
2019-01-14,126.0722,portal.amfiindia.com / AMFI Historical NAV,2026-09-05T05:36:33.019111+00:00
2019-01-15,126.1371,portal.amfiindia.com / AMFI Historical NAV,2026-09-05T05:36:33.019111+00:00
2019-01-16,125.3702,portal.amfiindia.com / AMFI Historical NAV,2026-09-05T05:36:33.019111+00:00
2019-01-17,124.569,portal.amfiindia.com / AMFI Historical NAV,2026-09-05T05:36:33.019111+00:00
2019-01-18,124.909,portal.amfiindia.com / AMFI Historical NAV,2026-09-05T05:36:33.019111+00:00
2019-01-21,124.5904,portal.amfiindia.com / AMFI Historical NAV,2026-09-05T05:36:33.019111+00:00
2019-01-22,125.1708,portal.amfiindia.com / AMFI Historical NAV,2026-09-05T05:36:33.019111+00:00
2019-01-23,125.6719,portal.amfiindia.com / AMFI Historical NAV,2026-09-05T05:36:33.019111+00:00
2019-01-24,125.9317,portal.amfiindia.com / AMFI Historical NAV,2026-09-05T05:36:33.019111+00:00
2019-01-25,126.3538,portal.amfiindia.com / AMFI Historical NAV,2026-09-05T05:36:33.019111+00:00
2019-01-28,125.9172,portal.amfiindia.com / AMFI Historical NAV,2026-09-05T05:36:33.019111+00:00
2019-01-29,126.8214,portal.amfiindia.com / AMFI Historical NAV,2026-09-05T05:36:33.019111+00:00
2019-01-30,126.5251,portal.amfiindia.com / AMFI Historical NAV,2026-09-05T05:36:33.019111+00:00
2019-01-31,126.087,portal.amfiindia.com / AMFI Historical NAV,2026-09-05T05:36:33.019111+00:00
2019-02-01,126.0677,portal.amfiindia.com / AMFI Historical NAV,2026-09-05T05:36:33.019111+00:00
2019-02-04,126.6066,portal.amfiindia.com / AMFI Historical NAV,2026-09-05T05:36:33.019111+00:00
2019-02-05,126.0812,portal.amfiindia.com / AMFI Historical NAV,2026-09-05T05:36:33.019111+00:00
2019-02-06,127.4077,portal.amfiindia.com / AMFI Historical NAV,2026-09-05T05:36:33.019111+00:00
2019-02-07,126.5673,portal.amfiindia.com / AMFI Historical NAV,2026-09-05T05:36:33.019111+00:00
2019-02-08,126.7396,portal.amfiindia.com / AMFI Historical NAV,2026-09-05T05:36:33.019111+00:00
2019-02-11,126.4852,portal.amfiindia.com / AMFI Historical NAV,2026-09-05T05:36:33.019111+00:00
2019-02-12,127.9726,portal.amfiindia.com / AMFI Historical NAV,2026-09-05T05:36:33.019111+00:00
2019-02-13,127.9129,portal.amfiindia.com / AMFI Historical NAV,2026-09-05T05:36:33.019111+00:00
2019-02-14,128.5558,portal.amfiindia.com / AMFI Historical NAV,2026-09-05T05:36:33.019111+00:00
2019-02-15,127.6828,portal.amfiindia.com / AMFI Historical NAV,2026-09-05T05:36:33.019111+00:00
2019-02-18,127.9447,portal.amfiindia.com / AMFI Historical NAV,2026-09-05T05:36:33.019111+00:00
2019-02-19,128.8888,portal.amfiindia.com / AMFI Historical NAV,2026-09-05T05:36:33.019111+00:00
2019-02-20,128.9035,portal.amfiindia.com / AMFI Historical NAV,2026-09-05T05:36:33.019111+00:00
2019-02-21,130.2461,portal.amfiindia.com / AMFI Historical NAV,2026-09-05T05:36:33.019111+00:00
2019-02-22,129.6122,portal.amfiindia.com / AMFI Historical NAV,2026-09-05T05:36:33.019111+00:00
2019-02-25,130.8631,portal.amfiindia.com / AMFI Historical NAV,2026-09-05T05:36:33.019111+00:00
2019-02-26,133.2794,portal.amfiindia.com / AMFI Historical NAV,2026-09-05T05:36:33.019111+00:00
2019-02-27,133.4827,portal.amfiindia.com / AMFI Historical NAV,2026-09-05T05:36:33.019111+00:00
2019-02-28,132.9319,portal.amfiindia.com / AMFI Historical NAV,2026-09-05T05:36:33.019111+00:00
2019-03-01,135.0902,portal.amfiindia.com / AMFI Historical NAV,2026-09-05T05:36:33.019111+00:00
2019-03-04,136.7322,portal.amfiindia.com / AMFI Historical NAV,2026-09-05T05:36:33.019111+00:00
2019-03-05,135.883,portal.amfiindia.com / AMFI Historical NAV,2026-09-05T05:36:33.019111+00:00
2019-03-06,135.7096,portal.amfiindia.com / AMFI Historical NAV,2026-09-05T05:36:33.019111+00:00
2019-03-07,135.358,portal.amfiindia.com / AMFI Historical NAV,2026-09-05T05:36:33.019111+00:00
2019-03-08,134.3609,portal.amfiindia.com / AMFI Historical NAV,2026-09-05T05:36:33.019111+00:00
2019-03-11,133.568,portal.amfiindia.com / AMFI Historical NAV,2026-09-05T05:36:33.019111+00:00
2019-03-12,132.7491,portal.amfiindia.com / AMFI Historical NAV,2026-09-05T05:36:33.019111+00:00
2019-03-13,131.7559,portal.amfiindia.com / AMFI Historical NAV,2026-09-05T05:36:33.019111+00:00
2019-03-14,132.1786,portal.amfiindia.com / AMFI Historical NAV,2026-09-05T05:36:33.019111+00:00
2019-03-15,131.9933,portal.amfiindia.com / AMFI Historical NAV,2026-09-05T05:36:33.019111+00:00
2019-03-18,133.0085,portal.amfiindia.com / AMFI Historical NAV,2026-09-05T05:36:33.019111+00:00
2019-03-19,132.3151,portal.amfiindia.com / AMFI Historical NAV,2026-09-05T05:36:33.019111+00:00
2019-03-20,133.8997,portal.amfiindia.com / AMFI Historical NAV,2026-09-05T05:36:33.019111+00:00
2019-03-21,133.6267,portal.amfiindia.com / AMFI Historical NAV,2026-09-05T05:36:33.019111+00:00
2019-03-22,133.9261,portal.amfiindia.com / AMFI Historical NAV,2026-09-05T05:36:33.019111+00:00
2019-03-25,135.0354,portal.amfiindia.com / AMFI Historical NAV,2026-09-05T05:36:33.019111+00:00
2019-03-26,134.3985,portal.amfiindia.com / AMFI Historical NAV,2026-09-05T05:36:33.019111+00:00
2019-03-27,134.6862,portal.amfiindia.com / AMFI Historical NAV,2026-09-05T05:36:33.019111+00:00
2019-03-28,134.4617,portal.amfiindia.com / AMFI Historical NAV,2026-09-05T05:36:33.019111+00:00
2019-03-29,134.0852,portal.amfiindia.com / AMFI Historical NAV,2026-09-05T05:36:33.019111+00:00
2019-04-01,134.3067,portal.amfiindia.com / AMFI Historical NAV,2026-09-05T05:36:33.019111+00:00
2019-04-02,137.0874,portal.amfiindia.com / AMFI Historical NAV,2026-09-05T05:36:33.019111+00:00
2019-04-03,136.0955,portal.amfiindia.com / AMFI Historical NAV,2026-09-05T05:36:33.019111+00:00
2019-04-04,135.9545,portal.amfiindia.com / AMFI Historical NAV,2026-09-05T05:36:33.019111+00:00
2019-04-05,135.0554,portal.amfiindia.com / AMFI Historical NAV,2026-09-05T05:36:33.019111+00:00
2019-04-08,134.6522,portal.amfiindia.com / AMFI Historical NAV,2026-09-05T05:36:33.019111+00:00
2019-04-09,134.4183,portal.amfiindia.com / AMFI Historical NAV,2026-09-05T05:36:33.019111+00:00
2019-04-10,135.3029,portal.amfiindia.com / AMFI Historical NAV,2026-09-05T05:36:33.019111+00:00
2019-04-11,136.7432,portal.amfiindia.com / AMFI Historical NAV,2026-09-05T05:36:33.019111+00:00
2019-04-12,136.107,portal.amfiindia.com / AMFI Historical NAV,2026-09-05T05:36:33.019111+00:00
2019-04-15,135.6891,portal.amfiindia.com / AMFI Historical NAV,2026-09-05T05:36:33.019111+00:00
2019-04-16,136.2842,portal.amfiindia.com / AMFI Historical NAV,2026-09-05T05:36:33.019111+00:00
2019-04-17,135.8601,portal.amfiindia.com / AMFI Historical NAV,2026-09-05T05:36:33.019111+00:00
2019-04-18,137.1444,portal.amfiindia.com / AMFI Historical NAV,2026-09-05T05:36:33.019111+00:00
2019-04-19,137.6711,portal.amfiindia.com / AMFI Historical NAV,2026-09-05T05:36:33.019111+00:00
2019-04-22,136.0323,portal.amfiindia.com / AMFI Historical NAV,2026-09-05T05:36:33.019111+00:00
2019-04-23,137.4932,portal.amfiindia.com / AMFI Historical NAV,2026-09-05T05:36:33.019111+00:00
2019-04-24,139.2061,portal.amfiindia.com / AMFI Historical NAV,2026-09-05T05:36:33.019111+00:00
2019-04-25,138.7256,portal.amfiindia.com / AMFI Historical NAV,2026-09-05T05:36:33.019111+00:00
2019-04-26,139.4763,portal.amfiindia.com / AMFI Historical NAV,2026-09-05T05:36:33.019111+00:00
2019-04-29,139.9687,portal.amfiindia.com / AMFI Historical NAV,2026-09-05T05:36:33.019111+00:00
2019-04-30,139.4985,portal.amfiindia.com / AMFI Historical NAV,2026-09-05T05:36:33.019111+00:00
2019-05-01,139.9621,portal.amfiindia.com / AMFI Historical NAV,2026-09-05T05:36:33.019111+00:00
2019-05-02,141.1303,portal.amfiindia.com / AMFI Historical NAV,2026-09-05T05:36:33.019111+00:00
2019-05-03,140.8877,portal.amfiindia.com / AMFI Historical NAV,2026-09-05T05:36:33.019111+00:00
2019-05-06,139.3497,portal.amfiindia.com / AMFI Historical NAV,2026-09-05T05:36:33.019111+00:00
2019-05-07,137.7444,portal.amfiindia.com / AMFI Historical NAV,2026-09-05T05:36:33.019111+00:00
2019-05-08,136.4967,portal.amfiindia.com / AMFI Historical NAV,2026-09-05T05:36:33.019111+00:00
2019-05-09,136.6879,portal.amfiindia.com / AMFI Historical NAV,2026-09-05T05:36:33.019111+00:00
2019-05-10,138.4209,portal.amfiindia.com / AMFI Historical NAV,2026-09-05T05:36:33.019111+00:00
2019-05-13,138.1251,portal.amfiindia.com / AMFI Historical NAV,2026-09-05T05:36:33.019111+00:00
2019-05-14,138.3575,portal.amfiindia.com / AMFI Historical NAV,2026-09-05T05:36:33.019111+00:00
2019-05-15,137.8289,portal.amfiindia.com / AMFI Historical NAV,2026-09-05T05:36:33.019111+00:00
2019-05-16,139.2203,portal.amfiindia.com / AMFI Historical NAV,2026-09-05T05:36:33.019111+00:00
2019-05-17,142.4814,portal.amfiindia.com / AMFI Historical NAV,2026-09-05T05:36:33.019111+00:00
2019-05-20,142.2095,portal.amfiindia.com / AMFI Historical NAV,2026-09-05T05:36:33.019111+00:00
2019-05-21,141.6219,portal.amfiindia.com / AMFI Historical NAV,2026-09-05T05:36:33.019111+00:00
2019-05-22,142.0879,portal.amfiindia.com / AMFI Historical NAV,2026-09-05T05:36:33.019111+00:00
2019-05-23,142.427,portal.amfiindia.com / AMFI Historical NAV,2026-09-05T05:36:33.019111+00:00
2019-05-24,144.4766,portal.amfiindia.com / AMFI Historical NAV,2026-09-05T05:36:33.019111+00:00
2019-05-27,145.5839,portal.amfiindia.com / AMFI Historical NAV,2026-09-05T05:36:33.019111+00:00
2019-05-28,145.4111,portal.amfiindia.com / AMFI Historical NAV,2026-09-05T05:36:33.019111+00:00
2019-05-29,146.413,portal.amfiindia.com / AMFI Historical NAV,2026-09-05T05:36:33.019111+00:00
2019-05-30,147.8971,portal.amfiindia.com / AMFI Historical NAV,2026-09-05T05:36:33.019111+00:00
2019-05-31,149.0171,portal.amfiindia.com / AMFI Historical NAV,2026-09-05T05:36:33.019111+00:00
2019-06-03,149.3074,portal.amfiindia.com / AMFI Historical NAV,2026-09-05T05:36:33.019111+00:00
2019-06-04,150.5391,portal.amfiindia.com / AMFI Historical NAV,2026-09-05T05:36:33.019111+00:00
2019-06-05,151.4243,portal.amfiindia.com / AMFI Historical NAV,2026-09-05T05:36:33.019111+00:00
2019-06-06,152.9271,portal.amfiindia.com / AMFI Historical NAV,2026-09-05T05:36:33.019111+00:00
2019-06-07,153.826,portal.amfiindia.com / AMFI Historical NAV,2026-09-05T05:36:33.019111+00:00
2019-06-10,154.4988,portal.amfiindia.com / AMFI Historical NAV,2026-09-05T05:36:33.019111+00:00
2019-06-11,154.1192,portal.amfiindia.com / AMFI Historical NAV,2026-09-05T05:36:33.019111+00:00
2019-06-12,155.6793,portal.amfiindia.com / AMFI Historical NAV,2026-09-05T05:36:33.019111+00:00
2019-06-13,155.58,portal.amfiindia.com / AMFI Historical NAV,2026-09-05T05:36:33.019111+00:00
2019-06-14,156.398,portal.amfiindia.com / AMFI Historical NAV,2026-09-05T05:36:33.019111+00:00
2019-06-17,156.4446,portal.amfiindia.com / AMFI Historical NAV,2026-09-05T05:36:33.019111+00:00
2019-06-18,156.8252,portal.amfiindia.com / AMFI Historical NAV,2026-09-05T05:36:33.019111+00:00
2019-06-19,158.8737,portal.amfiindia.com / AMFI Historical NAV,2026-09-05T05:36:33.019111+00:00
2019-06-20,158.6372,portal.amfiindia.com / AMFI Historical NAV,2026-09-05T05:36:33.019111+00:00
2019-06-21,158.1029,portal.amfiindia.com / AMFI Historical NAV,2026-09-05T05:36:33.019111+00:00
2019-06-24,156.7128,portal.amfiindia.com / AMFI Historical NAV,2026-09-05T05:36:33.019111+00:00
2019-06-25,156.5663,portal.amfiindia.com / AMFI Historical NAV,2026-09-05T05:36:33.019111+00:00
2019-06-26,157.9058,portal.amfiindia.com / AMFI Historical NAV,2026-09-05T05:36:33.019111+00:00
2019-06-27,160.8817,portal.amfiindia.com / AMFI Historical NAV,2026-09-05T05:36:33.019111+00:00
2019-06-28,160.4121,portal.amfiindia.com / AMFI Historical NAV,2026-09-05T05:36:33.019111+00:00
2019-07-01,160.5487,portal.amfiindia.com / AMFI Historical NAV,2026-09-05T05:36:33.019111+00:00
2019-07-02,160.8623,portal.amfiindia.com / AMFI Historical NAV,2026-09-05T05:36:33.019111+00:00
2019-07-03,162.6891,portal.amfiindia.com / AMFI Historical NAV,2026-09-05T05:36:33.019111+00:00
2019-07-04,162.7229,portal.amfiindia.com / AMFI Historical NAV,2026-09-05T05:36:33.019111+00:00
2019-07-05,163.3813,portal.amfiindia.com / AMFI Historical NAV,2026-09-05T05:36:33.019111+00:00
2019-07-08,164.0495,portal.amfiindia.com / AMFI Historical NAV,2026-09-05T05:36:33.019111+00:00
2019-07-09,164.7996,portal.amfiindia.com / AMFI Historical NAV,2026-09-05T05:36:33.019111+00:00
2019-07-10,164.5979,portal.amfiindia.com / AMFI Historical NAV,2026-09-05T05:36:33.019111+00:00
2019-07-11,164.5934,portal.amfiindia.com / AMFI Historical NAV,2026-09-05T05:36:33.019111+00:00
2019-07-12,166.5324,portal.amfiindia.com / AMFI Historical NAV,2026-09-05T05:36:33.019111+00:00
2019-07-15,164.7703,portal.amfiindia.com / AMFI Historical NAV,2026-09-05T05:36:33.019111+00:00
2019-07-16,164.9518,portal.amfiindia.com / AMFI Historical NAV,2026-09-05T05:36:33.019111+00:00
2019-07-17,164.7232,portal.amfiindia.com / AMFI Historical NAV,2026-09-05T05:36:33.019111+00:00
2019-07-18,165.7825,portal.amfiindia.com / AMFI Historical NAV,2026-09-05T05:36:33.019111+00:00
2019-07-19,164.2979,portal.amfiindia.com / AMFI Historical NAV,2026-09-05T05:36:33.019111+00:00
2019-07-22,164.0192,portal.amfiindia.com / AMFI Historical NAV,2026-09-05T05:36:33.019111+00:00
2019-07-23,164.0942,portal.amfiindia.com / AMFI Historical NAV,2026-09-05T05:36:33.019111+00:00
2019-07-24,165.8832,portal.amfiindia.com / AMFI Historical NAV,2026-09-05T05:36:33.019111+00:00
2019-07-25,165.8098,portal.amfiindia.com / AMFI Historical NAV,2026-09-05T05:36:33.019111+00:00
2019-07-26,164.9879,portal.amfiindia.com / AMFI Historical NAV,2026-09-05T05:36:33.019111+00:00
2019-07-29,168.3159,portal.amfiindia.com / AMFI Historical NAV,2026-09-05T05:36:33.019111+00:00
2019-07-30,166.353,portal.amfiindia.com / AMFI Historical NAV,2026-09-05T05:36:33.019111+00:00
2019-07-31,164.4461,portal.amfiindia.com / AMFI Historical NAV,2026-09-05T05:36:33.019111+00:00
2019-08-01,164.8223,portal.amfiindia.com / AMFI Historical NAV,2026-09-05T05:36:33.019111+00:00
2019-08-02,163.8004,portal.amfiindia.com / AMFI Historical NAV,2026-09-05T05:36:33.019111+00:00
2019-08-05,162.7911,portal.amfiindia.com / AMFI Historical NAV,2026-09-05T05:36:33.019111+00:00
2019-08-06,163.9694,portal.amfiindia.com / AMFI Historical NAV,2026-09-05T05:36:33.019111+00:00
2019-08-07,164.7717,portal.amfiindia.com / AMFI Historical NAV,2026-09-05T05:36:33.019111+00:00
2019-08-08,164.9901,portal.amfiindia.com / AMFI Historical NAV,2026-09-05T05:36:33.019111+00:00
2019-08-09,165.0897,portal.amfiindia.com / AMFI Historical NAV,2026-09-05T05:36:33.019111+00:00
2019-08-12,166.2714,portal.amfiindia.com / AMFI Historical NAV,2026-09-05T05:36:33.019111+00:00
2019-08-13,166.7546,portal.amfiindia.com / AMFI Historical NAV,2026-09-05T05:36:33.019111+00:00
2019-08-14,166.9478,portal.amfiindia.com / AMFI Historical NAV,2026-09-05T05:36:33.019111+00:00
2019-08-15,168.9899,portal.amfiindia.com / AMFI Historical NAV,2026-09-05T05:36:33.019111+00:00
2019-08-16,168.3098,portal.amfiindia.com / AMFI Historical NAV,2026-09-05T05:36:33.019111+00:00
2019-08-19,165.9886,portal.amfiindia.com / AMFI Historical NAV,2026-09-05T05:36:33.019111+00:00
2019-08-20,166.4657,portal.amfiindia.com / AMFI Historical NAV,2026-09-05T05:36:33.019111+00:00
2019-08-21,166.9205,portal.amfiindia.com / AMFI Historical NAV,2026-09-05T05:36:33.019111+00:00
2019-08-22,166.4326,portal.amfiindia.com / AMFI Historical NAV,2026-09-05T05:36:33.019111+00:00
2019-08-23,165.8844,portal.amfiindia.com / AMFI Historical NAV,2026-09-05T05:36:33.019111+00:00
2019-08-26,166.7663,portal.amfiindia.com / AMFI Historical NAV,2026-09-05T05:36:33.019111+00:00
2019-08-27,166.0146,portal.amfiindia.com / AMFI Historical NAV,2026-09-05T05:36:33.019111+00:00
2019-08-28,167.0895,portal.amfiindia.com / AMFI Historical NAV,2026-09-05T05:36:33.019111+00:00
2019-08-29,167.4328,portal.amfiindia.com / AMFI Historical NAV,2026-09-05T05:36:33.019111+00:00
2019-08-30,167.8061,portal.amfiindia.com / AMFI Historical NAV,2026-09-05T05:36:33.019111+00:00
2019-09-02,168.2318,portal.amfiindia.com / AMFI Historical NAV,2026-09-05T05:36:33.019111+00:00
2019-09-03,169.3953,portal.amfiindia.com / AMFI Historical NAV,2026-09-05T05:36:33.019111+00:00
2019-09-04,169.8516,portal.amfiindia.com / AMFI Historical NAV,2026-09-05T05:36:33.019111+00:00
2019-09-05,169.6813,portal.amfiindia.com / AMFI Historical NAV,2026-09-05T05:36:33.019111+00:00
2019-09-06,170.5778,portal.amfiindia.com / AMFI Historical NAV,2026-09-05T05:36:33.019111+00:00
2019-09-09,171.8909,portal.amfiindia.com / AMFI Historical NAV,2026-09-05T05:36:33.019111+00:00
2019-09-10,172.5267,portal.amfiindia.com / AMFI Historical NAV,2026-09-05T05:36:33.019111+00:00
2019-09-11,172.9821,portal.amfiindia.com / AMFI Historical NAV,2026-09-05T05:36:33.019111+00:00
2019-09-12,172.5576,portal.amfiindia.com / AMFI Historical NAV,2026-09-05T05:36:33.019111+00:00
2019-09-13,173.283,portal.amfiindia.com / AMFI Historical NAV,2026-09-05T05:36:33.019111+00:00
2019-09-16,172.6564,portal.amfiindia.com / AMFI Historical NAV,2026-09-05T05:36:33.019111+00:00
2019-09-17,174.7693,portal.amfiindia.com / AMFI Historical NAV,2026-09-05T05:36:33.019111+00:00
2019-09-18,174.1814,portal.amfiindia.com / AMFI Historical NAV,2026-09-05T05:36:33.019111+00:00
2019-09-19,172.6705,portal.amfiindia.com / AMFI Historical NAV,2026-09-05T05:36:33.019111+00:00
2019-09-20,173.4348,portal.amfiindia.com / AMFI Historical NAV,2026-09-05T05:36:33.019111+00:00
2019-09-23,172.6017,portal.amfiindia.com / AMFI Historical NAV,2026-09-05T05:36:33.019111+00:00
2019-09-24,173.809,portal.amfiindia.com / AMFI Historical NAV,2026-09-05T05:36:33.019111+00:00
2019-09-25,173.2626,portal.amfiindia.com / AMFI Historical NAV,2026-09-05T05:36:33.019111+00:00
2019-09-26,172.193,portal.amfiindia.com / AMFI Historical NAV,2026-09-05T05:36:33.019111+00:00
2019-09-27,171.1245,portal.amfiindia.com / AMFI Historical NAV,2026-09-05T05:36:33.019111+00:00
2019-09-30,170.4376,portal.amfiindia.com / AMFI Historical NAV,2026-09-05T05:36:33.019111+00:00
2019-10-01,168.0447,portal.amfiindia.com / AMFI Historical NAV,2026-09-05T05:36:33.019111+00:00
2019-10-02,166.7022,portal.amfiindia.com / AMFI Historical NAV,2026-09-05T05:36:33.019111+00:00
2019-10-03,167.5734,portal.amfiindia.com / AMFI Historical NAV,2026-09-05T05:36:33.019111+00:00
2019-10-04,168.8533,portal.amfiindia.com / AMFI Historical NAV,2026-09-05T05:36:33.019111+00:00
2019-10-07,169.5463,portal.amfiindia.com / AMFI Historical NAV,2026-09-05T05:36:33.019111+00:00
2019-10-08,167.7908,portal.amfiindia.com / AMFI Historical NAV,2026-09-05T05:36:33.019111+00:00
2019-10-09,167.6486,portal.amfiindia.com / AMFI Historical NAV,2026-09-05T05:36:33.019111+00:00
2019-10-10,167.4159,portal.amfiindia.com / AMFI Historical NAV,2026-09-05T05:36:33.019111+00:00
2019-10-11,165.9446,portal.amfiindia.com / AMFI Historical NAV,2026-09-05T05:36:33.019111+00:00
2019-10-14,167.0706,portal.amfiindia.com / AMFI Historical NAV,2026-09-05T05:36:33.019111+00:00
2019-10-15,168.7111,portal.amfiindia.com / AMFI Historical NAV,2026-09-05T05:36:33.019111+00:00
2019-10-16,169.3484,portal.amfiindia.com / AMFI Historical NAV,2026-09-05T05:36:33.019111+00:00
2019-10-17,169.9565,portal.amfiindia.com / AMFI Historical NAV,2026-09-05T05:36:33.019111+00:00
2019-10-18,170.9257,portal.amfiindia.com / AMFI Historical NAV,2026-09-05T05:36:33.019111+00:00
2019-10-21,168.4569,portal.amfiindia.com / AMFI Historical NAV,2026-09-05T05:36:33.019111+00:00
2019-10-22,167.9321,portal.amfiindia.com / AMFI Historical NAV,2026-09-05T05:36:33.019111+00:00
2019-10-23,166.8406,portal.amfiindia.com / AMFI Historical NAV,2026-09-05T05:36:33.019111+00:00
2019-10-24,166.1057,portal.amfiindia.com / AMFI Historical NAV,2026-09-05T05:36:33.019111+00:00
2019-10-25,165.9801,portal.amfiindia.com / AMFI Historical NAV,2026-09-05T05:36:33.019111+00:00
2019-10-28,168.0493,portal.amfiindia.com / AMFI Historical NAV,2026-09-05T05:36:33.019111+00:00
2019-10-29,169.5142,portal.amfiindia.com / AMFI Historical NAV,2026-09-05T05:36:33.019111+00:00
2019-10-30,169.1421,portal.amfiindia.com / AMFI Historical NAV,2026-09-05T05:36:33.019111+00:00
2019-10-31,169.4553,portal.amfiindia.com / AMFI Historical NAV,2026-09-05T05:36:33.019111+00:00
2019-11-01,170.8019,portal.amfiindia.com / AMFI Historical NAV,2026-09-05T05:36:33.019111+00:00
2019-11-04,172.3063,portal.amfiindia.com / AMFI Historical NAV,2026-09-05T05:36:33.019111+00:00
2019-11-05,172.9963,portal.amfiindia.com / AMFI Historical NAV,2026-09-05T05:36:33.019111+00:00
2019-11-06,172.6036,portal.amfiindia.com / AMFI Historical NAV,2026-09-05T05:36:33.019111+00:00
2019-11-07,174.4871,portal.amfiindia.com / AMFI Historical NAV,2026-09-05T05:36:33.019111+00:00
2019-11-08,175.8926,portal.amfiindia.com / AMFI Historical NAV,2026-09-05T05:36:33.019111+00:00
2019-11-11,177.2794,portal.amfiindia.com / AMFI Historical NAV,2026-09-05T05:36:33.019111+00:00
2019-11-12,177.6831,portal.amfiindia.com / AMFI Historical NAV,2026-09-05T05:36:33.019111+00:00
2019-11-13,178.3372,portal.amfiindia.com / AMFI Historical NAV,2026-09-05T05:36:33.019111+00:00
2019-11-14,177.5654,portal.amfiindia.com / AMFI Historical NAV,2026-09-05T05:36:33.019111+00:00
2019-11-15,179.6414,portal.amfiindia.com / AMFI Historical NAV,2026-09-05T05:36:33.019111+00:00
2019-11-18,180.9524,portal.amfiindia.com / AMFI Historical NAV,2026-09-05T05:36:33.019111+00:00
2019-11-19,183.8183,portal.amfiindia.com / AMFI Historical NAV,2026-09-05T05:36:33.019111+00:00
2019-11-20,183.6885,portal.amfiindia.com / AMFI Historical NAV,2026-09-05T05:36:33.019111+00:00
2019-11-21,185.8088,portal.amfiindia.com / AMFI Historical NAV,2026-09-05T05:36:33.019111+00:00
2019-11-22,186.494,portal.amfiindia.com / AMFI Historical NAV,2026-09-05T05:36:33.019111+00:00
2019-11-25,186.217,portal.amfiindia.com / AMFI Historical NAV,2026-09-05T05:36:33.019111+00:00
2019-11-26,184.5866,portal.amfiindia.com / AMFI Historical NAV,2026-09-05T05:36:33.019111+00:00
2019-11-27,184.0431,portal.amfiindia.com / AMFI Historical NAV,2026-09-05T05:36:33.019111+00:00
2019-11-28,185.1855,portal.amfiindia.com / AMFI Historical NAV,2026-09-05T05:36:33.019111+00:00
2019-11-29,186.0842,portal.amfiindia.com / AMFI Historical NAV,2026-09-05T05:36:33.019111+00:00
2019-12-02,184.7785,portal.amfiindia.com / AMFI Historical NAV,2026-09-05T05:36:33.019111+00:00
2019-12-03,183.4883,portal.amfiindia.com / AMFI Historical NAV,2026-09-05T05:36:33.019111+00:00
2019-12-04,186.0469,portal.amfiindia.com / AMFI Historical NAV,2026-09-05T05:36:33.019111+00:00
2019-12-05,188.2807,portal.amfiindia.com / AMFI Historical NAV,2026-09-05T05:36:33.019111+00:00
2019-12-06,188.4293,portal.amfiindia.com / AMFI Historical NAV,2026-09-05T05:36:33.019111+00:00
2019-12-09,188.6482,portal.amfiindia.com / AMFI Historical NAV,2026-09-05T05:36:33.019111+00:00
2019-12-10,189.1782,portal.amfiindia.com / AMFI Historical NAV,2026-09-05T05:36:33.019111+00:00
2019-12-11,190.4377,portal.amfiindia.com / AMFI Historical NAV,2026-09-05T05:36:33.019111+00:00
2019-12-12,187.8575,portal.amfiindia.com / AMFI Historical NAV,2026-09-05T05:36:33.019111+00:00
2019-12-13,186.8771,portal.amfiindia.com / AMFI Historical NAV,2026-09-05T05:36:33.019111+00:00
2019-12-16,184.6745,portal.amfiindia.com / AMFI Historical NAV,2026-09-05T05:36:33.019111+00:00
2019-12-17,185.5804,portal.amfiindia.com / AMFI Historical NAV,2026-09-05T05:36:33.019111+00:00
2019-12-18,186.7575,portal.amfiindia.com / AMFI Historical NAV,2026-09-05T05:36:33.019111+00:00
2019-12-19,186.4967,portal.amfiindia.com / AMFI Historical NAV,2026-09-05T05:36:33.019111+00:00
2019-12-20,188.3667,portal.amfiindia.com / AMFI Historical NAV,2026-09-05T05:36:33.019111+00:00
2019-12-23,186.7008,portal.amfiindia.com / AMFI Historical NAV,2026-09-05T05:36:33.019111+00:00
2019-12-24,184.5222,portal.amfiindia.com / AMFI Historical NAV,2026-09-05T05:36:33.019111+00:00
2019-12-25,185.3166,portal.amfiindia.com / AMFI Historical NAV,2026-09-05T05:36:33.019111+00:00
2019-12-26,186.2122,portal.amfiindia.com / AMFI Historical NAV,2026-09-05T05:36:33.019111+00:00
2019-12-27,188.9075,portal.amfiindia.com / AMFI Historical NAV,2026-09-05T05:36:33.019111+00:00
2019-12-30,188.5254,portal.amfiindia.com / AMFI Historical NAV,2026-09-05T05:36:33.019111+00:00
2019-12-31,189.9721,portal.amfiindia.com / AMFI Historical NAV,2026-09-05T05:36:33.019111+00:00
2020-01-01,189.6382,portal.amfiindia.com / AMFI Historical NAV,2026-09-05T05:36:33.019111+00:00
2020-01-02,188.7343,portal.amfiindia.com / AMFI Historical NAV,2026-09-05T05:36:33.019111+00:00
2020-01-03,189.5911,portal.amfiindia.com / AMFI Historical NAV,2026-09-05T05:36:33.019111+00:00
2020-01-06,190.3343,portal.amfiindia.com / AMFI Historical NAV,2026-09-05T05:36:33.019111+00:00
2020-01-07,187.0315,portal.amfiindia.com / AMFI Historical NAV,2026-09-05T05:36:33.019111+00:00
2020-01-08,188.8873,portal.amfiindia.com / AMFI Historical NAV,2026-09-05T05:36:33.019111+00:00
2020-01-09,191.2732,portal.amfiindia.com / AMFI Historical NAV,2026-09-05T05:36:33.019111+00:00
2020-01-10,190.8757,portal.amfiindia.com / AMFI Historical NAV,2026-09-05T05:36:33.019111+00:00
2020-01-13,191.1958,portal.amfiindia.com / AMFI Historical NAV,2026-09-05T05:36:33.019111+00:00
2020-01-14,191.9557,portal.amfiindia.com / AMFI Historical NAV,2026-09-05T05:36:33.019111+00:00
2020-01-15,192.0666,portal.amfiindia.com / AMFI Historical NAV,2026-09-05T05:36:33.019111+00:00
2020-01-16,191.5247,portal.amfiindia.com / AMFI Historical NAV,2026-09-05T05:36:33.019111+00:00
2020-01-17,191.6256,portal.amfiindia.com / AMFI Historical NAV,2026-09-05T05:36:33.019111+00:00
2020-01-20,192.2399,portal.amfiindia.com / AMFI Historical NAV,2026-09-05T05:36:33.019111+00:00
2020-01-21,194.1644,portal.amfiindia.com / AMFI Historical NAV,2026-09-05T05:36:33.019111+00:00
2020-01-22,194.6871,portal.amfiindia.com / AMFI Historical NAV,2026-09-05T05:36:33.019111+00:00
2020-01-23,194.7267,portal.amfiindia.com / AMFI Historical NAV,2026-09-05T05:36:33.019111+00:00
2020-01-24,194.8554,portal.amfiindia.com / AMFI Historical NAV,2026-09-05T05:36:33.019111+00:00
2020-01-27,191.0259,portal.amfiindia.com / AMFI Historical NAV,2026-09-05T05:36:33.019111+00:00
2020-01-28,192.9432,portal.amfiindia.com / AMFI Historical NAV,2026-09-05T05:36:33.019111+00:00
2020-01-29,191.1807,portal.amfiindia.com / AMFI Historical NAV,2026-09-05T05:36:33.019111+00:00
2020-01-30,191.1843,portal.amfiindia.com / AMFI Historical NAV,2026-09-05T05:36:33.019111+00:00
2020-01-31,189.9884,portal.amfiindia.com / AMFI Historical NAV,2026-09-05T05:36:33.019111+00:00
2020-02-03,188.2943,portal.amfiindia.com / AMFI Historical NAV,2026-09-05T05:36:33.019111+00:00
2020-02-04,190.1738,portal.amfiindia.com / AMFI Historical NAV,2026-09-05T05:36:33.019111+00:00
2020-02-05,189.1155,portal.amfiindia.com / AMFI Historical NAV,2026-09-05T05:36:33.019111+00:00
2020-02-06,189.1715,portal.amfiindia.com / AMFI Historical NAV,2026-09-05T05:36:33.019111+00:00
2020-02-07,189.2358,portal.amfiindia.com / AMFI Historical NAV,2026-09-05T05:36:33.019111+00:00
2020-02-10,190.0377,portal.amfiindia.com / AMFI Historical NAV,2026-09-05T05:36:33.019111+00:00
2020-02-11,189.1863,portal.amfiindia.com / AMFI Historical NAV,2026-09-05T05:36:33.019111+00:00
2020-02-12,187.8837,portal.amfiindia.com / AMFI Historical NAV,2026-09-05T05:36:33.019111+00:00
2020-02-13,189.6812,portal.amfiindia.com / AMFI Historical NAV,2026-09-05T05:36:33.019111+00:00
2020-02-14,189.0902,portal.amfiindia.com / AMFI Historical NAV,2026-09-05T05:36:33.019111+00:00
2020-02-17,180.5361,portal.amfiindia.com / AMFI Historical NAV,2026-09-05T05:36:33.019111+00:00
2020-02-18,175.9773,portal.amfiindia.com / AMFI Historical NAV,2026-09-05T05:36:33.019111+00:00
2020-02-19,180.4746,portal.amfiindia.com / AMFI Historical NAV,2026-09-05T05:36:33.019111+00:00
2020-02-20,182.0347,portal.amfiindia.com / AMFI Historical NAV,2026-09-05T05:36:33.019111+00:00
2020-02-21,178.1432,portal.amfiindia.com / AMFI Historical NAV,2026-09-05T05:36:33.019111+00:00
2020-02-24,174.1972,portal.amfiindia.com / AMFI Historical NAV,2026-09-05T05:36:33.019111+00:00
2020-02-25,169.8995,portal.amfiindia.com / AMFI Historical NAV,2026-09-05T05:36:33.019111+00:00
2020-02-26,176.6757,portal.amfiindia.com / AMFI Historical NAV,2026-09-05T05:36:33.019111+00:00
2020-02-27,176.2228,portal.amfiindia.com / AMFI Historical NAV,2026-09-05T05:36:33.019111+00:00
2020-02-28,176.6912,portal.amfiindia.com / AMFI Historical NAV,2026-09-05T05:36:33.019111+00:00
2020-03-02,180.4174,portal.amfiindia.com / AMFI Historical NAV,2026-09-05T05:36:33.019111+00:00
2020-03-03,180.0632,portal.amfiindia.com / AMFI Historical NAV,2026-09-05T05:36:33.019111+00:00
2020-03-04,176.2531,portal.amfiindia.com / AMFI Historical NAV,2026-09-05T05:36:33.019111+00:00
2020-03-05,172.8512,portal.amfiindia.com / AMFI Historical NAV,2026-09-05T05:36:33.019111+00:00
2020-03-06,170.3504,portal.amfiindia.com / AMFI Historical NAV,2026-09-05T05:36:33.019111+00:00
2020-03-09,169.0305,portal.amfiindia.com / AMFI Historical NAV,2026-09-05T05:36:33.019111+00:00
2020-03-10,170.0727,portal.amfiindia.com / AMFI Historical NAV,2026-09-05T05:36:33.019111+00:00
2020-03-11,167.559,portal.amfiindia.com / AMFI Historical NAV,2026-09-05T05:36:33.019111+00:00
2020-03-12,168.445,portal.amfiindia.com / AMFI Historical NAV,2026-09-05T05:36:33.019111+00:00
2020-03-13,166.4313,portal.amfiindia.com / AMFI Historical NAV,2026-09-05T05:36:33.019111+00:00
2020-03-16,165.0935,portal.amfiindia.com / AMFI Historical NAV,2026-09-05T05:36:33.019111+00:00
2020-03-17,154.4658,portal.amfiindia.com / AMFI Historical NAV,2026-09-05T05:36:33.019111+00:00
2020-03-18,156.5647,portal.amfiindia.com / AMFI Historical NAV,2026-09-05T05:36:33.019111+00:00
2020-03-19,154.998,portal.amfiindia.com / AMFI Historical NAV,2026-09-05T05:36:33.019111+00:00
2020-03-20,157.1618,portal.amfiindia.com / AMFI Historical NAV,2026-09-05T05:36:33.019111+00:00
2020-03-23,143.8978,portal.amfiindia.com / AMFI Historical NAV,2026-09-05T05:36:33.019111+00:00
2020-03-24,149.5566,portal.amfiindia.com / AMFI Historical NAV,2026-09-05T05:36:33.019111+00:00
2020-03-25,149.2539,portal.amfiindia.com / AMFI Historical NAV,2026-09-05T05:36:33.019111+00:00
2020-03-26,150.5169,portal.amfiindia.com / AMFI Historical NAV,2026-09-05T05:36:33.019111+00:00
2020-03-27,149.8334,portal.amfiindia.com / AMFI Historical NAV,2026-09-05T05:36:33.019111+00:00
2020-03-30,150.8089,portal.amfiindia.com / AMFI Historical NAV,2026-09-05T05:36:33.019111+00:00
2020-03-31,149.4918,portal.amfiindia.com / AMFI Historical NAV,2026-09-05T05:36:33.019111+00:00
2020-04-01,149.0476,portal.amfiindia.com / AMFI Historical NAV,2026-09-05T05:36:33.019111+00:00
2020-04-02,153.1263,portal.amfiindia.com / AMFI Historical NAV,2026-09-05T05:36:33.019111+00:00
2020-04-03,153.0448,portal.amfiindia.com / AMFI Historical NAV,2026-09-05T05:36:33.019111+00:00
2020-04-06,153.4659,portal.amfiindia.com / AMFI Historical NAV,2026-09-05T05:36:33.019111+00:00
2020-04-07,155.3059,portal.amfiindia.com / AMFI Historical NAV,2026-09-05T05:36:33.019111+00:00
2020-04-08,157.0529,portal.amfiindia.com / AMFI Historical NAV,2026-09-05T05:36:33.019111+00:00
2020-04-09,157.5445,portal.amfiindia.com / AMFI Historical NAV,2026-09-05T05:36:33.019111+00:00
2020-04-10,158.0345,portal.amfiindia.com / AMFI Historical NAV,2026-09-05T05:36:33.019111+00:00
2020-04-13,161.7532,portal.amfiindia.com / AMFI Historical NAV,2026-09-05T05:36:33.019111+00:00
2020-04-14,161.3833,portal.amfiindia.com / AMFI Historical NAV,2026-09-05T05:36:33.019111+00:00
2020-04-15,162.4783,portal.amfiindia.com / AMFI Historical NAV,2026-09-05T05:36:33.019111+00:00
2020-04-16,164.505,portal.amfiindia.com / AMFI Historical NAV,2026-09-05T05:36:33.019111+00:00
2020-04-17,166.5135,portal.amfiindia.com / AMFI Historical NAV,2026-09-05T05:36:33.019111+00:00
2020-04-20,168.64,portal.amfiindia.com / AMFI Historical NAV,2026-09-05T05:36:33.019111+00:00
2020-04-21,170.193,portal.amfiindia.com / AMFI Historical NAV,2026-09-05T05:36:33.019111+00:00
2020-04-22,168.2953,portal.amfiindia.com / AMFI Historical NAV,2026-09-05T05:36:33.019111+00:00
2020-04-23,171.4855,portal.amfiindia.com / AMFI Historical NAV,2026-09-05T05:36:33.019111+00:00
2020-04-24,170.3845,portal.amfiindia.com / AMFI Historical NAV,2026-09-05T05:36:33.019111+00:00
2020-04-27,172.0732,portal.amfiindia.com / AMFI Historical NAV,2026-09-05T05:36:33.019111+00:00
2020-04-28,170.1748,portal.amfiindia.com / AMFI Historical NAV,2026-09-05T05:36:33.019111+00:00
2020-04-29,170.5643,portal.amfiindia.com / AMFI Historical NAV,2026-09-05T05:36:33.019111+00:00
2020-04-30,171.1187,portal.amfiindia.com / AMFI Historical NAV,2026-09-05T05:36:33.019111+00:00
2020-05-01,171.9325,portal.amfiindia.com / AMFI Historical NAV,2026-09-05T05:36:33.019111+00:00
2020-05-04,173.2258,portal.amfiindia.com / AMFI Historical NAV,2026-09-05T05:36:33.019111+00:00
2020-05-05,176.5037,portal.amfiindia.com / AMFI Historical NAV,2026-09-05T05:36:33.019111+00:00
2020-05-06,177.8504,portal.amfiindia.com / AMFI Historical NAV,2026-09-05T05:36:33.019111+00:00
2020-05-07,178.0935,portal.amfiindia.com / AMFI Historical NAV,2026-09-05T05:36:33.019111+00:00
2020-05-08,180.4758,portal.amfiindia.com / AMFI Historical NAV,2026-09-05T05:36:33.019111+00:00
2020-05-11,182.8229,portal.amfiindia.com / AMFI Historical NAV,2026-09-05T05:36:33.019111+00:00
2020-05-12,180.4023,portal.amfiindia.com / AMFI Historical NAV,2026-09-05T05:36:33.019111+00:00
2020-05-13,181.1572,portal.amfiindia.com / AMFI Historical NAV,2026-09-05T05:36:33.019111+00:00
2020-05-14,182.4382,portal.amfiindia.com / AMFI Historical NAV,2026-09-05T05:36:33.019111+00:00
2020-05-15,183.287,portal.amfiindia.com / AMFI Historical NAV,2026-09-05T05:36:33.019111+00:00
2020-05-18,185.9622,portal.amfiindia.com / AMFI Historical NAV,2026-09-05T05:36:33.019111+00:00
2020-05-19,185.3655,portal.amfiindia.com / AMFI Historical NAV,2026-09-05T05:36:33.019111+00:00
2020-05-20,186.1682,portal.amfiindia.com / AMFI Historical NAV,2026-09-05T05:36:33.019111+00:00
2020-05-21,186.1291,portal.amfiindia.com / AMFI Historical NAV,2026-09-05T05:36:33.019111+00:00
2020-05-22,186.4244,portal.amfiindia.com / AMFI Historical NAV,2026-09-05T05:36:33.019111+00:00
2020-05-25,185.3625,portal.amfiindia.com / AMFI Historical NAV,2026-09-05T05:36:33.019111+00:00
2020-05-26,183.1351,portal.amfiindia.com / AMFI Historical NAV,2026-09-05T05:36:33.019111+00:00
2020-05-27,186.388,portal.amfiindia.com / AMFI Historical NAV,2026-09-05T05:36:33.019111+00:00
2020-05-28,184.8066,portal.amfiindia.com / AMFI Historical NAV,2026-09-05T05:36:33.019111+00:00
2020-05-29,182.9049,portal.amfiindia.com / AMFI Historical NAV,2026-09-05T05:36:33.019111+00:00
2020-06-01,179.4662,portal.amfiindia.com / AMFI Historical NAV,2026-09-05T05:36:33.019111+00:00
2020-06-02,178.4123,portal.amfiindia.com / AMFI Historical NAV,2026-09-05T05:36:33.019111+00:00
2020-06-03,175.2418,portal.amfiindia.com / AMFI Historical NAV,2026-09-05T05:36:33.019111+00:00
2020-06-04,178.6983,portal.amfiindia.com / AMFI Historical NAV,2026-09-05T05:36:33.019111+00:00
2020-06-05,180.1957,portal.amfiindia.com / AMFI Historical NAV,2026-09-05T05:36:33.019111+00:00
2020-06-08,180.3884,portal.amfiindia.com / AMFI Historical NAV,2026-09-05T05:36:33.019111+00:00
2020-06-09,184.648,portal.amfiindia.com / AMFI Historical NAV,2026-09-05T05:36:33.019111+00:00
2020-06-10,186.9008,portal.amfiindia.com / AMFI Historical NAV,2026-09-05T05:36:33.019111+00:00
2020-06-11,186.7595,portal.amfiindia.com / AMFI Historical NAV,2026-09-05T05:36:33.019111+00:00
2020-06-12,181.8934,portal.amfiindia.com / AMFI Historical NAV,2026-09-05T05:36:33.019111+00:00
2020-06-15,186.6335,portal.amfiindia.com / AMFI Historical NAV,2026-09-05T05:36:33.019111+00:00
2020-06-16,184.422,portal.amfiindia.com / AMFI Historical NAV,2026-09-05T05:36:33.019111+00:00
2020-06-17,182.3345,portal.amfiindia.com / AMFI Historical NAV,2026-09-05T05:36:33.019111+00:00
2020-06-18,185.1483,portal.amfiindia.com / AMFI Historical NAV,2026-09-05T05:36:33.019111+00:00
2020-06-19,191.2552,portal.amfiindia.com / AMFI Historical NAV,2026-09-05T05:36:33.019111+00:00
2020-06-22,193.9185,portal.amfiindia.com / AMFI Historical NAV,2026-09-05T05:36:33.019111+00:00
2020-06-23,195.6815,portal.amfiindia.com / AMFI Historical NAV,2026-09-05T05:36:33.019111+00:00
2020-06-24,197.431,portal.amfiindia.com / AMFI Historical NAV,2026-09-05T05:36:33.019111+00:00
2020-06-25,199.8678,portal.amfiindia.com / AMFI Historical NAV,2026-09-05T05:36:33.019111+00:00
2020-06-26,202.7438,portal.amfiindia.com / AMFI Historical NAV,2026-09-05T05:36:33.019111+00:00
2020-06-29,203.6361,portal.amfiindia.com / AMFI Historical NAV,2026-09-05T05:36:33.019111+00:00
2020-06-30,204.0273,portal.amfiindia.com / AMFI Historical NAV,2026-09-05T05:36:33.019111+00:00
2020-07-01,204.6241,portal.amfiindia.com / AMFI Historical NAV,2026-09-05T05:36:33.019111+00:00
2020-07-02,202.264,portal.amfiindia.com / AMFI Historical NAV,2026-09-05T05:36:33.019111+00:00
2020-07-03,201.908,portal.amfiindia.com / AMFI Historical NAV,2026-09-05T05:36:33.019111+00:00
2020-07-06,198.5123,portal.amfiindia.com / AMFI Historical NAV,2026-09-05T05:36:33.019111+00:00
2020-07-07,198.1496,portal.amfiindia.com / AMFI Historical NAV,2026-09-05T05:36:33.019111+00:00
2020-07-08,197.0438,portal.amfiindia.com / AMFI Historical NAV,2026-09-05T05:36:33.019111+00:00
2020-07-09,194.4448,portal.amfiindia.com / AMFI Historical NAV,2026-09-05T05:36:33.019111+00:00
2020-07-10,195.1358,portal.amfiindia.com / AMFI Historical NAV,2026-09-05T05:36:33.019111+00:00
2020-07-13,198.6538,portal.amfiindia.com / AMFI Historical NAV,2026-09-05T05:36:33.019111+00:00
2020-07-14,201.8433,portal.amfiindia.com / AMFI Historical NAV,2026-09-05T05:36:33.019111+00:00
2020-07-15,198.7925,portal.amfiindia.com / AMFI Historical NAV,2026-09-05T05:36:33.019111+00:00
2020-07-16,197.6088,portal.amfiindia.com / AMFI Historical NAV,2026-09-05T05:36:33.019111+00:00
2020-07-17,200.4428,portal.amfiindia.com / AMFI Historical NAV,2026-09-05T05:36:33.019111+00:00
2020-07-20,198.7761,portal.amfiindia.com / AMFI Historical NAV,2026-09-05T05:36:33.019111+00:00
2020-07-21,198.0389,portal.amfiindia.com / AMFI Historical NAV,2026-09-05T05:36:33.019111+00:00
2020-07-22,198.7686,portal.amfiindia.com / AMFI Historical NAV,2026-09-05T05:36:33.019111+00:00
2020-07-23,197.1363,portal.amfiindia.com / AMFI Historical NAV,2026-09-05T05:36:33.019111+00:00
2020-07-24,197.4364,portal.amfiindia.com / AMFI Historical NAV,2026-09-05T05:36:33.019111+00:00
2020-07-27,195.511,portal.amfiindia.com / AMFI Historical NAV,2026-09-05T05:36:33.019111+00:00
2020-07-28,195.061,portal.amfiindia.com / AMFI Historical NAV,2026-09-05T05:36:33.019111+00:00
2020-07-29,196.0226,portal.amfiindia.com / AMFI Historical NAV,2026-09-05T05:36:33.019111+00:00
2020-07-30,192.3372,portal.amfiindia.com / AMFI Historical NAV,2026-09-05T05:36:33.019111+00:00
2020-07-31,193.9391,portal.amfiindia.com / AMFI Historical NAV,2026-09-05T05:36:33.019111+00:00
2020-08-03,193.694,portal.amfiindia.com / AMFI Historical NAV,2026-09-05T05:36:33.019111+00:00
2020-08-04,194.8058,portal.amfiindia.com / AMFI Historical NAV,2026-09-05T05:36:33.019111+00:00
2020-08-05,195.0983,portal.amfiindia.com / AMFI Historical NAV,2026-09-05T05:36:33.019111+00:00
2020-08-06,198.3039,portal.amfiindia.com / AMFI Historical NAV,2026-09-05T05:36:33.019111+00:00
2020-08-07,199.6676,portal.amfiindia.com / AMFI Historical NAV,2026-09-05T05:36:33.019111+00:00
2020-08-10,199.1319,portal.amfiindia.com / AMFI Historical NAV,2026-09-05T05:36:33.019111+00:00
2020-08-11,199.5311,portal.amfiindia.com / AMFI Historical NAV,2026-09-05T05:36:33.019111+00:00
2020-08-12,200.1972,portal.amfiindia.com / AMFI Historical NAV,2026-09-05T05:36:33.019111+00:00
2020-08-13,201.0364,portal.amfiindia.com / AMFI Historical NAV,2026-09-05T05:36:33.019111+00:00
2020-08-14,201.0574,portal.amfiindia.com / AMFI Historical NAV,2026-09-05T05:36:33.019111+00:00
2020-08-17,199.9956,portal.amfiindia.com / AMFI Historical NAV,2026-09-05T05:36:33.019111+00:00
2020-08-18,198.7415,portal.amfiindia.com / AMFI Historical NAV,2026-09-05T05:36:33.019111+00:00
2020-08-19,196.6066,portal.amfiindia.com / AMFI Historical NAV,2026-09-05T05:36:33.019111+00:00
2020-08-20,200.6504,portal.amfiindia.com / AMFI Historical NAV,2026-09-05T05:36:33.019111+00:00
2020-08-21,198.3015,portal.amfiindia.com / AMFI Historical NAV,2026-09-05T05:36:33.019111+00:00
2020-08-24,197.493,portal.amfiindia.com / AMFI Historical NAV,2026-09-05T05:36:33.019111+00:00
2020-08-25,197.5934,portal.amfiindia.com / AMFI Historical NAV,2026-09-05T05:36:33.019111+00:00
2020-08-26,200.4399,portal.amfiindia.com / AMFI Historical NAV,2026-09-05T05:36:33.019111+00:00
2020-08-27,200.1451,portal.amfiindia.com / AMFI Historical NAV,2026-09-05T05:36:33.019111+00:00
2020-08-28,203.2652,portal.amfiindia.com / AMFI Historical NAV,2026-09-05T05:36:33.019111+00:00
2020-08-31,201.863,portal.amfiindia.com / AMFI Historical NAV,2026-09-05T05:36:33.019111+00:00
2020-09-01,202.305,portal.amfiindia.com / AMFI Historical NAV,2026-09-05T05:36:33.019111+00:00
2020-09-02,200.5363,portal.amfiindia.com / AMFI Historical NAV,2026-09-05T05:36:33.019111+00:00
2020-09-03,205.154,portal.amfiindia.com / AMFI Historical NAV,2026-09-05T05:36:33.019111+00:00
2020-09-04,203.3164,portal.amfiindia.com / AMFI Historical NAV,2026-09-05T05:36:33.019111+00:00
2020-09-07,203.7559,portal.amfiindia.com / AMFI Historical NAV,2026-09-05T05:36:33.019111+00:00
2020-09-08,206.3841,portal.amfiindia.com / AMFI Historical NAV,2026-09-05T05:36:33.019111+00:00
2020-09-09,208.1925,portal.amfiindia.com / AMFI Historical NAV,2026-09-05T05:36:33.019111+00:00
2020-09-10,208.2028,portal.amfiindia.com / AMFI Historical NAV,2026-09-05T05:36:33.019111+00:00
2020-09-11,208.3262,portal.amfiindia.com / AMFI Historical NAV,2026-09-05T05:36:33.019111+00:00
2020-09-14,208.4947,portal.amfiindia.com / AMFI Historical NAV,2026-09-05T05:36:33.019111+00:00
2020-09-15,208.748,portal.amfiindia.com / AMFI Historical NAV,2026-09-05T05:36:33.019111+00:00
2020-09-16,212.0369,portal.amfiindia.com / AMFI Historical NAV,2026-09-05T05:36:33.019111+00:00
2020-09-17,217.1141,portal.amfiindia.com / AMFI Historical NAV,2026-09-05T05:36:33.019111+00:00
2020-09-18,215.2335,portal.amfiindia.com / AMFI Historical NAV,2026-09-05T05:36:33.019111+00:00
2020-09-21,212.9112,portal.amfiindia.com / AMFI Historical NAV,2026-09-05T05:36:33.019111+00:00
2020-09-22,213.3406,portal.amfiindia.com / AMFI Historical NAV,2026-09-05T05:36:33.019111+00:00
2020-09-23,219.039,portal.amfiindia.com / AMFI Historical NAV,2026-09-05T05:36:33.019111+00:00
2020-09-24,217.0808,portal.amfiindia.com / AMFI Historical NAV,2026-09-05T05:36:33.019111+00:00
2020-09-25,220.8277,portal.amfiindia.com / AMFI Historical NAV,2026-09-05T05:36:33.019111+00:00
2020-09-28,224.8211,portal.amfiindia.com / AMFI Historical NAV,2026-09-05T05:36:33.019111+00:00
2020-09-29,223.6992,portal.amfiindia.com / AMFI Historical NAV,2026-09-05T05:36:33.019111+00:00
2020-09-30,225.3534,portal.amfiindia.com / AMFI Historical NAV,2026-09-05T05:36:33.019111+00:00
2020-10-01,229.3576,portal.amfiindia.com / AMFI Historical NAV,2026-09-05T05:36:33.019111+00:00
2020-10-02,228.3495,portal.amfiindia.com / AMFI Historical NAV,2026-09-05T05:36:33.019111+00:00
2020-10-05,228.1446,portal.amfiindia.com / AMFI Historical NAV,2026-09-05T05:36:33.019111+00:00
2020-10-06,227.2727,portal.amfiindia.com / AMFI Historical NAV,2026-09-05T05:36:33.019111+00:00
2020-10-07,225.0033,portal.amfiindia.com / AMFI Historical NAV,2026-09-05T05:36:33.019111+00:00
2020-10-08,224.6469,portal.amfiindia.com / AMFI Historical NAV,2026-09-05T05:36:33.019111+00:00
2020-10-09,222.448,portal.amfiindia.com / AMFI Historical NAV,2026-09-05T05:36:33.019111+00:00
2020-10-12,221.9146,portal.amfiindia.com / AMFI Historical NAV,2026-09-05T05:36:33.019111+00:00
2020-10-13,220.849,portal.amfiindia.com / AMFI Historical NAV,2026-09-05T05:36:33.019111+00:00
2020-10-14,222.2545,portal.amfiindia.com / AMFI Historical NAV,2026-09-05T05:36:33.019111+00:00
2020-10-15,218.6477,portal.amfiindia.com / AMFI Historical NAV,2026-09-05T05:36:33.019111+00:00
2020-10-16,218.8922,portal.amfiindia.com / AMFI Historical NAV,2026-09-05T05:36:33.019111+00:00
2020-10-19,221.3212,portal.amfiindia.com / AMFI Historical NAV,2026-09-05T05:36:33.019111+00:00
2020-10-20,216.9588,portal.amfiindia.com / AMFI Historical NAV,2026-09-05T05:36:33.019111+00:00
2020-10-21,217.5465,portal.amfiindia.com / AMFI Historical NAV,2026-09-05T05:36:33.019111+00:00
2020-10-22,219.9411,portal.amfiindia.com / AMFI Historical NAV,2026-09-05T05:36:33.019111+00:00
2020-10-23,217.4295,portal.amfiindia.com / AMFI Historical NAV,2026-09-05T05:36:33.019111+00:00
2020-10-26,221.6699,portal.amfiindia.com / AMFI Historical NAV,2026-09-05T05:36:33.019111+00:00
2020-10-27,222.8472,portal.amfiindia.com / AMFI Historical NAV,2026-09-05T05:36:33.019111+00:00
2020-10-28,221.5286,portal.amfiindia.com / AMFI Historical NAV,2026-09-05T05:36:33.019111+00:00
2020-10-29,221.1053,portal.amfiindia.com / AMFI Historical NAV,2026-09-05T05:36:33.019111+00:00
2020-10-30,222.6031,portal.amfiindia.com / AMFI Historical NAV,2026-09-05T05:36:33.019111+00:00
2020-11-02,223.5894,portal.amfiindia.com / AMFI Historical NAV,2026-09-05T05:36:33.019111+00:00
2020-11-03,225.1133,portal.amfiindia.com / AMFI Historical NAV,2026-09-05T05:36:33.019111+00:00
2020-11-04,222.1804,portal.amfiindia.com / AMFI Historical NAV,2026-09-05T05:36:33.019111+00:00
2020-11-05,222.7199,portal.amfiindia.com / AMFI Historical NAV,2026-09-05T05:36:33.019111+00:00
2020-11-06,219.0255,portal.amfiindia.com / AMFI Historical NAV,2026-09-05T05:36:33.019111+00:00
2020-11-09,219.3749,portal.amfiindia.com / AMFI Historical NAV,2026-09-05T05:36:33.019111+00:00
2020-11-10,217.867,portal.amfiindia.com / AMFI Historical NAV,2026-09-05T05:36:33.019111+00:00
2020-11-11,215.4759,portal.amfiindia.com / AMFI Historical NAV,2026-09-05T05:36:33.019111+00:00
2020-11-12,219.2962,portal.amfiindia.com / AMFI Historical NAV,2026-09-05T05:36:33.019111+00:00
2020-11-13,221.6078,portal.amfiindia.com / AMFI Historical NAV,2026-09-05T05:36:33.019111+00:00
2020-11-16,224.5572,portal.amfiindia.com / AMFI Historical NAV,2026-09-05T05:36:33.019111+00:00
2020-11-17,222.3056,portal.amfiindia.com / AMFI Historical NAV,2026-09-05T05:36:33.019111+00:00
2020-11-18,221.1546,portal.amfiindia.com / AMFI Historical NAV,2026-09-05T05:36:33.019111+00:00
2020-11-19,223.759,portal.amfiindia.com / AMFI Historical NAV,2026-09-05T05:36:33.019111+00:00
2020-11-20,224.7861,portal.amfiindia.com / AMFI Historical NAV,2026-09-05T05:36:33.019111+00:00
2020-11-23,230.645,portal.amfiindia.com / AMFI Historical NAV,2026-09-05T05:36:33.019111+00:00
2020-11-24,232.0274,portal.amfiindia.com / AMFI Historical NAV,2026-09-05T05:36:33.019111+00:00
2020-11-25,234.0998,portal.amfiindia.com / AMFI Historical NAV,2026-09-05T05:36:33.019111+00:00
2020-11-26,233.2905,portal.amfiindia.com / AMFI Historical NAV,2026-09-05T05:36:33.019111+00:00
2020-11-27,234.139,portal.amfiindia.com / AMFI Historical NAV,2026-09-05T05:36:33.019111+00:00
2020-11-30,235.2171,portal.amfiindia.com / AMFI Historical NAV,2026-09-05T05:36:33.019111+00:00
2020-12-01,237.6915,portal.amfiindia.com / AMFI Historical NAV,2026-09-05T05:36:33.019111+00:00
2020-12-02,239.4963,portal.amfiindia.com / AMFI Historical NAV,2026-09-05T05:36:33.019111+00:00
2020-12-03,238.2913,portal.amfiindia.com / AMFI Historical NAV,2026-09-05T05:36:33.019111+00:00
2020-12-04,234.4861,portal.amfiindia.com / AMFI Historical NAV,2026-09-05T05:36:33.019111+00:00
2020-12-07,231.2611,portal.amfiindia.com / AMFI Historical NAV,2026-09-05T05:36:33.019111+00:00
2020-12-08,232.4318,portal.amfiindia.com / AMFI Historical NAV,2026-09-05T05:36:33.019111+00:00
2020-12-09,232.178,portal.amfiindia.com / AMFI Historical NAV,2026-09-05T05:36:33.019111+00:00
2020-12-10,228.2269,portal.amfiindia.com / AMFI Historical NAV,2026-09-05T05:36:33.019111+00:00
2020-12-11,229.1038,portal.amfiindia.com / AMFI Historical NAV,2026-09-05T05:36:33.019111+00:00
2020-12-14,235.7908,portal.amfiindia.com / AMFI Historical NAV,2026-09-05T05:36:33.019111+00:00
2020-12-15,236.7809,portal.amfiindia.com / AMFI Historical NAV,2026-09-05T05:36:33.019111+00:00
2020-12-16,239.9721,portal.amfiindia.com / AMFI Historical NAV,2026-09-05T05:36:33.019111+00:00
2020-12-17,240.9851,portal.amfiindia.com / AMFI Historical NAV,2026-09-05T05:36:33.019111+00:00
2020-12-18,242.114,portal.amfiindia.com / AMFI Historical NAV,2026-09-05T05:36:33.019111+00:00
2020-12-21,244.931,portal.amfiindia.com / AMFI Historical NAV,2026-09-05T05:36:33.019111+00:00
2020-12-22,244.3788,portal.amfiindia.com / AMFI Historical NAV,2026-09-05T05:36:33.019111+00:00
2020-12-23,245.3252,portal.amfiindia.com / AMFI Historical NAV,2026-09-05T05:36:33.019111+00:00
2020-12-24,247.3072,portal.amfiindia.com / AMFI Historical NAV,2026-09-05T05:36:33.019111+00:00
2020-12-25,246.2761,portal.amfiindia.com / AMFI Historical NAV,2026-09-05T05:36:33.019111+00:00
2020-12-28,249.643,portal.amfiindia.com / AMFI Historical NAV,2026-09-05T05:36:33.019111+00:00
2020-12-29,250.2637,portal.amfiindia.com / AMFI Historical NAV,2026-09-05T05:36:33.019111+00:00
2020-12-30,247.1675,portal.amfiindia.com / AMFI Historical NAV,2026-09-05T05:36:33.019111+00:00
2020-12-31,249.3355,portal.amfiindia.com / AMFI Historical NAV,2026-09-05T05:36:33.019111+00:00
2021-01-01,248.3903,portal.amfiindia.com / AMFI Historical NAV,2026-09-05T05:36:33.019111+00:00
2021-01-04,249.938,portal.amfiindia.com / AMFI Historical NAV,2026-09-05T05:36:33.019111+00:00
2021-01-05,249.0408,portal.amfiindia.com / AMFI Historical NAV,2026-09-05T05:36:33.019111+00:00
2021-01-06,252.1213,portal.amfiindia.com / AMFI Historical NAV,2026-09-05T05:36:33.019111+00:00
2021-01-07,253.176,portal.amfiindia.com / AMFI Historical NAV,2026-09-05T05:36:33.019111+00:00
2021-01-08,253.775,portal.amfiindia.com / AMFI Historical NAV,2026-09-05T05:36:33.019111+00:00
2021-01-11,256.5879,portal.amfiindia.com / AMFI Historical NAV,2026-09-05T05:36:33.019111+00:00
2021-01-12,259.4726,portal.amfiindia.com / AMFI Historical NAV,2026-09-05T05:36:33.019111+00:00
2021-01-13,260.943,portal.amfiindia.com / AMFI Historical NAV,2026-09-05T05:36:33.019111+00:00
2021-01-14,261.4237,portal.amfiindia.com / AMFI Historical NAV,2026-09-05T05:36:33.019111+00:00
2021-01-15,259.2207,portal.amfiindia.com / AMFI Historical NAV,2026-09-05T05:36:33.019111+00:00
2021-01-18,257.7815,portal.amfiindia.com / AMFI Historical NAV,2026-09-05T05:36:33.019111+00:00
2021-01-19,257.0179,portal.amfiindia.com / AMFI Historical NAV,2026-09-05T05:36:33.019111+00:00
2021-01-20,256.2951,portal.amfiindia.com / AMFI Historical NAV,2026-09-05T05:36:33.019111+00:00
2021-01-21,254.4754,portal.amfiindia.com / AMFI Historical NAV,2026-09-05T05:36:33.019111+00:00
2021-01-22,255.1589,portal.amfiindia.com / AMFI Historical NAV,2026-09-05T05:36:33.019111+00:00
2021-01-25,256.1613,portal.amfiindia.com / AMFI Historical NAV,2026-09-05T05:36:33.019111+00:00
2021-01-26,256.0619,portal.amfiindia.com / AMFI Historical NAV,2026-09-05T05:36:33.019111+00:00
2021-01-27,257.2625,portal.amfiindia.com / AMFI Historical NAV,2026-09-05T05:36:33.019111+00:00
2021-01-28,256.5282,portal.amfiindia.com / AMFI Historical NAV,2026-09-05T05:36:33.019111+00:00
2021-01-29,255.1814,portal.amfiindia.com / AMFI Historical NAV,2026-09-05T05:36:33.019111+00:00
2021-02-01,253.9042,portal.amfiindia.com / AMFI Historical NAV,2026-09-05T05:36:33.019111+00:00
2021-02-02,253.8364,portal.amfiindia.com / AMFI Historical NAV,2026-09-05T05:36:33.019111+00:00
2021-02-03,251.489,portal.amfiindia.com / AMFI Historical NAV,2026-09-05T05:36:33.019111+00:00
2021-02-04,252.695,portal.amfiindia.com / AMFI Historical NAV,2026-09-05T05:36:33.019111+00:00
2021-02-05,256.3796,portal.amfiindia.com / AMFI Historical NAV,2026-09-05T05:36:33.019111+00:00
2021-02-08,259.3583,portal.amfiindia.com / AMFI Historical NAV,2026-09-05T05:36:33.019111+00:00
2021-02-09,259.9572,portal.amfiindia.com / AMFI Historical NAV,2026-09-05T05:36:33.019111+00:00
2021-02-10,263.0284,portal.amfiindia.com / AMFI Historical NAV,2026-09-05T05:36:33.019111+00:00
2021-02-11,263.2615,portal.amfiindia.com / AMFI Historical NAV,2026-09-05T05:36:33.019111+00:00
2021-02-12,261.8501,portal.amfiindia.com / AMFI Historical NAV,2026-09-05T05:36:33.019111+00:00
2021-02-15,260.9846,portal.amfiindia.com / AMFI Historical NAV,2026-09-05T05:36:33.019111+00:00
2021-02-16,260.5914,portal.amfiindia.com / AMFI Historical NAV,2026-09-05T05:36:33.019111+00:00
2021-02-17,261.0664,portal.amfiindia.com / AMFI Historical NAV,2026-09-05T05:36:33.019111+00:00
2021-02-18,261.8556,portal.amfiindia.com / AMFI Historical NAV,2026-09-05T05:36:33.019111+00:00
2021-02-19,263.655,portal.amfiindia.com / AMFI Historical NAV,2026-09-05T05:36:33.019111+00:00
2021-02-22,264.8845,portal.amfiindia.com / AMFI Historical NAV,2026-09-05T05:36:33.019111+00:00
2021-02-23,265.5087,portal.amfiindia.com / AMFI Historical NAV,2026-09-05T05:36:33.019111+00:00
2021-02-24,266.2928,portal.amfiindia.com / AMFI Historical NAV,2026-09-05T05:36:33.019111+00:00
2021-02-25,269.2274,portal.amfiindia.com / AMFI Historical NAV,2026-09-05T05:36:33.019111+00:00
2021-02-26,268.1619,portal.amfiindia.com / AMFI Historical NAV,2026-09-05T05:36:33.019111+00:00
2021-03-01,263.1536,portal.amfiindia.com / AMFI Historical NAV,2026-09-05T05:36:33.019111+00:00
2021-03-02,266.1266,portal.amfiindia.com / AMFI Historical NAV,2026-09-05T05:36:33.019111+00:00
2021-03-03,264.4854,portal.amfiindia.com / AMFI Historical NAV,2026-09-05T05:36:33.019111+00:00
2021-03-04,264.5273,portal.amfiindia.com / AMFI Historical NAV,2026-09-05T05:36:33.019111+00:00
2021-03-05,264.1928,portal.amfiindia.com / AMFI Historical NAV,2026-09-05T05:36:33.019111+00:00
2021-03-08,262.6229,portal.amfiindia.com / AMFI Historical NAV,2026-09-05T05:36:33.019111+00:00
2021-03-09,264.2826,portal.amfiindia.com / AMFI Historical NAV,2026-09-05T05:36:33.019111+00:00
2021-03-10,266.1637,portal.amfiindia.com / AMFI Historical NAV,2026-09-05T05:36:33.019111+00:00
2021-03-11,265.9968,portal.amfiindia.com / AMFI Historical NAV,2026-09-05T05:36:33.019111+00:00
2021-03-12,261.7394,portal.amfiindia.com / AMFI Historical NAV,2026-09-05T05:36:33.019111+00:00
2021-03-15,261.0965,portal.amfiindia.com / AMFI Historical NAV,2026-09-05T05:36:33.019111+00:00
2021-03-16,261.2905,portal.amfiindia.com / AMFI Historical NAV,2026-09-05T05:36:33.019111+00:00
2021-03-17,258.9394,portal.amfiindia.com / AMFI Historical NAV,2026-09-05T05:36:33.019111+00:00
2021-03-18,259.2176,portal.amfiindia.com / AMFI Historical NAV,2026-09-05T05:36:33.019111+00:00
2021-03-19,258.9719,portal.amfiindia.com / AMFI Historical NAV,2026-09-05T05:36:33.019111+00:00
2021-03-22,260.2687,portal.amfiindia.com / AMFI Historical NAV,2026-09-05T05:36:33.019111+00:00
2021-03-23,260.48,portal.amfiindia.com / AMFI Historical NAV,2026-09-05T05:36:33.019111+00:00
2021-03-24,259.5953,portal.amfiindia.com / AMFI Historical NAV,2026-09-05T05:36:33.019111+00:00
2021-03-25,260.506,portal.amfiindia.com / AMFI Historical NAV,2026-09-05T05:36:33.019111+00:00
2021-03-26,260.4387,portal.amfiindia.com / AMFI Historical NAV,2026-09-05T05:36:33.019111+00:00
2021-03-29,260.772,portal.amfiindia.com / AMFI Historical NAV,2026-09-05T05:36:33.019111+00:00
2021-03-30,259.3138,portal.amfiindia.com / AMFI Historical NAV,2026-09-05T05:36:33.019111+00:00
2021-03-31,258.749,portal.amfiindia.com / AMFI Historical NAV,2026-09-05T05:36:33.019111+00:00
2021-04-01,256.3896,portal.amfiindia.com / AMFI Historical NAV,2026-09-05T05:36:33.019111+00:00
2021-04-02,256.6621,portal.amfiindia.com / AMFI Historical NAV,2026-09-05T05:36:33.019111+00:00
2021-04-05,260.1195,portal.amfiindia.com / AMFI Historical NAV,2026-09-05T05:36:33.019111+00:00
2021-04-06,258.5943,portal.amfiindia.com / AMFI Historical NAV,2026-09-05T05:36:33.019111+00:00
2021-04-07,257.1185,portal.amfiindia.com / AMFI Historical NAV,2026-09-05T05:36:33.019111+00:00
2021-04-08,259.8595,portal.amfiindia.com / AMFI Historical NAV,2026-09-05T05:36:33.019111+00:00
2021-04-09,260.1731,portal.amfiindia.com / AMFI Historical NAV,2026-09-05T05:36:33.019111+00:00
2021-04-12,259.5033,portal.amfiindia.com / AMFI Historical NAV,2026-09-05T05:36:33.019111+00:00
2021-04-13,261.9631,portal.amfiindia.com / AMFI Historical NAV,2026-09-05T05:36:33.019111+00:00
2021-04-14,260.0282,portal.amfiindia.com / AMFI Historical NAV,2026-09-05T05:36:33.019111+00:00
2021-04-15,262.5106,portal.amfiindia.com / AMFI Historical NAV,2026-09-05T05:36:33.019111+00:00
2021-04-16,265.1256,portal.amfiindia.com / AMFI Historical NAV,2026-09-05T05:36:33.019111+00:00
2021-04-19,262.6559,portal.amfiindia.com / AMFI Historical NAV,2026-09-05T05:36:33.019111+00:00
2021-04-20,266.2895,portal.amfiindia.com / AMFI Historical NAV,2026-09-05T05:36:33.019111+00:00
2021-04-21,266.519,portal.amfiindia.com / AMFI Historical NAV,2026-09-05T05:36:33.019111+00:00
2021-04-22,267.9352,portal.amfiindia.com / AMFI Historical NAV,2026-09-05T05:36:33.019111+00:00
2021-04-23,268.3823,portal.amfiindia.com / AMFI Historical NAV,2026-09-05T05:36:33.019111+00:00
2021-04-26,270.907,portal.amfiindia.com / AMFI Historical NAV,2026-09-05T05:36:33.019111+00:00
2021-04-27,273.4939,portal.amfiindia.com / AMFI Historical NAV,2026-09-05T05:36:33.019111+00:00
2021-04-28,273.8605,portal.amfiindia.com / AMFI Historical NAV,2026-09-05T05:36:33.019111+00:00
2021-04-29,272.3244,portal.amfiindia.com / AMFI Historical NAV,2026-09-05T05:36:33.019111+00:00
2021-04-30,274.2832,portal.amfiindia.com / AMFI Historical NAV,2026-09-05T05:36:33.019111+00:00
2021-05-03,274.6053,portal.amfiindia.com / AMFI Historical NAV,2026-09-05T05:36:33.019111+00:00
2021-05-04,278.168,portal.amfiindia.com / AMFI Historical NAV,2026-09-05T05:36:33.019111+00:00
2021-05-05,277.536,portal.amfiindia.com / AMFI Historical NAV,2026-09-05T05:36:33.019111+00:00
2021-05-06,276.7713,portal.amfiindia.com / AMFI Historical NAV,2026-09-05T05:36:33.019111+00:00
2021-05-07,277.2225,portal.amfiindia.com / AMFI Historical NAV,2026-09-05T05:36:33.019111+00:00
2021-05-10,275.6491,portal.amfiindia.com / AMFI Historical NAV,2026-09-05T05:36:33.019111+00:00
2021-05-11,273.4664,portal.amfiindia.com / AMFI Historical NAV,2026-09-05T05:36:33.019111+00:00
2021-05-12,275.1321,portal.amfiindia.com / AMFI Historical NAV,2026-09-05T05:36:33.019111+00:00
2021-05-13,274.7369,portal.amfiindia.com / AMFI Historical NAV,2026-09-05T05:36:33.019111+00:00
2021-05-14,274.0396,portal.amfiindia.com / AMFI Historical NAV,2026-09-05T05:36:33.019111+00:00
2021-05-17,274.7169,portal.amfiindia.com / AMFI Historical NAV,2026-09-05T05:36:33.019111+00:00
2021-05-18,275.9006,portal.amfiindia.com / AMFI Historical NAV,2026-09-05T05:36:33.019111+00:00
2021-05-19,280.1231,portal.amfiindia.com / AMFI Historical NAV,2026-09-05T05:36:33.019111+00:00
2021-05-20,282.7836,portal.amfiindia.com / AMFI Historical NAV,2026-09-05T05:36:33.019111+00:00
2021-05-21,281.5448,portal.amfiindia.com / AMFI Historical NAV,2026-09-05T05:36:33.019111+00:00
2021-05-24,280.1252,portal.amfiindia.com / AMFI Historical NAV,2026-09-05T05:36:33.019111+00:00
2021-05-25,282.8891,portal.amfiindia.com / AMFI Historical NAV,2026-09-05T05:36:33.019111+00:00
2021-05-26,283.364,portal.amfiindia.com / AMFI Historical NAV,2026-09-05T05:36:33.019111+00:00
2021-05-27,283.3626,portal.amfiindia.com / AMFI Historical NAV,2026-09-05T05:36:33.019111+00:00
2021-05-28,286.0416,portal.amfiindia.com / AMFI Historical NAV,2026-09-05T05:36:33.019111+00:00
2021-05-31,287.2188,portal.amfiindia.com / AMFI Historical NAV,2026-09-05T05:36:33.019111+00:00
2021-06-01,287.0751,portal.amfiindia.com / AMFI Historical NAV,2026-09-05T05:36:33.019111+00:00
2021-06-02,292.85,portal.amfiindia.com / AMFI Historical NAV,2026-09-05T05:36:33.019111+00:00
2021-06-03,291.1775,portal.amfiindia.com / AMFI Historical NAV,2026-09-05T05:36:33.019111+00:00
2021-06-04,291.9492,portal.amfiindia.com / AMFI Historical NAV,2026-09-05T05:36:33.019111+00:00
2021-06-07,292.1718,portal.amfiindia.com / AMFI Historical NAV,2026-09-05T05:36:33.019111+00:00
2021-06-08,292.1167,portal.amfiindia.com / AMFI Historical NAV,2026-09-05T05:36:33.019111+00:00
2021-06-09,295.1112,portal.amfiindia.com / AMFI Historical NAV,2026-09-05T05:36:33.019111+00:00
2021-06-10,296.9477,portal.amfiindia.com / AMFI Historical NAV,2026-09-05T05:36:33.019111+00:00
2021-06-11,299.125,portal.amfiindia.com / AMFI Historical NAV,2026-09-05T05:36:33.019111+00:00
2021-06-14,302.1342,portal.amfiindia.com / AMFI Historical NAV,2026-09-05T05:36:33.019111+00:00
2021-06-15,301.5002,portal.amfiindia.com / AMFI Historical NAV,2026-09-05T05:36:33.019111+00:00
2021-06-16,300.3138,portal.amfiindia.com / AMFI Historical NAV,2026-09-05T05:36:33.019111+00:00
2021-06-17,299.0769,portal.amfiindia.com / AMFI Historical NAV,2026-09-05T05:36:33.019111+00:00
2021-06-18,294.2153,portal.amfiindia.com / AMFI Historical NAV,2026-09-05T05:36:33.019111+00:00
2021-06-21,298.7308,portal.amfiindia.com / AMFI Historical NAV,2026-09-05T05:36:33.019111+00:00
2021-06-22,295.7221,portal.amfiindia.com / AMFI Historical NAV,2026-09-05T05:36:33.019111+00:00
2021-06-23,297.4429,portal.amfiindia.com / AMFI Historical NAV,2026-09-05T05:36:33.019111+00:00
2021-06-24,296.891,portal.amfiindia.com / AMFI Historical NAV,2026-09-05T05:36:33.019111+00:00
2021-06-25,297.5972,portal.amfiindia.com / AMFI Historical NAV,2026-09-05T05:36:33.019111+00:00
2021-06-28,298.7088,portal.amfiindia.com / AMFI Historical NAV,2026-09-05T05:36:33.019111+00:00
2021-06-29,300.0315,portal.amfiindia.com / AMFI Historical NAV,2026-09-05T05:36:33.019111+00:00
2021-06-30,301.3234,portal.amfiindia.com / AMFI Historical NAV,2026-09-05T05:36:33.019111+00:00
2021-07-01,302.1823,portal.amfiindia.com / AMFI Historical NAV,2026-09-05T05:36:33.019111+00:00
2021-07-02,301.6183,portal.amfiindia.com / AMFI Historical NAV,2026-09-05T05:36:33.019111+00:00
2021-07-05,302.8377,portal.amfiindia.com / AMFI Historical NAV,2026-09-05T05:36:33.019111+00:00
2021-07-06,307.2193,portal.amfiindia.com / AMFI Historical NAV,2026-09-05T05:36:33.019111+00:00
2021-07-07,308.2065,portal.amfiindia.com / AMFI Historical NAV,2026-09-05T05:36:33.019111+00:00
2021-07-08,310.2004,portal.amfiindia.com / AMFI Historical NAV,2026-09-05T05:36:33.019111+00:00
2021-07-09,311.7713,portal.amfiindia.com / AMFI Historical NAV,2026-09-05T05:36:33.019111+00:00
2021-07-12,316.1833,portal.amfiindia.com / AMFI Historical NAV,2026-09-05T05:36:33.019111+00:00
2021-07-13,316.1109,portal.amfiindia.com / AMFI Historical NAV,2026-09-05T05:36:33.019111+00:00
2021-07-14,314.073,portal.amfiindia.com / AMFI Historical NAV,2026-09-05T05:36:33.019111+00:00
2021-07-15,314.7683,portal.amfiindia.com / AMFI Historical NAV,2026-09-05T05:36:33.019111+00:00
2021-07-16,312.4914,portal.amfiindia.com / AMFI Historical NAV,2026-09-05T05:36:33.019111+00:00
2021-07-19,313.8638,portal.amfiindia.com / AMFI Historical NAV,2026-09-05T05:36:33.019111+00:00
2021-07-20,314.2078,portal.amfiindia.com / AMFI Historical NAV,2026-09-05T05:36:33.019111+00:00
2021-07-21,317.127,portal.amfiindia.com / AMFI Historical NAV,2026-09-05T05:36:33.019111+00:00
2021-07-22,315.8458,portal.amfiindia.com / AMFI Historical NAV,2026-09-05T05:36:33.019111+00:00
2021-07-23,316.3969,portal.amfiindia.com / AMFI Historical NAV,2026-09-05T05:36:33.019111+00:00
2021-07-26,320.4264,portal.amfiindia.com / AMFI Historical NAV,2026-09-05T05:36:33.019111+00:00
2021-07-27,320.4428,portal.amfiindia.com / AMFI Historical NAV,2026-09-05T05:36:33.019111+00:00
2021-07-28,326.4462,portal.amfiindia.com / AMFI Historical NAV,2026-09-05T05:36:33.019111+00:00
2021-07-29,327.6559,portal.amfiindia.com / AMFI Historical NAV,2026-09-05T05:36:33.019111+00:00
2021-07-30,325.6102,portal.amfiindia.com / AMFI Historical NAV,2026-09-05T05:36:33.019111+00:00
2021-08-02,328.7841,portal.amfiindia.com / AMFI Historical NAV,2026-09-05T05:36:33.019111+00:00
2021-08-03,329.3182,portal.amfiindia.com / AMFI Historical NAV,2026-09-05T05:36:33.019111+00:00
2021-08-04,332.3399,portal.amfiindia.com / AMFI Historical NAV,2026-09-05T05:36:33.019111+00:00
2021-08-05,334.2416,portal.amfiindia.com / AMFI Historical NAV,2026-09-05T05:36:33.019111+00:00
2021-08-06,334.931,portal.amfiindia.com / AMFI Historical NAV,2026-09-05T05:36:33.019111+00:00
2021-08-09,332.7883,portal.amfiindia.com / AMFI Historical NAV,2026-09-05T05:36:33.019111+00:00
2021-08-10,332.9026,portal.amfiindia.com / AMFI Historical NAV,2026-09-05T05:36:33.019111+00:00
2021-08-11,331.2769,portal.amfiindia.com / AMFI Historical NAV,2026-09-05T05:36:33.019111+00:00
2021-08-12,330.5629,portal.amfiindia.com / AMFI Historical NAV,2026-09-05T05:36:33.019111+00:00
2021-08-13,333.3886,portal.amfiindia.com / AMFI Historical NAV,2026-09-05T05:36:33.019111+00:00
2021-08-16,337.7927,portal.amfiindia.com / AMFI Historical NAV,2026-09-05T05:36:33.019111+00:00
2021-08-17,339.6746,portal.amfiindia.com / AMFI Historical NAV,2026-09-05T05:36:33.019111+00:00
2021-08-18,338.2827,portal.amfiindia.com / AMFI Historical NAV,2026-09-05T05:36:33.019111+00:00
2021-08-19,339.4029,portal.amfiindia.com / AMFI Historical NAV,2026-09-05T05:36:33.019111+00:00
2021-08-20,342.5702,portal.amfiindia.com / AMFI Historical NAV,2026-09-05T05:36:33.019111+00:00
2021-08-23,340.5369,portal.amfiindia.com / AMFI Historical NAV,2026-09-05T05:36:33.019111+00:00
2021-08-24,341.9121,portal.amfiindia.com / AMFI Historical NAV,2026-09-05T05:36:33.019111+00:00
2021-08-25,339.4479,portal.amfiindia.com / AMFI Historical NAV,2026-09-05T05:36:33.019111+00:00
2021-08-26,338.0857,portal.amfiindia.com / AMFI Historical NAV,2026-09-05T05:36:33.019111+00:00
2021-08-27,340.9399,portal.amfiindia.com / AMFI Historical NAV,2026-09-05T05:36:33.019111+00:00
2021-08-30,339.6512,portal.amfiindia.com / AMFI Historical NAV,2026-09-05T05:36:33.019111+00:00
2021-08-31,341.2879,portal.amfiindia.com / AMFI Historical NAV,2026-09-05T05:36:33.019111+00:00
2021-09-01,339.0963,portal.amfiindia.com / AMFI Historical NAV,2026-09-05T05:36:33.019111+00:00
2021-09-02,338.17,portal.amfiindia.com / AMFI Historical NAV,2026-09-05T05:36:33.019111+00:00
2021-09-03,340.9804,portal.amfiindia.com / AMFI Historical NAV,2026-09-05T05:36:33.019111+00:00
2021-09-06,340.7637,portal.amfiindia.com / AMFI Historical NAV,2026-09-05T05:36:33.019111+00:00
2021-09-07,342.644,portal.amfiindia.com / AMFI Historical NAV,2026-09-05T05:36:33.019111+00:00
2021-09-08,341.1628,portal.amfiindia.com / AMFI Historical NAV,2026-09-05T05:36:33.019111+00:00
2021-09-09,342.989,portal.amfiindia.com / AMFI Historical NAV,2026-09-05T05:36:33.019111+00:00
2021-09-10,345.7694,portal.amfiindia.com / AMFI Historical NAV,2026-09-05T05:36:33.019111+00:00
2021-09-13,344.9451,portal.amfiindia.com / AMFI Historical NAV,2026-09-05T05:36:33.019111+00:00
2021-09-14,343.3321,portal.amfiindia.com / AMFI Historical NAV,2026-09-05T05:36:33.019111+00:00
2021-09-15,340.135,portal.amfiindia.com / AMFI Historical NAV,2026-09-05T05:36:33.019111+00:00
2021-09-16,345.6754,portal.amfiindia.com / AMFI Historical NAV,2026-09-05T05:36:33.019111+00:00
2021-09-17,344.897,portal.amfiindia.com / AMFI Historical NAV,2026-09-05T05:36:33.019111+00:00
2021-09-20,349.6635,portal.amfiindia.com / AMFI Historical NAV,2026-09-05T05:36:33.019111+00:00
2021-09-21,348.1592,portal.amfiindia.com / AMFI Historical NAV,2026-09-05T05:36:33.019111+00:00
2021-09-22,346.5616,portal.amfiindia.com / AMFI Historical NAV,2026-09-05T05:36:33.019111+00:00
2021-09-23,351.8677,portal.amfiindia.com / AMFI Historical NAV,2026-09-05T05:36:33.019111+00:00
2021-09-24,358.2413,portal.amfiindia.com / AMFI Historical NAV,2026-09-05T05:36:33.019111+00:00
2021-09-27,362.0465,portal.amfiindia.com / AMFI Historical NAV,2026-09-05T05:36:33.019111+00:00
2021-09-28,364.8573,portal.amfiindia.com / AMFI Historical NAV,2026-09-05T05:36:33.019111+00:00
2021-09-29,367.6324,portal.amfiindia.com / AMFI Historical NAV,2026-09-05T05:36:33.019111+00:00
2021-09-30,368.2931,portal.amfiindia.com / AMFI Historical NAV,2026-09-05T05:36:33.019111+00:00
2021-10-01,368.4958,portal.amfiindia.com / AMFI Historical NAV,2026-09-05T05:36:33.019111+00:00
2021-10-04,367.4079,portal.amfiindia.com / AMFI Historical NAV,2026-09-05T05:36:33.019111+00:00
2021-10-05,365.6007,portal.amfiindia.com / AMFI Historical NAV,2026-09-05T05:36:33.019111+00:00
2021-10-06,365.5518,portal.amfiindia.com / AMFI Historical NAV,2026-09-05T05:36:33.019111+00:00
2021-10-07,365.7998,portal.amfiindia.com / AMFI Historical NAV,2026-09-05T05:36:33.019111+00:00
2021-10-08,366.7388,portal.amfiindia.com / AMFI Historical NAV,2026-09-05T05:36:33.019111+00:00
2021-10-11,368.3541,portal.amfiindia.com / AMFI Historical NAV,2026-09-05T05:36:33.019111+00:00
2021-10-12,371.0836,portal.amfiindia.com / AMFI Historical NAV,2026-09-05T05:36:33.019111+00:00
2021-10-13,372.4839,portal.amfiindia.com / AMFI Historical NAV,2026-09-05T05:36:33.019111+00:00
2021-10-14,376.8632,portal.amfiindia.com / AMFI Historical NAV,2026-09-05T05:36:33.019111+00:00
2021-10-15,373.9318,portal.amfiindia.com / AMFI Historical NAV,2026-09-05T05:36:33.019111+00:00
2021-10-18,373.9901,portal.amfiindia.com / AMFI Historical NAV,2026-09-05T05:36:33.019111+00:00
2021-10-19,371.8862,portal.amfiindia.com / AMFI Historical NAV,2026-09-05T05:36:33.019111+00:00
2021-10-20,363.854,portal.amfiindia.com / AMFI Historical NAV,2026-09-05T05:36:33.019111+00:00
2021-10-21,364.7853,portal.amfiindia.com / AMFI Historical NAV,2026-09-05T05:36:33.019111+00:00
2021-10-22,365.7672,portal.amfiindia.com / AMFI Historical NAV,2026-09-05T05:36:33.019111+00:00
2021-10-25,370.0817,portal.amfiindia.com / AMFI Historical NAV,2026-09-05T05:36:33.019111+00:00
2021-10-26,372.3548,portal.amfiindia.com / AMFI Historical NAV,2026-09-05T05:36:33.019111+00:00
2021-10-27,369.2764,portal.amfiindia.com / AMFI Historical NAV,2026-09-05T05:36:33.019111+00:00
2021-10-28,375.0261,portal.amfiindia.com / AMFI Historical NAV,2026-09-05T05:36:33.019111+00:00
2021-10-29,379.7608,portal.amfiindia.com / AMFI Historical NAV,2026-09-05T05:36:33.019111+00:00
2021-11-01,381.8827,portal.amfiindia.com / AMFI Historical NAV,2026-09-05T05:36:33.019111+00:00
2021-11-02,379.208,portal.amfiindia.com / AMFI Historical NAV,2026-09-05T05:36:33.019111+00:00
2021-11-03,376.0984,portal.amfiindia.com / AMFI Historical NAV,2026-09-05T05:36:33.019111+00:00
2021-11-04,373.3574,portal.amfiindia.com / AMFI Historical NAV,2026-09-05T05:36:33.019111+00:00
2021-11-05,378.1134,portal.amfiindia.com / AMFI Historical NAV,2026-09-05T05:36:33.019111+00:00
2021-11-08,383.968,portal.amfiindia.com / AMFI Historical NAV,2026-09-05T05:36:33.019111+00:00
2021-11-09,389.2529,portal.amfiindia.com / AMFI Historical NAV,2026-09-05T05:36:33.019111+00:00
2021-11-10,388.871,portal.amfiindia.com / AMFI Historical NAV,2026-09-05T05:36:33.019111+00:00
2021-11-11,385.1326,portal.amfiindia.com / AMFI Historical NAV,2026-09-05T05:36:33.019111+00:00
2021-11-12,384.2309,portal.amfiindia.com / AMFI Historical NAV,2026-09-05T05:36:33.019111+00:00
2021-11-15,376.4217,portal.amfiindia.com / AMFI Historical NAV,2026-09-05T05:36:33.019111+00:00
2021-11-16,376.7359,portal.amfiindia.com / AMFI Historical NAV,2026-09-05T05:36:33.019111+00:00
2021-11-17,376.4852,portal.amfiindia.com / AMFI Historical NAV,2026-09-05T05:36:33.019111+00:00
2021-11-18,375.0524,portal.amfiindia.com / AMFI Historical NAV,2026-09-05T05:36:33.019111+00:00
2021-11-19,368.2434,portal.amfiindia.com / AMFI Historical NAV,2026-09-05T05:36:33.019111+00:00
2021-11-22,368.591,portal.amfiindia.com / AMFI Historical NAV,2026-09-05T05:36:33.019111+00:00
2021-11-23,366.8694,portal.amfiindia.com / AMFI Historical NAV,2026-09-05T05:36:33.019111+00:00
2021-11-24,362.4203,portal.amfiindia.com / AMFI Historical NAV,2026-09-05T05:36:33.019111+00:00
2021-11-25,354.6949,portal.amfiindia.com / AMFI Historical NAV,2026-09-05T05:36:33.019111+00:00
2021-11-26,354.4834,portal.amfiindia.com / AMFI Historical NAV,2026-09-05T05:36:33.019111+00:00
2021-11-29,362.2362,portal.amfiindia.com / AMFI Historical NAV,2026-09-05T05:36:33.019111+00:00
2021-11-30,366.5323,portal.amfiindia.com / AMFI Historical NAV,2026-09-05T05:36:33.019111+00:00
2021-12-01,363.0447,portal.amfiindia.com / AMFI Historical NAV,2026-09-05T05:36:33.019111+00:00
2021-12-02,359.5822,portal.amfiindia.com / AMFI Historical NAV,2026-09-05T05:36:33.019111+00:00
2021-12-03,362.3101,portal.amfiindia.com / AMFI Historical NAV,2026-09-05T05:36:33.019111+00:00
2021-12-06,360.6143,portal.amfiindia.com / AMFI Historical NAV,2026-09-05T05:36:33.019111+00:00
2021-12-07,360.6441,portal.amfiindia.com / AMFI Historical NAV,2026-09-05T05:36:33.019111+00:00
2021-12-08,362.6159,portal.amfiindia.com / AMFI Historical NAV,2026-09-05T05:36:33.019111+00:00
2021-12-09,365.4187,portal.amfiindia.com / AMFI Historical NAV,2026-09-05T05:36:33.019111+00:00
2021-12-10,362.922,portal.amfiindia.com / AMFI Historical NAV,2026-09-05T05:36:33.019111+00:00
2021-12-13,362.8394,portal.amfiindia.com / AMFI Historical NAV,2026-09-05T05:36:33.019111+00:00
2021-12-14,359.8883,portal.amfiindia.com / AMFI Historical NAV,2026-09-05T05:36:33.019111+00:00
2021-12-15,356.9068,portal.amfiindia.com / AMFI Historical NAV,2026-09-05T05:36:33.019111+00:00
2021-12-16,354.4797,portal.amfiindia.com / AMFI Historical NAV,2026-09-05T05:36:33.019111+00:00
2021-12-17,357.3061,portal.amfiindia.com / AMFI Historical NAV,2026-09-05T05:36:33.019111+00:00
2021-12-20,359.7155,portal.amfiindia.com / AMFI Historical NAV,2026-09-05T05:36:33.019111+00:00
2021-12-21,357.3812,portal.amfiindia.com / AMFI Historical NAV,2026-09-05T05:36:33.019111+00:00
2021-12-22,360.7415,portal.amfiindia.com / AMFI Historical NAV,2026-09-05T05:36:33.019111+00:00
2021-12-23,359.444,portal.amfiindia.com / AMFI Historical NAV,2026-09-05T05:36:33.019111+00:00
2021-12-24,359.5255,portal.amfiindia.com / AMFI Historical NAV,2026-09-05T05:36:33.019111+00:00
2021-12-27,357.1612,portal.amfiindia.com / AMFI Historical NAV,2026-09-05T05:36:33.019111+00:00
2021-12-28,348.9255,portal.amfiindia.com / AMFI Historical NAV,2026-09-05T05:36:33.019111+00:00
2021-12-29,352.2248,portal.amfiindia.com / AMFI Historical NAV,2026-09-05T05:36:33.019111+00:00
2021-12-30,353.3446,portal.amfiindia.com / AMFI Historical NAV,2026-09-05T05:36:33.019111+00:00
2021-12-31,352.4506,portal.amfiindia.com / AMFI Historical NAV,2026-09-05T05:36:33.019111+00:00
2022-01-03,352.6392,portal.amfiindia.com / AMFI Historical NAV,2026-09-05T05:36:33.019111+00:00
2022-01-04,354.4598,portal.amfiindia.com / AMFI Historical NAV,2026-09-05T05:36:33.019111+00:00
2022-01-05,349.1066,portal.amfiindia.com / AMFI Historical NAV,2026-09-05T05:36:33.019111+00:00
2022-01-06,345.8598,portal.amfiindia.com / AMFI Historical NAV,2026-09-05T05:36:33.019111+00:00
2022-01-07,346.9541,portal.amfiindia.com / AMFI Historical NAV,2026-09-05T05:36:33.019111+00:00
2022-01-10,340.3524,portal.amfiindia.com / AMFI Historical NAV,2026-09-05T05:36:33.019111+00:00
2022-01-11,341.9872,portal.amfiindia.com / AMFI Historical NAV,2026-09-05T05:36:33.019111+00:00
2022-01-12,338.2678,portal.amfiindia.com / AMFI Historical NAV,2026-09-05T05:36:33.019111+00:00
2022-01-13,340.4757,portal.amfiindia.com / AMFI Historical NAV,2026-09-05T05:36:33.019111+00:00
2022-01-14,340.5224,portal.amfiindia.com / AMFI Historical NAV,2026-09-05T05:36:33.019111+00:00
2022-01-17,332.9562,portal.amfiindia.com / AMFI Historical NAV,2026-09-05T05:36:33.019111+00:00
2022-01-18,335.4747,portal.amfiindia.com / AMFI Historical NAV,2026-09-05T05:36:33.019111+00:00
2022-01-19,333.1512,portal.amfiindia.com / AMFI Historical NAV,2026-09-05T05:36:33.019111+00:00
2022-01-20,330.569,portal.amfiindia.com / AMFI Historical NAV,2026-09-05T05:36:33.019111+00:00
2022-01-21,330.8325,portal.amfiindia.com / AMFI Historical NAV,2026-09-05T05:36:33.019111+00:00
2022-01-24,334.6694,portal.amfiindia.com / AMFI Historical NAV,2026-09-05T05:36:33.019111+00:00
2022-01-25,331.296,portal.amfiindia.com / AMFI Historical NAV,2026-09-05T05:36:33.019111+00:00
2022-01-26,331.4635,portal.amfiindia.com / AMFI Historical NAV,2026-09-05T05:36:33.019111+00:00
2022-01-27,332.034,portal.amfiindia.com / AMFI Historical NAV,2026-09-05T05:36:33.019111+00:00
2022-01-28,335.0556,portal.amfiindia.com / AMFI Historical NAV,2026-09-05T05:36:33.019111+00:00
2022-01-31,335.0367,portal.amfiindia.com / AMFI Historical NAV,2026-09-05T05:36:33.019111+00:00
2022-02-01,332.3798,portal.amfiindia.com / AMFI Historical NAV,2026-09-05T05:36:33.019111+00:00
2022-02-02,328.8447,portal.amfiindia.com / AMFI Historical NAV,2026-09-05T05:36:33.019111+00:00
2022-02-03,328.6246,portal.amfiindia.com / AMFI Historical NAV,2026-09-05T05:36:33.019111+00:00
2022-02-04,326.1045,portal.amfiindia.com / AMFI Historical NAV,2026-09-05T05:36:33.019111+00:00
2022-02-07,316.849,portal.amfiindia.com / AMFI Historical NAV,2026-09-05T05:36:33.019111+00:00
2022-02-08,317.8482,portal.amfiindia.com / AMFI Historical NAV,2026-09-05T05:36:33.019111+00:00
2022-02-09,319.2517,portal.amfiindia.com / AMFI Historical NAV,2026-09-05T05:36:33.019111+00:00
2022-02-10,312.6806,portal.amfiindia.com / AMFI Historical NAV,2026-09-05T05:36:33.019111+00:00
2022-02-11,308.9245,portal.amfiindia.com / AMFI Historical NAV,2026-09-05T05:36:33.019111+00:00
2022-02-14,310.5156,portal.amfiindia.com / AMFI Historical NAV,2026-09-05T05:36:33.019111+00:00
2022-02-15,317.8387,portal.amfiindia.com / AMFI Historical NAV,2026-09-05T05:36:33.019111+00:00
2022-02-16,318.2457,portal.amfiindia.com / AMFI Historical NAV,2026-09-05T05:36:33.019111+00:00
2022-02-17,314.3442,portal.amfiindia.com / AMFI Historical NAV,2026-09-05T05:36:33.019111+00:00
2022-02-18,311.9886,portal.amfiindia.com / AMFI Historical NAV,2026-09-05T05:36:33.019111+00:00
2022-02-21,315.8734,portal.amfiindia.com / AMFI Historical NAV,2026-09-05T05:36:33.019111+00:00
2022-02-22,312.6415,portal.amfiindia.com / AMFI Historical NAV,2026-09-05T05:36:33.019111+00:00
2022-02-23,310.7323,portal.amfiindia.com / AMFI Historical NAV,2026-09-05T05:36:33.019111+00:00
2022-02-24,309.2057,portal.amfiindia.com / AMFI Historical NAV,2026-09-05T05:36:33.019111+00:00
2022-02-25,306.4155,portal.amfiindia.com / AMFI Historical NAV,2026-09-05T05:36:33.019111+00:00
2022-02-28,305.9876,portal.amfiindia.com / AMFI Historical NAV,2026-09-05T05:36:33.019111+00:00
2022-03-01,312.183,portal.amfiindia.com / AMFI Historical NAV,2026-09-05T05:36:33.019111+00:00
2022-03-02,315.6668,portal.amfiindia.com / AMFI Historical NAV,2026-09-05T05:36:33.019111+00:00
2022-03-03,314.5045,portal.amfiindia.com / AMFI Historical NAV,2026-09-05T05:36:33.019111+00:00
2022-03-04,313.8242,portal.amfiindia.com / AMFI Historical NAV,2026-09-05T05:36:33.019111+00:00
2022-03-07,309.1064,portal.amfiindia.com / AMFI Historical NAV,2026-09-05T05:36:33.019111+00:00
2022-03-08,311.3271,portal.amfiindia.com / AMFI Historical NAV,2026-09-05T05:36:33.019111+00:00
2022-03-09,310.181,portal.amfiindia.com / AMFI Historical NAV,2026-09-05T05:36:33.019111+00:00
2022-03-10,308.5007,portal.amfiindia.com / AMFI Historical NAV,2026-09-05T05:36:33.019111+00:00
2022-03-11,316.6907,portal.amfiindia.com / AMFI Historical NAV,2026-09-05T05:36:33.019111+00:00
2022-03-14,317.8358,portal.amfiindia.com / AMFI Historical NAV,2026-09-05T05:36:33.019111+00:00
2022-03-15,314.9244,portal.amfiindia.com / AMFI Historical NAV,2026-09-05T05:36:33.019111+00:00
2022-03-16,311.0704,portal.amfiindia.com / AMFI Historical NAV,2026-09-05T05:36:33.019111+00:00
2022-03-17,314.7484,portal.amfiindia.com / AMFI Historical NAV,2026-09-05T05:36:33.019111+00:00
2022-03-18,314.912,portal.amfiindia.com / AMFI Historical NAV,2026-09-05T05:36:33.019111+00:00
2022-03-21,311.7325,portal.amfiindia.com / AMFI Historical NAV,2026-09-05T05:36:33.019111+00:00
2022-03-22,314.671,portal.amfiindia.com / AMFI Historical NAV,2026-09-05T05:36:33.019111+00:00
2022-03-23,311.1339,portal.amfiindia.com / AMFI Historical NAV,2026-09-05T05:36:33.019111+00:00
2022-03-24,314.4632,portal.amfiindia.com / AMFI Historical NAV,2026-09-05T05:36:33.019111+00:00
2022-03-25,316.8782,portal.amfiindia.com / AMFI Historical NAV,2026-09-05T05:36:33.019111+00:00
2022-03-28,314.7938,portal.amfiindia.com / AMFI Historical NAV,2026-09-05T05:36:33.019111+00:00
2022-03-29,319.3838,portal.amfiindia.com / AMFI Historical NAV,2026-09-05T05:36:33.019111+00:00
2022-03-30,319.4398,portal.amfiindia.com / AMFI Historical NAV,2026-09-05T05:36:33.019111+00:00
2022-03-31,322.9777,portal.amfiindia.com / AMFI Historical NAV,2026-09-05T05:36:33.019111+00:00
2022-04-01,323.0411,portal.amfiindia.com / AMFI Historical NAV,2026-09-05T05:36:33.019111+00:00
2022-04-04,321.2303,portal.amfiindia.com / AMFI Historical NAV,2026-09-05T05:36:33.019111+00:00
2022-04-05,319.8144,portal.amfiindia.com / AMFI Historical NAV,2026-09-05T05:36:33.019111+00:00
2022-04-06,320.8719,portal.amfiindia.com / AMFI Historical NAV,2026-09-05T05:36:33.019111+00:00
2022-04-07,320.9799,portal.amfiindia.com / AMFI Historical NAV,2026-09-05T05:36:33.019111+00:00
2022-04-08,319.694,portal.amfiindia.com / AMFI Historical NAV,2026-09-05T05:36:33.019111+00:00
2022-04-11,317.0211,portal.amfiindia.com / AMFI Historical NAV,2026-09-05T05:36:33.019111+00:00
2022-04-12,317.3363,portal.amfiindia.com / AMFI Historical NAV,2026-09-05T05:36:33.019111+00:00
2022-04-13,324.6404,portal.amfiindia.com / AMFI Historical NAV,2026-09-05T05:36:33.019111+00:00
2022-04-14,320.042,portal.amfiindia.com / AMFI Historical NAV,2026-09-05T05:36:33.019111+00:00
2022-04-15,320.7726,portal.amfiindia.com / AMFI Historical NAV,2026-09-05T05:36:33.019111+00:00
2022-04-18,325.7325,portal.amfiindia.com / AMFI Historical NAV,2026-09-05T05:36:33.019111+00:00
2022-04-19,324.3889,portal.amfiindia.com / AMFI Historical NAV,2026-09-05T05:36:33.019111+00:00
2022-04-20,327.572,portal.amfiindia.com / AMFI Historical NAV,2026-09-05T05:36:33.019111+00:00
2022-04-21,324.3411,portal.amfiindia.com / AMFI Historical NAV,2026-09-05T05:36:33.019111+00:00
2022-04-22,326.1558,portal.amfiindia.com / AMFI Historical NAV,2026-09-05T05:36:33.019111+00:00
2022-04-25,323.9357,portal.amfiindia.com / AMFI Historical NAV,2026-09-05T05:36:33.019111+00:00
2022-04-26,328.8897,portal.amfiindia.com / AMFI Historical NAV,2026-09-05T05:36:33.019111+00:00
2022-04-27,331.2532,portal.amfiindia.com / AMFI Historical NAV,2026-09-05T05:36:33.019111+00:00
2022-04-28,340.2909,portal.amfiindia.com / AMFI Historical NAV,2026-09-05T05:36:33.019111+00:00
2022-04-29,341.002,portal.amfiindia.com / AMFI Historical NAV,2026-09-05T05:36:33.019111+00:00
2022-05-02,341.2751,portal.amfiindia.com / AMFI Historical NAV,2026-09-05T05:36:33.019111+00:00
2022-05-03,342.5626,portal.amfiindia.com / AMFI Historical NAV,2026-09-05T05:36:33.019111+00:00
2022-05-04,342.3148,portal.amfiindia.com / AMFI Historical NAV,2026-09-05T05:36:33.019111+00:00
2022-05-05,341.9603,portal.amfiindia.com / AMFI Historical NAV,2026-09-05T05:36:33.019111+00:00
2022-05-06,341.9655,portal.amfiindia.com / AMFI Historical NAV,2026-09-05T05:36:33.019111+00:00
2022-05-09,343.4341,portal.amfiindia.com / AMFI Historical NAV,2026-09-05T05:36:33.019111+00:00
2022-05-10,346.6232,portal.amfiindia.com / AMFI Historical NAV,2026-09-05T05:36:33.019111+00:00
2022-05-11,344.8102,portal.amfiindia.com / AMFI Historical NAV,2026-09-05T05:36:33.019111+00:00
2022-05-12,346.8918,portal.amfiindia.com / AMFI Historical NAV,2026-09-05T05:36:33.019111+00:00
2022-05-13,350.4373,portal.amfiindia.com / AMFI Historical NAV,2026-09-05T05:36:33.019111+00:00
2022-05-16,350.3914,portal.amfiindia.com / AMFI Historical NAV,2026-09-05T05:36:33.019111+00:00
2022-05-17,342.2606,portal.amfiindia.com / AMFI Historical NAV,2026-09-05T05:36:33.019111+00:00
2022-05-18,340.3991,portal.amfiindia.com / AMFI Historical NAV,2026-09-05T05:36:33.019111+00:00
2022-05-19,344.6972,portal.amfiindia.com / AMFI Historical NAV,2026-09-05T05:36:33.019111+00:00
2022-05-20,344.2756,portal.amfiindia.com / AMFI Historical NAV,2026-09-05T05:36:33.019111+00:00
2022-05-23,341.7073,portal.amfiindia.com / AMFI Historical NAV,2026-09-05T05:36:33.019111+00:00
2022-05-24,339.6794,portal.amfiindia.com / AMFI Historical NAV,2026-09-05T05:36:33.019111+00:00
2022-05-25,342.4829,portal.amfiindia.com / AMFI Historical NAV,2026-09-05T05:36:33.019111+00:00
2022-05-26,345.2914,portal.amfiindia.com / AMFI Historical NAV,2026-09-05T05:36:33.019111+00:00
2022-05-27,345.1717,portal.amfiindia.com / AMFI Historical NAV,2026-09-05T05:36:33.019111+00:00
2022-05-30,344.627,portal.amfiindia.com / AMFI Historical NAV,2026-09-05T05:36:33.019111+00:00
2022-05-31,342.0005,portal.amfiindia.com / AMFI Historical NAV,2026-09-05T05:36:33.019111+00:00
2022-06-01,339.3839,portal.amfiindia.com / AMFI Historical NAV,2026-09-05T05:36:33.019111+00:00
2022-06-02,343.5579,portal.amfiindia.com / AMFI Historical NAV,2026-09-05T05:36:33.019111+00:00
2022-06-03,341.0305,portal.amfiindia.com / AMFI Historical NAV,2026-09-05T05:36:33.019111+00:00
2022-06-06,344.7573,portal.amfiindia.com / AMFI Historical NAV,2026-09-05T05:36:33.019111+00:00
2022-06-07,348.6621,portal.amfiindia.com / AMFI Historical NAV,2026-09-05T05:36:33.019111+00:00
2022-06-08,352.6479,portal.amfiindia.com / AMFI Historical NAV,2026-09-05T05:36:33.019111+00:00
2022-06-09,351.904,portal.amfiindia.com / AMFI Historical NAV,2026-09-05T05:36:33.019111+00:00
2022-06-10,351.0917,portal.amfiindia.com / AMFI Historical NAV,2026-09-05T05:36:33.019111+00:00
2022-06-13,349.9825,portal.amfiindia.com / AMFI Historical NAV,2026-09-05T05:36:33.019111+00:00
2022-06-14,345.2834,portal.amfiindia.com / AMFI Historical NAV,2026-09-05T05:36:33.019111+00:00
2022-06-15,345.7171,portal.amfiindia.com / AMFI Historical NAV,2026-09-05T05:36:33.019111+00:00
2022-06-16,342.1552,portal.amfiindia.com / AMFI Historical NAV,2026-09-05T05:36:33.019111+00:00
2022-06-17,345.6232,portal.amfiindia.com / AMFI Historical NAV,2026-09-05T05:36:33.019111+00:00
2022-06-20,343.3295,portal.amfiindia.com / AMFI Historical NAV,2026-09-05T05:36:33.019111+00:00
2022-06-21,345.3011,portal.amfiindia.com / AMFI Historical NAV,2026-09-05T05:36:33.019111+00:00
2022-06-22,343.7423,portal.amfiindia.com / AMFI Historical NAV,2026-09-05T05:36:33.019111+00:00
2022-06-23,344.5756,portal.amfiindia.com / AMFI Historical NAV,2026-09-05T05:36:33.019111+00:00
2022-06-24,345.5509,portal.amfiindia.com / AMFI Historical NAV,2026-09-05T05:36:33.019111+00:00
2022-06-27,344.5179,portal.amfiindia.com / AMFI Historical NAV,2026-09-05T05:36:33.019111+00:00
2022-06-28,346.1773,portal.amfiindia.com / AMFI Historical NAV,2026-09-05T05:36:33.019111+00:00
2022-06-29,344.7753,portal.amfiindia.com / AMFI Historical NAV,2026-09-05T05:36:33.019111+00:00
2022-06-30,343.9618,portal.amfiindia.com / AMFI Historical NAV,2026-09-05T05:36:33.019111+00:00
2022-07-01,348.672,portal.amfiindia.com / AMFI Historical NAV,2026-09-05T05:36:33.019111+00:00
2022-07-04,347.0172,portal.amfiindia.com / AMFI Historical NAV,2026-09-05T05:36:33.019111+00:00
2022-07-05,343.9053,portal.amfiindia.com / AMFI Historical NAV,2026-09-05T05:36:33.019111+00:00
2022-07-06,344.321,portal.amfiindia.com / AMFI Historical NAV,2026-09-05T05:36:33.019111+00:00
2022-07-07,344.7516,portal.amfiindia.com / AMFI Historical NAV,2026-09-05T05:36:33.019111+00:00
2022-07-08,344.82,portal.amfiindia.com / AMFI Historical NAV,2026-09-05T05:36:33.019111+00:00
2022-07-11,345.2868,portal.amfiindia.com / AMFI Historical NAV,2026-09-05T05:36:33.019111+00:00
2022-07-12,346.5783,portal.amfiindia.com / AMFI Historical NAV,2026-09-05T05:36:33.019111+00:00
2022-07-13,350.0332,portal.amfiindia.com / AMFI Historical NAV,2026-09-05T05:36:33.019111+00:00
2022-07-14,350.8147,portal.amfiindia.com / AMFI Historical NAV,2026-09-05T05:36:33.019111+00:00
2022-07-15,351.5405,portal.amfiindia.com / AMFI Historical NAV,2026-09-05T05:36:33.019111+00:00
2022-07-18,352.2626,portal.amfiindia.com / AMFI Historical NAV,2026-09-05T05:36:33.019111+00:00
2022-07-19,355.6575,portal.amfiindia.com / AMFI Historical NAV,2026-09-05T05:36:33.019111+00:00
2022-07-20,357.5607,portal.amfiindia.com / AMFI Historical NAV,2026-09-05T05:36:33.019111+00:00
2022-07-21,354.6549,portal.amfiindia.com / AMFI Historical NAV,2026-09-05T05:36:33.019111+00:00
2022-07-22,356.0981,portal.amfiindia.com / AMFI Historical NAV,2026-09-05T05:36:33.019111+00:00
2022-07-25,354.1144,portal.amfiindia.com / AMFI Historical NAV,2026-09-05T05:36:33.019111+00:00
2022-07-26,350.1926,portal.amfiindia.com / AMFI Historical NAV,2026-09-05T05:36:33.019111+00:00
2022-07-27,352.018,portal.amfiindia.com / AMFI Historical NAV,2026-09-05T05:36:33.019111+00:00
2022-07-28,350.6355,portal.amfiindia.com / AMFI Historical NAV,2026-09-05T05:36:33.019111+00:00
2022-07-29,350.4184,portal.amfiindia.com / AMFI Historical NAV,2026-09-05T05:36:33.019111+00:00
2022-08-01,352.4404,portal.amfiindia.com / AMFI Historical NAV,2026-09-05T05:36:33.019111+00:00
2022-08-02,352.8742,portal.amfiindia.com / AMFI Historical NAV,2026-09-05T05:36:33.019111+00:00
2022-08-03,357.2253,portal.amfiindia.com / AMFI Historical NAV,2026-09-05T05:36:33.019111+00:00
2022-08-04,356.4801,portal.amfiindia.com / AMFI Historical NAV,2026-09-05T05:36:33.019111+00:00
2022-08-05,359.0284,portal.amfiindia.com / AMFI Historical NAV,2026-09-05T05:36:33.019111+00:00
2022-08-08,359.4323,portal.amfiindia.com / AMFI Historical NAV,2026-09-05T05:36:33.019111+00:00
2022-08-09,361.3691,portal.amfiindia.com / AMFI Historical NAV,2026-09-05T05:36:33.019111+00:00
2022-08-10,362.4162,portal.amfiindia.com / AMFI Historical NAV,2026-09-05T05:36:33.019111+00:00
2022-08-11,360.6436,portal.amfiindia.com / AMFI Historical NAV,2026-09-05T05:36:33.019111+00:00
2022-08-12,364.0296,portal.amfiindia.com / AMFI Historical NAV,2026-09-05T05:36:33.019111+00:00
2022-08-15,362.2502,portal.amfiindia.com / AMFI Historical NAV,2026-09-05T05:36:33.019111+00:00
2022-08-16,364.5931,portal.amfiindia.com / AMFI Historical NAV,2026-09-05T05:36:33.019111+00:00
2022-08-17,367.0287,portal.amfiindia.com / AMFI Historical NAV,2026-09-05T05:36:33.019111+00:00
2022-08-18,374.0696,portal.amfiindia.com / AMFI Historical NAV,2026-09-05T05:36:33.019111+00:00
2022-08-19,374.6372,portal.amfiindia.com / AMFI Historical NAV,2026-09-05T05:36:33.019111+00:00
2022-08-22,376.0185,portal.amfiindia.com / AMFI Historical NAV,2026-09-05T05:36:33.019111+00:00
2022-08-23,375.4371,portal.amfiindia.com / AMFI Historical NAV,2026-09-05T05:36:33.019111+00:00
2022-08-24,375.6316,portal.amfiindia.com / AMFI Historical NAV,2026-09-05T05:36:33.019111+00:00
2022-08-25,379.3613,portal.amfiindia.com / AMFI Historical NAV,2026-09-05T05:36:33.019111+00:00
2022-08-26,374.3515,portal.amfiindia.com / AMFI Historical NAV,2026-09-05T05:36:33.019111+00:00
2022-08-29,371.3013,portal.amfiindia.com / AMFI Historical NAV,2026-09-05T05:36:33.019111+00:00
2022-08-30,370.7171,portal.amfiindia.com / AMFI Historical NAV,2026-09-05T05:36:33.019111+00:00
2022-08-31,372.204,portal.amfiindia.com / AMFI Historical NAV,2026-09-05T05:36:33.019111+00:00
2022-09-01,375.2125,portal.amfiindia.com / AMFI Historical NAV,2026-09-05T05:36:33.019111+00:00
2022-09-02,376.8438,portal.amfiindia.com / AMFI Historical NAV,2026-09-05T05:36:33.019111+00:00
2022-09-05,377.9428,portal.amfiindia.com / AMFI Historical NAV,2026-09-05T05:36:33.019111+00:00
2022-09-06,378.7919,portal.amfiindia.com / AMFI Historical NAV,2026-09-05T05:36:33.019111+00:00
2022-09-07,381.9122,portal.amfiindia.com / AMFI Historical NAV,2026-09-05T05:36:33.019111+00:00
2022-09-08,379.1825,portal.amfiindia.com / AMFI Historical NAV,2026-09-05T05:36:33.019111+00:00
2022-09-09,380.2976,portal.amfiindia.com / AMFI Historical NAV,2026-09-05T05:36:33.019111+00:00
2022-09-12,384.8021,portal.amfiindia.com / AMFI Historical NAV,2026-09-05T05:36:33.019111+00:00
2022-09-13,386.5711,portal.amfiindia.com / AMFI Historical NAV,2026-09-05T05:36:33.019111+00:00
2022-09-14,389.7657,portal.amfiindia.com / AMFI Historical NAV,2026-09-05T05:36:33.019111+00:00
2022-09-15,391.5537,portal.amfiindia.com / AMFI Historical NAV,2026-09-05T05:36:33.019111+00:00
2022-09-16,384.5186,portal.amfiindia.com / AMFI Historical NAV,2026-09-05T05:36:33.019111+00:00
2022-09-19,386.043,portal.amfiindia.com / AMFI Historical NAV,2026-09-05T05:36:33.019111+00:00
2022-09-20,383.2523,portal.amfiindia.com / AMFI Historical NAV,2026-09-05T05:36:33.019111+00:00
2022-09-21,378.4871,portal.amfiindia.com / AMFI Historical NAV,2026-09-05T05:36:33.019111+00:00
2022-09-22,380.456,portal.amfiindia.com / AMFI Historical NAV,2026-09-05T05:36:33.019111+00:00
2022-09-23,384.7885,portal.amfiindia.com / AMFI Historical NAV,2026-09-05T05:36:33.019111+00:00
2022-09-26,387.1167,portal.amfiindia.com / AMFI Historical NAV,2026-09-05T05:36:33.019111+00:00
2022-09-27,390.348,portal.amfiindia.com / AMFI Historical NAV,2026-09-05T05:36:33.019111+00:00
2022-09-28,396.1594,portal.amfiindia.com / AMFI Historical NAV,2026-09-05T05:36:33.019111+00:00
2022-09-29,399.968,portal.amfiindia.com / AMFI Historical NAV,2026-09-05T05:36:33.019111+00:00
2022-09-30,406.6314,portal.amfiindia.com / AMFI Historical NAV,2026-09-05T05:36:33.019111+00:00
2022-10-03,411.8021,portal.amfiindia.com / AMFI Historical NAV,2026-09-05T05:36:33.019111+00:00
2022-10-04,412.8646,portal.amfiindia.com / AMFI Historical NAV,2026-09-05T05:36:33.019111+00:00
2022-10-05,407.3333,portal.amfiindia.com / AMFI Historical NAV,2026-09-05T05:36:33.019111+00:00
2022-10-06,406.1742,portal.amfiindia.com / AMFI Historical NAV,2026-09-05T05:36:33.019111+00:00
2022-10-07,404.3812,portal.amfiindia.com / AMFI Historical NAV,2026-09-05T05:36:33.019111+00:00
2022-10-10,411.0964,portal.amfiindia.com / AMFI Historical NAV,2026-09-05T05:36:33.019111+00:00
2022-10-11,411.6609,portal.amfiindia.com / AMFI Historical NAV,2026-09-05T05:36:33.019111+00:00
2022-10-12,412.7693,portal.amfiindia.com / AMFI Historical NAV,2026-09-05T05:36:33.019111+00:00
2022-10-13,414.5215,portal.amfiindia.com / AMFI Historical NAV,2026-09-05T05:36:33.019111+00:00
2022-10-14,414.0497,portal.amfiindia.com / AMFI Historical NAV,2026-09-05T05:36:33.019111+00:00
2022-10-17,419.5167,portal.amfiindia.com / AMFI Historical NAV,2026-09-05T05:36:33.019111+00:00
2022-10-18,420.2739,portal.amfiindia.com / AMFI Historical NAV,2026-09-05T05:36:33.019111+00:00
2022-10-19,422.3153,portal.amfiindia.com / AMFI Historical NAV,2026-09-05T05:36:33.019111+00:00
2022-10-20,421.0607,portal.amfiindia.com / AMFI Historical NAV,2026-09-05T05:36:33.019111+00:00
2022-10-21,418.7813,portal.amfiindia.com / AMFI Historical NAV,2026-09-05T05:36:33.019111+00:00
2022-10-24,416.7715,portal.amfiindia.com / AMFI Historical NAV,2026-09-05T05:36:33.019111+00:00
2022-10-25,416.2286,portal.amfiindia.com / AMFI Historical NAV,2026-09-05T05:36:33.019111+00:00
2022-10-26,414.277,portal.amfiindia.com / AMFI Historical NAV,2026-09-05T05:36:33.019111+00:00
2022-10-27,412.3671,portal.amfiindia.com / AMFI Historical NAV,2026-09-05T05:36:33.019111+00:00
2022-10-28,408.097,portal.amfiindia.com / AMFI Historical NAV,2026-09-05T05:36:33.019111+00:00
2022-10-31,409.5391,portal.amfiindia.com / AMFI Historical NAV,2026-09-05T05:36:33.019111+00:00
2022-11-01,404.9588,portal.amfiindia.com / AMFI Historical NAV,2026-09-05T05:36:33.019111+00:00
2022-11-02,406.2685,portal.amfiindia.com / AMFI Historical NAV,2026-09-05T05:36:33.019111+00:00
2022-11-03,409.0565,portal.amfiindia.com / AMFI Historical NAV,2026-09-05T05:36:33.019111+00:00
2022-11-04,404.6422,portal.amfiindia.com / AMFI Historical NAV,2026-09-05T05:36:33.019111+00:00
2022-11-07,404.1695,portal.amfiindia.com / AMFI Historical NAV,2026-09-05T05:36:33.019111+00:00
2022-11-08,402.8411,portal.amfiindia.com / AMFI Historical NAV,2026-09-05T05:36:33.019111+00:00
2022-11-09,402.5327,portal.amfiindia.com / AMFI Historical NAV,2026-09-05T05:36:33.019111+00:00
2022-11-10,407.8846,portal.amfiindia.com / AMFI Historical NAV,2026-09-05T05:36:33.019111+00:00
2022-11-11,403.6565,portal.amfiindia.com / AMFI Historical NAV,2026-09-05T05:36:33.019111+00:00
2022-11-14,406.0507,portal.amfiindia.com / AMFI Historical NAV,2026-09-05T05:36:33.019111+00:00
2022-11-15,404.9736,portal.amfiindia.com / AMFI Historical NAV,2026-09-05T05:36:33.019111+00:00
2022-11-16,407.1348,portal.amfiindia.com / AMFI Historical NAV,2026-09-05T05:36:33.019111+00:00
2022-11-17,407.9661,portal.amfiindia.com / AMFI Historical NAV,2026-09-05T05:36:33.019111+00:00
2022-11-18,406.3963,portal.amfiindia.com / AMFI Historical NAV,2026-09-05T05:36:33.019111+00:00
2022-11-21,403.9338,portal.amfiindia.com / AMFI Historical NAV,2026-09-05T05:36:33.019111+00:00
2022-11-22,402.0731,portal.amfiindia.com / AMFI Historical NAV,2026-09-05T05:36:33.019111+00:00
2022-11-23,403.485,portal.amfiindia.com / AMFI Historical NAV,2026-09-05T05:36:33.019111+00:00
2022-11-24,404.1684,portal.amfiindia.com / AMFI Historical NAV,2026-09-05T05:36:33.019111+00:00
2022-11-25,407.0041,portal.amfiindia.com / AMFI Historical NAV,2026-09-05T05:36:33.019111+00:00
2022-11-28,404.7684,portal.amfiindia.com / AMFI Historical NAV,2026-09-05T05:36:33.019111+00:00
2022-11-29,404.0044,portal.amfiindia.com / AMFI Historical NAV,2026-09-05T05:36:33.019111+00:00
2022-11-30,399.3746,portal.amfiindia.com / AMFI Historical NAV,2026-09-05T05:36:33.019111+00:00
2022-12-01,393.4834,portal.amfiindia.com / AMFI Historical NAV,2026-09-05T05:36:33.019111+00:00
2022-12-02,390.9314,portal.amfiindia.com / AMFI Historical NAV,2026-09-05T05:36:33.019111+00:00
2022-12-05,392.2111,portal.amfiindia.com / AMFI Historical NAV,2026-09-05T05:36:33.019111+00:00
2022-12-06,394.7799,portal.amfiindia.com / AMFI Historical NAV,2026-09-05T05:36:33.019111+00:00
2022-12-07,390.5254,portal.amfiindia.com / AMFI Historical NAV,2026-09-05T05:36:33.019111+00:00
2022-12-08,396.2268,portal.amfiindia.com / AMFI Historical NAV,2026-09-05T05:36:33.019111+00:00
2022-12-09,394.3945,portal.amfiindia.com / AMFI Historical NAV,2026-09-05T05:36:33.019111+00:00
2022-12-12,397.0392,portal.amfiindia.com / AMFI Historical NAV,2026-09-05T05:36:33.019111+00:00
2022-12-13,401.5071,portal.amfiindia.com / AMFI Historical NAV,2026-09-05T05:36:33.019111+00:00
2022-12-14,402.1531,portal.amfiindia.com / AMFI Historical NAV,2026-09-05T05:36:33.019111+00:00
2022-12-15,402.1919,portal.amfiindia.com / AMFI Historical NAV,2026-09-05T05:36:33.019111+00:00
2022-12-16,400.325,portal.amfiindia.com / AMFI Historical NAV,2026-09-05T05:36:33.019111+00:00
2022-12-19,393.3944,portal.amfiindia.com / AMFI Historical NAV,2026-09-05T05:36:33.019111+00:00
2022-12-20,390.5687,portal.amfiindia.com / AMFI Historical NAV,2026-09-05T05:36:33.019111+00:00
2022-12-21,390.1642,portal.amfiindia.com / AMFI Historical NAV,2026-09-05T05:36:33.019111+00:00
2022-12-22,388.1394,portal.amfiindia.com / AMFI Historical NAV,2026-09-05T05:36:33.019111+00:00
2022-12-23,385.1001,portal.amfiindia.com / AMFI Historical NAV,2026-09-05T05:36:33.019111+00:00
2022-12-26,386.7005,portal.amfiindia.com / AMFI Historical NAV,2026-09-05T05:36:33.019111+00:00
2022-12-27,385.7189,portal.amfiindia.com / AMFI Historical NAV,2026-09-05T05:36:33.019111+00:00
2022-12-28,382.6558,portal.amfiindia.com / AMFI Historical NAV,2026-09-05T05:36:33.019111+00:00
2022-12-29,384.3563,portal.amfiindia.com / AMFI Historical NAV,2026-09-05T05:36:33.019111+00:00
2022-12-30,385.6663,portal.amfiindia.com / AMFI Historical NAV,2026-09-05T05:36:33.019111+00:00
2023-01-02,384.3966,portal.amfiindia.com / AMFI Historical NAV,2026-09-05T05:36:33.019111+00:00
2023-01-03,388.7719,portal.amfiindia.com / AMFI Historical NAV,2026-09-05T05:36:33.019111+00:00
2023-01-04,388.6938,portal.amfiindia.com / AMFI Historical NAV,2026-09-05T05:36:33.019111+00:00
2023-01-05,388.7498,portal.amfiindia.com / AMFI Historical NAV,2026-09-05T05:36:33.019111+00:00
2023-01-06,391.3692,portal.amfiindia.com / AMFI Historical NAV,2026-09-05T05:36:33.019111+00:00
2023-01-09,391.6898,portal.amfiindia.com / AMFI Historical NAV,2026-09-05T05:36:33.019111+00:00
2023-01-10,393.4123,portal.amfiindia.com / AMFI Historical NAV,2026-09-05T05:36:33.019111+00:00
2023-01-11,395.0867,portal.amfiindia.com / AMFI Historical NAV,2026-09-05T05:36:33.019111+00:00
2023-01-12,393.4574,portal.amfiindia.com / AMFI Historical NAV,2026-09-05T05:36:33.019111+00:00
2023-01-13,394.6507,portal.amfiindia.com / AMFI Historical NAV,2026-09-05T05:36:33.019111+00:00
2023-01-16,393.0582,portal.amfiindia.com / AMFI Historical NAV,2026-09-05T05:36:33.019111+00:00
2023-01-17,393.4004,portal.amfiindia.com / AMFI Historical NAV,2026-09-05T05:36:33.019111+00:00
2023-01-18,393.5157,portal.amfiindia.com / AMFI Historical NAV,2026-09-05T05:36:33.019111+00:00
2023-01-19,392.4374,portal.amfiindia.com / AMFI Historical NAV,2026-09-05T05:36:33.019111+00:00
2023-01-20,392.7876,portal.amfiindia.com / AMFI Historical NAV,2026-09-05T05:36:33.019111+00:00
2023-01-23,388.3596,portal.amfiindia.com / AMFI Historical NAV,2026-09-05T05:36:33.019111+00:00
2023-01-24,388.1441,portal.amfiindia.com / AMFI Historical NAV,2026-09-05T05:36:33.019111+00:00
2023-01-25,387.8988,portal.amfiindia.com / AMFI Historical NAV,2026-09-05T05:36:33.019111+00:00
2023-01-26,387.9715,portal.amfiindia.com / AMFI Historical NAV,2026-09-05T05:36:33.019111+00:00
2023-01-27,386.3662,portal.amfiindia.com / AMFI Historical NAV,2026-09-05T05:36:33.019111+00:00
2023-01-30,390.167,portal.amfiindia.com / AMFI Historical NAV,2026-09-05T05:36:33.019111+00:00
2023-01-31,386.9932,portal.amfiindia.com / AMFI Historical NAV,2026-09-05T05:36:33.019111+00:00
2023-02-01,391.2447,portal.amfiindia.com / AMFI Historical NAV,2026-09-05T05:36:33.019111+00:00
2023-02-02,390.5731,portal.amfiindia.com / AMFI Historical NAV,2026-09-05T05:36:33.019111+00:00
2023-02-03,389.9609,portal.amfiindia.com / AMFI Historical NAV,2026-09-05T05:36:33.019111+00:00
2023-02-06,393.3732,portal.amfiindia.com / AMFI Historical NAV,2026-09-05T05:36:33.019111+00:00
2023-02-07,392.5923,portal.amfiindia.com / AMFI Historical NAV,2026-09-05T05:36:33.019111+00:00
2023-02-08,393.4129,portal.amfiindia.com / AMFI Historical NAV,2026-09-05T05:36:33.019111+00:00
2023-02-09,397.6361,portal.amfiindia.com / AMFI Historical NAV,2026-09-05T05:36:33.019111+00:00
2023-02-10,395.9139,portal.amfiindia.com / AMFI Historical NAV,2026-09-05T05:36:33.019111+00:00
2023-02-13,399.415,portal.amfiindia.com / AMFI Historical NAV,2026-09-05T05:36:33.019111+00:00
2023-02-14,399.1473,portal.amfiindia.com / AMFI Historical NAV,2026-09-05T05:36:33.019111+00:00
2023-02-15,400.8767,portal.amfiindia.com / AMFI Historical NAV,2026-09-05T05:36:33.019111+00:00
2023-02-16,400.6887,portal.amfiindia.com / AMFI Historical NAV,2026-09-05T05:36:33.019111+00:00
2023-02-17,399.5321,portal.amfiindia.com / AMFI Historical NAV,2026-09-05T05:36:33.019111+00:00
2023-02-20,402.7029,portal.amfiindia.com / AMFI Historical NAV,2026-09-05T05:36:33.019111+00:00
2023-02-21,403.004,portal.amfiindia.com / AMFI Historical NAV,2026-09-05T05:36:33.019111+00:00
2023-02-22,397.6969,portal.amfiindia.com / AMFI Historical NAV,2026-09-05T05:36:33.019111+00:00
2023-02-23,405.0406,portal.amfiindia.com / AMFI Historical NAV,2026-09-05T05:36:33.019111+00:00
2023-02-24,399.4774,portal.amfiindia.com / AMFI Historical NAV,2026-09-05T05:36:33.019111+00:00
2023-02-27,403.8472,portal.amfiindia.com / AMFI Historical NAV,2026-09-05T05:36:33.019111+00:00
2023-02-28,406.4228,portal.amfiindia.com / AMFI Historical NAV,2026-09-05T05:36:33.019111+00:00
2023-03-01,404.221,portal.amfiindia.com / AMFI Historical NAV,2026-09-05T05:36:33.019111+00:00
2023-03-02,404.077,portal.amfiindia.com / AMFI Historical NAV,2026-09-05T05:36:33.019111+00:00
2023-03-03,402.5989,portal.amfiindia.com / AMFI Historical NAV,2026-09-05T05:36:33.019111+00:00
2023-03-06,401.9595,portal.amfiindia.com / AMFI Historical NAV,2026-09-05T05:36:33.019111+00:00
2023-03-07,403.7064,portal.amfiindia.com / AMFI Historical NAV,2026-09-05T05:36:33.019111+00:00
2023-03-08,405.3243,portal.amfiindia.com / AMFI Historical NAV,2026-09-05T05:36:33.019111+00:00
2023-03-09,409.4127,portal.amfiindia.com / AMFI Historical NAV,2026-09-05T05:36:33.019111+00:00
2023-03-10,413.7936,portal.amfiindia.com / AMFI Historical NAV,2026-09-05T05:36:33.019111+00:00
2023-03-13,411.0151,portal.amfiindia.com / AMFI Historical NAV,2026-09-05T05:36:33.019111+00:00
2023-03-14,410.2727,portal.amfiindia.com / AMFI Historical NAV,2026-09-05T05:36:33.019111+00:00
2023-03-15,405.9694,portal.amfiindia.com / AMFI Historical NAV,2026-09-05T05:36:33.019111+00:00
2023-03-16,403.4109,portal.amfiindia.com / AMFI Historical NAV,2026-09-05T05:36:33.019111+00:00
2023-03-17,409.203,portal.amfiindia.com / AMFI Historical NAV,2026-09-05T05:36:33.019111+00:00
2023-03-20,412.8629,portal.amfiindia.com / AMFI Historical NAV,2026-09-05T05:36:33.019111+00:00
2023-03-21,411.0541,portal.amfiindia.com / AMFI Historical NAV,2026-09-05T05:36:33.019111+00:00
2023-03-22,410.649,portal.amfiindia.com / AMFI Historical NAV,2026-09-05T05:36:33.019111+00:00
2023-03-23,410.7528,portal.amfiindia.com / AMFI Historical NAV,2026-09-05T05:36:33.019111+00:00
2023-03-24,410.6639,portal.amfiindia.com / AMFI Historical NAV,2026-09-05T05:36:33.019111+00:00
2023-03-27,407.6512,portal.amfiindia.com / AMFI Historical NAV,2026-09-05T05:36:33.019111+00:00
2023-03-28,408.3865,portal.amfiindia.com / AMFI Historical NAV,2026-09-05T05:36:33.019111+00:00
2023-03-29,405.0764,portal.amfiindia.com / AMFI Historical NAV,2026-09-05T05:36:33.019111+00:00
2023-03-30,404.0092,portal.amfiindia.com / AMFI Historical NAV,2026-09-05T05:36:33.019111+00:00
2023-03-31,403.9047,portal.amfiindia.com / AMFI Historical NAV,2026-09-05T05:36:33.019111+00:00
2023-04-03,405.8655,portal.amfiindia.com / AMFI Historical NAV,2026-09-05T05:36:33.019111+00:00
2023-04-04,405.9114,portal.amfiindia.com / AMFI Historical NAV,2026-09-05T05:36:33.019111+00:00
2023-04-05,406.928,portal.amfiindia.com / AMFI Historical NAV,2026-09-05T05:36:33.019111+00:00
2023-04-06,407.7564,portal.amfiindia.com / AMFI Historical NAV,2026-09-05T05:36:33.019111+00:00
2023-04-07,407.4066,portal.amfiindia.com / AMFI Historical NAV,2026-09-05T05:36:33.019111+00:00
2023-04-10,408.9003,portal.amfiindia.com / AMFI Historical NAV,2026-09-05T05:36:33.019111+00:00
2023-04-11,412.2483,portal.amfiindia.com / AMFI Historical NAV,2026-09-05T05:36:33.019111+00:00
2023-04-12,414.0383,portal.amfiindia.com / AMFI Historical NAV,2026-09-05T05:36:33.019111+00:00
2023-04-13,414.5821,portal.amfiindia.com / AMFI Historical NAV,2026-09-05T05:36:33.019111+00:00
2023-04-14,414.9323,portal.amfiindia.com / AMFI Historical NAV,2026-09-05T05:36:33.019111+00:00
2023-04-17,418.31,portal.amfiindia.com / AMFI Historical NAV,2026-09-05T05:36:33.019111+00:00
2023-04-18,421.5085,portal.amfiindia.com / AMFI Historical NAV,2026-09-05T05:36:33.019111+00:00
2023-04-19,422.9174,portal.amfiindia.com / AMFI Historical NAV,2026-09-05T05:36:33.019111+00:00
2023-04-20,424.5797,portal.amfiindia.com / AMFI Historical NAV,2026-09-05T05:36:33.019111+00:00
2023-04-21,427.175,portal.amfiindia.com / AMFI Historical NAV,2026-09-05T05:36:33.019111+00:00
2023-04-24,423.6784,portal.amfiindia.com / AMFI Historical NAV,2026-09-05T05:36:33.019111+00:00
2023-04-25,421.4149,portal.amfiindia.com / AMFI Historical NAV,2026-09-05T05:36:33.019111+00:00
2023-04-26,416.9339,portal.amfiindia.com / AMFI Historical NAV,2026-09-05T05:36:33.019111+00:00
2023-04-27,416.9075,portal.amfiindia.com / AMFI Historical NAV,2026-09-05T05:36:33.019111+00:00
2023-04-28,422.0545,portal.amfiindia.com / AMFI Historical NAV,2026-09-05T05:36:33.019111+00:00
2023-05-01,428.3889,portal.amfiindia.com / AMFI Historical NAV,2026-09-05T05:36:33.019111+00:00
2023-05-02,431.8724,portal.amfiindia.com / AMFI Historical NAV,2026-09-05T05:36:33.019111+00:00
2023-05-03,433.3033,portal.amfiindia.com / AMFI Historical NAV,2026-09-05T05:36:33.019111+00:00
2023-05-04,427.3272,portal.amfiindia.com / AMFI Historical NAV,2026-09-05T05:36:33.019111+00:00
2023-05-05,427.6749,portal.amfiindia.com / AMFI Historical NAV,2026-09-05T05:36:33.019111+00:00
2023-05-08,427.9036,portal.amfiindia.com / AMFI Historical NAV,2026-09-05T05:36:33.019111+00:00
2023-05-09,427.8549,portal.amfiindia.com / AMFI Historical NAV,2026-09-05T05:36:33.019111+00:00
2023-05-10,427.5628,portal.amfiindia.com / AMFI Historical NAV,2026-09-05T05:36:33.019111+00:00
2023-05-11,428.0692,portal.amfiindia.com / AMFI Historical NAV,2026-09-05T05:36:33.019111+00:00
2023-05-12,427.9093,portal.amfiindia.com / AMFI Historical NAV,2026-09-05T05:36:33.019111+00:00
2023-05-15,430.2407,portal.amfiindia.com / AMFI Historical NAV,2026-09-05T05:36:33.019111+00:00
2023-05-16,426.2155,portal.amfiindia.com / AMFI Historical NAV,2026-09-05T05:36:33.019111+00:00
2023-05-17,426.3877,portal.amfiindia.com / AMFI Historical NAV,2026-09-05T05:36:33.019111+00:00
2023-05-18,432.632,portal.amfiindia.com / AMFI Historical NAV,2026-09-05T05:36:33.019111+00:00
2023-05-19,428.5876,portal.amfiindia.com / AMFI Historical NAV,2026-09-05T05:36:33.019111+00:00
2023-05-22,422.8716,portal.amfiindia.com / AMFI Historical NAV,2026-09-05T05:36:33.019111+00:00
2023-05-23,422.9848,portal.amfiindia.com / AMFI Historical NAV,2026-09-05T05:36:33.019111+00:00
2023-05-24,427.9545,portal.amfiindia.com / AMFI Historical NAV,2026-09-05T05:36:33.019111+00:00
2023-05-25,434.8145,portal.amfiindia.com / AMFI Historical NAV,2026-09-05T05:36:33.019111+00:00
2023-05-26,433.1913,portal.amfiindia.com / AMFI Historical NAV,2026-09-05T05:36:33.019111+00:00
2023-05-29,431.9623,portal.amfiindia.com / AMFI Historical NAV,2026-09-05T05:36:33.019111+00:00
2023-05-30,432.331,portal.amfiindia.com / AMFI Historical NAV,2026-09-05T05:36:33.019111+00:00
2023-05-31,433.3186,portal.amfiindia.com / AMFI Historical NAV,2026-09-05T05:36:33.019111+00:00
2023-06-01,440.6122,portal.amfiindia.com / AMFI Historical NAV,2026-09-05T05:36:33.019111+00:00
2023-06-02,434.8412,portal.amfiindia.com / AMFI Historical NAV,2026-09-05T05:36:33.019111+00:00
2023-06-05,434.8048,portal.amfiindia.com / AMFI Historical NAV,2026-09-05T05:36:33.019111+00:00
2023-06-06,434.7973,portal.amfiindia.com / AMFI Historical NAV,2026-09-05T05:36:33.019111+00:00
2023-06-07,435.2368,portal.amfiindia.com / AMFI Historical NAV,2026-09-05T05:36:33.019111+00:00
2023-06-08,435.819,portal.amfiindia.com / AMFI Historical NAV,2026-09-05T05:36:33.019111+00:00
2023-06-09,435.8918,portal.amfiindia.com / AMFI Historical NAV,2026-09-05T05:36:33.019111+00:00
2023-06-12,438.6781,portal.amfiindia.com / AMFI Historical NAV,2026-09-05T05:36:33.019111+00:00
2023-06-13,439.4805,portal.amfiindia.com / AMFI Historical NAV,2026-09-05T05:36:33.019111+00:00
2023-06-14,440.6573,portal.amfiindia.com / AMFI Historical NAV,2026-09-05T05:36:33.019111+00:00
2023-06-15,440.5098,portal.amfiindia.com / AMFI Historical NAV,2026-09-05T05:36:33.019111+00:00
2023-06-16,439.2118,portal.amfiindia.com / AMFI Historical NAV,2026-09-05T05:36:33.019111+00:00
2023-06-19,440.6394,portal.amfiindia.com / AMFI Historical NAV,2026-09-05T05:36:33.019111+00:00
2023-06-20,439.7081,portal.amfiindia.com / AMFI Historical NAV,2026-09-05T05:36:33.019111+00:00
2023-06-21,442.356,portal.amfiindia.com / AMFI Historical NAV,2026-09-05T05:36:33.019111+00:00
2023-06-22,442.2804,portal.amfiindia.com / AMFI Historical NAV,2026-09-05T05:36:33.019111+00:00
2023-06-23,437.7825,portal.amfiindia.com / AMFI Historical NAV,2026-09-05T05:36:33.019111+00:00
2023-06-26,443.7535,portal.amfiindia.com / AMFI Historical NAV,2026-09-05T05:36:33.019111+00:00
2023-06-27,442.28,portal.amfiindia.com / AMFI Historical NAV,2026-09-05T05:36:33.019111+00:00
2023-06-28,441.59,portal.amfiindia.com / AMFI Historical NAV,2026-09-05T05:36:33.019111+00:00
2023-06-29,441.129,portal.amfiindia.com / AMFI Historical NAV,2026-09-05T05:36:33.019111+00:00
2023-06-30,445.7882,portal.amfiindia.com / AMFI Historical NAV,2026-09-05T05:36:33.019111+00:00
2023-07-03,440.5222,portal.amfiindia.com / AMFI Historical NAV,2026-09-05T05:36:33.019111+00:00
2023-07-04,448.4313,portal.amfiindia.com / AMFI Historical NAV,2026-09-05T05:36:33.019111+00:00
2023-07-05,451.7427,portal.amfiindia.com / AMFI Historical NAV,2026-09-05T05:36:33.019111+00:00
2023-07-06,454.2457,portal.amfiindia.com / AMFI Historical NAV,2026-09-05T05:36:33.019111+00:00
2023-07-07,455.9907,portal.amfiindia.com / AMFI Historical NAV,2026-09-05T05:36:33.019111+00:00
2023-07-10,456.7701,portal.amfiindia.com / AMFI Historical NAV,2026-09-05T05:36:33.019111+00:00
2023-07-11,459.5544,portal.amfiindia.com / AMFI Historical NAV,2026-09-05T05:36:33.019111+00:00
2023-07-12,461.3584,portal.amfiindia.com / AMFI Historical NAV,2026-09-05T05:36:33.019111+00:00
2023-07-13,463.2467,portal.amfiindia.com / AMFI Historical NAV,2026-09-05T05:36:33.019111+00:00
2023-07-14,463.1899,portal.amfiindia.com / AMFI Historical NAV,2026-09-05T05:36:33.019111+00:00
2023-07-17,462.7704,portal.amfiindia.com / AMFI Historical NAV,2026-09-05T05:36:33.019111+00:00
2023-07-18,464.5889,portal.amfiindia.com / AMFI Historical NAV,2026-09-05T05:36:33.019111+00:00
2023-07-19,464.5567,portal.amfiindia.com / AMFI Historical NAV,2026-09-05T05:36:33.019111+00:00
2023-07-20,468.152,portal.amfiindia.com / AMFI Historical NAV,2026-09-05T05:36:33.019111+00:00
2023-07-21,468.0907,portal.amfiindia.com / AMFI Historical NAV,2026-09-05T05:36:33.019111+00:00
2023-07-24,460.0661,portal.amfiindia.com / AMFI Historical NAV,2026-09-05T05:36:33.019111+00:00
2023-07-25,461.8361,portal.amfiindia.com / AMFI Historical NAV,2026-09-05T05:36:33.019111+00:00
2023-07-26,461.5673,portal.amfiindia.com / AMFI Historical NAV,2026-09-05T05:36:33.019111+00:00
2023-07-27,461.9075,portal.amfiindia.com / AMFI Historical NAV,2026-09-05T05:36:33.019111+00:00
2023-07-28,460.6357,portal.amfiindia.com / AMFI Historical NAV,2026-09-05T05:36:33.019111+00:00
2023-07-31,464.0985,portal.amfiindia.com / AMFI Historical NAV,2026-09-05T05:36:33.019111+00:00
2023-08-01,467.1714,portal.amfiindia.com / AMFI Historical NAV,2026-09-05T05:36:33.019111+00:00
2023-08-02,464.1093,portal.amfiindia.com / AMFI Historical NAV,2026-09-05T05:36:33.019111+00:00
2023-08-03,465.0081,portal.amfiindia.com / AMFI Historical NAV,2026-09-05T05:36:33.019111+00:00
2023-08-04,462.8672,portal.amfiindia.com / AMFI Historical NAV,2026-09-05T05:36:33.019111+00:00
2023-08-07,461.1818,portal.amfiindia.com / AMFI Historical NAV,2026-09-05T05:36:33.019111+00:00
2023-08-08,460.2261,portal.amfiindia.com / AMFI Historical NAV,2026-09-05T05:36:33.019111+00:00
2023-08-09,461.9652,portal.amfiindia.com / AMFI Historical NAV,2026-09-05T05:36:33.019111+00:00
2023-08-10,465.4235,portal.amfiindia.com / AMFI Historical NAV,2026-09-05T05:36:33.019111+00:00
2023-08-11,469.551,portal.amfiindia.com / AMFI Historical NAV,2026-09-05T05:36:33.019111+00:00
2023-08-14,473.1765,portal.amfiindia.com / AMFI Historical NAV,2026-09-05T05:36:33.019111+00:00
2023-08-15,475.7345,portal.amfiindia.com / AMFI Historical NAV,2026-09-05T05:36:33.019111+00:00
2023-08-16,475.3773,portal.amfiindia.com / AMFI Historical NAV,2026-09-05T05:36:33.019111+00:00
2023-08-17,478.9884,portal.amfiindia.com / AMFI Historical NAV,2026-09-05T05:36:33.019111+00:00
2023-08-18,483.1236,portal.amfiindia.com / AMFI Historical NAV,2026-09-05T05:36:33.019111+00:00
2023-08-21,486.4282,portal.amfiindia.com / AMFI Historical NAV,2026-09-05T05:36:33.019111+00:00
2023-08-22,491.7098,portal.amfiindia.com / AMFI Historical NAV,2026-09-05T05:36:33.019111+00:00
2023-08-23,492.5108,portal.amfiindia.com / AMFI Historical NAV,2026-09-05T05:36:33.019111+00:00
2023-08-24,491.6758,portal.amfiindia.com / AMFI Historical NAV,2026-09-05T05:36:33.019111+00:00
2023-08-25,495.3323,portal.amfiindia.com / AMFI Historical NAV,2026-09-05T05:36:33.019111+00:00
2023-08-28,495.7448,portal.amfiindia.com / AMFI Historical NAV,2026-09-05T05:36:33.019111+00:00
2023-08-29,492.7956,portal.amfiindia.com / AMFI Historical NAV,2026-09-05T05:36:33.019111+00:00
2023-08-30,493.9364,portal.amfiindia.com / AMFI Historical NAV,2026-09-05T05:36:33.019111+00:00
2023-08-31,489.4346,portal.amfiindia.com / AMFI Historical NAV,2026-09-05T05:36:33.019111+00:00
2023-09-01,487.1212,portal.amfiindia.com / AMFI Historical NAV,2026-09-05T05:36:33.019111+00:00
2023-09-04,486.3855,portal.amfiindia.com / AMFI Historical NAV,2026-09-05T05:36:33.019111+00:00
2023-09-05,482.1495,portal.amfiindia.com / AMFI Historical NAV,2026-09-05T05:36:33.019111+00:00
2023-09-06,483.8294,portal.amfiindia.com / AMFI Historical NAV,2026-09-05T05:36:33.019111+00:00
2023-09-07,476.9384,portal.amfiindia.com / AMFI Historical NAV,2026-09-05T05:36:33.019111+00:00
2023-09-08,477.0566,portal.amfiindia.com / AMFI Historical NAV,2026-09-05T05:36:33.019111+00:00
2023-09-11,478.7315,portal.amfiindia.com / AMFI Historical NAV,2026-09-05T05:36:33.019111+00:00
2023-09-12,477.7718,portal.amfiindia.com / AMFI Historical NAV,2026-09-05T05:36:33.019111+00:00
2023-09-13,478.3766,portal.amfiindia.com / AMFI Historical NAV,2026-09-05T05:36:33.019111+00:00
2023-09-14,482.3216,portal.amfiindia.com / AMFI Historical NAV,2026-09-05T05:36:33.019111+00:00
2023-09-15,478.6356,portal.amfiindia.com / AMFI Historical NAV,2026-09-05T05:36:33.019111+00:00
2023-09-18,480.2488,portal.amfiindia.com / AMFI Historical NAV,2026-09-05T05:36:33.019111+00:00
2023-09-19,479.0704,portal.amfiindia.com / AMFI Historical NAV,2026-09-05T05:36:33.019111+00:00
2023-09-20,476.6384,portal.amfiindia.com / AMFI Historical NAV,2026-09-05T05:36:33.019111+00:00
2023-09-21,478.0707,portal.amfiindia.com / AMFI Historical NAV,2026-09-05T05:36:33.019111+00:00
2023-09-22,476.8406,portal.amfiindia.com / AMFI Historical NAV,2026-09-05T05:36:33.019111+00:00
2023-09-25,475.3022,portal.amfiindia.com / AMFI Historical NAV,2026-09-05T05:36:33.019111+00:00
2023-09-26,472.1229,portal.amfiindia.com / AMFI Historical NAV,2026-09-05T05:36:33.019111+00:00
2023-09-27,474.2506,portal.amfiindia.com / AMFI Historical NAV,2026-09-05T05:36:33.019111+00:00
2023-09-28,472.0277,portal.amfiindia.com / AMFI Historical NAV,2026-09-05T05:36:33.019111+00:00
2023-09-29,474.7037,portal.amfiindia.com / AMFI Historical NAV,2026-09-05T05:36:33.019111+00:00
2023-10-02,472.4763,portal.amfiindia.com / AMFI Historical NAV,2026-09-05T05:36:33.019111+00:00
2023-10-03,478.3734,portal.amfiindia.com / AMFI Historical NAV,2026-09-05T05:36:33.019111+00:00
2023-10-04,475.2071,portal.amfiindia.com / AMFI Historical NAV,2026-09-05T05:36:33.019111+00:00
2023-10-05,467.9043,portal.amfiindia.com / AMFI Historical NAV,2026-09-05T05:36:33.019111+00:00
2023-10-06,467.6036,portal.amfiindia.com / AMFI Historical NAV,2026-09-05T05:36:33.019111+00:00
2023-10-09,471.7754,portal.amfiindia.com / AMFI Historical NAV,2026-09-05T05:36:33.019111+00:00
2023-10-10,476.2137,portal.amfiindia.com / AMFI Historical NAV,2026-09-05T05:36:33.019111+00:00
2023-10-11,480.569,portal.amfiindia.com / AMFI Historical NAV,2026-09-05T05:36:33.019111+00:00
2023-10-12,481.0247,portal.amfiindia.com / AMFI Historical NAV,2026-09-05T05:36:33.019111+00:00
2023-10-13,485.4702,portal.amfiindia.com / AMFI Historical NAV,2026-09-05T05:36:33.019111+00:00
2023-10-16,482.8374,portal.amfiindia.com / AMFI Historical NAV,2026-09-05T05:36:33.019111+00:00
2023-10-17,483.6741,portal.amfiindia.com / AMFI Historical NAV,2026-09-05T05:36:33.019111+00:00
2023-10-18,484.3315,portal.amfiindia.com / AMFI Historical NAV,2026-09-05T05:36:33.019111+00:00
2023-10-19,486.9678,portal.amfiindia.com / AMFI Historical NAV,2026-09-05T05:36:33.019111+00:00
2023-10-20,492.1163,portal.amfiindia.com / AMFI Historical NAV,2026-09-05T05:36:33.019111+00:00
2023-10-23,492.5461,portal.amfiindia.com / AMFI Historical NAV,2026-09-05T05:36:33.019111+00:00
2023-10-24,490.6533,portal.amfiindia.com / AMFI Historical NAV,2026-09-05T05:36:33.019111+00:00
2023-10-25,490.7053,portal.amfiindia.com / AMFI Historical NAV,2026-09-05T05:36:33.019111+00:00
2023-10-26,486.2645,portal.amfiindia.com / AMFI Historical NAV,2026-09-05T05:36:33.019111+00:00
2023-10-27,485.2199,portal.amfiindia.com / AMFI Historical NAV,2026-09-05T05:36:33.019111+00:00
2023-10-30,484.4288,portal.amfiindia.com / AMFI Historical NAV,2026-09-05T05:36:33.019111+00:00
2023-10-31,482.4942,portal.amfiindia.com / AMFI Historical NAV,2026-09-05T05:36:33.019111+00:00
2023-11-01,480.4535,portal.amfiindia.com / AMFI Historical NAV,2026-09-05T05:36:33.019111+00:00
2023-11-02,477.7152,portal.amfiindia.com / AMFI Historical NAV,2026-09-05T05:36:33.019111+00:00
2023-11-03,479.7895,portal.amfiindia.com / AMFI Historical NAV,2026-09-05T05:36:33.019111+00:00
2023-11-06,480.8352,portal.amfiindia.com / AMFI Historical NAV,2026-09-05T05:36:33.019111+00:00
2023-11-07,482.496,portal.amfiindia.com / AMFI Historical NAV,2026-09-05T05:36:33.019111+00:00
2023-11-08,483.3165,portal.amfiindia.com / AMFI Historical NAV,2026-09-05T05:36:33.019111+00:00
2023-11-09,485.2246,portal.amfiindia.com / AMFI Historical NAV,2026-09-05T05:36:33.019111+00:00
2023-11-10,487.7227,portal.amfiindia.com / AMFI Historical NAV,2026-09-05T05:36:33.019111+00:00
2023-11-13,484.895,portal.amfiindia.com / AMFI Historical NAV,2026-09-05T05:36:33.019111+00:00
2023-11-14,482.3419,portal.amfiindia.com / AMFI Historical NAV,2026-09-05T05:36:33.019111+00:00
2023-11-15,479.69,portal.amfiindia.com / AMFI Historical NAV,2026-09-05T05:36:33.019111+00:00
2023-11-16,477.7599,portal.amfiindia.com / AMFI Historical NAV,2026-09-05T05:36:33.019111+00:00
2023-11-17,475.6198,portal.amfiindia.com / AMFI Historical NAV,2026-09-05T05:36:33.019111+00:00
2023-11-20,472.9033,portal.amfiindia.com / AMFI Historical NAV,2026-09-05T05:36:33.019111+00:00
2023-11-21,474.4896,portal.amfiindia.com / AMFI Historical NAV,2026-09-05T05:36:33.019111+00:00
2023-11-22,474.3457,portal.amfiindia.com / AMFI Historical NAV,2026-09-05T05:36:33.019111+00:00
2023-11-23,475.3077,portal.amfiindia.com / AMFI Historical NAV,2026-09-05T05:36:33.019111+00:00
2023-11-24,479.5382,portal.amfiindia.com / AMFI Historical NAV,2026-09-05T05:36:33.019111+00:00
2023-11-27,479.0308,portal.amfiindia.com / AMFI Historical NAV,2026-09-05T05:36:33.019111+00:00
2023-11-28,477.2485,portal.amfiindia.com / AMFI Historical NAV,2026-09-05T05:36:33.019111+00:00
2023-11-29,477.0652,portal.amfiindia.com / AMFI Historical NAV,2026-09-05T05:36:33.019111+00:00
2023-11-30,477.9455,portal.amfiindia.com / AMFI Historical NAV,2026-09-05T05:36:33.019111+00:00
2023-12-01,476.3859,portal.amfiindia.com / AMFI Historical NAV,2026-09-05T05:36:33.019111+00:00
2023-12-04,469.1454,portal.amfiindia.com / AMFI Historical NAV,2026-09-05T05:36:33.019111+00:00
2023-12-05,469.4532,portal.amfiindia.com / AMFI Historical NAV,2026-09-05T05:36:33.019111+00:00
2023-12-06,473.7731,portal.amfiindia.com / AMFI Historical NAV,2026-09-05T05:36:33.019111+00:00
2023-12-07,476.6437,portal.amfiindia.com / AMFI Historical NAV,2026-09-05T05:36:33.019111+00:00
2023-12-08,480.2652,portal.amfiindia.com / AMFI Historical NAV,2026-09-05T05:36:33.019111+00:00
2023-12-11,483.4519,portal.amfiindia.com / AMFI Historical NAV,2026-09-05T05:36:33.019111+00:00
2023-12-12,483.3711,portal.amfiindia.com / AMFI Historical NAV,2026-09-05T05:36:33.019111+00:00
2023-12-13,486.3007,portal.amfiindia.com / AMFI Historical NAV,2026-09-05T05:36:33.019111+00:00
2023-12-14,485.7599,portal.amfiindia.com / AMFI Historical NAV,2026-09-05T05:36:33.019111+00:00
2023-12-15,486.4565,portal.amfiindia.com / AMFI Historical NAV,2026-09-05T05:36:33.019111+00:00
2023-12-18,490.3566,portal.amfiindia.com / AMFI Historical NAV,2026-09-05T05:36:33.019111+00:00
2023-12-19,494.9249,portal.amfiindia.com / AMFI Historical NAV,2026-09-05T05:36:33.019111+00:00
2023-12-20,496.2905,portal.amfiindia.com / AMFI Historical NAV,2026-09-05T05:36:33.019111+00:00
2023-12-21,493.0348,portal.amfiindia.com / AMFI Historical NAV,2026-09-05T05:36:33.019111+00:00
2023-12-22,493.7228,portal.amfiindia.com / AMFI Historical NAV,2026-09-05T05:36:33.019111+00:00
2023-12-25,495.553,portal.amfiindia.com / AMFI Historical NAV,2026-09-05T05:36:33.019111+00:00
2023-12-26,494.298,portal.amfiindia.com / AMFI Historical NAV,2026-09-05T05:36:33.019111+00:00
2023-12-27,489.4989,portal.amfiindia.com / AMFI Historical NAV,2026-09-05T05:36:33.019111+00:00
2023-12-28,487.3973,portal.amfiindia.com / AMFI Historical NAV,2026-09-05T05:36:33.019111+00:00
2023-12-29,484.8836,portal.amfiindia.com / AMFI Historical NAV,2026-09-05T05:36:33.019111+00:00
2024-01-01,484.0816,portal.amfiindia.com / AMFI Historical NAV,2026-09-05T05:36:33.019111+00:00
2024-01-02,484.7055,portal.amfiindia.com / AMFI Historical NAV,2026-09-05T05:36:33.019111+00:00
2024-01-03,482.3322,portal.amfiindia.com / AMFI Historical NAV,2026-09-05T05:36:33.019111+00:00
2024-01-04,487.2787,portal.amfiindia.com / AMFI Historical NAV,2026-09-05T05:36:33.019111+00:00
2024-01-05,488.2455,portal.amfiindia.com / AMFI Historical NAV,2026-09-05T05:36:33.019111+00:00
2024-01-08,489.888,portal.amfiindia.com / AMFI Historical NAV,2026-09-05T05:36:33.019111+00:00
2024-01-09,490.9673,portal.amfiindia.com / AMFI Historical NAV,2026-09-05T05:36:33.019111+00:00
2024-01-10,487.2568,portal.amfiindia.com / AMFI Historical NAV,2026-09-05T05:36:33.019111+00:00
2024-01-11,492.2792,portal.amfiindia.com / AMFI Historical NAV,2026-09-05T05:36:33.019111+00:00
2024-01-12,490.8947,portal.amfiindia.com / AMFI Historical NAV,2026-09-05T05:36:33.019111+00:00
2024-01-15,491.74,portal.amfiindia.com / AMFI Historical NAV,2026-09-05T05:36:33.019111+00:00
2024-01-16,489.001,portal.amfiindia.com / AMFI Historical NAV,2026-09-05T05:36:33.019111+00:00
2024-01-17,483.8585,portal.amfiindia.com / AMFI Historical NAV,2026-09-05T05:36:33.019111+00:00
2024-01-18,485.2386,portal.amfiindia.com / AMFI Historical NAV,2026-09-05T05:36:33.019111+00:00
2024-01-19,486.8257,portal.amfiindia.com / AMFI Historical NAV,2026-09-05T05:36:33.019111+00:00
2024-01-22,482.4691,portal.amfiindia.com / AMFI Historical NAV,2026-09-05T05:36:33.019111+00:00
2024-01-23,478.9613,portal.amfiindia.com / AMFI Historical NAV,2026-09-05T05:36:33.019111+00:00
2024-01-24,485.402,portal.amfiindia.com / AMFI Historical NAV,2026-09-05T05:36:33.019111+00:00
2024-01-25,483.1127,portal.amfiindia.com / AMFI Historical NAV,2026-09-05T05:36:33.019111+00:00
2024-01-26,486.9945,portal.amfiindia.com / AMFI Historical NAV,2026-09-05T05:36:33.019111+00:00
2024-01-29,485.4503,portal.amfiindia.com / AMFI Historical NAV,2026-09-05T05:36:33.019111+00:00
2024-01-30,488.4464,portal.amfiindia.com / AMFI Historical NAV,2026-09-05T05:36:33.019111+00:00
2024-01-31,489.3568,portal.amfiindia.com / AMFI Historical NAV,2026-09-05T05:36:33.019111+00:00
2024-02-01,491.2579,portal.amfiindia.com / AMFI Historical NAV,2026-09-05T05:36:33.019111+00:00
2024-02-02,491.5352,portal.amfiindia.com / AMFI Historical NAV,2026-09-05T05:36:33.019111+00:00
2024-02-05,488.4502,portal.amfiindia.com / AMFI Historical NAV,2026-09-05T05:36:33.019111+00:00
2024-02-06,487.3989,portal.amfiindia.com / AMFI Historical NAV,2026-09-05T05:36:33.019111+00:00
2024-02-07,485.1953,portal.amfiindia.com / AMFI Historical NAV,2026-09-05T05:36:33.019111+00:00
2024-02-08,488.1312,portal.amfiindia.com / AMFI Historical NAV,2026-09-05T05:36:33.019111+00:00
2024-02-09,485.7287,portal.amfiindia.com / AMFI Historical NAV,2026-09-05T05:36:33.019111+00:00
2024-02-12,485.8438,portal.amfiindia.com / AMFI Historical NAV,2026-09-05T05:36:33.019111+00:00
2024-02-13,482.5212,portal.amfiindia.com / AMFI Historical NAV,2026-09-05T05:36:33.019111+00:00
2024-02-14,475.3504,portal.amfiindia.com / AMFI Historical NAV,2026-09-05T05:36:33.019111+00:00
2024-02-15,476.6577,portal.amfiindia.com / AMFI Historical NAV,2026-09-05T05:36:33.019111+00:00
2024-02-16,484.9762,portal.amfiindia.com / AMFI Historical NAV,2026-09-05T05:36:33.019111+00:00
2024-02-19,486.1032,portal.amfiindia.com / AMFI Historical NAV,2026-09-05T05:36:33.019111+00:00
2024-02-20,484.8864,portal.amfiindia.com / AMFI Historical NAV,2026-09-05T05:36:33.019111+00:00
2024-02-21,483.9297,portal.amfiindia.com / AMFI Historical NAV,2026-09-05T05:36:33.019111+00:00
2024-02-22,484.3312,portal.amfiindia.com / AMFI Historical NAV,2026-09-05T05:36:33.019111+00:00
2024-02-23,485.2847,portal.amfiindia.com / AMFI Historical NAV,2026-09-05T05:36:33.019111+00:00
2024-02-26,483.8661,portal.amfiindia.com / AMFI Historical NAV,2026-09-05T05:36:33.019111+00:00
2024-02-27,487.8643,portal.amfiindia.com / AMFI Historical NAV,2026-09-05T05:36:33.019111+00:00
2024-02-28,490.8564,portal.amfiindia.com / AMFI Historical NAV,2026-09-05T05:36:33.019111+00:00
2024-02-29,491.4118,portal.amfiindia.com / AMFI Historical NAV,2026-09-05T05:36:33.019111+00:00
2024-03-01,494.7614,portal.amfiindia.com / AMFI Historical NAV,2026-09-05T05:36:33.019111+00:00
2024-03-04,491.0175,portal.amfiindia.com / AMFI Historical NAV,2026-09-05T05:36:33.019111+00:00
2024-03-05,494.5388,portal.amfiindia.com / AMFI Historical NAV,2026-09-05T05:36:33.019111+00:00
2024-03-06,498.0023,portal.amfiindia.com / AMFI Historical NAV,2026-09-05T05:36:33.019111+00:00
2024-03-07,496.7257,portal.amfiindia.com / AMFI Historical NAV,2026-09-05T05:36:33.019111+00:00
2024-03-08,497.3631,portal.amfiindia.com / AMFI Historical NAV,2026-09-05T05:36:33.019111+00:00
2024-03-11,497.9497,portal.amfiindia.com / AMFI Historical NAV,2026-09-05T05:36:33.019111+00:00
2024-03-12,502.8897,portal.amfiindia.com / AMFI Historical NAV,2026-09-05T05:36:33.019111+00:00
2024-03-13,500.1925,portal.amfiindia.com / AMFI Historical NAV,2026-09-05T05:36:33.019111+00:00
2024-03-14,501.1215,portal.amfiindia.com / AMFI Historical NAV,2026-09-05T05:36:33.019111+00:00
2024-03-15,504.0108,portal.amfiindia.com / AMFI Historical NAV,2026-09-05T05:36:33.019111+00:00
2024-03-18,505.6123,portal.amfiindia.com / AMFI Historical NAV,2026-09-05T05:36:33.019111+00:00
2024-03-19,505.1287,portal.amfiindia.com / AMFI Historical NAV,2026-09-05T05:36:33.019111+00:00
2024-03-20,506.4526,portal.amfiindia.com / AMFI Historical NAV,2026-09-05T05:36:33.019111+00:00
2024-03-21,504.9588,portal.amfiindia.com / AMFI Historical NAV,2026-09-05T05:36:33.019111+00:00
2024-03-22,510.9465,portal.amfiindia.com / AMFI Historical NAV,2026-09-05T05:36:33.019111+00:00
2024-03-25,506.8324,portal.amfiindia.com / AMFI Historical NAV,2026-09-05T05:36:33.019111+00:00
2024-03-26,503.0908,portal.amfiindia.com / AMFI Historical NAV,2026-09-05T05:36:33.019111+00:00
2024-03-27,503.3054,portal.amfiindia.com / AMFI Historical NAV,2026-09-05T05:36:33.019111+00:00
2024-03-28,497.6352,portal.amfiindia.com / AMFI Historical NAV,2026-09-05T05:36:33.019111+00:00
2024-03-29,497.7433,portal.amfiindia.com / AMFI Historical NAV,2026-09-05T05:36:33.019111+00:00
2024-04-01,501.6288,portal.amfiindia.com / AMFI Historical NAV,2026-09-05T05:36:33.019111+00:00
2024-04-02,502.1219,portal.amfiindia.com / AMFI Historical NAV,2026-09-05T05:36:33.019111+00:00
2024-04-03,504.3136,portal.amfiindia.com / AMFI Historical NAV,2026-09-05T05:36:33.019111+00:00
2024-04-04,500.9534,portal.amfiindia.com / AMFI Historical NAV,2026-09-05T05:36:33.019111+00:00
2024-04-05,498.9721,portal.amfiindia.com / AMFI Historical NAV,2026-09-05T05:36:33.019111+00:00
2024-04-08,498.5835,portal.amfiindia.com / AMFI Historical NAV,2026-09-05T05:36:33.019111+00:00
2024-04-09,499.0996,portal.amfiindia.com / AMFI Historical NAV,2026-09-05T05:36:33.019111+00:00
2024-04-10,501.5284,portal.amfiindia.com / AMFI Historical NAV,2026-09-05T05:36:33.019111+00:00
2024-04-11,503.9284,portal.amfiindia.com / AMFI Historical NAV,2026-09-05T05:36:33.019111+00:00
2024-04-12,503.0759,portal.amfiindia.com / AMFI Historical NAV,2026-09-05T05:36:33.019111+00:00
2024-04-15,505.0509,portal.amfiindia.com / AMFI Historical NAV,2026-09-05T05:36:33.019111+00:00
2024-04-16,506.9867,portal.amfiindia.com / AMFI Historical NAV,2026-09-05T05:36:33.019111+00:00
2024-04-17,511.6963,portal.amfiindia.com / AMFI Historical NAV,2026-09-05T05:36:33.019111+00:00
2024-04-18,517.4646,portal.amfiindia.com / AMFI Historical NAV,2026-09-05T05:36:33.019111+00:00
2024-04-19,516.0021,portal.amfiindia.com / AMFI Historical NAV,2026-09-05T05:36:33.019111+00:00
2024-04-22,510.8531,portal.amfiindia.com / AMFI Historical NAV,2026-09-05T05:36:33.019111+00:00
2024-04-23,505.1575,portal.amfiindia.com / AMFI Historical NAV,2026-09-05T05:36:33.019111+00:00
2024-04-24,506.391,portal.amfiindia.com / AMFI Historical NAV,2026-09-05T05:36:33.019111+00:00
2024-04-25,505.8643,portal.amfiindia.com / AMFI Historical NAV,2026-09-05T05:36:33.019111+00:00
2024-04-26,509.7551,portal.amfiindia.com / AMFI Historical NAV,2026-09-05T05:36:33.019111+00:00
2024-04-29,509.3905,portal.amfiindia.com / AMFI Historical NAV,2026-09-05T05:36:33.019111+00:00
2024-04-30,507.3238,portal.amfiindia.com / AMFI Historical NAV,2026-09-05T05:36:33.019111+00:00
2024-05-01,508.6966,portal.amfiindia.com / AMFI Historical NAV,2026-09-05T05:36:33.019111+00:00
2024-05-02,506.9447,portal.amfiindia.com / AMFI Historical NAV,2026-09-05T05:36:33.019111+00:00
2024-05-03,516.6722,portal.amfiindia.com / AMFI Historical NAV,2026-09-05T05:36:33.019111+00:00
2024-05-06,511.3057,portal.amfiindia.com / AMFI Historical NAV,2026-09-05T05:36:33.019111+00:00
2024-05-07,514.4595,portal.amfiindia.com / AMFI Historical NAV,2026-09-05T05:36:33.019111+00:00
2024-05-08,521.422,portal.amfiindia.com / AMFI Historical NAV,2026-09-05T05:36:33.019111+00:00
2024-05-09,520.8152,portal.amfiindia.com / AMFI Historical NAV,2026-09-05T05:36:33.019111+00:00
2024-05-10,521.8982,portal.amfiindia.com / AMFI Historical NAV,2026-09-05T05:36:33.019111+00:00
2024-05-13,522.1128,portal.amfiindia.com / AMFI Historical NAV,2026-09-05T05:36:33.019111+00:00
2024-05-14,522.0318,portal.amfiindia.com / AMFI Historical NAV,2026-09-05T05:36:33.019111+00:00
2024-05-15,526.9983,portal.amfiindia.com / AMFI Historical NAV,2026-09-05T05:36:33.019111+00:00
2024-05-16,519.7281,portal.amfiindia.com / AMFI Historical NAV,2026-09-05T05:36:33.019111+00:00
2024-05-17,523.4524,portal.amfiindia.com / AMFI Historical NAV,2026-09-05T05:36:33.019111+00:00
2024-05-20,520.7451,portal.amfiindia.com / AMFI Historical NAV,2026-09-05T05:36:33.019111+00:00
2024-05-21,519.9988,portal.amfiindia.com / AMFI Historical NAV,2026-09-05T05:36:33.019111+00:00
2024-05-22,518.9893,portal.amfiindia.com / AMFI Historical NAV,2026-09-05T05:36:33.019111+00:00
2024-05-23,521.5953,portal.amfiindia.com / AMFI Historical NAV,2026-09-05T05:36:33.019111+00:00
2024-05-24,517.5992,portal.amfiindia.com / AMFI Historical NAV,2026-09-05T05:36:33.019111+00:00
2024-05-27,517.1662,portal.amfiindia.com / AMFI Historical NAV,2026-09-05T05:36:33.019111+00:00
2024-05-28,525.6163,portal.amfiindia.com / AMFI Historical NAV,2026-09-05T05:36:33.019111+00:00
2024-05-29,522.076,portal.amfiindia.com / AMFI Historical NAV,2026-09-05T05:36:33.019111+00:00
2024-05-30,522.7383,portal.amfiindia.com / AMFI Historical NAV,2026-09-05T05:36:33.019111+00:00
2024-05-31,521.8215,portal.amfiindia.com / AMFI Historical NAV,2026-09-05T05:36:33.019111+00:00
2024-06-03,523.8834,portal.amfiindia.com / AMFI Historical NAV,2026-09-05T05:36:33.019111+00:00
2024-06-04,525.5555,portal.amfiindia.com / AMFI Historical NAV,2026-09-05T05:36:33.019111+00:00
2024-06-05,524.865,portal.amfiindia.com / AMFI Historical NAV,2026-09-05T05:36:33.019111+00:00
2024-06-06,527.8848,portal.amfiindia.com / AMFI Historical NAV,2026-09-05T05:36:33.019111+00:00
2024-06-07,535.9415,portal.amfiindia.com / AMFI Historical NAV,2026-09-05T05:36:33.019111+00:00
2024-06-10,537.1888,portal.amfiindia.com / AMFI Historical NAV,2026-09-05T05:36:33.019111+00:00
2024-06-11,539.584,portal.amfiindia.com / AMFI Historical NAV,2026-09-05T05:36:33.019111+00:00
2024-06-12,534.1537,portal.amfiindia.com / AMFI Historical NAV,2026-09-05T05:36:33.019111+00:00
2024-06-13,534.2901,portal.amfiindia.com / AMFI Historical NAV,2026-09-05T05:36:33.019111+00:00
2024-06-14,535.7847,portal.amfiindia.com / AMFI Historical NAV,2026-09-05T05:36:33.019111+00:00
2024-06-17,540.0382,portal.amfiindia.com / AMFI Historical NAV,2026-09-05T05:36:33.019111+00:00
2024-06-18,538.7557,portal.amfiindia.com / AMFI Historical NAV,2026-09-05T05:36:33.019111+00:00
2024-06-19,538.7482,portal.amfiindia.com / AMFI Historical NAV,2026-09-05T05:36:33.019111+00:00
2024-06-20,539.4068,portal.amfiindia.com / AMFI Historical NAV,2026-09-05T05:36:33.019111+00:00
2024-06-21,533.4773,portal.amfiindia.com / AMFI Historical NAV,2026-09-05T05:36:33.019111+00:00
2024-06-24,536.4828,portal.amfiindia.com / AMFI Historical NAV,2026-09-05T05:36:33.019111+00:00
2024-06-25,538.8355,portal.amfiindia.com / AMFI Historical NAV,2026-09-05T05:36:33.019111+00:00
2024-06-26,542.1967,portal.amfiindia.com / AMFI Historical NAV,2026-09-05T05:36:33.019111+00:00
2024-06-27,540.2204,portal.amfiindia.com / AMFI Historical NAV,2026-09-05T05:36:33.019111+00:00
2024-06-28,540.7667,portal.amfiindia.com / AMFI Historical NAV,2026-09-05T05:36:33.019111+00:00
2024-07-01,538.4043,portal.amfiindia.com / AMFI Historical NAV,2026-09-05T05:36:33.019111+00:00
2024-07-02,540.6825,portal.amfiindia.com / AMFI Historical NAV,2026-09-05T05:36:33.019111+00:00
2024-07-03,547.0615,portal.amfiindia.com / AMFI Historical NAV,2026-09-05T05:36:33.019111+00:00
2024-07-04,545.5174,portal.amfiindia.com / AMFI Historical NAV,2026-09-05T05:36:33.019111+00:00
2024-07-05,545.97,portal.amfiindia.com / AMFI Historical NAV,2026-09-05T05:36:33.019111+00:00
2024-07-08,542.0915,portal.amfiindia.com / AMFI Historical NAV,2026-09-05T05:36:33.019111+00:00
2024-07-09,545.8627,portal.amfiindia.com / AMFI Historical NAV,2026-09-05T05:36:33.019111+00:00
2024-07-10,548.6339,portal.amfiindia.com / AMFI Historical NAV,2026-09-05T05:36:33.019111+00:00
2024-07-11,547.9352,portal.amfiindia.com / AMFI Historical NAV,2026-09-05T05:36:33.019111+00:00
2024-07-12,553.5958,portal.amfiindia.com / AMFI Historical NAV,2026-09-05T05:36:33.019111+00:00
2024-07-15,560.015,portal.amfiindia.com / AMFI Historical NAV,2026-09-05T05:36:33.019111+00:00
2024-07-16,561.3807,portal.amfiindia.com / AMFI Historical NAV,2026-09-05T05:36:33.019111+00:00
2024-07-17,557.7997,portal.amfiindia.com / AMFI Historical NAV,2026-09-05T05:36:33.019111+00:00
2024-07-18,562.2188,portal.amfiindia.com / AMFI Historical NAV,2026-09-05T05:36:33.019111+00:00
2024-07-19,561.9571,portal.amfiindia.com / AMFI Historical NAV,2026-09-05T05:36:33.019111+00:00
2024-07-22,563.4699,portal.amfiindia.com / AMFI Historical NAV,2026-09-05T05:36:33.019111+00:00
2024-07-23,558.8053,portal.amfiindia.com / AMFI Historical NAV,2026-09-05T05:36:33.019111+00:00
2024-07-24,560.4385,portal.amfiindia.com / AMFI Historical NAV,2026-09-05T05:36:33.019111+00:00
2024-07-25,556.3351,portal.amfiindia.com / AMFI Historical NAV,2026-09-05T05:36:33.019111+00:00
2024-07-26,553.9741,portal.amfiindia.com / AMFI Historical NAV,2026-09-05T05:36:33.019111+00:00
2024-07-29,555.1191,portal.amfiindia.com / AMFI Historical NAV,2026-09-05T05:36:33.019111+00:00
2024-07-30,551.419,portal.amfiindia.com / AMFI Historical NAV,2026-09-05T05:36:33.019111+00:00
2024-07-31,552.3899,portal.amfiindia.com / AMFI Historical NAV,2026-09-05T05:36:33.019111+00:00
2024-08-01,555.6587,portal.amfiindia.com / AMFI Historical NAV,2026-09-05T05:36:33.019111+00:00
2024-08-02,558.306,portal.amfiindia.com / AMFI Historical NAV,2026-09-05T05:36:33.019111+00:00
2024-08-05,558.8125,portal.amfiindia.com / AMFI Historical NAV,2026-09-05T05:36:33.019111+00:00
2024-08-06,567.3729,portal.amfiindia.com / AMFI Historical NAV,2026-09-05T05:36:33.019111+00:00
2024-08-07,566.2701,portal.amfiindia.com / AMFI Historical NAV,2026-09-05T05:36:33.019111+00:00
2024-08-08,573.3031,portal.amfiindia.com / AMFI Historical NAV,2026-09-05T05:36:33.019111+00:00
2024-08-09,575.4555,portal.amfiindia.com / AMFI Historical NAV,2026-09-05T05:36:33.019111+00:00
2024-08-12,573.2076,portal.amfiindia.com / AMFI Historical NAV,2026-09-05T05:36:33.019111+00:00
2024-08-13,568.345,portal.amfiindia.com / AMFI Historical NAV,2026-09-05T05:36:33.019111+00:00
2024-08-14,569.4649,portal.amfiindia.com / AMFI Historical NAV,2026-09-05T05:36:33.019111+00:00
2024-08-15,570.3697,portal.amfiindia.com / AMFI Historical NAV,2026-09-05T05:36:33.019111+00:00
2024-08-16,569.6793,portal.amfiindia.com / AMFI Historical NAV,2026-09-05T05:36:33.019111+00:00
2024-08-19,572.0727,portal.amfiindia.com / AMFI Historical NAV,2026-09-05T05:36:33.019111+00:00
2024-08-20,566.5128,portal.amfiindia.com / AMFI Historical NAV,2026-09-05T05:36:33.019111+00:00
2024-08-21,568.0063,portal.amfiindia.com / AMFI Historical NAV,2026-09-05T05:36:33.019111+00:00
2024-08-22,565.1988,portal.amfiindia.com / AMFI Historical NAV,2026-09-05T05:36:33.019111+00:00
2024-08-23,566.914,portal.amfiindia.com / AMFI Historical NAV,2026-09-05T05:36:33.019111+00:00
2024-08-26,570.5521,portal.amfiindia.com / AMFI Historical NAV,2026-09-05T05:36:33.019111+00:00
2024-08-27,566.3816,portal.amfiindia.com / AMFI Historical NAV,2026-09-05T05:36:33.019111+00:00
2024-08-28,557.6649,portal.amfiindia.com / AMFI Historical NAV,2026-09-05T05:36:33.019111+00:00
2024-08-29,557.6013,portal.amfiindia.com / AMFI Historical NAV,2026-09-05T05:36:33.019111+00:00
2024-08-30,558.3413,portal.amfiindia.com / AMFI Historical NAV,2026-09-05T05:36:33.019111+00:00
