date,nav,source,retrieval_date
2016-01-01,35.6455,portal.amfiindia.com / AMFI Historical NAV,2026-09-05T05:36:33.003208+00:00
2016-01-04,35.8398,portal.amfiindia.com / AMFI Historical NAV,2026-09-05T05:36:33.003208+00:00
2016-01-05,36.2149,portal.amfiindia.com / AMFI Historical NAV,2026-09-05T05:36:33.003208+00:00
2016-01-06,36.9007,portal.amfiindia.com / AMFI Historical NAV,2026-09-05T05:36:33.003208+00:00
2016-01-07,36.6838,portal.amfiindia.com / AMFI Historical NAV,2026-09-05T05:36:33.003208+00:00
2016-01-08,36.7049,portal.amfiindia.com / AMFI Historical NAV,2026-09-05T05:36:33.003208+00:00
2016-01-11,37.2884,portal.amfiindia.com / AMFI Historical NAV,2026-09-05T05:36:33.003208+00:00
2016-01-12,37.5288,portal.amfiindia.com / AMFI Historical NAV,2026-09-05T05:36:33.003208+00:00
2016-01-13,37.3967,portal.amfiindia.com / AMFI Historical NAV,2026-09-05T05:36:33.003208+00:00
2016-01-14,37.7233,portal.amfiindia.com / AMFI Historical NAV,2026-09-05T05:36:33.003208+00:00
2016-01-15,37.6305,portal.amfiindia.com / AMFI Historical NAV,2026-09-05T05:36:33.003208+00:00
2016-01-18,37.3813,portal.amfiindia.com / AMFI Historical NAV,2026-09-05T05:36:33.003208+00:00
2016-01-19,37.5749,portal.amfiindia.com / AMFI Historical NAV,2026-09-05T05:36:33.003208+00:00
2016-01-20,36.8202,portal.amfiindia.com / AMFI Historical NAV,2026-09-05T05:36:33.003208+00:00
2016-01-21,36.2431,portal.amfiindia.com / AMFI Historical NAV,2026-09-05T05:36:33.003208+00:00
2016-01-22,36.0314,portal.amfiindia.com / AMFI Historical NAV,2026-09-05T05:36:33.003208+00:00
2016-01-25,35.6709,portal.amfiindia.com / AMFI Historical NAV,2026-09-05T05:36:33.003208+00:00
2016-01-26,35.8834,portal.amfiindia.com / AMFI Historical NAV,2026-09-05T05:36:33.003208+00:00
2016-01-27,35.4729,portal.amfiindia.com / AMFI Historical NAV,2026-09-05T05:36:33.003208+00:00
2016-01-28,35.2095,portal.amfiindia.com / AMFI Historical NAV,2026-09-05T05:36:33.003208+00:00
2016-01-29,35.5433,portal.amfiindia.com / AMFI Historical NAV,2026-09-05T05:36:33.003208+00:00
2016-02-01,35.4215,portal.amfiindia.com / AMFI Historical NAV,2026-09-05T05:36:33.003208+00:00
2016-02-02,35.5047,portal.amfiindia.com / AMFI Historical NAV,2026-09-05T05:36:33.003208+00:00
2016-02-03,35.0918,portal.amfiindia.com / AMFI Historical NAV,2026-09-05T05:36:33.003208+00:00
2016-02-04,34.9143,portal.amfiindia.com / AMFI Historical NAV,2026-09-05T05:36:33.003208+00:00
2016-02-05,34.9665,portal.amfiindia.com / AMFI Historical NAV,2026-09-05T05:36:33.003208+00:00
2016-02-08,34.6354,portal.amfiindia.com / AMFI Historical NAV,2026-09-05T05:36:33.003208+00:00
2016-02-09,34.759,portal.amfiindia.com / AMFI Historical NAV,2026-09-05T05:36:33.003208+00:00
2016-02-10,34.7198,portal.amfiindia.com / AMFI Historical NAV,2026-09-05T05:36:33.003208+00:00
2016-02-11,34.728,portal.amfiindia.com / AMFI Historical NAV,2026-09-05T05:36:33.003208+00:00
2016-02-12,34.6343,portal.amfiindia.com / AMFI Historical NAV,2026-09-05T05:36:33.003208+00:00
2016-02-15,35.1827,portal.amfiindia.com / AMFI Historical NAV,2026-09-05T05:36:33.003208+00:00
2016-02-16,35.19,portal.amfiindia.com / AMFI Historical NAV,2026-09-05T05:36:33.003208+00:00
2016-02-17,34.8139,portal.amfiindia.com / AMFI Historical NAV,2026-09-05T05:36:33.003208+00:00
2016-02-18,35.0096,portal.amfiindia.com / AMFI Historical NAV,2026-09-05T05:36:33.003208+00:00
2016-02-19,34.6489,portal.amfiindia.com / AMFI Historical NAV,2026-09-05T05:36:33.003208+00:00
2016-02-22,34.684,portal.amfiindia.com / AMFI Historical NAV,2026-09-05T05:36:33.003208+00:00
2016-02-23,34.1062,portal.amfiindia.com / AMFI Historical NAV,2026-09-05T05:36:33.003208+00:00
2016-02-24,33.5725,portal.amfiindia.com / AMFI Historical NAV,2026-09-05T05:36:33.003208+00:00
2016-02-25,33.8298,portal.amfiindia.com / AMFI Historical NAV,2026-09-05T05:36:33.003208+00:00
2016-02-26,34.0033,portal.amfiindia.com / AMFI Historical NAV,2026-09-05T05:36:33.003208+00:00
2016-02-29,34.1024,portal.amfiindia.com / AMFI Historical NAV,2026-09-05T05:36:33.003208+00:00
2016-03-01,34.1645,portal.amfiindia.com / AMFI Historical NAV,2026-09-05T05:36:33.003208+00:00
2016-03-02,34.025,portal.amfiindia.com / AMFI Historical NAV,2026-09-05T05:36:33.003208+00:00
2016-03-03,33.6387,portal.amfiindia.com / AMFI Historical NAV,2026-09-05T05:36:33.003208+00:00
2016-03-04,33.2969,portal.amfiindia.com / AMFI Historical NAV,2026-09-05T05:36:33.003208+00:00
2016-03-07,33.3109,portal.amfiindia.com / AMFI Historical NAV,2026-09-05T05:36:33.003208+00:00
2016-03-08,33.6767,portal.amfiindia.com / AMFI Historical NAV,2026-09-05T05:36:33.003208+00:00
2016-03-09,33.7493,portal.amfiindia.com / AMFI Historical NAV,2026-09-05T05:36:33.003208+00:00
2016-03-10,33.1555,portal.amfiindia.com / AMFI Historical NAV,2026-09-05T05:36:33.003208+00:00
2016-03-11,33.3604,portal.amfiindia.com / AMFI Historical NAV,2026-09-05T05:36:33.003208+00:00
2016-03-14,33.1953,portal.amfiindia.com / AMFI Historical NAV,2026-09-05T05:36:33.003208+00:00
2016-03-15,32.9197,portal.amfiindia.com / AMFI Historical NAV,2026-09-05T05:36:33.003208+00:00
2016-03-16,33.1142,portal.amfiindia.com / AMFI Historical NAV,2026-09-05T05:36:33.003208+00:00
2016-03-17,33.3511,portal.amfiindia.com / AMFI Historical NAV,2026-09-05T05:36:33.003208+00:00
2016-03-18,33.8569,portal.amfiindia.com / AMFI Historical NAV,2026-09-05T05:36:33.003208+00:00
2016-03-21,33.5405,portal.amfiindia.com / AMFI Historical NAV,2026-09-05T05:36:33.003208+00:00
2016-03-22,33.542,portal.amfiindia.com / AMFI Historical NAV,2026-09-05T05:36:33.003208+00:00
2016-03-23,33.6914,portal.amfiindia.com / AMFI Historical NAV,2026-09-05T05:36:33.003208+00:00
2016-03-24,33.9335,portal.amfiindia.com / AMFI Historical NAV,2026-09-05T05:36:33.003208+00:00
2016-03-25,33.7932,portal.amfiindia.com / AMFI Historical NAV,2026-09-05T05:36:33.003208+00:00
2016-03-28,33.8307,portal.amfiindia.com / AMFI Historical NAV,2026-09-05T05:36:33.003208+00:00
2016-03-29,33.4644,portal.amfiindia.com / AMFI Historical NAV,2026-09-05T05:36:33.003208+00:00
2016-03-30,33.2113,portal.amfiindia.com / AMFI Historical NAV,2026-09-05T05:36:33.003208+00:00
2016-03-31,33.5967,portal.amfiindia.com / AMFI Historical NAV,2026-09-05T05:36:33.003208+00:00
2016-04-01,34.1554,portal.amfiindia.com / AMFI Historical NAV,2026-09-05T05:36:33.003208+00:00
2016-04-04,34.1039,portal.amfiindia.com / AMFI Historical NAV,2026-09-05T05:36:33.003208+00:00
2016-04-05,34.3486,portal.amfiindia.com / AMFI Historical NAV,2026-09-05T05:36:33.003208+00:00
2016-04-06,34.427,portal.amfiindia.com / AMFI Historical NAV,2026-09-05T05:36:33.003208+00:00
2016-04-07,34.2495,portal.amfiindia.com / AMFI Historical NAV,2026-09-05T05:36:33.003208+00:00
2016-04-08,34.4467,portal.amfiindia.com / AMFI Historical NAV,2026-09-05T05:36:33.003208+00:00
2016-04-11,34.7615,portal.amfiindia.com / AMFI Historical NAV,2026-09-05T05:36:33.003208+00:00
2016-04-12,34.7686,portal.amfiindia.com / AMFI Historical NAV,2026-09-05T05:36:33.003208+00:00
2016-04-13,35.3383,portal.amfiindia.com / AMFI Historical NAV,2026-09-05T05:36:33.003208+00:00
2016-04-14,34.4221,portal.amfiindia.com / AMFI Historical NAV,2026-09-05T05:36:33.003208+00:00
2016-04-15,34.8526,portal.amfiindia.com / AMFI Historical NAV,2026-09-05T05:36:33.003208+00:00
2016-04-18,34.9466,portal.amfiindia.com / AMFI Historical NAV,2026-09-05T05:36:33.003208+00:00
2016-04-19,35.0018,portal.amfiindia.com / AMFI Historical NAV,2026-09-05T05:36:33.003208+00:00
2016-04-20,35.0309,portal.amfiindia.com / AMFI Historical NAV,2026-09-05T05:36:33.003208+00:00
2016-04-21,34.4674,portal.amfiindia.com / AMFI Historical NAV,2026-09-05T05:36:33.003208+00:00
2016-04-22,34.5822,portal.amfiindia.com / AMFI Historical NAV,2026-09-05T05:36:33.003208+00:00
2016-04-25,34.8593,portal.amfiindia.com / AMFI Historical NAV,2026-09-05T05:36:33.003208+00:00
2016-04-26,35.2702,portal.amfiindia.com / AMFI Historical NAV,2026-09-05T05:36:33.003208+00:00
2016-04-27,35.0846,portal.amfiindia.com / AMFI Historical NAV,2026-09-05T05:36:33.003208+00:00
2016-04-28,34.7906,portal.amfiindia.com / AMFI Historical NAV,2026-09-05T05:36:33.003208+00:00
2016-04-29,34.6907,portal.amfiindia.com / AMFI Historical NAV,2026-09-05T05:36:33.003208+00:00
2016-05-02,35.0935,portal.amfiindia.com / AMFI Historical NAV,2026-09-05T05:36:33.003208+00:00
2016-05-03,35.1385,portal.amfiindia.com / AMFI Historical NAV,2026-09-05T05:36:33.003208+00:00
2016-05-04,34.9836,portal.amfiindia.com / AMFI Historical NAV,2026-09-05T05:36:33.003208+00:00
2016-05-05,34.9678,portal.amfiindia.com / AMFI Historical NAV,2026-09-05T05:36:33.003208+00:00
2016-05-06,35.1726,portal.amfiindia.com / AMFI Historical NAV,2026-09-05T05:36:33.003208+00:00
2016-05-09,35.4728,portal.amfiindia.com / AMFI Historical NAV,2026-09-05T05:36:33.003208+00:00
2016-05-10,35.2552,portal.amfiindia.com / AMFI Historical NAV,2026-09-05T05:36:33.003208+00:00
2016-05-11,35.1297,portal.amfiindia.com / AMFI Historical NAV,2026-09-05T05:36:33.003208+00:00
2016-05-12,35.1358,portal.amfiindia.com / AMFI Historical NAV,2026-09-05T05:36:33.003208+00:00
2016-05-13,34.3531,portal.amfiindia.com / AMFI Historical NAV,2026-09-05T05:36:33.003208+00:00
2016-05-16,34.471,portal.amfiindia.com / AMFI Historical NAV,2026-09-05T05:36:33.003208+00:00
2016-05-17,34.5682,portal.amfiindia.com / AMFI Historical NAV,2026-09-05T05:36:33.003208+00:00
2016-05-18,34.5429,portal.amfiindia.com / AMFI Historical NAV,2026-09-05T05:36:33.003208+00:00
2016-05-19,34.6624,portal.amfiindia.com / AMFI Historical NAV,2026-09-05T05:36:33.003208+00:00
2016-05-20,34.1094,portal.amfiindia.com / AMFI Historical NAV,2026-09-05T05:36:33.003208+00:00
2016-05-23,34.0675,portal.amfiindia.com / AMFI Historical NAV,2026-09-05T05:36:33.003208+00:00
2016-05-24,34.0092,portal.amfiindia.com / AMFI Historical NAV,2026-09-05T05:36:33.003208+00:00
2016-05-25,33.8902,portal.amfiindia.com / AMFI Historical NAV,2026-09-05T05:36:33.003208+00:00
2016-05-26,33.7884,portal.amfiindia.com / AMFI Historical NAV,2026-09-05T05:36:33.003208+00:00
2016-05-27,33.8675,portal.amfiindia.com / AMFI Historical NAV,2026-09-05T05:36:33.003208+00:00
2016-05-30,34.6245,portal.amfiindia.com / AMFI Historical NAV,2026-09-05T05:36:33.003208+00:00
2016-05-31,34.748,portal.amfiindia.com / AMFI Historical NAV,2026-09-05T05:36:33.003208+00:00
2016-06-01,34.6947,portal.amfiindia.com / AMFI Historical NAV,2026-09-05T05:36:33.003208+00:00
2016-06-02,34.6334,portal.amfiindia.com / AMFI Historical NAV,2026-09-05T05:36:33.003208+00:00
2016-06-03,34.0423,portal.amfiindia.com / AMFI Historical NAV,2026-09-05T05:36:33.003208+00:00
2016-06-06,34.1388,portal.amfiindia.com / AMFI Historical NAV,2026-09-05T05:36:33.003208+00:00
2016-06-07,34.1091,portal.amfiindia.com / AMFI Historical NAV,2026-09-05T05:36:33.003208+00:00
2016-06-08,34.654,portal.amfiindia.com / AMFI Historical NAV,2026-09-05T05:36:33.003208+00:00
2016-06-09,34.6632,portal.amfiindia.com / AMFI Historical NAV,2026-09-05T05:36:33.003208+00:00
2016-06-10,34.6588,portal.amfiindia.com / AMFI Historical NAV,2026-09-05T05:36:33.003208+00:00
2016-06-13,34.4573,portal.amfiindia.com / AMFI Historical NAV,2026-09-05T05:36:33.003208+00:00
2016-06-14,33.7898,portal.amfiindia.com / AMFI Historical NAV,2026-09-05T05:36:33.003208+00:00
2016-06-15,34.2703,portal.amfiindia.com / AMFI Historical NAV,2026-09-05T05:36:33.003208+00:00
2016-06-16,34.5559,portal.amfiindia.com / AMFI Historical NAV,2026-09-05T05:36:33.003208+00:00
2016-06-17,34.8204,portal.amfiindia.com / AMFI Historical NAV,2026-09-05T05:36:33.003208+00:00
2016-06-20,34.6754,portal.amfiindia.com / AMFI Historical NAV,2026-09-05T05:36:33.003208+00:00
2016-06-21,35.2384,portal.amfiindia.com / AMFI Historical NAV,2026-09-05T05:36:33.003208+00:00
2016-06-22,34.9456,portal.amfiindia.com / AMFI Historical NAV,2026-09-05T05:36:33.003208+00:00
2016-06-23,35.0208,portal.amfiindia.com / AMFI Historical NAV,2026-09-05T05:36:33.003208+00:00
2016-06-24,35.7892,portal.amfiindia.com / AMFI Historical NAV,2026-09-05T05:36:33.003208+00:00
2016-06-27,35.2889,portal.amfiindia.com / AMFI Historical NAV,2026-09-05T05:36:33.003208+00:00
2016-06-28,35.0893,portal.amfiindia.com / AMFI Historical NAV,2026-09-05T05:36:33.003208+00:00
2016-06-29,35.1177,portal.amfiindia.com / AMFI Historical NAV,2026-09-05T05:36:33.003208+00:00
2016-06-30,35.0307,portal.amfiindia.com / AMFI Historical NAV,2026-09-05T05:36:33.003208+00:00
2016-07-01,34.5235,portal.amfiindia.com / AMFI Historical NAV,2026-09-05T05:36:33.003208+00:00
2016-07-04,34.6312,portal.amfiindia.com / AMFI Historical NAV,2026-09-05T05:36:33.003208+00:00
2016-07-05,34.3638,portal.amfiindia.com / AMFI Historical NAV,2026-09-05T05:36:33.003208+00:00
2016-07-06,34.7654,portal.amfiindia.com / AMFI Historical NAV,2026-09-05T05:36:33.003208+00:00
2016-07-07,34.4394,portal.amfiindia.com / AMFI Historical NAV,2026-09-05T05:36:33.003208+00:00
2016-07-08,34.8852,portal.amfiindia.com / AMFI Historical NAV,2026-09-05T05:36:33.003208+00:00
2016-07-11,34.6634,portal.amfiindia.com / AMFI Historical NAV,2026-09-05T05:36:33.003208+00:00
2016-07-12,34.4906,portal.amfiindia.com / AMFI Historical NAV,2026-09-05T05:36:33.003208+00:00
2016-07-13,34.9389,portal.amfiindia.com / AMFI Historical NAV,2026-09-05T05:36:33.003208+00:00
2016-07-14,34.508,portal.amfiindia.com / AMFI Historical NAV,2026-09-05T05:36:33.003208+00:00
2016-07-15,34.5463,portal.amfiindia.com / AMFI Historical NAV,2026-09-05T05:36:33.003208+00:00
2016-07-18,34.96,portal.amfiindia.com / AMFI Historical NAV,2026-09-05T05:36:33.003208+00:00
2016-07-19,34.5049,portal.amfiindia.com / AMFI Historical NAV,2026-09-05T05:36:33.003208+00:00
2016-07-20,34.571,portal.amfiindia.com / AMFI Historical NAV,2026-09-05T05:36:33.003208+00:00
2016-07-21,34.6125,portal.amfiindia.com / AMFI Historical NAV,2026-09-05T05:36:33.003208+00:00
2016-07-22,35.0706,portal.amfiindia.com / AMFI Historical NAV,2026-09-05T05:36:33.003208+00:00
2016-07-25,34.5757,portal.amfiindia.com / AMFI Historical NAV,2026-09-05T05:36:33.003208+00:00
2016-07-26,34.152,portal.amfiindia.com / AMFI Historical NAV,2026-09-05T05:36:33.003208+00:00
2016-07-27,34.4133,portal.amfiindia.com / AMFI Historical NAV,2026-09-05T05:36:33.003208+00:00
2016-07-28,34.365,portal.amfiindia.com / AMFI Historical NAV,2026-09-05T05:36:33.003208+00:00
2016-07-29,34.5188,portal.amfiindia.com / AMFI Historical NAV,2026-09-05T05:36:33.003208+00:00
2016-08-01,34.5467,portal.amfiindia.com / AMFI Historical NAV,2026-09-05T05:36:33.003208+00:00
2016-08-02,34.4217,portal.amfiindia.com / AMFI Historical NAV,2026-09-05T05:36:33.003208+00:00
2016-08-03,34.4206,portal.amfiindia.com / AMFI Historical NAV,2026-09-05T05:36:33.003208+00:00
2016-08-04,34.6109,portal.amfiindia.com / AMFI Historical NAV,2026-09-05T05:36:33.003208+00:00
2016-08-05,34.5035,portal.amfiindia.com / AMFI Historical NAV,2026-09-05T05:36:33.003208+00:00
2016-08-08,35.2435,portal.amfiindia.com / AMFI Historical NAV,2026-09-05T05:36:33.003208+00:00
2016-08-09,35.4541,portal.amfiindia.com / AMFI Historical NAV,2026-09-05T05:36:33.003208+00:00
2016-08-10,35.0361,portal.amfiindia.com / AMFI Historical NAV,2026-09-05T05:36:33.003208+00:00
2016-08-11,35.2213,portal.amfiindia.com / AMFI Historical NAV,2026-09-05T05:36:33.003208+00:00
2016-08-12,35.0607,portal.amfiindia.com / AMFI Historical NAV,2026-09-05T05:36:33.003208+00:00
2016-08-15,35.2778,portal.amfiindia.com / AMFI Historical NAV,2026-09-05T05:36:33.003208+00:00
2016-08-16,35.5891,portal.amfiindia.com / AMFI Historical NAV,2026-09-05T05:36:33.003208+00:00
2016-08-17,35.3945,portal.amfiindia.com / AMFI Historical NAV,2026-09-05T05:36:33.003208+00:00
2016-08-18,35.6646,portal.amfiindia.com / AMFI Historical NAV,2026-09-05T05:36:33.003208+00:00
2016-08-19,35.7279,portal.amfiindia.com / AMFI Historical NAV,2026-09-05T05:36:33.003208+00:00
2016-08-22,35.8817,portal.amfiindia.com / AMFI Historical NAV,2026-09-05T05:36:33.003208+00:00
2016-08-23,36.5174,portal.amfiindia.com / AMFI Historical NAV,2026-09-05T05:36:33.003208+00:00
2016-08-24,36.4417,portal.amfiindia.com / AMFI Historical NAV,2026-09-05T05:36:33.003208+00:00
2016-08-25,36.2202,portal.amfiindia.com / AMFI Historical NAV,2026-09-05T05:36:33.003208+00:00
2016-08-26,36.0288,portal.amfiindia.com / AMFI Historical NAV,2026-09-05T05:36:33.003208+00:00
2016-08-29,35.8186,portal.amfiindia.com / AMFI Historical NAV,2026-09-05T05:36:33.003208+00:00
2016-08-30,35.7917,portal.amfiindia.com / AMFI Historical NAV,2026-09-05T05:36:33.003208+00:00
2016-08-31,35.9108,portal.amfiindia.com / AMFI Historical NAV,2026-09-05T05:36:33.003208+00:00
2016-09-01,36.084,portal.amfiindia.com / AMFI Historical NAV,2026-09-05T05:36:33.003208+00:00
2016-09-02,36.5351,portal.amfiindia.com / AMFI Historical NAV,2026-09-05T05:36:33.003208+00:00
2016-09-05,36.5748,portal.amfiindia.com / AMFI Historical NAV,2026-09-05T05:36:33.003208+00:00
2016-09-06,37.0655,portal.amfiindia.com / AMFI Historical NAV,2026-09-05T05:36:33.003208+00:00
2016-09-07,36.8804,portal.amfiindia.com / AMFI Historical NAV,2026-09-05T05:36:33.003208+00:00
2016-09-08,37.725,portal.amfiindia.com / AMFI Historical NAV,2026-09-05T05:36:33.003208+00:00
2016-09-09,38.0535,portal.amfiindia.com / AMFI Historical NAV,2026-09-05T05:36:33.003208+00:00
2016-09-12,37.8219,portal.amfiindia.com / AMFI Historical NAV,2026-09-05T05:36:33.003208+00:00
2016-09-13,37.5124,portal.amfiindia.com / AMFI Historical NAV,2026-09-05T05:36:33.003208+00:00
2016-09-14,37.697,portal.amfiindia.com / AMFI Historical NAV,2026-09-05T05:36:33.003208+00:00
2016-09-15,37.7954,portal.amfiindia.com / AMFI Historical NAV,2026-09-05T05:36:33.003208+00:00
2016-09-16,38.0268,portal.amfiindia.com / AMFI Historical NAV,2026-09-05T05:36:33.003208+00:00
2016-09-19,38.3342,portal.amfiindia.com / AMFI Historical NAV,2026-09-05T05:36:33.003208+00:00
2016-09-20,38.3246,portal.amfiindia.com / AMFI Historical NAV,2026-09-05T05:36:33.003208+00:00
2016-09-21,37.9588,portal.amfiindia.com / AMFI Historical NAV,2026-09-05T05:36:33.003208+00:00
2016-09-22,37.4847,portal.amfiindia.com / AMFI Historical NAV,2026-09-05T05:36:33.003208+00:00
2016-09-23,37.3884,portal.amfiindia.com / AMFI Historical NAV,2026-09-05T05:36:33.003208+00:00
2016-09-26,37.7639,portal.amfiindia.com / AMFI Historical NAV,2026-09-05T05:36:33.003208+00:00
2016-09-27,37.8742,portal.amfiindia.com / AMFI Historical NAV,2026-09-05T05:36:33.003208+00:00
2016-09-28,37.4295,portal.amfiindia.com / AMFI Historical NAV,2026-09-05T05:36:33.003208+00:00
2016-09-29,37.7829,portal.amfiindia.com / AMFI Historical NAV,2026-09-05T05:36:33.003208+00:00
2016-09-30,38.0816,portal.amfiindia.com / AMFI Historical NAV,2026-09-05T05:36:33.003208+00:00
2016-10-03,37.8564,portal.amfiindia.com / AMFI Historical NAV,2026-09-05T05:36:33.003208+00:00
2016-10-04,37.9481,portal.amfiindia.com / AMFI Historical NAV,2026-09-05T05:36:33.003208+00:00
2016-10-05,38.1063,portal.amfiindia.com / AMFI Historical NAV,2026-09-05T05:36:33.003208+00:00
2016-10-06,37.7608,portal.amfiindia.com / AMFI Historical NAV,2026-09-05T05:36:33.003208+00:00
2016-10-07,37.918,portal.amfiindia.com / AMFI Historical NAV,2026-09-05T05:36:33.003208+00:00
2016-10-10,38.1138,portal.amfiindia.com / AMFI Historical NAV,2026-09-05T05:36:33.003208+00:00
2016-10-11,38.5312,portal.amfiindia.com / AMFI Historical NAV,2026-09-05T05:36:33.003208+00:00
2016-10-12,38.5849,portal.amfiindia.com / AMFI Historical NAV,2026-09-05T05:36:33.003208+00:00
2016-10-13,38.1107,portal.amfiindia.com / AMFI Historical NAV,2026-09-05T05:36:33.003208+00:00
2016-10-14,37.7267,portal.amfiindia.com / AMFI Historical NAV,2026-09-05T05:36:33.003208+00:00
2016-10-17,38.1192,portal.amfiindia.com / AMFI Historical NAV,2026-09-05T05:36:33.003208+00:00
2016-10-18,38.3354,portal.amfiindia.com / AMFI Historical NAV,2026-09-05T05:36:33.003208+00:00
2016-10-19,38.4144,portal.amfiindia.com / AMFI Historical NAV,2026-09-05T05:36:33.003208+00:00
2016-10-20,39.8813,portal.amfiindia.com / AMFI Historical NAV,2026-09-05T05:36:33.003208+00:00
2016-10-21,40.0023,portal.amfiindia.com / AMFI Historical NAV,2026-09-05T05:36:33.003208+00:00
2016-10-24,40.5274,portal.amfiindia.com / AMFI Historical NAV,2026-09-05T05:36:33.003208+00:00
2016-10-25,40.9652,portal.amfiindia.com / AMFI Historical NAV,2026-09-05T05:36:33.003208+00:00
2016-10-26,41.3681,portal.amfiindia.com / AMFI Historical NAV,2026-09-05T05:36:33.003208+00:00
2016-10-27,41.1661,portal.amfiindia.com / AMFI Historical NAV,2026-09-05T05:36:33.003208+00:00
2016-10-28,41.5003,portal.amfiindia.com / AMFI Historical NAV,2026-09-05T05:36:33.003208+00:00
2016-10-31,41.0401,portal.amfiindia.com / AMFI Historical NAV,2026-09-05T05:36:33.003208+00:00
2016-11-01,41.055,portal.amfiindia.com / AMFI Historical NAV,2026-09-05T05:36:33.003208+00:00
2016-11-02,40.9474,portal.amfiindia.com / AMFI Historical NAV,2026-09-05T05:36:33.003208+00:00
2016-11-03,41.0649,portal.amfiindia.com / AMFI Historical NAV,2026-09-05T05:36:33.003208+00:00
2016-11-04,42.0203,portal.amfiindia.com / AMFI Historical NAV,2026-09-05T05:36:33.003208+00:00
2016-11-07,41.328,portal.amfiindia.com / AMFI Historical NAV,2026-09-05T05:36:33.003208+00:00
2016-11-08,41.8847,portal.amfiindia.com / AMFI Historical NAV,2026-09-05T05:36:33.003208+00:00
2016-11-09,40.7961,portal.amfiindia.com / AMFI Historical NAV,2026-09-05T05:36:33.003208+00:00
2016-11-10,40.4717,portal.amfiindia.com / AMFI Historical NAV,2026-09-05T05:36:33.003208+00:00
2016-11-11,40.9298,portal.amfiindia.com / AMFI Historical NAV,2026-09-05T05:36:33.003208+00:00
2016-11-14,40.8033,portal.amfiindia.com / AMFI Historical NAV,2026-09-05T05:36:33.003208+00:00
2016-11-15,40.1105,portal.amfiindia.com / AMFI Historical NAV,2026-09-05T05:36:33.003208+00:00
2016-11-16,39.7642,portal.amfiindia.com / AMFI Historical NAV,2026-09-05T05:36:33.003208+00:00
2016-11-17,40.074,portal.amfiindia.com / AMFI Historical NAV,2026-09-05T05:36:33.003208+00:00
2016-11-18,39.5581,portal.amfiindia.com / AMFI Historical NAV,2026-09-05T05:36:33.003208+00:00
2016-11-21,39.5791,portal.amfiindia.com / AMFI Historical NAV,2026-09-05T05:36:33.003208+00:00
2016-11-22,39.4856,portal.amfiindia.com / AMFI Historical NAV,2026-09-05T05:36:33.003208+00:00
2016-11-23,39.0858,portal.amfiindia.com / AMFI Historical NAV,2026-09-05T05:36:33.003208+00:00
2016-11-24,40.0862,portal.amfiindia.com / AMFI Historical NAV,2026-09-05T05:36:33.003208+00:00
2016-11-25,40.5565,portal.amfiindia.com / AMFI Historical NAV,2026-09-05T05:36:33.003208+00:00
2016-11-28,39.2101,portal.amfiindia.com / AMFI Historical NAV,2026-09-05T05:36:33.003208+00:00
2016-11-29,39.3465,portal.amfiindia.com / AMFI Historical NAV,2026-09-05T05:36:33.003208+00:00
2016-11-30,38.7575,portal.amfiindia.com / AMFI Historical NAV,2026-09-05T05:36:33.003208+00:00
2016-12-01,39.2655,portal.amfiindia.com / AMFI Historical NAV,2026-09-05T05:36:33.003208+00:00
2016-12-02,38.8311,portal.amfiindia.com / AMFI Historical NAV,2026-09-05T05:36:33.003208+00:00
2016-12-05,38.7548,portal.amfiindia.com / AMFI Historical NAV,2026-09-05T05:36:33.003208+00:00
2016-12-06,38.8715,portal.amfiindia.com / AMFI Historical NAV,2026-09-05T05:36:33.003208+00:00
2016-12-07,39.3397,portal.amfiindia.com / AMFI Historical NAV,2026-09-05T05:36:33.003208+00:00
2016-12-08,38.4497,portal.amfiindia.com / AMFI Historical NAV,2026-09-05T05:36:33.003208+00:00
2016-12-09,38.1765,portal.amfiindia.com / AMFI Historical NAV,2026-09-05T05:36:33.003208+00:00
2016-12-12,37.9733,portal.amfiindia.com / AMFI Historical NAV,2026-09-05T05:36:33.003208+00:00
2016-12-13,37.645,portal.amfiindia.com / AMFI Historical NAV,2026-09-05T05:36:33.003208+00:00
2016-12-14,38.5699,portal.amfiindia.com / AMFI Historical NAV,2026-09-05T05:36:33.003208+00:00
2016-12-15,38.6315,portal.amfiindia.com / AMFI Historical NAV,2026-09-05T05:36:33.003208+00:00
2016-12-16,37.9351,portal.amfiindia.com / AMFI Historical NAV,2026-09-05T05:36:33.003208+00:00
2016-12-19,38.3949,portal.amfiindia.com / AMFI Historical NAV,2026-09-05T05:36:33.003208+00:00
2016-12-20,39.2705,portal.amfiindia.com / AMFI Historical NAV,2026-09-05T05:36:33.003208+00:00
2016-12-21,39.9025,portal.amfiindia.com / AMFI Historical NAV,2026-09-05T05:36:33.003208+00:00
2016-12-22,38.9514,portal.amfiindia.com / AMFI Historical NAV,2026-09-05T05:36:33.003208+00:00
2016-12-23,38.7589,portal.amfiindia.com / AMFI Historical NAV,2026-09-05T05:36:33.003208+00:00
2016-12-26,39.2979,portal.amfiindia.com / AMFI Historical NAV,2026-09-05T05:36:33.003208+00:00
2016-12-27,38.4584,portal.amfiindia.com / AMFI Historical NAV,2026-09-05T05:36:33.003208+00:00
2016-12-28,38.6865,portal.amfiindia.com / AMFI Historical NAV,2026-09-05T05:36:33.003208+00:00
2016-12-29,39.1056,portal.amfiindia.com / AMFI Historical NAV,2026-09-05T05:36:33.003208+00:00
2016-12-30,38.3185,portal.amfiindia.com / AMFI Historical NAV,2026-09-05T05:36:33.003208+00:00
2017-01-02,38.2332,portal.amfiindia.com / AMFI Historical NAV,2026-09-05T05:36:33.003208+00:00
2017-01-03,37.7418,portal.amfiindia.com / AMFI Historical NAV,2026-09-05T05:36:33.003208+00:00
2017-01-04,37.4842,portal.amfiindia.com / AMFI Historical NAV,2026-09-05T05:36:33.003208+00:00
2017-01-05,37.5434,portal.amfiindia.com / AMFI Historical NAV,2026-09-05T05:36:33.003208+00:00
2017-01-06,37.1907,portal.amfiindia.com / AMFI Historical NAV,2026-09-05T05:36:33.003208+00:00
2017-01-09,37.4155,portal.amfiindia.com / AMFI Historical NAV,2026-09-05T05:36:33.003208+00:00
2017-01-10,37.0712,portal.amfiindia.com / AMFI Historical NAV,2026-09-05T05:36:33.003208+00:00
2017-01-11,36.9712,portal.amfiindia.com / AMFI Historical NAV,2026-09-05T05:36:33.003208+00:00
2017-01-12,37.0013,portal.amfiindia.com / AMFI Historical NAV,2026-09-05T05:36:33.003208+00:00
2017-01-13,37.3958,portal.amfiindia.com / AMFI Historical NAV,2026-09-05T05:36:33.003208+00:00
2017-01-16,37.0989,portal.amfiindia.com / AMFI Historical NAV,2026-09-05T05:36:33.003208+00:00
2017-01-17,37.4197,portal.amfiindia.com / AMFI Historical NAV,2026-09-05T05:36:33.003208+00:00
2017-01-18,37.3223,portal.amfiindia.com / AMFI Historical NAV,2026-09-05T05:36:33.003208+00:00
2017-01-19,37.1671,portal.amfiindia.com / AMFI Historical NAV,2026-09-05T05:36:33.003208+00:00
2017-01-20,37.1091,portal.amfiindia.com / AMFI Historical NAV,2026-09-05T05:36:33.003208+00:00
2017-01-23,36.973,portal.amfiindia.com / AMFI Historical NAV,2026-09-05T05:36:33.003208+00:00
2017-01-24,36.9441,portal.amfiindia.com / AMFI Historical NAV,2026-09-05T05:36:33.003208+00:00
2017-01-25,37.0593,portal.amfiindia.com / AMFI Historical NAV,2026-09-05T05:36:33.003208+00:00
2017-01-26,36.9964,portal.amfiindia.com / AMFI Historical NAV,2026-09-05T05:36:33.003208+00:00
2017-01-27,36.9117,portal.amfiindia.com / AMFI Historical NAV,2026-09-05T05:36:33.003208+00:00
2017-01-30,37.0422,portal.amfiindia.com / AMFI Historical NAV,2026-09-05T05:36:33.003208+00:00
2017-01-31,37.4575,portal.amfiindia.com / AMFI Historical NAV,2026-09-05T05:36:33.003208+00:00
2017-02-01,37.002,portal.amfiindia.com / AMFI Historical NAV,2026-09-05T05:36:33.003208+00:00
2017-02-02,37.5027,portal.amfiindia.com / AMFI Historical NAV,2026-09-05T05:36:33.003208+00:00
2017-02-03,37.1158,portal.amfiindia.com / AMFI Historical NAV,2026-09-05T05:36:33.003208+00:00
2017-02-06,37.2776,portal.amfiindia.com / AMFI Historical NAV,2026-09-05T05:36:33.003208+00:00
2017-02-07,37.4228,portal.amfiindia.com / AMFI Historical NAV,2026-09-05T05:36:33.003208+00:00
2017-02-08,37.6217,portal.amfiindia.com / AMFI Historical NAV,2026-09-05T05:36:33.003208+00:00
2017-02-09,37.287,portal.amfiindia.com / AMFI Historical NAV,2026-09-05T05:36:33.003208+00:00
2017-02-10,37.3493,portal.amfiindia.com / AMFI Historical NAV,2026-09-05T05:36:33.003208+00:00
2017-02-13,37.1746,portal.amfiindia.com / AMFI Historical NAV,2026-09-05T05:36:33.003208+00:00
2017-02-14,37.1002,portal.amfiindia.com / AMFI Historical NAV,2026-09-05T05:36:33.003208+00:00
2017-02-15,37.3303,portal.amfiindia.com / AMFI Historical NAV,2026-09-05T05:36:33.003208+00:00
2017-02-16,37.6113,portal.amfiindia.com / AMFI Historical NAV,2026-09-05T05:36:33.003208+00:00
2017-02-17,37.3759,portal.amfiindia.com / AMFI Historical NAV,2026-09-05T05:36:33.003208+00:00
2017-02-20,37.7188,portal.amfiindia.com / AMFI Historical NAV,2026-09-05T05:36:33.003208+00:00
2017-02-21,37.8088,portal.amfiindia.com / AMFI Historical NAV,2026-09-05T05:36:33.003208+00:00
2017-02-22,38.044,portal.amfiindia.com / AMFI Historical NAV,2026-09-05T05:36:33.003208+00:00
2017-02-23,38.2298,portal.amfiindia.com / AMFI Historical NAV,2026-09-05T05:36:33.003208+00:00
2017-02-24,37.9582,portal.amfiindia.com / AMFI Historical NAV,2026-09-05T05:36:33.003208+00:00
2017-02-27,37.8531,portal.amfiindia.com / AMFI Historical NAV,2026-09-05T05:36:33.003208+00:00
2017-02-28,38.0824,portal.amfiindia.com / AMFI Historical NAV,2026-09-05T05:36:33.003208+00:00
2017-03-01,38.312,portal.amfiindia.com / AMFI Historical NAV,2026-09-05T05:36:33.003208+00:00
2017-03-02,38.359,portal.amfiindia.com / AMFI Historical NAV,2026-09-05T05:36:33.003208+00:00
2017-03-03,38.5246,portal.amfiindia.com / AMFI Historical NAV,2026-09-05T05:36:33.003208+00:00
2017-03-06,39.0121,portal.amfiindia.com / AMFI Historical NAV,2026-09-05T05:36:33.003208+00:00
2017-03-07,38.7744,portal.amfiindia.com / AMFI Historical NAV,2026-09-05T05:36:33.003208+00:00
2017-03-08,39.0644,portal.amfiindia.com / AMFI Historical NAV,2026-09-05T05:36:33.003208+00:00
2017-03-09,38.9148,portal.amfiindia.com / AMFI Historical NAV,2026-09-05T05:36:33.003208+00:00
2017-03-10,38.9688,portal.amfiindia.com / AMFI Historical NAV,2026-09-05T05:36:33.003208+00:00
2017-03-13,39.3786,portal.amfiindia.com / AMFI Historical NAV,2026-09-05T05:36:33.003208+00:00
2017-03-14,39.4198,portal.amfiindia.com / AMFI Historical NAV,2026-09-05T05:36:33.003208+00:00
2017-03-15,39.6949,portal.amfiindia.com / AMFI Historical NAV,2026-09-05T05:36:33.003208+00:00
2017-03-16,40.0389,portal.amfiindia.com / AMFI Historical NAV,2026-09-05T05:36:33.003208+00:00
2017-03-17,39.9983,portal.amfiindia.com / AMFI Historical NAV,2026-09-05T05:36:33.003208+00:00
2017-03-20,40.3923,portal.amfiindia.com / AMFI Historical NAV,2026-09-05T05:36:33.003208+00:00
2017-03-21,40.2722,portal.amfiindia.com / AMFI Historical NAV,2026-09-05T05:36:33.003208+00:00
2017-03-22,40.3094,portal.amfiindia.com / AMFI Historical NAV,2026-09-05T05:36:33.003208+00:00
2017-03-23,40.3276,portal.amfiindia.com / AMFI Historical NAV,2026-09-05T05:36:33.003208+00:00
2017-03-24,40.4825,portal.amfiindia.com / AMFI Historical NAV,2026-09-05T05:36:33.003208+00:00
2017-03-27,40.6758,portal.amfiindia.com / AMFI Historical NAV,2026-09-05T05:36:33.003208+00:00
2017-03-28,40.6353,portal.amfiindia.com / AMFI Historical NAV,2026-09-05T05:36:33.003208+00:00
2017-03-29,41.3287,portal.amfiindia.com / AMFI Historical NAV,2026-09-05T05:36:33.003208+00:00
2017-03-30,40.8197,portal.amfiindia.com / AMFI Historical NAV,2026-09-05T05:36:33.003208+00:00
2017-03-31,40.4605,portal.amfiindia.com / AMFI Historical NAV,2026-09-05T05:36:33.003208+00:00
2017-04-03,40.7589,portal.amfiindia.com / AMFI Historical NAV,2026-09-05T05:36:33.003208+00:00
2017-04-04,41.0845,portal.amfiindia.com / AMFI Historical NAV,2026-09-05T05:36:33.003208+00:00
2017-04-05,40.9828,portal.amfiindia.com / AMFI Historical NAV,2026-09-05T05:36:33.003208+00:00
2017-04-06,41.5187,portal.amfiindia.com / AMFI Historical NAV,2026-09-05T05:36:33.003208+00:00
2017-04-07,41.6277,portal.amfiindia.com / AMFI Historical NAV,2026-09-05T05:36:33.003208+00:00
2017-04-10,41.4366,portal.amfiindia.com / AMFI Historical NAV,2026-09-05T05:36:33.003208+00:00
2017-04-11,41.6514,portal.amfiindia.com / AMFI Historical NAV,2026-09-05T05:36:33.003208+00:00
2017-04-12,41.7973,portal.amfiindia.com / AMFI Historical NAV,2026-09-05T05:36:33.003208+00:00
2017-04-13,42.2328,portal.amfiindia.com / AMFI Historical NAV,2026-09-05T05:36:33.003208+00:00
2017-04-14,42.3577,portal.amfiindia.com / AMFI Historical NAV,2026-09-05T05:36:33.003208+00:00
2017-04-17,42.1818,portal.amfiindia.com / AMFI Historical NAV,2026-09-05T05:36:33.003208+00:00
2017-04-18,42.118,portal.amfiindia.com / AMFI Historical NAV,2026-09-05T05:36:33.003208+00:00
2017-04-19,42.2243,portal.amfiindia.com / AMFI Historical NAV,2026-09-05T05:36:33.003208+00:00
2017-04-20,42.0036,portal.amfiindia.com / AMFI Historical NAV,2026-09-05T05:36:33.003208+00:00
2017-04-21,41.727,portal.amfiindia.com / AMFI Historical NAV,2026-09-05T05:36:33.003208+00:00
2017-04-24,41.6744,portal.amfiindia.com / AMFI Historical NAV,2026-09-05T05:36:33.003208+00:00
2017-04-25,41.7815,portal.amfiindia.com / AMFI Historical NAV,2026-09-05T05:36:33.003208+00:00
2017-04-26,41.4718,portal.amfiindia.com / AMFI Historical NAV,2026-09-05T05:36:33.003208+00:00
2017-04-27,41.4079,portal.amfiindia.com / AMFI Historical NAV,2026-09-05T05:36:33.003208+00:00
2017-04-28,41.5156,portal.amfiindia.com / AMFI Historical NAV,2026-09-05T05:36:33.003208+00:00
2017-05-01,41.1679,portal.amfiindia.com / AMFI Historical NAV,2026-09-05T05:36:33.003208+00:00
2017-05-02,40.7519,portal.amfiindia.com / AMFI Historical NAV,2026-09-05T05:36:33.003208+00:00
2017-05-03,40.9728,portal.amfiindia.com / AMFI Historical NAV,2026-09-05T05:36:33.003208+00:00
2017-05-04,41.1258,portal.amfiindia.com / AMFI Historical NAV,2026-09-05T05:36:33.003208+00:00
2017-05-05,41.1059,portal.amfiindia.com / AMFI Historical NAV,2026-09-05T05:36:33.003208+00:00
2017-05-08,41.5966,portal.amfiindia.com / AMFI Historical NAV,2026-09-05T05:36:33.003208+00:00
2017-05-09,41.812,portal.amfiindia.com / AMFI Historical NAV,2026-09-05T05:36:33.003208+00:00
2017-05-10,41.6856,portal.amfiindia.com / AMFI Historical NAV,2026-09-05T05:36:33.003208+00:00
2017-05-11,41.5592,portal.amfiindia.com / AMFI Historical NAV,2026-09-05T05:36:33.003208+00:00
2017-05-12,41.3737,portal.amfiindia.com / AMFI Historical NAV,2026-09-05T05:36:33.003208+00:00
2017-05-15,41.3302,portal.amfiindia.com / AMFI Historical NAV,2026-09-05T05:36:33.003208+00:00
2017-05-16,41.4145,portal.amfiindia.com / AMFI Historical NAV,2026-09-05T05:36:33.003208+00:00
2017-05-17,41.676,portal.amfiindia.com / AMFI Historical NAV,2026-09-05T05:36:33.003208+00:00
2017-05-18,41.6579,portal.amfiindia.com / AMFI Historical NAV,2026-09-05T05:36:33.003208+00:00
2017-05-19,41.7463,portal.amfiindia.com / AMFI Historical NAV,2026-09-05T05:36:33.003208+00:00
2017-05-22,42.2915,portal.amfiindia.com / AMFI Historical NAV,2026-09-05T05:36:33.003208+00:00
2017-05-23,42.3875,portal.amfiindia.com / AMFI Historical NAV,2026-09-05T05:36:33.003208+00:00
2017-05-24,42.4914,portal.amfiindia.com / AMFI Historical NAV,2026-09-05T05:36:33.003208+00:00
2017-05-25,42.6416,portal.amfiindia.com / AMFI Historical NAV,2026-09-05T05:36:33.003208+00:00
2017-05-26,42.7779,portal.amfiindia.com / AMFI Historical NAV,2026-09-05T05:36:33.003208+00:00
2017-05-29,42.9206,portal.amfiindia.com / AMFI Historical NAV,2026-09-05T05:36:33.003208+00:00
2017-05-30,43.0542,portal.amfiindia.com / AMFI Historical NAV,2026-09-05T05:36:33.003208+00:00
2017-05-31,43.025,portal.amfiindia.com / AMFI Historical NAV,2026-09-05T05:36:33.003208+00:00
2017-06-01,42.6876,portal.amfiindia.com / AMFI Historical NAV,2026-09-05T05:36:33.003208+00:00
2017-06-02,42.6696,portal.amfiindia.com / AMFI Historical NAV,2026-09-05T05:36:33.003208+00:00
2017-06-05,42.8472,portal.amfiindia.com / AMFI Historical NAV,2026-09-05T05:36:33.003208+00:00
2017-06-06,43.1848,portal.amfiindia.com / AMFI Historical NAV,2026-09-05T05:36:33.003208+00:00
2017-06-07,43.516,portal.amfiindia.com / AMFI Historical NAV,2026-09-05T05:36:33.003208+00:00
2017-06-08,43.987,portal.amfiindia.com / AMFI Historical NAV,2026-09-05T05:36:33.003208+00:00
2017-06-09,43.6568,portal.amfiindia.com / AMFI Historical NAV,2026-09-05T05:36:33.003208+00:00
2017-06-12,44.0547,portal.amfiindia.com / AMFI Historical NAV,2026-09-05T05:36:33.003208+00:00
2017-06-13,44.2392,portal.amfiindia.com / AMFI Historical NAV,2026-09-05T05:36:33.003208+00:00
2017-06-14,44.9012,portal.amfiindia.com / AMFI Historical NAV,2026-09-05T05:36:33.003208+00:00
2017-06-15,44.5653,portal.amfiindia.com / AMFI Historical NAV,2026-09-05T05:36:33.003208+00:00
2017-06-16,44.2211,portal.amfiindia.com / AMFI Historical NAV,2026-09-05T05:36:33.003208+00:00
2017-06-19,44.0392,portal.amfiindia.com / AMFI Historical NAV,2026-09-05T05:36:33.003208+00:00
2017-06-20,43.5319,portal.amfiindia.com / AMFI Historical NAV,2026-09-05T05:36:33.003208+00:00
2017-06-21,43.5448,portal.amfiindia.com / AMFI Historical NAV,2026-09-05T05:36:33.003208+00:00
2017-06-22,43.3019,portal.amfiindia.com / AMFI Historical NAV,2026-09-05T05:36:33.003208+00:00
2017-06-23,43.2451,portal.amfiindia.com / AMFI Historical NAV,2026-09-05T05:36:33.003208+00:00
2017-06-26,43.4296,portal.amfiindia.com / AMFI Historical NAV,2026-09-05T05:36:33.003208+00:00
2017-06-27,43.9298,portal.amfiindia.com / AMFI Historical NAV,2026-09-05T05:36:33.003208+00:00
2017-06-28,44.197,portal.amfiindia.com / AMFI Historical NAV,2026-09-05T05:36:33.003208+00:00
2017-06-29,44.2473,portal.amfiindia.com / AMFI Historical NAV,2026-09-05T05:36:33.003208+00:00
2017-06-30,44.1338,portal.amfiindia.com / AMFI Historical NAV,2026-09-05T05:36:33.003208+00:00
2017-07-03,44.353,portal.amfiindia.com / AMFI Historical NAV,2026-09-05T05:36:33.003208+00:00
2017-07-04,43.8317,portal.amfiindia.com / AMFI Historical NAV,2026-09-05T05:36:33.003208+00:00
2017-07-05,44.4591,portal.amfiindia.com / AMFI Historical NAV,2026-09-05T05:36:33.003208+00:00
2017-07-06,45.0103,portal.amfiindia.com / AMFI Historical NAV,2026-09-05T05:36:33.003208+00:00
2017-07-07,44.865,portal.amfiindia.com / AMFI Historical NAV,2026-09-05T05:36:33.003208+00:00
2017-07-10,44.5698,portal.amfiindia.com / AMFI Historical NAV,2026-09-05T05:36:33.003208+00:00
2017-07-11,45.2064,portal.amfiindia.com / AMFI Historical NAV,2026-09-05T05:36:33.003208+00:00
2017-07-12,45.4471,portal.amfiindia.com / AMFI Historical NAV,2026-09-05T05:36:33.003208+00:00
2017-07-13,45.9254,portal.amfiindia.com / AMFI Historical NAV,2026-09-05T05:36:33.003208+00:00
2017-07-14,45.5554,portal.amfiindia.com / AMFI Historical NAV,2026-09-05T05:36:33.003208+00:00
2017-07-17,45.6122,portal.amfiindia.com / AMFI Historical NAV,2026-09-05T05:36:33.003208+00:00
2017-07-18,45.7261,portal.amfiindia.com / AMFI Historical NAV,2026-09-05T05:36:33.003208+00:00
2017-07-19,45.7232,portal.amfiindia.com / AMFI Historical NAV,2026-09-05T05:36:33.003208+00:00
2017-07-20,45.5716,portal.amfiindia.com / AMFI Historical NAV,2026-09-05T05:36:33.003208+00:00
2017-07-21,45.8499,portal.amfiindia.com / AMFI Historical NAV,2026-09-05T05:36:33.003208+00:00
2017-07-24,45.3879,portal.amfiindia.com / AMFI Historical NAV,2026-09-05T05:36:33.003208+00:00
2017-07-25,45.3748,portal.amfiindia.com / AMFI Historical NAV,2026-09-05T05:36:33.003208+00:00
2017-07-26,45.6122,portal.amfiindia.com / AMFI Historical NAV,2026-09-05T05:36:33.003208+00:00
2017-07-27,45.5243,portal.amfiindia.com / AMFI Historical NAV,2026-09-05T05:36:33.003208+00:00
2017-07-28,46.007,portal.amfiindia.com / AMFI Historical NAV,2026-09-05T05:36:33.003208+00:00
2017-07-31,45.8584,portal.amfiindia.com / AMFI Historical NAV,2026-09-05T05:36:33.003208+00:00
2017-08-01,45.3638,portal.amfiindia.com / AMFI Historical NAV,2026-09-05T05:36:33.003208+00:00
2017-08-02,45.8861,portal.amfiindia.com / AMFI Historical NAV,2026-09-05T05:36:33.003208+00:00
2017-08-03,46.0424,portal.amfiindia.com / AMFI Historical NAV,2026-09-05T05:36:33.003208+00:00
2017-08-04,46.0274,portal.amfiindia.com / AMFI Historical NAV,2026-09-05T05:36:33.003208+00:00
2017-08-07,46.7043,portal.amfiindia.com / AMFI Historical NAV,2026-09-05T05:36:33.003208+00:00
2017-08-08,46.5974,portal.amfiindia.com / AMFI Historical NAV,2026-09-05T05:36:33.003208+00:00
2017-08-09,47.1086,portal.amfiindia.com / AMFI Historical NAV,2026-09-05T05:36:33.003208+00:00
2017-08-10,47.154,portal.amfiindia.com / AMFI Historical NAV,2026-09-05T05:36:33.003208+00:00
2017-08-11,47.8851,portal.amfiindia.com / AMFI Historical NAV,2026-09-05T05:36:33.003208+00:00
2017-08-14,48.4106,portal.amfiindia.com / AMFI Historical NAV,2026-09-05T05:36:33.003208+00:00
2017-08-15,48.6359,portal.amfiindia.com / AMFI Historical NAV,2026-09-05T05:36:33.003208+00:00
2017-08-16,49.1662,portal.amfiindia.com / AMFI Historical NAV,2026-09-05T05:36:33.003208+00:00
2017-08-17,49.3297,portal.amfiindia.com / AMFI Historical NAV,2026-09-05T05:36:33.003208+00:00
2017-08-18,49.6505,portal.amfiindia.com / AMFI Historical NAV,2026-09-05T05:36:33.003208+00:00
2017-08-21,49.3199,portal.amfiindia.com / AMFI Historical NAV,2026-09-05T05:36:33.003208+00:00
2017-08-22,49.6715,portal.amfiindia.com / AMFI Historical NAV,2026-09-05T05:36:33.003208+00:00
2017-08-23,50.1235,portal.amfiindia.com / AMFI Historical NAV,2026-09-05T05:36:33.003208+00:00
2017-08-24,49.7632,portal.amfiindia.com / AMFI Historical NAV,2026-09-05T05:36:33.003208+00:00
2017-08-25,49.5328,portal.amfiindia.com / AMFI Historical NAV,2026-09-05T05:36:33.003208+00:00
2017-08-28,49.0394,portal.amfiindia.com / AMFI Historical NAV,2026-09-05T05:36:33.003208+00:00
2017-08-29,49.0516,portal.amfiindia.com / AMFI Historical NAV,2026-09-05T05:36:33.003208+00:00
2017-08-30,49.1435,portal.amfiindia.com / AMFI Historical NAV,2026-09-05T05:36:33.003208+00:00
2017-08-31,49.6761,portal.amfiindia.com / AMFI Historical NAV,2026-09-05T05:36:33.003208+00:00
2017-09-01,49.9148,portal.amfiindia.com / AMFI Historical NAV,2026-09-05T05:36:33.003208+00:00
2017-09-04,50.5206,portal.amfiindia.com / AMFI Historical NAV,2026-09-05T05:36:33.003208+00:00
2017-09-05,50.175,portal.amfiindia.com / AMFI Historical NAV,2026-09-05T05:36:33.003208+00:00
2017-09-06,49.5968,portal.amfiindia.com / AMFI Historical NAV,2026-09-05T05:36:33.003208+00:00
2017-09-07,49.4801,portal.amfiindia.com / AMFI Historical NAV,2026-09-05T05:36:33.003208+00:00
2017-09-08,49.6475,portal.amfiindia.com / AMFI Historical NAV,2026-09-05T05:36:33.003208+00:00
2017-09-11,49.7379,portal.amfiindia.com / AMFI Historical NAV,2026-09-05T05:36:33.003208+00:00
2017-09-12,48.9903,portal.amfiindia.com / AMFI Historical NAV,2026-09-05T05:36:33.003208+00:00
2017-09-13,48.9804,portal.amfiindia.com / AMFI Historical NAV,2026-09-05T05:36:33.003208+00:00
2017-09-14,48.4589,portal.amfiindia.com / AMFI Historical NAV,2026-09-05T05:36:33.003208+00:00
2017-09-15,48.8984,portal.amfiindia.com / AMFI Historical NAV,2026-09-05T05:36:33.003208+00:00
2017-09-18,49.0328,portal.amfiindia.com / AMFI Historical NAV,2026-09-05T05:36:33.003208+00:00
2017-09-19,48.9852,portal.amfiindia.com / AMFI Historical NAV,2026-09-05T05:36:33.003208+00:00
2017-09-20,49.0919,portal.amfiindia.com / AMFI Historical NAV,2026-09-05T05:36:33.003208+00:00
2017-09-21,48.7782,portal.amfiindia.com / AMFI Historical NAV,2026-09-05T05:36:33.003208+00:00
2017-09-22,48.6641,portal.amfiindia.com / AMFI Historical NAV,2026-09-05T05:36:33.003208+00:00
2017-09-25,48.7329,portal.amfiindia.com / AMFI Historical NAV,2026-09-05T05:36:33.003208+00:00
2017-09-26,48.2426,portal.amfiindia.com / AMFI Historical NAV,2026-09-05T05:36:33.003208+00:00
2017-09-27,48.2645,portal.amfiindia.com / AMFI Historical NAV,2026-09-05T05:36:33.003208+00:00
2017-09-28,48.3425,portal.amfiindia.com / AMFI Historical NAV,2026-09-05T05:36:33.003208+00:00
2017-09-29,48.1504,portal.amfiindia.com / AMFI Historical NAV,2026-09-05T05:36:33.003208+00:00
2017-10-02,48.2252,portal.amfiindia.com / AMFI Historical NAV,2026-09-05T05:36:33.003208+00:00
2017-10-03,47.6154,portal.amfiindia.com / AMFI Historical NAV,2026-09-05T05:36:33.003208+00:00
2017-10-04,47.3166,portal.amfiindia.com / AMFI Historical NAV,2026-09-05T05:36:33.003208+00:00
2017-10-05,47.1066,portal.amfiindia.com / AMFI Historical NAV,2026-09-05T05:36:33.003208+00:00
2017-10-06,47.8347,portal.amfiindia.com / AMFI Historical NAV,2026-09-05T05:36:33.003208+00:00
2017-10-09,47.8787,portal.amfiindia.com / AMFI Historical NAV,2026-09-05T05:36:33.003208+00:00
2017-10-10,47.7835,portal.amfiindia.com / AMFI Historical NAV,2026-09-05T05:36:33.003208+00:00
2017-10-11,48.1416,portal.amfiindia.com / AMFI Historical NAV,2026-09-05T05:36:33.003208+00:00
2017-10-12,48.1264,portal.amfiindia.com / AMFI Historical NAV,2026-09-05T05:36:33.003208+00:00
2017-10-13,48.1172,portal.amfiindia.com / AMFI Historical NAV,2026-09-05T05:36:33.003208+00:00
2017-10-16,48.4016,portal.amfiindia.com / AMFI Historical NAV,2026-09-05T05:36:33.003208+00:00
2017-10-17,49.0545,portal.amfiindia.com / AMFI Historical NAV,2026-09-05T05:36:33.003208+00:00
2017-10-18,48.6219,portal.amfiindia.com / AMFI Historical NAV,2026-09-05T05:36:33.003208+00:00
2017-10-19,48.5839,portal.amfiindia.com / AMFI Historical NAV,2026-09-05T05:36:33.003208+00:00
2017-10-20,48.5298,portal.amfiindia.com / AMFI Historical NAV,2026-09-05T05:36:33.003208+00:00
2017-10-23,47.9002,portal.amfiindia.com / AMFI Historical NAV,2026-09-05T05:36:33.003208+00:00
2017-10-24,47.3614,portal.amfiindia.com / AMFI Historical NAV,2026-09-05T05:36:33.003208+00:00
2017-10-25,47.8515,portal.amfiindia.com / AMFI Historical NAV,2026-09-05T05:36:33.003208+00:00
2017-10-26,48.5471,portal.amfiindia.com / AMFI Historical NAV,2026-09-05T05:36:33.003208+00:00
2017-10-27,48.9718,portal.amfiindia.com / AMFI Historical NAV,2026-09-05T05:36:33.003208+00:00
2017-10-30,49.339,portal.amfiindia.com / AMFI Historical NAV,2026-09-05T05:36:33.003208+00:00
2017-10-31,49.3739,portal.amfiindia.com / AMFI Historical NAV,2026-09-05T05:36:33.003208+00:00
2017-11-01,50.4092,portal.amfiindia.com / AMFI Historical NAV,2026-09-05T05:36:33.003208+00:00
2017-11-02,50.7842,portal.amfiindia.com / AMFI Historical NAV,2026-09-05T05:36:33.003208+00:00
2017-11-03,50.5228,portal.amfiindia.com / AMFI Historical NAV,2026-09-05T05:36:33.003208+00:00
2017-11-06,50.1981,portal.amfiindia.com / AMFI Historical NAV,2026-09-05T05:36:33.003208+00:00
2017-11-07,49.8114,portal.amfiindia.com / AMFI Historical NAV,2026-09-05T05:36:33.003208+00:00
2017-11-08,49.7462,portal.amfiindia.com / AMFI Historical NAV,2026-09-05T05:36:33.003208+00:00
2017-11-09,49.7001,portal.amfiindia.com / AMFI Historical NAV,2026-09-05T05:36:33.003208+00:00
2017-11-10,49.3435,portal.amfiindia.com / AMFI Historical NAV,2026-09-05T05:36:33.003208+00:00
2017-11-13,49.0711,portal.amfiindia.com / AMFI Historical NAV,2026-09-05T05:36:33.003208+00:00
2017-11-14,48.7411,portal.amfiindia.com / AMFI Historical NAV,2026-09-05T05:36:33.003208+00:00
2017-11-15,49.5934,portal.amfiindia.com / AMFI Historical NAV,2026-09-05T05:36:33.003208+00:00
2017-11-16,50.0579,portal.amfiindia.com / AMFI Historical NAV,2026-09-05T05:36:33.003208+00:00
2017-11-17,50.1125,portal.amfiindia.com / AMFI Historical NAV,2026-09-05T05:36:33.003208+00:00
2017-11-20,50.6415,portal.amfiindia.com / AMFI Historical NAV,2026-09-05T05:36:33.003208+00:00
2017-11-21,50.7367,portal.amfiindia.com / AMFI Historical NAV,2026-09-05T05:36:33.003208+00:00
2017-11-22,50.4157,portal.amfiindia.com / AMFI Historical NAV,2026-09-05T05:36:33.003208+00:00
2017-11-23,50.6805,portal.amfiindia.com / AMFI Historical NAV,2026-09-05T05:36:33.003208+00:00
2017-11-24,51.235,portal.amfiindia.com / AMFI Historical NAV,2026-09-05T05:36:33.003208+00:00
2017-11-27,50.9516,portal.amfiindia.com / AMFI Historical NAV,2026-09-05T05:36:33.003208+00:00
2017-11-28,51.0029,portal.amfiindia.com / AMFI Historical NAV,2026-09-05T05:36:33.003208+00:00
2017-11-29,50.7447,portal.amfiindia.com / AMFI Historical NAV,2026-09-05T05:36:33.003208+00:00
2017-11-30,50.2082,portal.amfiindia.com / AMFI Historical NAV,2026-09-05T05:36:33.003208+00:00
2017-12-01,50.5553,portal.amfiindia.com / AMFI Historical NAV,2026-09-05T05:36:33.003208+00:00
2017-12-04,51.0315,portal.amfiindia.com / AMFI Historical NAV,2026-09-05T05:36:33.003208+00:00
2017-12-05,50.9475,portal.amfiindia.com / AMFI Historical NAV,2026-09-05T05:36:33.003208+00:00
2017-12-06,51.0126,portal.amfiindia.com / AMFI Historical NAV,2026-09-05T05:36:33.003208+00:00
2017-12-07,50.684,portal.amfiindia.com / AMFI Historical NAV,2026-09-05T05:36:33.003208+00:00
2017-12-08,50.5043,portal.amfiindia.com / AMFI Historical NAV,2026-09-05T05:36:33.003208+00:00
2017-12-11,50.5507,portal.amfiindia.com / AMFI Historical NAV,2026-09-05T05:36:33.003208+00:00
2017-12-12,50.3098,portal.amfiindia.com / AMFI Historical NAV,2026-09-05T05:36:33.003208+00:00
2017-12-13,50.1962,portal.amfiindia.com / AMFI Historical NAV,2026-09-05T05:36:33.003208+00:00
2017-12-14,50.1551,portal.amfiindia.com / AMFI Historical NAV,2026-09-05T05:36:33.003208+00:00
2017-12-15,50.4142,portal.amfiindia.com / AMFI Historical NAV,2026-09-05T05:36:33.003208+00:00
2017-12-18,50.5347,portal.amfiindia.com / AMFI Historical NAV,2026-09-05T05:36:33.003208+00:00
2017-12-19,50.6168,portal.amfiindia.com / AMFI Historical NAV,2026-09-05T05:36:33.003208+00:00
2017-12-20,50.7219,portal.amfiindia.com / AMFI Historical NAV,2026-09-05T05:36:33.003208+00:00
2017-12-21,50.9104,portal.amfiindia.com / AMFI Historical NAV,2026-09-05T05:36:33.003208+00:00
2017-12-22,51.1262,portal.amfiindia.com / AMFI Historical NAV,2026-09-05T05:36:33.003208+00:00
2017-12-25,51.6081,portal.amfiindia.com / AMFI Historical NAV,2026-09-05T05:36:33.003208+00:00
2017-12-26,51.3791,portal.amfiindia.com / AMFI Historical NAV,2026-09-05T05:36:33.003208+00:00
2017-12-27,51.5485,portal.amfiindia.com / AMFI Historical NAV,2026-09-05T05:36:33.003208+00:00
2017-12-28,51.6101,portal.amfiindia.com / AMFI Historical NAV,2026-09-05T05:36:33.003208+00:00
2017-12-29,51.0504,portal.amfiindia.com / AMFI Historical NAV,2026-09-05T05:36:33.003208+00:00
2018-01-01,51.2273,portal.amfiindia.com / AMFI Historical NAV,2026-09-05T05:36:33.003208+00:00
2018-01-02,51.0515,portal.amfiindia.com / AMFI Historical NAV,2026-09-05T05:36:33.003208+00:00
2018-01-03,51.5306,portal.amfiindia.com / AMFI Historical NAV,2026-09-05T05:36:33.003208+00:00
2018-01-04,50.8543,portal.amfiindia.com / AMFI Historical NAV,2026-09-05T05:36:33.003208+00:00
2018-01-05,49.9809,portal.amfiindia.com / AMFI Historical NAV,2026-09-05T05:36:33.003208+00:00
2018-01-08,49.3809,portal.amfiindia.com / AMFI Historical NAV,2026-09-05T05:36:33.003208+00:00
2018-01-09,49.4051,portal.amfiindia.com / AMFI Historical NAV,2026-09-05T05:36:33.003208+00:00
2018-01-10,49.6675,portal.amfiindia.com / AMFI Historical NAV,2026-09-05T05:36:33.003208+00:00
2018-01-11,49.3084,portal.amfiindia.com / AMFI Historical NAV,2026-09-05T05:36:33.003208+00:00
2018-01-12,49.6961,portal.amfiindia.com / AMFI Historical NAV,2026-09-05T05:36:33.003208+00:00
2018-01-15,48.8752,portal.amfiindia.com / AMFI Historical NAV,2026-09-05T05:36:33.003208+00:00
2018-01-16,48.6935,portal.amfiindia.com / AMFI Historical NAV,2026-09-05T05:36:33.003208+00:00
2018-01-17,47.9799,portal.amfiindia.com / AMFI Historical NAV,2026-09-05T05:36:33.003208+00:00
2018-01-18,47.8033,portal.amfiindia.com / AMFI Historical NAV,2026-09-05T05:36:33.003208+00:00
2018-01-19,47.856,portal.amfiindia.com / AMFI Historical NAV,2026-09-05T05:36:33.003208+00:00
2018-01-22,47.4603,portal.amfiindia.com / AMFI Historical NAV,2026-09-05T05:36:33.003208+00:00
2018-01-23,47.2485,portal.amfiindia.com / AMFI Historical NAV,2026-09-05T05:36:33.003208+00:00
2018-01-24,47.6986,portal.amfiindia.com / AMFI Historical NAV,2026-09-05T05:36:33.003208+00:00
2018-01-25,47.6064,portal.amfiindia.com / AMFI Historical NAV,2026-09-05T05:36:33.003208+00:00
2018-01-26,47.9759,portal.amfiindia.com / AMFI Historical NAV,2026-09-05T05:36:33.003208+00:00
2018-01-29,47.2795,portal.amfiindia.com / AMFI Historical NAV,2026-09-05T05:36:33.003208+00:00
2018-01-30,47.6579,portal.amfiindia.com / AMFI Historical NAV,2026-09-05T05:36:33.003208+00:00
2018-01-31,48.3295,portal.amfiindia.com / AMFI Historical NAV,2026-09-05T05:36:33.003208+00:00
2018-02-01,46.7999,portal.amfiindia.com / AMFI Historical NAV,2026-09-05T05:36:33.003208+00:00
2018-02-02,46.5386,portal.amfiindia.com / AMFI Historical NAV,2026-09-05T05:36:33.003208+00:00
2018-02-05,46.866,portal.amfiindia.com / AMFI Historical NAV,2026-09-05T05:36:33.003208+00:00
2018-02-06,46.7736,portal.amfiindia.com / AMFI Historical NAV,2026-09-05T05:36:33.003208+00:00
2018-02-07,46.8174,portal.amfiindia.com / AMFI Historical NAV,2026-09-05T05:36:33.003208+00:00
2018-02-08,46.4144,portal.amfiindia.com / AMFI Historical NAV,2026-09-05T05:36:33.003208+00:00
2018-02-09,46.5387,portal.amfiindia.com / AMFI Historical NAV,2026-09-05T05:36:33.003208+00:00
2018-02-12,46.2174,portal.amfiindia.com / AMFI Historical NAV,2026-09-05T05:36:33.003208+00:00
2018-02-13,46.9211,portal.amfiindia.com / AMFI Historical NAV,2026-09-05T05:36:33.003208+00:00
2018-02-14,47.0755,portal.amfiindia.com / AMFI Historical NAV,2026-09-05T05:36:33.003208+00:00
2018-02-15,47.2718,portal.amfiindia.com / AMFI Historical NAV,2026-09-05T05:36:33.003208+00:00
2018-02-16,47.1589,portal.amfiindia.com / AMFI Historical NAV,2026-09-05T05:36:33.003208+00:00
2018-02-19,46.9012,portal.amfiindia.com / AMFI Historical NAV,2026-09-05T05:36:33.003208+00:00
2018-02-20,46.8388,portal.amfiindia.com / AMFI Historical NAV,2026-09-05T05:36:33.003208+00:00
2018-02-21,46.9227,portal.amfiindia.com / AMFI Historical NAV,2026-09-05T05:36:33.003208+00:00
2018-02-22,46.6783,portal.amfiindia.com / AMFI Historical NAV,2026-09-05T05:36:33.003208+00:00
2018-02-23,46.8506,portal.amfiindia.com / AMFI Historical NAV,2026-09-05T05:36:33.003208+00:00
2018-02-26,47.9271,portal.amfiindia.com / AMFI Historical NAV,2026-09-05T05:36:33.003208+00:00
2018-02-27,48.5844,portal.amfiindia.com / AMFI Historical NAV,2026-09-05T05:36:33.003208+00:00
2018-02-28,48.709,portal.amfiindia.com / AMFI Historical NAV,2026-09-05T05:36:33.003208+00:00
2018-03-01,49.4396,portal.amfiindia.com / AMFI Historical NAV,2026-09-05T05:36:33.003208+00:00
2018-03-02,49.2449,portal.amfiindia.com / AMFI Historical NAV,2026-09-05T05:36:33.003208+00:00
2018-03-05,47.9662,portal.amfiindia.com / AMFI Historical NAV,2026-09-05T05:36:33.003208+00:00
2018-03-06,47.2353,portal.amfiindia.com / AMFI Historical NAV,2026-09-05T05:36:33.003208+00:00
2018-03-07,45.8395,portal.amfiindia.com / AMFI Historical NAV,2026-09-05T05:36:33.003208+00:00
2018-03-08,45.5255,portal.amfiindia.com / AMFI Historical NAV,2026-09-05T05:36:33.003208+00:00
2018-03-09,45.3345,portal.amfiindia.com / AMFI Historical NAV,2026-09-05T05:36:33.003208+00:00
2018-03-12,46.523,portal.amfiindia.com / AMFI Historical NAV,2026-09-05T05:36:33.003208+00:00
2018-03-13,46.6889,portal.amfiindia.com / AMFI Historical NAV,2026-09-05T05:36:33.003208+00:00
2018-03-14,46.4983,portal.amfiindia.com / AMFI Historical NAV,2026-09-05T05:36:33.003208+00:00
2018-03-15,47.1018,portal.amfiindia.com / AMFI Historical NAV,2026-09-05T05:36:33.003208+00:00
2018-03-16,45.6045,portal.amfiindia.com / AMFI Historical NAV,2026-09-05T05:36:33.003208+00:00
2018-03-19,45.6249,portal.amfiindia.com / AMFI Historical NAV,2026-09-05T05:36:33.003208+00:00
2018-03-20,46.0707,portal.amfiindia.com / AMFI Historical NAV,2026-09-05T05:36:33.003208+00:00
2018-03-21,45.3334,portal.amfiindia.com / AMFI Historical NAV,2026-09-05T05:36:33.003208+00:00
2018-03-22,46.0506,portal.amfiindia.com / AMFI Historical NAV,2026-09-05T05:36:33.003208+00:00
2018-03-23,46.2718,portal.amfiindia.com / AMFI Historical NAV,2026-09-05T05:36:33.003208+00:00
2018-03-26,46.0261,portal.amfiindia.com / AMFI Historical NAV,2026-09-05T05:36:33.003208+00:00
2018-03-27,46.4407,portal.amfiindia.com / AMFI Historical NAV,2026-09-05T05:36:33.003208+00:00
2018-03-28,47.8005,portal.amfiindia.com / AMFI Historical NAV,2026-09-05T05:36:33.003208+00:00
2018-03-29,47.7514,portal.amfiindia.com / AMFI Historical NAV,2026-09-05T05:36:33.003208+00:00
2018-03-30,47.8969,portal.amfiindia.com / AMFI Historical NAV,2026-09-05T05:36:33.003208+00:00
2018-04-02,47.4501,portal.amfiindia.com / AMFI Historical NAV,2026-09-05T05:36:33.003208+00:00
2018-04-03,46.9359,portal.amfiindia.com / AMFI Historical NAV,2026-09-05T05:36:33.003208+00:00
2018-04-04,47.3528,portal.amfiindia.com / AMFI Historical NAV,2026-09-05T05:36:33.003208+00:00
2018-04-05,47.1851,portal.amfiindia.com / AMFI Historical NAV,2026-09-05T05:36:33.003208+00:00
2018-04-06,47.2104,portal.amfiindia.com / AMFI Historical NAV,2026-09-05T05:36:33.003208+00:00
2018-04-09,46.7123,portal.amfiindia.com / AMFI Historical NAV,2026-09-05T05:36:33.003208+00:00
2018-04-10,46.9667,portal.amfiindia.com / AMFI Historical NAV,2026-09-05T05:36:33.003208+00:00
2018-04-11,47.2276,portal.amfiindia.com / AMFI Historical NAV,2026-09-05T05:36:33.003208+00:00
2018-04-12,48.0769,portal.amfiindia.com / AMFI Historical NAV,2026-09-05T05:36:33.003208+00:00
2018-04-13,47.6673,portal.amfiindia.com / AMFI Historical NAV,2026-09-05T05:36:33.003208+00:00
2018-04-16,47.265,portal.amfiindia.com / AMFI Historical NAV,2026-09-05T05:36:33.003208+00:00
2018-04-17,46.7795,portal.amfiindia.com / AMFI Historical NAV,2026-09-05T05:36:33.003208+00:00
2018-04-18,46.309,portal.amfiindia.com / AMFI Historical NAV,2026-09-05T05:36:33.003208+00:00
2018-04-19,46.4593,portal.amfiindia.com / AMFI Historical NAV,2026-09-05T05:36:33.003208+00:00
2018-04-20,46.8596,portal.amfiindia.com / AMFI Historical NAV,2026-09-05T05:36:33.003208+00:00
2018-04-23,46.2874,portal.amfiindia.com / AMFI Historical NAV,2026-09-05T05:36:33.003208+00:00
2018-04-24,46.8842,portal.amfiindia.com / AMFI Historical NAV,2026-09-05T05:36:33.003208+00:00
2018-04-25,47.5858,portal.amfiindia.com / AMFI Historical NAV,2026-09-05T05:36:33.003208+00:00
2018-04-26,47.7853,portal.amfiindia.com / AMFI Historical NAV,2026-09-05T05:36:33.003208+00:00
2018-04-27,48.9137,portal.amfiindia.com / AMFI Historical NAV,2026-09-05T05:36:33.003208+00:00
2018-04-30,48.441,portal.amfiindia.com / AMFI Historical NAV,2026-09-05T05:36:33.003208+00:00
2018-05-01,47.6748,portal.amfiindia.com / AMFI Historical NAV,2026-09-05T05:36:33.003208+00:00
2018-05-02,46.6447,portal.amfiindia.com / AMFI Historical NAV,2026-09-05T05:36:33.003208+00:00
2018-05-03,47.64,portal.amfiindia.com / AMFI Historical NAV,2026-09-05T05:36:33.003208+00:00
2018-05-04,48.0811,portal.amfiindia.com / AMFI Historical NAV,2026-09-05T05:36:33.003208+00:00
2018-05-07,48.1003,portal.amfiindia.com / AMFI Historical NAV,2026-09-05T05:36:33.003208+00:00
2018-05-08,48.0313,portal.amfiindia.com / AMFI Historical NAV,2026-09-05T05:36:33.003208+00:00
2018-05-09,47.3377,portal.amfiindia.com / AMFI Historical NAV,2026-09-05T05:36:33.003208+00:00
2018-05-10,48.8687,portal.amfiindia.com / AMFI Historical NAV,2026-09-05T05:36:33.003208+00:00
2018-05-11,49.0436,portal.amfiindia.com / AMFI Historical NAV,2026-09-05T05:36:33.003208+00:00
2018-05-14,48.9977,portal.amfiindia.com / AMFI Historical NAV,2026-09-05T05:36:33.003208+00:00
2018-05-15,49.3414,portal.amfiindia.com / AMFI Historical NAV,2026-09-05T05:36:33.003208+00:00
2018-05-16,49.5462,portal.amfiindia.com / AMFI Historical NAV,2026-09-05T05:36:33.003208+00:00
2018-05-17,49.7547,portal.amfiindia.com / AMFI Historical NAV,2026-09-05T05:36:33.003208+00:00
2018-05-18,49.3953,portal.amfiindia.com / AMFI Historical NAV,2026-09-05T05:36:33.003208+00:00
2018-05-21,49.6191,portal.amfiindia.com / AMFI Historical NAV,2026-09-05T05:36:33.003208+00:00
2018-05-22,50.9314,portal.amfiindia.com / AMFI Historical NAV,2026-09-05T05:36:33.003208+00:00
2018-05-23,51.8103,portal.amfiindia.com / AMFI Historical NAV,2026-09-05T05:36:33.003208+00:00
2018-05-24,52.8294,portal.amfiindia.com / AMFI Historical NAV,2026-09-05T05:36:33.003208+00:00
2018-05-25,52.4384,portal.amfiindia.com / AMFI Historical NAV,2026-09-05T05:36:33.003208+00:00
2018-05-28,51.8814,portal.amfiindia.com / AMFI Historical NAV,2026-09-05T05:36:33.003208+00:00
2018-05-29,51.8358,portal.amfiindia.com / AMFI Historical NAV,2026-09-05T05:36:33.003208+00:00
2018-05-30,52.2133,portal.amfiindia.com / AMFI Historical NAV,2026-09-05T05:36:33.003208+00:00
2018-05-31,52.7944,portal.amfiindia.com / AMFI Historical NAV,2026-09-05T05:36:33.003208+00:00
2018-06-01,51.7247,portal.amfiindia.com / AMFI Historical NAV,2026-09-05T05:36:33.003208+00:00
2018-06-04,52.6374,portal.amfiindia.com / AMFI Historical NAV,2026-09-05T05:36:33.003208+00:00
2018-06-05,52.3808,portal.amfiindia.com / AMFI Historical NAV,2026-09-05T05:36:33.003208+00:00
2018-06-06,52.0809,portal.amfiindia.com / AMFI Historical NAV,2026-09-05T05:36:33.003208+00:00
2018-06-07,51.4176,portal.amfiindia.com / AMFI Historical NAV,2026-09-05T05:36:33.003208+00:00
2018-06-08,50.7707,portal.amfiindia.com / AMFI Historical NAV,2026-09-05T05:36:33.003208+00:00
2018-06-11,51.2622,portal.amfiindia.com / AMFI Historical NAV,2026-09-05T05:36:33.003208+00:00
2018-06-12,51.1232,portal.amfiindia.com / AMFI Historical NAV,2026-09-05T05:36:33.003208+00:00
2018-06-13,50.3119,portal.amfiindia.com / AMFI Historical NAV,2026-09-05T05:36:33.003208+00:00
2018-06-14,49.1559,portal.amfiindia.com / AMFI Historical NAV,2026-09-05T05:36:33.003208+00:00
2018-06-15,48.9196,portal.amfiindia.com / AMFI Historical NAV,2026-09-05T05:36:33.003208+00:00
2018-06-18,49.9497,portal.amfiindia.com / AMFI Historical NAV,2026-09-05T05:36:33.003208+00:00
2018-06-19,49.8909,portal.amfiindia.com / AMFI Historical NAV,2026-09-05T05:36:33.003208+00:00
2018-06-20,49.0685,portal.amfiindia.com / AMFI Historical NAV,2026-09-05T05:36:33.003208+00:00
2018-06-21,48.8283,portal.amfiindia.com / AMFI Historical NAV,2026-09-05T05:36:33.003208+00:00
2018-06-22,48.6242,portal.amfiindia.com / AMFI Historical NAV,2026-09-05T05:36:33.003208+00:00
2018-06-25,46.8294,portal.amfiindia.com / AMFI Historical NAV,2026-09-05T05:36:33.003208+00:00
2018-06-26,46.6267,portal.amfiindia.com / AMFI Historical NAV,2026-09-05T05:36:33.003208+00:00
2018-06-27,46.521,portal.amfiindia.com / AMFI Historical NAV,2026-09-05T05:36:33.003208+00:00
2018-06-28,46.7441,portal.amfiindia.com / AMFI Historical NAV,2026-09-05T05:36:33.003208+00:00
2018-06-29,47.7751,portal.amfiindia.com / AMFI Historical NAV,2026-09-05T05:36:33.003208+00:00
2018-07-02,48.3061,portal.amfiindia.com / AMFI Historical NAV,2026-09-05T05:36:33.003208+00:00
2018-07-03,48.208,portal.amfiindia.com / AMFI Historical NAV,2026-09-05T05:36:33.003208+00:00
2018-07-04,47.7767,portal.amfiindia.com / AMFI Historical NAV,2026-09-05T05:36:33.003208+00:00
2018-07-05,49.1443,portal.amfiindia.com / AMFI Historical NAV,2026-09-05T05:36:33.003208+00:00
2018-07-06,48.8957,portal.amfiindia.com / AMFI Historical NAV,2026-09-05T05:36:33.003208+00:00
2018-07-09,48.8736,portal.amfiindia.com / AMFI Historical NAV,2026-09-05T05:36:33.003208+00:00
2018-07-10,48.8485,portal.amfiindia.com / AMFI Historical NAV,2026-09-05T05:36:33.003208+00:00
2018-07-11,48.9914,portal.amfiindia.com / AMFI Historical NAV,2026-09-05T05:36:33.003208+00:00
2018-07-12,48.8233,portal.amfiindia.com / AMFI Historical NAV,2026-09-05T05:36:33.003208+00:00
2018-07-13,48.4247,portal.amfiindia.com / AMFI Historical NAV,2026-09-05T05:36:33.003208+00:00
2018-07-16,48.1284,portal.amfiindia.com / AMFI Historical NAV,2026-09-05T05:36:33.003208+00:00
2018-07-17,48.2463,portal.amfiindia.com / AMFI Historical NAV,2026-09-05T05:36:33.003208+00:00
2018-07-18,47.617,portal.amfiindia.com / AMFI Historical NAV,2026-09-05T05:36:33.003208+00:00
2018-07-19,47.1198,portal.amfiindia.com / AMFI Historical NAV,2026-09-05T05:36:33.003208+00:00
2018-07-20,47.2019,portal.amfiindia.com / AMFI Historical NAV,2026-09-05T05:36:33.003208+00:00
2018-07-23,46.9066,portal.amfiindia.com / AMFI Historical NAV,2026-09-05T05:36:33.003208+00:00
2018-07-24,48.0371,portal.amfiindia.com / AMFI Historical NAV,2026-09-05T05:36:33.003208+00:00
2018-07-25,46.311,portal.amfiindia.com / AMFI Historical NAV,2026-09-05T05:36:33.003208+00:00
2018-07-26,46.9375,portal.amfiindia.com / AMFI Historical NAV,2026-09-05T05:36:33.003208+00:00
2018-07-27,47.749,portal.amfiindia.com / AMFI Historical NAV,2026-09-05T05:36:33.003208+00:00
2018-07-30,46.3908,portal.amfiindia.com / AMFI Historical NAV,2026-09-05T05:36:33.003208+00:00
2018-07-31,45.9195,portal.amfiindia.com / AMFI Historical NAV,2026-09-05T05:36:33.003208+00:00
2018-08-01,45.6315,portal.amfiindia.com / AMFI Historical NAV,2026-09-05T05:36:33.003208+00:00
2018-08-02,44.9426,portal.amfiindia.com / AMFI Historical NAV,2026-09-05T05:36:33.003208+00:00
2018-08-03,44.4404,portal.amfiindia.com / AMFI Historical NAV,2026-09-05T05:36:33.003208+00:00
2018-08-06,43.6875,portal.amfiindia.com / AMFI Historical NAV,2026-09-05T05:36:33.003208+00:00
2018-08-07,44.773,portal.amfiindia.com / AMFI Historical NAV,2026-09-05T05:36:33.003208+00:00
2018-08-08,45.2509,portal.amfiindia.com / AMFI Historical NAV,2026-09-05T05:36:33.003208+00:00
2018-08-09,45.9032,portal.amfiindia.com / AMFI Historical NAV,2026-09-05T05:36:33.003208+00:00
2018-08-10,46.3342,portal.amfiindia.com / AMFI Historical NAV,2026-09-05T05:36:33.003208+00:00
2018-08-13,45.7631,portal.amfiindia.com / AMFI Historical NAV,2026-09-05T05:36:33.003208+00:00
2018-08-14,45.7726,portal.amfiindia.com / AMFI Historical NAV,2026-09-05T05:36:33.003208+00:00
2018-08-15,46.16,portal.amfiindia.com / AMFI Historical NAV,2026-09-05T05:36:33.003208+00:00
2018-08-16,45.5901,portal.amfiindia.com / AMFI Historical NAV,2026-09-05T05:36:33.003208+00:00
2018-08-17,45.9235,portal.amfiindia.com / AMFI Historical NAV,2026-09-05T05:36:33.003208+00:00
2018-08-20,45.6299,portal.amfiindia.com / AMFI Historical NAV,2026-09-05T05:36:33.003208+00:00
2018-08-21,45.4089,portal.amfiindia.com / AMFI Historical NAV,2026-09-05T05:36:33.003208+00:00
2018-08-22,45.8233,portal.amfiindia.com / AMFI Historical NAV,2026-09-05T05:36:33.003208+00:00
2018-08-23,45.9228,portal.amfiindia.com / AMFI Historical NAV,2026-09-05T05:36:33.003208+00:00
2018-08-24,45.6758,portal.amfiindia.com / AMFI Historical NAV,2026-09-05T05:36:33.003208+00:00
2018-08-27,46.3935,portal.amfiindia.com / AMFI Historical NAV,2026-09-05T05:36:33.003208+00:00
2018-08-28,45.7929,portal.amfiindia.com / AMFI Historical NAV,2026-09-05T05:36:33.003208+00:00
2018-08-29,46.2099,portal.amfiindia.com / AMFI Historical NAV,2026-09-05T05:36:33.003208+00:00
2018-08-30,46.5877,portal.amfiindia.com / AMFI Historical NAV,2026-09-05T05:36:33.003208+00:00
2018-08-31,46.3212,portal.amfiindia.com / AMFI Historical NAV,2026-09-05T05:36:33.003208+00:00
2018-09-03,46.4305,portal.amfiindia.com / AMFI Historical NAV,2026-09-05T05:36:33.003208+00:00
2018-09-04,45.5117,portal.amfiindia.com / AMFI Historical NAV,2026-09-05T05:36:33.003208+00:00
2018-09-05,46.2795,portal.amfiindia.com / AMFI Historical NAV,2026-09-05T05:36:33.003208+00:00
2018-09-06,46.1606,portal.amfiindia.com / AMFI Historical NAV,2026-09-05T05:36:33.003208+00:00
2018-09-07,45.8104,portal.amfiindia.com / AMFI Historical NAV,2026-09-05T05:36:33.003208+00:00
2018-09-10,46.2833,portal.amfiindia.com / AMFI Historical NAV,2026-09-05T05:36:33.003208+00:00
2018-09-11,46.2639,portal.amfiindia.com / AMFI Historical NAV,2026-09-05T05:36:33.003208+00:00
2018-09-12,45.273,portal.amfiindia.com / AMFI Historical NAV,2026-09-05T05:36:33.003208+00:00
2018-09-13,44.3054,portal.amfiindia.com / AMFI Historical NAV,2026-09-05T05:36:33.003208+00:00
2018-09-14,44.6915,portal.amfiindia.com / AMFI Historical NAV,2026-09-05T05:36:33.003208+00:00
2018-09-17,44.0316,portal.amfiindia.com / AMFI Historical NAV,2026-09-05T05:36:33.003208+00:00
2018-09-18,45.1313,portal.amfiindia.com / AMFI Historical NAV,2026-09-05T05:36:33.003208+00:00
2018-09-19,44.1675,portal.amfiindia.com / AMFI Historical NAV,2026-09-05T05:36:33.003208+00:00
2018-09-20,45.178,portal.amfiindia.com / AMFI Historical NAV,2026-09-05T05:36:33.003208+00:00
2018-09-21,45.1448,portal.amfiindia.com / AMFI Historical NAV,2026-09-05T05:36:33.003208+00:00
2018-09-24,45.0429,portal.amfiindia.com / AMFI Historical NAV,2026-09-05T05:36:33.003208+00:00
2018-09-25,44.7604,portal.amfiindia.com / AMFI Historical NAV,2026-09-05T05:36:33.003208+00:00
2018-09-26,45.2543,portal.amfiindia.com / AMFI Historical NAV,2026-09-05T05:36:33.003208+00:00
2018-09-27,45.0314,portal.amfiindia.com / AMFI Historical NAV,2026-09-05T05:36:33.003208+00:00
2018-09-28,45.8154,portal.amfiindia.com / AMFI Historical NAV,2026-09-05T05:36:33.003208+00:00
2018-10-01,45.8951,portal.amfiindia.com / AMFI Historical NAV,2026-09-05T05:36:33.003208+00:00
2018-10-02,46.0867,portal.amfiindia.com / AMFI Historical NAV,2026-09-05T05:36:33.003208+00:00
2018-10-03,45.8474,portal.amfiindia.com / AMFI Historical NAV,2026-09-05T05:36:33.003208+00:00
2018-10-04,45.6866,portal.amfiindia.com / AMFI Historical NAV,2026-09-05T05:36:33.003208+00:00
2018-10-05,45.9571,portal.amfiindia.com / AMFI Historical NAV,2026-09-05T05:36:33.003208+00:00
2018-10-08,45.0344,portal.amfiindia.com / AMFI Historical NAV,2026-09-05T05:36:33.003208+00:00
2018-10-09,44.3808,portal.amfiindia.com / AMFI Historical NAV,2026-09-05T05:36:33.003208+00:00
2018-10-10,44.788,portal.amfiindia.com / AMFI Historical NAV,2026-09-05T05:36:33.003208+00:00
2018-10-11,44.7935,portal.amfiindia.com / AMFI Historical NAV,2026-09-05T05:36:33.003208+00:00
2018-10-12,44.4676,portal.amfiindia.com / AMFI Historical NAV,2026-09-05T05:36:33.003208+00:00
2018-10-15,44.5761,portal.amfiindia.com / AMFI Historical NAV,2026-09-05T05:36:33.003208+00:00
2018-10-16,44.8189,portal.amfiindia.com / AMFI Historical NAV,2026-09-05T05:36:33.003208+00:00
2018-10-17,44.3694,portal.amfiindia.com / AMFI Historical NAV,2026-09-05T05:36:33.003208+00:00
2018-10-18,43.8465,portal.amfiindia.com / AMFI Historical NAV,2026-09-05T05:36:33.003208+00:00
2018-10-19,43.8834,portal.amfiindia.com / AMFI Historical NAV,2026-09-05T05:36:33.003208+00:00
2018-10-22,43.13,portal.amfiindia.com / AMFI Historical NAV,2026-09-05T05:36:33.003208+00:00
2018-10-23,43.2376,portal.amfiindia.com / AMFI Historical NAV,2026-09-05T05:36:33.003208+00:00
2018-10-24,42.1417,portal.amfiindia.com / AMFI Historical NAV,2026-09-05T05:36:33.003208+00:00
2018-10-25,42.6313,portal.amfiindia.com / AMFI Historical NAV,2026-09-05T05:36:33.003208+00:00
2018-10-26,42.7827,portal.amfiindia.com / AMFI Historical NAV,2026-09-05T05:36:33.003208+00:00
2018-10-29,42.7026,portal.amfiindia.com / AMFI Historical NAV,2026-09-05T05:36:33.003208+00:00
2018-10-30,43.4855,portal.amfiindia.com / AMFI Historical NAV,2026-09-05T05:36:33.003208+00:00
2018-10-31,44.5605,portal.amfiindia.com / AMFI Historical NAV,2026-09-05T05:36:33.003208+00:00
2018-11-01,44.9251,portal.amfiindia.com / AMFI Historical NAV,2026-09-05T05:36:33.003208+00:00
2018-11-02,44.1774,portal.amfiindia.com / AMFI Historical NAV,2026-09-05T05:36:33.003208+00:00
2018-11-05,43.7043,portal.amfiindia.com / AMFI Historical NAV,2026-09-05T05:36:33.003208+00:00
2018-11-06,43.6182,portal.amfiindia.com / AMFI Historical NAV,2026-09-05T05:36:33.003208+00:00
2018-11-07,43.5475,portal.amfiindia.com / AMFI Historical NAV,2026-09-05T05:36:33.003208+00:00
2018-11-08,43.9363,portal.amfiindia.com / AMFI Historical NAV,2026-09-05T05:36:33.003208+00:00
2018-11-09,43.577,portal.amfiindia.com / AMFI Historical NAV,2026-09-05T05:36:33.003208+00:00
2018-11-12,43.5073,portal.amfiindia.com / AMFI Historical NAV,2026-09-05T05:36:33.003208+00:00
2018-11-13,43.305,portal.amfiindia.com / AMFI Historical NAV,2026-09-05T05:36:33.003208+00:00
2018-11-14,43.2382,portal.amfiindia.com / AMFI Historical NAV,2026-09-05T05:36:33.003208+00:00
2018-11-15,43.0029,portal.amfiindia.com / AMFI Historical NAV,2026-09-05T05:36:33.003208+00:00
2018-11-16,42.4839,portal.amfiindia.com / AMFI Historical NAV,2026-09-05T05:36:33.003208+00:00
2018-11-19,42.0349,portal.amfiindia.com / AMFI Historical NAV,2026-09-05T05:36:33.003208+00:00
2018-11-20,41.6055,portal.amfiindia.com / AMFI Historical NAV,2026-09-05T05:36:33.003208+00:00
2018-11-21,42.157,portal.amfiindia.com / AMFI Historical NAV,2026-09-05T05:36:33.003208+00:00
2018-11-22,41.6032,portal.amfiindia.com / AMFI Historical NAV,2026-09-05T05:36:33.003208+00:00
2018-11-23,42.5429,portal.amfiindia.com / AMFI Historical NAV,2026-09-05T05:36:33.003208+00:00
2018-11-26,42.6742,portal.amfiindia.com / AMFI Historical NAV,2026-09-05T05:36:33.003208+00:00
2018-11-27,42.7863,portal.amfiindia.com / AMFI Historical NAV,2026-09-05T05:36:33.003208+00:00
2018-11-28,42.3689,portal.amfiindia.com / AMFI Historical NAV,2026-09-05T05:36:33.003208+00:00
2018-11-29,42.768,portal.amfiindia.com / AMFI Historical NAV,2026-09-05T05:36:33.003208+00:00
2018-11-30,42.6832,portal.amfiindia.com / AMFI Historical NAV,2026-09-05T05:36:33.003208+00:00
2018-12-03,42.8357,portal.amfiindia.com / AMFI Historical NAV,2026-09-05T05:36:33.003208+00:00
2018-12-04,44.1433,portal.amfiindia.com / AMFI Historical NAV,2026-09-05T05:36:33.003208+00:00
2018-12-05,44.1823,portal.amfiindia.com / AMFI Historical NAV,2026-09-05T05:36:33.003208+00:00
2018-12-06,44.5443,portal.amfiindia.com / AMFI Historical NAV,2026-09-05T05:36:33.003208+00:00
2018-12-07,44.4453,portal.amfiindia.com / AMFI Historical NAV,2026-09-05T05:36:33.003208+00:00
2018-12-10,44.3751,portal.amfiindia.com / AMFI Historical NAV,2026-09-05T05:36:33.003208+00:00
2018-12-11,45.2921,portal.amfiindia.com / AMFI Historical NAV,2026-09-05T05:36:33.003208+00:00
2018-12-12,45.2538,portal.amfiindia.com / AMFI Historical NAV,2026-09-05T05:36:33.003208+00:00
2018-12-13,46.1458,portal.amfiindia.com / AMFI Historical NAV,2026-09-05T05:36:33.003208+00:00
2018-12-14,46.2855,portal.amfiindia.com / AMFI Historical NAV,2026-09-05T05:36:33.003208+00:00
2018-12-17,45.9296,portal.amfiindia.com / AMFI Historical NAV,2026-09-05T05:36:33.003208+00:00
2018-12-18,46.4232,portal.amfiindia.com / AMFI Historical NAV,2026-09-05T05:36:33.003208+00:00
2018-12-19,46.8689,portal.amfiindia.com / AMFI Historical NAV,2026-09-05T05:36:33.003208+00:00
2018-12-20,47.1929,portal.amfiindia.com / AMFI Historical NAV,2026-09-05T05:36:33.003208+00:00
2018-12-21,46.6014,portal.amfiindia.com / AMFI Historical NAV,2026-09-05T05:36:33.003208+00:00
2018-12-24,46.3937,portal.amfiindia.com / AMFI Historical NAV,2026-09-05T05:36:33.003208+00:00
2018-12-25,46.3468,portal.amfiindia.com / AMFI Historical NAV,2026-09-05T05:36:33.003208+00:00
2018-12-26,46.3108,portal.amfiindia.com / AMFI Historical NAV,2026-09-05T05:36:33.003208+00:00
2018-12-27,46.5759,portal.amfiindia.com / AMFI Historical NAV,2026-09-05T05:36:33.003208+00:00
2018-12-28,46.8038,portal.amfiindia.com / AMFI Historical NAV,2026-09-05T05:36:33.003208+00:00
2018-12-31,46.2962,portal.amfiindia.com / AMFI Historical NAV,2026-09-05T05:36:33.003208+00:00
2019-01-01,46.4597,portal.amfiindia.com / AMFI Historical NAV,2026-09-05T05:36:33.003208+00:00
2019-01-02,46.9155,portal.amfiindia.com / AMFI Historical NAV,2026-09-05T05:36:33.003208+00:00
2019-01-03,47.1818,portal.amfiindia.com / AMFI Historical NAV,2026-09-05T05:36:33.003208+00:00
2019-01-04,47.5883,portal.amfiindia.com / AMFI Historical NAV,2026-09-05T05:36:33.003208+00:00
2019-01-07,47.8964,portal.amfiindia.com / AMFI Historical NAV,2026-09-05T05:36:33.003208+00:00
2019-01-08,47.9991,portal.amfiindia.com / AMFI Historical NAV,2026-09-05T05:36:33.003208+00:00
2019-01-09,47.9546,portal.amfiindia.com / AMFI Historical NAV,2026-09-05T05:36:33.003208+00:00
2019-01-10,47.3793,portal.amfiindia.com / AMFI Historical NAV,2026-09-05T05:36:33.003208+00:00
2019-01-11,47.4918,portal.amfiindia.com / AMFI Historical NAV,2026-09-05T05:36:33.003208+00:00
2019-01-14,47.6428,portal.amfiindia.com / AMFI Historical NAV,2026-09-05T05:36:33.003208+00:00
2019-01-15,47.7033,portal.amfiindia.com / AMFI Historical NAV,2026-09-05T05:36:33.003208+00:00
2019-01-16,47.0968,portal.amfiindia.com / AMFI Historical NAV,2026-09-05T05:36:33.003208+00:00
2019-01-17,46.4118,portal.amfiindia.com / AMFI Historical NAV,2026-09-05T05:36:33.003208+00:00
2019-01-18,46.887,portal.amfiindia.com / AMFI Historical NAV,2026-09-05T05:36:33.003208+00:00
2019-01-21,46.8687,portal.amfiindia.com / AMFI Historical NAV,2026-09-05T05:36:33.003208+00:00
2019-01-22,47.2848,portal.amfiindia.com / AMFI Historical NAV,2026-09-05T05:36:33.003208+00:00
2019-01-23,47.357,portal.amfiindia.com / AMFI Historical NAV,2026-09-05T05:36:33.003208+00:00
2019-01-24,47.228,portal.amfiindia.com / AMFI Historical NAV,2026-09-05T05:36:33.003208+00:00
2019-01-25,47.8432,portal.amfiindia.com / AMFI Historical NAV,2026-09-05T05:36:33.003208+00:00
2019-01-28,47.6591,portal.amfiindia.com / AMFI Historical NAV,2026-09-05T05:36:33.003208+00:00
2019-01-29,47.76,portal.amfiindia.com / AMFI Historical NAV,2026-09-05T05:36:33.003208+00:00
2019-01-30,47.5699,portal.amfiindia.com / AMFI Historical NAV,2026-09-05T05:36:33.003208+00:00
2019-01-31,47.321,portal.amfiindia.com / AMFI Historical NAV,2026-09-05T05:36:33.003208+00:00
2019-02-01,47.236,portal.amfiindia.com / AMFI Historical NAV,2026-09-05T05:36:33.003208+00:00
2019-02-04,47.4336,portal.amfiindia.com / AMFI Historical NAV,2026-09-05T05:36:33.003208+00:00
2019-02-05,46.9899,portal.amfiindia.com / AMFI Historical NAV,2026-09-05T05:36:33.003208+00:00
2019-02-06,47.5194,portal.amfiindia.com / AMFI Historical NAV,2026-09-05T05:36:33.003208+00:00
2019-02-07,47.094,portal.amfiindia.com / AMFI Historical NAV,2026-09-05T05:36:33.003208+00:00
2019-02-08,47.0712,portal.amfiindia.com / AMFI Historical NAV,2026-09-05T05:36:33.003208+00:00
2019-02-11,47.0641,portal.amfiindia.com / AMFI Historical NAV,2026-09-05T05:36:33.003208+00:00
2019-02-12,47.6498,portal.amfiindia.com / AMFI Historical NAV,2026-09-05T05:36:33.003208+00:00
2019-02-13,47.698,portal.amfiindia.com / AMFI Historical NAV,2026-09-05T05:36:33.003208+00:00
2019-02-14,48.1346,portal.amfiindia.com / AMFI Historical NAV,2026-09-05T05:36:33.003208+00:00
2019-02-15,47.3459,portal.amfiindia.com / AMFI Historical NAV,2026-09-05T05:36:33.003208+00:00
2019-02-18,47.4479,portal.amfiindia.com / AMFI Historical NAV,2026-09-05T05:36:33.003208+00:00
2019-02-19,47.9988,portal.amfiindia.com / AMFI Historical NAV,2026-09-05T05:36:33.003208+00:00
2019-02-20,47.9136,portal.amfiindia.com / AMFI Historical NAV,2026-09-05T05:36:33.003208+00:00
2019-02-21,48.5031,portal.amfiindia.com / AMFI Historical NAV,2026-09-05T05:36:33.003208+00:00
2019-02-22,48.0377,portal.amfiindia.com / AMFI Historical NAV,2026-09-05T05:36:33.003208+00:00
2019-02-25,48.648,portal.amfiindia.com / AMFI Historical NAV,2026-09-05T05:36:33.003208+00:00
2019-02-26,49.7241,portal.amfiindia.com / AMFI Historical NAV,2026-09-05T05:36:33.003208+00:00
2019-02-27,49.826,portal.amfiindia.com / AMFI Historical NAV,2026-09-05T05:36:33.003208+00:00
2019-02-28,49.5962,portal.amfiindia.com / AMFI Historical NAV,2026-09-05T05:36:33.003208+00:00
2019-03-01,50.0038,portal.amfiindia.com / AMFI Historical NAV,2026-09-05T05:36:33.003208+00:00
2019-03-04,50.5069,portal.amfiindia.com / AMFI Historical NAV,2026-09-05T05:36:33.003208+00:00
2019-03-05,50.2825,portal.amfiindia.com / AMFI Historical NAV,2026-09-05T05:36:33.003208+00:00
2019-03-06,50.1972,portal.amfiindia.com / AMFI Historical NAV,2026-09-05T05:36:33.003208+00:00
2019-03-07,50.1442,portal.amfiindia.com / AMFI Historical NAV,2026-09-05T05:36:33.003208+00:00
2019-03-08,49.5377,portal.amfiindia.com / AMFI Historical NAV,2026-09-05T05:36:33.003208+00:00
2019-03-11,49.2932,portal.amfiindia.com / AMFI Historical NAV,2026-09-05T05:36:33.003208+00:00
2019-03-12,48.7568,portal.amfiindia.com / AMFI Historical NAV,2026-09-05T05:36:33.003208+00:00
2019-03-13,48.5491,portal.amfiindia.com / AMFI Historical NAV,2026-09-05T05:36:33.003208+00:00
2019-03-14,48.323,portal.amfiindia.com / AMFI Historical NAV,2026-09-05T05:36:33.003208+00:00
2019-03-15,48.3307,portal.amfiindia.com / AMFI Historical NAV,2026-09-05T05:36:33.003208+00:00
2019-03-18,48.8311,portal.amfiindia.com / AMFI Historical NAV,2026-09-05T05:36:33.003208+00:00
2019-03-19,48.3413,portal.amfiindia.com / AMFI Historical NAV,2026-09-05T05:36:33.003208+00:00
2019-03-20,48.8289,portal.amfiindia.com / AMFI Historical NAV,2026-09-05T05:36:33.003208+00:00
2019-03-21,48.7715,portal.amfiindia.com / AMFI Historical NAV,2026-09-05T05:36:33.003208+00:00
2019-03-22,48.7852,portal.amfiindia.com / AMFI Historical NAV,2026-09-05T05:36:33.003208+00:00
2019-03-25,49.0003,portal.amfiindia.com / AMFI Historical NAV,2026-09-05T05:36:33.003208+00:00
2019-03-26,48.4616,portal.amfiindia.com / AMFI Historical NAV,2026-09-05T05:36:33.003208+00:00
2019-03-27,48.4535,portal.amfiindia.com / AMFI Historical NAV,2026-09-05T05:36:33.003208+00:00
2019-03-28,48.7588,portal.amfiindia.com / AMFI Historical NAV,2026-09-05T05:36:33.003208+00:00
2019-03-29,48.9779,portal.amfiindia.com / AMFI Historical NAV,2026-09-05T05:36:33.003208+00:00
2019-04-01,49.0732,portal.amfiindia.com / AMFI Historical NAV,2026-09-05T05:36:33.003208+00:00
2019-04-02,50.5164,portal.amfiindia.com / AMFI Historical NAV,2026-09-05T05:36:33.003208+00:00
2019-04-03,50.0416,portal.amfiindia.com / AMFI Historical NAV,2026-09-05T05:36:33.003208+00:00
2019-04-04,49.6412,portal.amfiindia.com / AMFI Historical NAV,2026-09-05T05:36:33.003208+00:00
2019-04-05,49.2036,portal.amfiindia.com / AMFI Historical NAV,2026-09-05T05:36:33.003208+00:00
2019-04-08,48.9542,portal.amfiindia.com / AMFI Historical NAV,2026-09-05T05:36:33.003208+00:00
2019-04-09,48.7401,portal.amfiindia.com / AMFI Historical NAV,2026-09-05T05:36:33.003208+00:00
2019-04-10,49.4444,portal.amfiindia.com / AMFI Historical NAV,2026-09-05T05:36:33.003208+00:00
2019-04-11,50.5429,portal.amfiindia.com / AMFI Historical NAV,2026-09-05T05:36:33.003208+00:00
2019-04-12,49.9484,portal.amfiindia.com / AMFI Historical NAV,2026-09-05T05:36:33.003208+00:00
2019-04-15,49.6611,portal.amfiindia.com / AMFI Historical NAV,2026-09-05T05:36:33.003208+00:00
2019-04-16,49.8363,portal.amfiindia.com / AMFI Historical NAV,2026-09-05T05:36:33.003208+00:00
2019-04-17,49.5077,portal.amfiindia.com / AMFI Historical NAV,2026-09-05T05:36:33.003208+00:00
2019-04-18,49.7514,portal.amfiindia.com / AMFI Historical NAV,2026-09-05T05:36:33.003208+00:00
2019-04-19,49.7435,portal.amfiindia.com / AMFI Historical NAV,2026-09-05T05:36:33.003208+00:00
2019-04-22,49.2848,portal.amfiindia.com / AMFI Historical NAV,2026-09-05T05:36:33.003208+00:00
2019-04-23,50.1853,portal.amfiindia.com / AMFI Historical NAV,2026-09-05T05:36:33.003208+00:00
2019-04-24,51.1011,portal.amfiindia.com / AMFI Historical NAV,2026-09-05T05:36:33.003208+00:00
2019-04-25,51.0309,portal.amfiindia.com / AMFI Historical NAV,2026-09-05T05:36:33.003208+00:00
2019-04-26,50.635,portal.amfiindia.com / AMFI Historical NAV,2026-09-05T05:36:33.003208+00:00
2019-04-29,50.6041,portal.amfiindia.com / AMFI Historical NAV,2026-09-05T05:36:33.003208+00:00
2019-04-30,50.4686,portal.amfiindia.com / AMFI Historical NAV,2026-09-05T05:36:33.003208+00:00
2019-05-01,50.7176,portal.amfiindia.com / AMFI Historical NAV,2026-09-05T05:36:33.003208+00:00
2019-05-02,51.7707,portal.amfiindia.com / AMFI Historical NAV,2026-09-05T05:36:33.003208+00:00
2019-05-03,51.7269,portal.amfiindia.com / AMFI Historical NAV,2026-09-05T05:36:33.003208+00:00
2019-05-06,51.3754,portal.amfiindia.com / AMFI Historical NAV,2026-09-05T05:36:33.003208+00:00
2019-05-07,50.4932,portal.amfiindia.com / AMFI Historical NAV,2026-09-05T05:36:33.003208+00:00
2019-05-08,50.2824,portal.amfiindia.com / AMFI Historical NAV,2026-09-05T05:36:33.003208+00:00
2019-05-09,50.3313,portal.amfiindia.com / AMFI Historical NAV,2026-09-05T05:36:33.003208+00:00
2019-05-10,51.3563,portal.amfiindia.com / AMFI Historical NAV,2026-09-05T05:36:33.003208+00:00
2019-05-13,50.8339,portal.amfiindia.com / AMFI Historical NAV,2026-09-05T05:36:33.003208+00:00
2019-05-14,51.0223,portal.amfiindia.com / AMFI Historical NAV,2026-09-05T05:36:33.003208+00:00
2019-05-15,50.8619,portal.amfiindia.com / AMFI Historical NAV,2026-09-05T05:36:33.003208+00:00
2019-05-16,51.423,portal.amfiindia.com / AMFI Historical NAV,2026-09-05T05:36:33.003208+00:00
2019-05-17,52.8087,portal.amfiindia.com / AMFI Historical NAV,2026-09-05T05:36:33.003208+00:00
2019-05-20,52.5789,portal.amfiindia.com / AMFI Historical NAV,2026-09-05T05:36:33.003208+00:00
2019-05-21,52.2229,portal.amfiindia.com / AMFI Historical NAV,2026-09-05T05:36:33.003208+00:00
2019-05-22,52.7885,portal.amfiindia.com / AMFI Historical NAV,2026-09-05T05:36:33.003208+00:00
2019-05-23,52.9293,portal.amfiindia.com / AMFI Historical NAV,2026-09-05T05:36:33.003208+00:00
2019-05-24,54.1005,portal.amfiindia.com / AMFI Historical NAV,2026-09-05T05:36:33.003208+00:00
2019-05-27,54.408,portal.amfiindia.com / AMFI Historical NAV,2026-09-05T05:36:33.003208+00:00
2019-05-28,54.4306,portal.amfiindia.com / AMFI Historical NAV,2026-09-05T05:36:33.003208+00:00
2019-05-29,54.6912,portal.amfiindia.com / AMFI Historical NAV,2026-09-05T05:36:33.003208+00:00
2019-05-30,55.2312,portal.amfiindia.com / AMFI Historical NAV,2026-09-05T05:36:33.003208+00:00
2019-05-31,55.5806,portal.amfiindia.com / AMFI Historical NAV,2026-09-05T05:36:33.003208+00:00
2019-06-03,56.0352,portal.amfiindia.com / AMFI Historical NAV,2026-09-05T05:36:33.003208+00:00
2019-06-04,56.5341,portal.amfiindia.com / AMFI Historical NAV,2026-09-05T05:36:33.003208+00:00
2019-06-05,57.324,portal.amfiindia.com / AMFI Historical NAV,2026-09-05T05:36:33.003208+00:00
2019-06-06,58.0679,portal.amfiindia.com / AMFI Historical NAV,2026-09-05T05:36:33.003208+00:00
2019-06-07,58.1265,portal.amfiindia.com / AMFI Historical NAV,2026-09-05T05:36:33.003208+00:00
2019-06-10,57.9655,portal.amfiindia.com / AMFI Historical NAV,2026-09-05T05:36:33.003208+00:00
2019-06-11,57.8773,portal.amfiindia.com / AMFI Historical NAV,2026-09-05T05:36:33.003208+00:00
2019-06-12,58.6011,portal.amfiindia.com / AMFI Historical NAV,2026-09-05T05:36:33.003208+00:00
2019-06-13,57.9566,portal.amfiindia.com / AMFI Historical NAV,2026-09-05T05:36:33.003208+00:00
2019-06-14,58.3605,portal.amfiindia.com / AMFI Historical NAV,2026-09-05T05:36:33.003208+00:00
2019-06-17,58.1534,portal.amfiindia.com / AMFI Historical NAV,2026-09-05T05:36:33.003208+00:00
2019-06-18,58.1725,portal.amfiindia.com / AMFI Historical NAV,2026-09-05T05:36:33.003208+00:00
2019-06-19,59.0494,portal.amfiindia.com / AMFI Historical NAV,2026-09-05T05:36:33.003208+00:00
2019-06-20,59.365,portal.amfiindia.com / AMFI Historical NAV,2026-09-05T05:36:33.003208+00:00
2019-06-21,59.4228,portal.amfiindia.com / AMFI Historical NAV,2026-09-05T05:36:33.003208+00:00
2019-06-24,58.5278,portal.amfiindia.com / AMFI Historical NAV,2026-09-05T05:36:33.003208+00:00
2019-06-25,58.6782,portal.amfiindia.com / AMFI Historical NAV,2026-09-05T05:36:33.003208+00:00
2019-06-26,58.9626,portal.amfiindia.com / AMFI Historical NAV,2026-09-05T05:36:33.003208+00:00
2019-06-27,60.1376,portal.amfiindia.com / AMFI Historical NAV,2026-09-05T05:36:33.003208+00:00
2019-06-28,60.0103,portal.amfiindia.com / AMFI Historical NAV,2026-09-05T05:36:33.003208+00:00
2019-07-01,60.1118,portal.amfiindia.com / AMFI Historical NAV,2026-09-05T05:36:33.003208+00:00
2019-07-02,60.4176,portal.amfiindia.com / AMFI Historical NAV,2026-09-05T05:36:33.003208+00:00
2019-07-03,61.2755,portal.amfiindia.com / AMFI Historical NAV,2026-09-05T05:36:33.003208+00:00
2019-07-04,61.2432,portal.amfiindia.com / AMFI Historical NAV,2026-09-05T05:36:33.003208+00:00
2019-07-05,61.6637,portal.amfiindia.com / AMFI Historical NAV,2026-09-05T05:36:33.003208+00:00
2019-07-08,62.13,portal.amfiindia.com / AMFI Historical NAV,2026-09-05T05:36:33.003208+00:00
2019-07-09,62.2684,portal.amfiindia.com / AMFI Historical NAV,2026-09-05T05:36:33.003208+00:00
2019-07-10,61.9196,portal.amfiindia.com / AMFI Historical NAV,2026-09-05T05:36:33.003208+00:00
2019-07-11,61.9556,portal.amfiindia.com / AMFI Historical NAV,2026-09-05T05:36:33.003208+00:00
2019-07-12,62.4852,portal.amfiindia.com / AMFI Historical NAV,2026-09-05T05:36:33.003208+00:00
2019-07-15,61.7914,portal.amfiindia.com / AMFI Historical NAV,2026-09-05T05:36:33.003208+00:00
2019-07-16,62.0478,portal.amfiindia.com / AMFI Historical NAV,2026-09-05T05:36:33.003208+00:00
2019-07-17,61.6167,portal.amfiindia.com / AMFI Historical NAV,2026-09-05T05:36:33.003208+00:00
2019-07-18,62.1245,portal.amfiindia.com / AMFI Historical NAV,2026-09-05T05:36:33.003208+00:00
2019-07-19,61.5626,portal.amfiindia.com / AMFI Historical NAV,2026-09-05T05:36:33.003208+00:00
2019-07-22,61.3202,portal.amfiindia.com / AMFI Historical NAV,2026-09-05T05:36:33.003208+00:00
2019-07-23,61.3235,portal.amfiindia.com / AMFI Historical NAV,2026-09-05T05:36:33.003208+00:00
2019-07-24,62.2186,portal.amfiindia.com / AMFI Historical NAV,2026-09-05T05:36:33.003208+00:00
2019-07-25,62.2352,portal.amfiindia.com / AMFI Historical NAV,2026-09-05T05:36:33.003208+00:00
2019-07-26,62.2509,portal.amfiindia.com / AMFI Historical NAV,2026-09-05T05:36:33.003208+00:00
2019-07-29,63.2276,portal.amfiindia.com / AMFI Historical NAV,2026-09-05T05:36:33.003208+00:00
2019-07-30,62.5521,portal.amfiindia.com / AMFI Historical NAV,2026-09-05T05:36:33.003208+00:00
2019-07-31,61.5031,portal.amfiindia.com / AMFI Historical NAV,2026-09-05T05:36:33.003208+00:00
2019-08-01,61.6879,portal.amfiindia.com / AMFI Historical NAV,2026-09-05T05:36:33.003208+00:00
2019-08-02,61.3687,portal.amfiindia.com / AMFI Historical NAV,2026-09-05T05:36:33.003208+00:00
2019-08-05,60.5993,portal.amfiindia.com / AMFI Historical NAV,2026-09-05T05:36:33.003208+00:00
2019-08-06,61.0181,portal.amfiindia.com / AMFI Historical NAV,2026-09-05T05:36:33.003208+00:00
2019-08-07,61.1925,portal.amfiindia.com / AMFI Historical NAV,2026-09-05T05:36:33.003208+00:00
2019-08-08,61.0107,portal.amfiindia.com / AMFI Historical NAV,2026-09-05T05:36:33.003208+00:00
2019-08-09,60.4801,portal.amfiindia.com / AMFI Historical NAV,2026-09-05T05:36:33.003208+00:00
2019-08-12,60.8965,portal.amfiindia.com / AMFI Historical NAV,2026-09-05T05:36:33.003208+00:00
2019-08-13,60.9604,portal.amfiindia.com / AMFI Historical NAV,2026-09-05T05:36:33.003208+00:00
2019-08-14,60.9325,portal.amfiindia.com / AMFI Historical NAV,2026-09-05T05:36:33.003208+00:00
2019-08-15,62.1242,portal.amfiindia.com / AMFI Historical NAV,2026-09-05T05:36:33.003208+00:00
2019-08-16,61.5551,portal.amfiindia.com / AMFI Historical NAV,2026-09-05T05:36:33.003208+00:00
2019-08-19,60.6102,portal.amfiindia.com / AMFI Historical NAV,2026-09-05T05:36:33.003208+00:00
2019-08-20,60.257,portal.amfiindia.com / AMFI Historical NAV,2026-09-05T05:36:33.003208+00:00
2019-08-21,60.5389,portal.amfiindia.com / AMFI Historical NAV,2026-09-05T05:36:33.003208+00:00
2019-08-22,60.7877,portal.amfiindia.com / AMFI Historical NAV,2026-09-05T05:36:33.003208+00:00
2019-08-23,60.6111,portal.amfiindia.com / AMFI Historical NAV,2026-09-05T05:36:33.003208+00:00
2019-08-26,60.7643,portal.amfiindia.com / AMFI Historical NAV,2026-09-05T05:36:33.003208+00:00
2019-08-27,60.0233,portal.amfiindia.com / AMFI Historical NAV,2026-09-05T05:36:33.003208+00:00
2019-08-28,61.202,portal.amfiindia.com / AMFI Historical NAV,2026-09-05T05:36:33.003208+00:00
2019-08-29,61.1545,portal.amfiindia.com / AMFI Historical NAV,2026-09-05T05:36:33.003208+00:00
2019-08-30,61.8559,portal.amfiindia.com / AMFI Historical NAV,2026-09-05T05:36:33.003208+00:00
2019-09-02,62.01,portal.amfiindia.com / AMFI Historical NAV,2026-09-05T05:36:33.003208+00:00
2019-09-03,62.5279,portal.amfiindia.com / AMFI Historical NAV,2026-09-05T05:36:33.003208+00:00
2019-09-04,63.2809,portal.amfiindia.com / AMFI Historical NAV,2026-09-05T05:36:33.003208+00:00
2019-09-05,63.6807,portal.amfiindia.com / AMFI Historical NAV,2026-09-05T05:36:33.003208+00:00
2019-09-06,64.1345,portal.amfiindia.com / AMFI Historical NAV,2026-09-05T05:36:33.003208+00:00
2019-09-09,65.0141,portal.amfiindia.com / AMFI Historical NAV,2026-09-05T05:36:33.003208+00:00
2019-09-10,64.7119,portal.amfiindia.com / AMFI Historical NAV,2026-09-05T05:36:33.003208+00:00
2019-09-11,65.3437,portal.amfiindia.com / AMFI Historical NAV,2026-09-05T05:36:33.003208+00:00
2019-09-12,65.3503,portal.amfiindia.com / AMFI Historical NAV,2026-09-05T05:36:33.003208+00:00
2019-09-13,66.3945,portal.amfiindia.com / AMFI Historical NAV,2026-09-05T05:36:33.003208+00:00
2019-09-16,65.8511,portal.amfiindia.com / AMFI Historical NAV,2026-09-05T05:36:33.003208+00:00
2019-09-17,66.9755,portal.amfiindia.com / AMFI Historical NAV,2026-09-05T05:36:33.003208+00:00
2019-09-18,66.9053,portal.amfiindia.com / AMFI Historical NAV,2026-09-05T05:36:33.003208+00:00
2019-09-19,66.211,portal.amfiindia.com / AMFI Historical NAV,2026-09-05T05:36:33.003208+00:00
2019-09-20,66.2572,portal.amfiindia.com / AMFI Historical NAV,2026-09-05T05:36:33.003208+00:00
2019-09-23,66.2673,portal.amfiindia.com / AMFI Historical NAV,2026-09-05T05:36:33.003208+00:00
2019-09-24,66.9373,portal.amfiindia.com / AMFI Historical NAV,2026-09-05T05:36:33.003208+00:00
2019-09-25,66.2918,portal.amfiindia.com / AMFI Historical NAV,2026-09-05T05:36:33.003208+00:00
2019-09-26,66.0147,portal.amfiindia.com / AMFI Historical NAV,2026-09-05T05:36:33.003208+00:00
2019-09-27,64.7014,portal.amfiindia.com / AMFI Historical NAV,2026-09-05T05:36:33.003208+00:00
2019-09-30,64.0262,portal.amfiindia.com / AMFI Historical NAV,2026-09-05T05:36:33.003208+00:00
2019-10-01,62.8496,portal.amfiindia.com / AMFI Historical NAV,2026-09-05T05:36:33.003208+00:00
2019-10-02,62.043,portal.amfiindia.com / AMFI Historical NAV,2026-09-05T05:36:33.003208+00:00
2019-10-03,62.6405,portal.amfiindia.com / AMFI Historical NAV,2026-09-05T05:36:33.003208+00:00
2019-10-04,63.1902,portal.amfiindia.com / AMFI Historical NAV,2026-09-05T05:36:33.003208+00:00
2019-10-07,63.2283,portal.amfiindia.com / AMFI Historical NAV,2026-09-05T05:36:33.003208+00:00
2019-10-08,62.574,portal.amfiindia.com / AMFI Historical NAV,2026-09-05T05:36:33.003208+00:00
2019-10-09,62.739,portal.amfiindia.com / AMFI Historical NAV,2026-09-05T05:36:33.003208+00:00
2019-10-10,62.5753,portal.amfiindia.com / AMFI Historical NAV,2026-09-05T05:36:33.003208+00:00
2019-10-11,61.4259,portal.amfiindia.com / AMFI Historical NAV,2026-09-05T05:36:33.003208+00:00
2019-10-14,62.3246,portal.amfiindia.com / AMFI Historical NAV,2026-09-05T05:36:33.003208+00:00
2019-10-15,62.87,portal.amfiindia.com / AMFI Historical NAV,2026-09-05T05:36:33.003208+00:00
2019-10-16,62.7959,portal.amfiindia.com / AMFI Historical NAV,2026-09-05T05:36:33.003208+00:00
2019-10-17,62.986,portal.amfiindia.com / AMFI Historical NAV,2026-09-05T05:36:33.003208+00:00
2019-10-18,63.2716,portal.amfiindia.com / AMFI Historical NAV,2026-09-05T05:36:33.003208+00:00
2019-10-21,62.0913,portal.amfiindia.com / AMFI Historical NAV,2026-09-05T05:36:33.003208+00:00
2019-10-22,62.1996,portal.amfiindia.com / AMFI Historical NAV,2026-09-05T05:36:33.003208+00:00
2019-10-23,61.5364,portal.amfiindia.com / AMFI Historical NAV,2026-09-05T05:36:33.003208+00:00
2019-10-24,61.0612,portal.amfiindia.com / AMFI Historical NAV,2026-09-05T05:36:33.003208+00:00
2019-10-25,61.0431,portal.amfiindia.com / AMFI Historical NAV,2026-09-05T05:36:33.003208+00:00
2019-10-28,61.9269,portal.amfiindia.com / AMFI Historical NAV,2026-09-05T05:36:33.003208+00:00
2019-10-29,62.0724,portal.amfiindia.com / AMFI Historical NAV,2026-09-05T05:36:33.003208+00:00
2019-10-30,61.622,portal.amfiindia.com / AMFI Historical NAV,2026-09-05T05:36:33.003208+00:00
2019-10-31,61.8812,portal.amfiindia.com / AMFI Historical NAV,2026-09-05T05:36:33.003208+00:00
2019-11-01,62.9055,portal.amfiindia.com / AMFI Historical NAV,2026-09-05T05:36:33.003208+00:00
2019-11-04,63.396,portal.amfiindia.com / AMFI Historical NAV,2026-09-05T05:36:33.003208+00:00
2019-11-05,63.3068,portal.amfiindia.com / AMFI Historical NAV,2026-09-05T05:36:33.003208+00:00
2019-11-06,62.826,portal.amfiindia.com / AMFI Historical NAV,2026-09-05T05:36:33.003208+00:00
2019-11-07,63.5031,portal.amfiindia.com / AMFI Historical NAV,2026-09-05T05:36:33.003208+00:00
2019-11-08,63.7872,portal.amfiindia.com / AMFI Historical NAV,2026-09-05T05:36:33.003208+00:00
2019-11-11,64.3494,portal.amfiindia.com / AMFI Historical NAV,2026-09-05T05:36:33.003208+00:00
2019-11-12,64.766,portal.amfiindia.com / AMFI Historical NAV,2026-09-05T05:36:33.003208+00:00
2019-11-13,65.7207,portal.amfiindia.com / AMFI Historical NAV,2026-09-05T05:36:33.003208+00:00
2019-11-14,65.2663,portal.amfiindia.com / AMFI Historical NAV,2026-09-05T05:36:33.003208+00:00
2019-11-15,66.4043,portal.amfiindia.com / AMFI Historical NAV,2026-09-05T05:36:33.003208+00:00
2019-11-18,66.6133,portal.amfiindia.com / AMFI Historical NAV,2026-09-05T05:36:33.003208+00:00
2019-11-19,67.9745,portal.amfiindia.com / AMFI Historical NAV,2026-09-05T05:36:33.003208+00:00
2019-11-20,68.0648,portal.amfiindia.com / AMFI Historical NAV,2026-09-05T05:36:33.003208+00:00
2019-11-21,69.0466,portal.amfiindia.com / AMFI Historical NAV,2026-09-05T05:36:33.003208+00:00
2019-11-22,69.1472,portal.amfiindia.com / AMFI Historical NAV,2026-09-05T05:36:33.003208+00:00
2019-11-25,68.4902,portal.amfiindia.com / AMFI Historical NAV,2026-09-05T05:36:33.003208+00:00
2019-11-26,68.4008,portal.amfiindia.com / AMFI Historical NAV,2026-09-05T05:36:33.003208+00:00
2019-11-27,68.5722,portal.amfiindia.com / AMFI Historical NAV,2026-09-05T05:36:33.003208+00:00
2019-11-28,69.2405,portal.amfiindia.com / AMFI Historical NAV,2026-09-05T05:36:33.003208+00:00
2019-11-29,69.8896,portal.amfiindia.com / AMFI Historical NAV,2026-09-05T05:36:33.003208+00:00
2019-12-02,69.4957,portal.amfiindia.com / AMFI Historical NAV,2026-09-05T05:36:33.003208+00:00
2019-12-03,69.4432,portal.amfiindia.com / AMFI Historical NAV,2026-09-05T05:36:33.003208+00:00
2019-12-04,70.5932,portal.amfiindia.com / AMFI Historical NAV,2026-09-05T05:36:33.003208+00:00
2019-12-05,72.2604,portal.amfiindia.com / AMFI Historical NAV,2026-09-05T05:36:33.003208+00:00
2019-12-06,72.7128,portal.amfiindia.com / AMFI Historical NAV,2026-09-05T05:36:33.003208+00:00
2019-12-09,72.6747,portal.amfiindia.com / AMFI Historical NAV,2026-09-05T05:36:33.003208+00:00
2019-12-10,73.0918,portal.amfiindia.com / AMFI Historical NAV,2026-09-05T05:36:33.003208+00:00
2019-12-11,73.3603,portal.amfiindia.com / AMFI Historical NAV,2026-09-05T05:36:33.003208+00:00
2019-12-12,72.7569,portal.amfiindia.com / AMFI Historical NAV,2026-09-05T05:36:33.003208+00:00
2019-12-13,72.5779,portal.amfiindia.com / AMFI Historical NAV,2026-09-05T05:36:33.003208+00:00
2019-12-16,71.5722,portal.amfiindia.com / AMFI Historical NAV,2026-09-05T05:36:33.003208+00:00
2019-12-17,71.88,portal.amfiindia.com / AMFI Historical NAV,2026-09-05T05:36:33.003208+00:00
2019-12-18,72.0646,portal.amfiindia.com / AMFI Historical NAV,2026-09-05T05:36:33.003208+00:00
2019-12-19,71.7814,portal.amfiindia.com / AMFI Historical NAV,2026-09-05T05:36:33.003208+00:00
2019-12-20,73.1561,portal.amfiindia.com / AMFI Historical NAV,2026-09-05T05:36:33.003208+00:00
2019-12-23,72.3133,portal.amfiindia.com / AMFI Historical NAV,2026-09-05T05:36:33.003208+00:00
2019-12-24,71.4855,portal.amfiindia.com / AMFI Historical NAV,2026-09-05T05:36:33.003208+00:00
2019-12-25,71.4599,portal.amfiindia.com / AMFI Historical NAV,2026-09-05T05:36:33.003208+00:00
2019-12-26,72.229,portal.amfiindia.com / AMFI Historical NAV,2026-09-05T05:36:33.003208+00:00
2019-12-27,73.3274,portal.amfiindia.com / AMFI Historical NAV,2026-09-05T05:36:33.003208+00:00
2019-12-30,73.2044,portal.amfiindia.com / AMFI Historical NAV,2026-09-05T05:36:33.003208+00:00
2019-12-31,74.0276,portal.amfiindia.com / AMFI Historical NAV,2026-09-05T05:36:33.003208+00:00
2020-01-01,74.1958,portal.amfiindia.com / AMFI Historical NAV,2026-09-05T05:36:33.003208+00:00
2020-01-02,74.3553,portal.amfiindia.com / AMFI Historical NAV,2026-09-05T05:36:33.003208+00:00
2020-01-03,75.1966,portal.amfiindia.com / AMFI Historical NAV,2026-09-05T05:36:33.003208+00:00
2020-01-06,75.7824,portal.amfiindia.com / AMFI Historical NAV,2026-09-05T05:36:33.003208+00:00
2020-01-07,74.4286,portal.amfiindia.com / AMFI Historical NAV,2026-09-05T05:36:33.003208+00:00
2020-01-08,75.5481,portal.amfiindia.com / AMFI Historical NAV,2026-09-05T05:36:33.003208+00:00
2020-01-09,76.4928,portal.amfiindia.com / AMFI Historical NAV,2026-09-05T05:36:33.003208+00:00
2020-01-10,75.9892,portal.amfiindia.com / AMFI Historical NAV,2026-09-05T05:36:33.003208+00:00
2020-01-13,76.2425,portal.amfiindia.com / AMFI Historical NAV,2026-09-05T05:36:33.003208+00:00
2020-01-14,76.4317,portal.amfiindia.com / AMFI Historical NAV,2026-09-05T05:36:33.003208+00:00
2020-01-15,76.2224,portal.amfiindia.com / AMFI Historical NAV,2026-09-05T05:36:33.003208+00:00
2020-01-16,75.7027,portal.amfiindia.com / AMFI Historical NAV,2026-09-05T05:36:33.003208+00:00
2020-01-17,75.2921,portal.amfiindia.com / AMFI Historical NAV,2026-09-05T05:36:33.003208+00:00
2020-01-20,75.0124,portal.amfiindia.com / AMFI Historical NAV,2026-09-05T05:36:33.003208+00:00
2020-01-21,75.9214,portal.amfiindia.com / AMFI Historical NAV,2026-09-05T05:36:33.003208+00:00
2020-01-22,76.8027,portal.amfiindia.com / AMFI Historical NAV,2026-09-05T05:36:33.003208+00:00
2020-01-23,76.8039,portal.amfiindia.com / AMFI Historical NAV,2026-09-05T05:36:33.003208+00:00
2020-01-24,77.8079,portal.amfiindia.com / AMFI Historical NAV,2026-09-05T05:36:33.003208+00:00
2020-01-27,75.7722,portal.amfiindia.com / AMFI Historical NAV,2026-09-05T05:36:33.003208+00:00
2020-01-28,76.9345,portal.amfiindia.com / AMFI Historical NAV,2026-09-05T05:36:33.003208+00:00
2020-01-29,75.5003,portal.amfiindia.com / AMFI Historical NAV,2026-09-05T05:36:33.003208+00:00
2020-01-30,75.1299,portal.amfiindia.com / AMFI Historical NAV,2026-09-05T05:36:33.003208+00:00
2020-01-31,73.7316,portal.amfiindia.com / AMFI Historical NAV,2026-09-05T05:36:33.003208+00:00
2020-02-03,73.1012,portal.amfiindia.com / AMFI Historical NAV,2026-09-05T05:36:33.003208+00:00
2020-02-04,74.3129,portal.amfiindia.com / AMFI Historical NAV,2026-09-05T05:36:33.003208+00:00
2020-02-05,73.892,portal.amfiindia.com / AMFI Historical NAV,2026-09-05T05:36:33.003208+00:00
2020-02-06,74.1294,portal.amfiindia.com / AMFI Historical NAV,2026-09-05T05:36:33.003208+00:00
2020-02-07,73.9706,portal.amfiindia.com / AMFI Historical NAV,2026-09-05T05:36:33.003208+00:00
2020-02-10,74.4441,portal.amfiindia.com / AMFI Historical NAV,2026-09-05T05:36:33.003208+00:00
2020-02-11,74.7945,portal.amfiindia.com / AMFI Historical NAV,2026-09-05T05:36:33.003208+00:00
2020-02-12,73.5064,portal.amfiindia.com / AMFI Historical NAV,2026-09-05T05:36:33.003208+00:00
2020-02-13,74.3569,portal.amfiindia.com / AMFI Historical NAV,2026-09-05T05:36:33.003208+00:00
2020-02-14,73.9784,portal.amfiindia.com / AMFI Historical NAV,2026-09-05T05:36:33.003208+00:00
2020-02-17,68.4133,portal.amfiindia.com / AMFI Historical NAV,2026-09-05T05:36:33.003208+00:00
2020-02-18,66.2127,portal.amfiindia.com / AMFI Historical NAV,2026-09-05T05:36:33.003208+00:00
2020-02-19,68.7105,portal.amfiindia.com / AMFI Historical NAV,2026-09-05T05:36:33.003208+00:00
2020-02-20,69.6553,portal.amfiindia.com / AMFI Historical NAV,2026-09-05T05:36:33.003208+00:00
2020-02-21,67.4803,portal.amfiindia.com / AMFI Historical NAV,2026-09-05T05:36:33.003208+00:00
2020-02-24,65.6114,portal.amfiindia.com / AMFI Historical NAV,2026-09-05T05:36:33.003208+00:00
2020-02-25,63.7532,portal.amfiindia.com / AMFI Historical NAV,2026-09-05T05:36:33.003208+00:00
2020-02-26,67.6039,portal.amfiindia.com / AMFI Historical NAV,2026-09-05T05:36:33.003208+00:00
2020-02-27,67.1178,portal.amfiindia.com / AMFI Historical NAV,2026-09-05T05:36:33.003208+00:00
2020-02-28,66.9352,portal.amfiindia.com / AMFI Historical NAV,2026-09-05T05:36:33.003208+00:00
2020-03-02,68.5058,portal.amfiindia.com / AMFI Historical NAV,2026-09-05T05:36:33.003208+00:00
2020-03-03,67.917,portal.amfiindia.com / AMFI Historical NAV,2026-09-05T05:36:33.003208+00:00
2020-03-04,66.2009,portal.amfiindia.com / AMFI Historical NAV,2026-09-05T05:36:33.003208+00:00
2020-03-05,64.9025,portal.amfiindia.com / AMFI Historical NAV,2026-09-05T05:36:33.003208+00:00
2020-03-06,63.7894,portal.amfiindia.com / AMFI Historical NAV,2026-09-05T05:36:33.003208+00:00
2020-03-09,62.5961,portal.amfiindia.com / AMFI Historical NAV,2026-09-05T05:36:33.003208+00:00
2020-03-10,63.0946,portal.amfiindia.com / AMFI Historical NAV,2026-09-05T05:36:33.003208+00:00
2020-03-11,61.6229,portal.amfiindia.com / AMFI Historical NAV,2026-09-05T05:36:33.003208+00:00
2020-03-12,62.1884,portal.amfiindia.com / AMFI Historical NAV,2026-09-05T05:36:33.003208+00:00
2020-03-13,60.8462,portal.amfiindia.com / AMFI Historical NAV,2026-09-05T05:36:33.003208+00:00
2020-03-16,60.0247,portal.amfiindia.com / AMFI Historical NAV,2026-09-05T05:36:33.003208+00:00
2020-03-17,54.474,portal.amfiindia.com / AMFI Historical NAV,2026-09-05T05:36:33.003208+00:00
2020-03-18,55.3217,portal.amfiindia.com / AMFI Historical NAV,2026-09-05T05:36:33.003208+00:00
2020-03-19,54.7666,portal.amfiindia.com / AMFI Historical NAV,2026-09-05T05:36:33.003208+00:00
2020-03-20,55.6837,portal.amfiindia.com / AMFI Historical NAV,2026-09-05T05:36:33.003208+00:00
2020-03-23,48.7774,portal.amfiindia.com / AMFI Historical NAV,2026-09-05T05:36:33.003208+00:00
2020-03-24,51.9635,portal.amfiindia.com / AMFI Historical NAV,2026-09-05T05:36:33.003208+00:00
2020-03-25,51.9792,portal.amfiindia.com / AMFI Historical NAV,2026-09-05T05:36:33.003208+00:00
2020-03-26,53.0783,portal.amfiindia.com / AMFI Historical NAV,2026-09-05T05:36:33.003208+00:00
2020-03-27,52.5122,portal.amfiindia.com / AMFI Historical NAV,2026-09-05T05:36:33.003208+00:00
2020-03-30,53.0352,portal.amfiindia.com / AMFI Historical NAV,2026-09-05T05:36:33.003208+00:00
2020-03-31,52.3652,portal.amfiindia.com / AMFI Historical NAV,2026-09-05T05:36:33.003208+00:00
2020-04-01,51.8825,portal.amfiindia.com / AMFI Historical NAV,2026-09-05T05:36:33.003208+00:00
2020-04-02,53.7187,portal.amfiindia.com / AMFI Historical NAV,2026-09-05T05:36:33.003208+00:00
2020-04-03,53.732,portal.amfiindia.com / AMFI Historical NAV,2026-09-05T05:36:33.003208+00:00
2020-04-06,54.1129,portal.amfiindia.com / AMFI Historical NAV,2026-09-05T05:36:33.003208+00:00
2020-04-07,54.8748,portal.amfiindia.com / AMFI Historical NAV,2026-09-05T05:36:33.003208+00:00
2020-04-08,55.5704,portal.amfiindia.com / AMFI Historical NAV,2026-09-05T05:36:33.003208+00:00
2020-04-09,56.2037,portal.amfiindia.com / AMFI Historical NAV,2026-09-05T05:36:33.003208+00:00
2020-04-10,56.5119,portal.amfiindia.com / AMFI Historical NAV,2026-09-05T05:36:33.003208+00:00
2020-04-13,58.7413,portal.amfiindia.com / AMFI Historical NAV,2026-09-05T05:36:33.003208+00:00
2020-04-14,58.8926,portal.amfiindia.com / AMFI Historical NAV,2026-09-05T05:36:33.003208+00:00
2020-04-15,59.3812,portal.amfiindia.com / AMFI Historical NAV,2026-09-05T05:36:33.003208+00:00
2020-04-16,60.4251,portal.amfiindia.com / AMFI Historical NAV,2026-09-05T05:36:33.003208+00:00
2020-04-17,61.1272,portal.amfiindia.com / AMFI Historical NAV,2026-09-05T05:36:33.003208+00:00
2020-04-20,62.6844,portal.amfiindia.com / AMFI Historical NAV,2026-09-05T05:36:33.003208+00:00
2020-04-21,63.6297,portal.amfiindia.com / AMFI Historical NAV,2026-09-05T05:36:33.003208+00:00
2020-04-22,62.3337,portal.amfiindia.com / AMFI Historical NAV,2026-09-05T05:36:33.003208+00:00
2020-04-23,63.9902,portal.amfiindia.com / AMFI Historical NAV,2026-09-05T05:36:33.003208+00:00
2020-04-24,63.3192,portal.amfiindia.com / AMFI Historical NAV,2026-09-05T05:36:33.003208+00:00
2020-04-27,64.0709,portal.amfiindia.com / AMFI Historical NAV,2026-09-05T05:36:33.003208+00:00
2020-04-28,63.672,portal.amfiindia.com / AMFI Historical NAV,2026-09-05T05:36:33.003208+00:00
2020-04-29,63.7515,portal.amfiindia.com / AMFI Historical NAV,2026-09-05T05:36:33.003208+00:00
2020-04-30,64.2735,portal.amfiindia.com / AMFI Historical NAV,2026-09-05T05:36:33.003208+00:00
2020-05-01,64.7511,portal.amfiindia.com / AMFI Historical NAV,2026-09-05T05:36:33.003208+00:00
2020-05-04,65.5789,portal.amfiindia.com / AMFI Historical NAV,2026-09-05T05:36:33.003208+00:00
2020-05-05,67.2485,portal.amfiindia.com / AMFI Historical NAV,2026-09-05T05:36:33.003208+00:00
2020-05-06,67.7514,portal.amfiindia.com / AMFI Historical NAV,2026-09-05T05:36:33.003208+00:00
2020-05-07,67.886,portal.amfiindia.com / AMFI Historical NAV,2026-09-05T05:36:33.003208+00:00
2020-05-08,69.0922,portal.amfiindia.com / AMFI Historical NAV,2026-09-05T05:36:33.003208+00:00
2020-05-11,70.8589,portal.amfiindia.com / AMFI Historical NAV,2026-09-05T05:36:33.003208+00:00
2020-05-12,69.5494,portal.amfiindia.com / AMFI Historical NAV,2026-09-05T05:36:33.003208+00:00
2020-05-13,70.3831,portal.amfiindia.com / AMFI Historical NAV,2026-09-05T05:36:33.003208+00:00
2020-05-14,71.1581,portal.amfiindia.com / AMFI Historical NAV,2026-09-05T05:36:33.003208+00:00
2020-05-15,71.0258,portal.amfiindia.com / AMFI Historical NAV,2026-09-05T05:36:33.003208+00:00
2020-05-18,72.4406,portal.amfiindia.com / AMFI Historical NAV,2026-09-05T05:36:33.003208+00:00
2020-05-19,72.3658,portal.amfiindia.com / AMFI Historical NAV,2026-09-05T05:36:33.003208+00:00
2020-05-20,72.398,portal.amfiindia.com / AMFI Historical NAV,2026-09-05T05:36:33.003208+00:00
2020-05-21,72.5538,portal.amfiindia.com / AMFI Historical NAV,2026-09-05T05:36:33.003208+00:00
2020-05-22,72.9295,portal.amfiindia.com / AMFI Historical NAV,2026-09-05T05:36:33.003208+00:00
2020-05-25,71.5003,portal.amfiindia.com / AMFI Historical NAV,2026-09-05T05:36:33.003208+00:00
2020-05-26,70.371,portal.amfiindia.com / AMFI Historical NAV,2026-09-05T05:36:33.003208+00:00
2020-05-27,72.8536,portal.amfiindia.com / AMFI Historical NAV,2026-09-05T05:36:33.003208+00:00
2020-05-28,72.0989,portal.amfiindia.com / AMFI Historical NAV,2026-09-05T05:36:33.003208+00:00
2020-05-29,71.0402,portal.amfiindia.com / AMFI Historical NAV,2026-09-05T05:36:33.003208+00:00
2020-06-01,69.4412,portal.amfiindia.com / AMFI Historical NAV,2026-09-05T05:36:33.003208+00:00
2020-06-02,68.664,portal.amfiindia.com / AMFI Historical NAV,2026-09-05T05:36:33.003208+00:00
2020-06-03,67.4348,portal.amfiindia.com / AMFI Historical NAV,2026-09-05T05:36:33.003208+00:00
2020-06-04,69.3951,portal.amfiindia.com / AMFI Historical NAV,2026-09-05T05:36:33.003208+00:00
2020-06-05,70.9672,portal.amfiindia.com / AMFI Historical NAV,2026-09-05T05:36:33.003208+00:00
2020-06-08,70.4756,portal.amfiindia.com / AMFI Historical NAV,2026-09-05T05:36:33.003208+00:00
2020-06-09,73.0554,portal.amfiindia.com / AMFI Historical NAV,2026-09-05T05:36:33.003208+00:00
2020-06-10,74.175,portal.amfiindia.com / AMFI Historical NAV,2026-09-05T05:36:33.003208+00:00
2020-06-11,73.9276,portal.amfiindia.com / AMFI Historical NAV,2026-09-05T05:36:33.003208+00:00
2020-06-12,71.0128,portal.amfiindia.com / AMFI Historical NAV,2026-09-05T05:36:33.003208+00:00
2020-06-15,73.7717,portal.amfiindia.com / AMFI Historical NAV,2026-09-05T05:36:33.003208+00:00
2020-06-16,72.2448,portal.amfiindia.com / AMFI Historical NAV,2026-09-05T05:36:33.003208+00:00
2020-06-17,70.2582,portal.amfiindia.com / AMFI Historical NAV,2026-09-05T05:36:33.003208+00:00
2020-06-18,71.8449,portal.amfiindia.com / AMFI Historical NAV,2026-09-05T05:36:33.003208+00:00
2020-06-19,74.6861,portal.amfiindia.com / AMFI Historical NAV,2026-09-05T05:36:33.003208+00:00
2020-06-22,76.231,portal.amfiindia.com / AMFI Historical NAV,2026-09-05T05:36:33.003208+00:00
2020-06-23,77.0787,portal.amfiindia.com / AMFI Historical NAV,2026-09-05T05:36:33.003208+00:00
2020-06-24,78.028,portal.amfiindia.com / AMFI Historical NAV,2026-09-05T05:36:33.003208+00:00
2020-06-25,78.8805,portal.amfiindia.com / AMFI Historical NAV,2026-09-05T05:36:33.003208+00:00
2020-06-26,80.1173,portal.amfiindia.com / AMFI Historical NAV,2026-09-05T05:36:33.003208+00:00
2020-06-29,80.4419,portal.amfiindia.com / AMFI Historical NAV,2026-09-05T05:36:33.003208+00:00
2020-06-30,81.2102,portal.amfiindia.com / AMFI Historical NAV,2026-09-05T05:36:33.003208+00:00
2020-07-01,81.4842,portal.amfiindia.com / AMFI Historical NAV,2026-09-05T05:36:33.003208+00:00
2020-07-02,80.65,portal.amfiindia.com / AMFI Historical NAV,2026-09-05T05:36:33.003208+00:00
2020-07-03,80.3393,portal.amfiindia.com / AMFI Historical NAV,2026-09-05T05:36:33.003208+00:00
2020-07-06,78.405,portal.amfiindia.com / AMFI Historical NAV,2026-09-05T05:36:33.003208+00:00
2020-07-07,78.6465,portal.amfiindia.com / AMFI Historical NAV,2026-09-05T05:36:33.003208+00:00
2020-07-08,77.6403,portal.amfiindia.com / AMFI Historical NAV,2026-09-05T05:36:33.003208+00:00
2020-07-09,76.4624,portal.amfiindia.com / AMFI Historical NAV,2026-09-05T05:36:33.003208+00:00
2020-07-10,76.9043,portal.amfiindia.com / AMFI Historical NAV,2026-09-05T05:36:33.003208+00:00
2020-07-13,78.6577,portal.amfiindia.com / AMFI Historical NAV,2026-09-05T05:36:33.003208+00:00
2020-07-14,79.9283,portal.amfiindia.com / AMFI Historical NAV,2026-09-05T05:36:33.003208+00:00
2020-07-15,77.6824,portal.amfiindia.com / AMFI Historical NAV,2026-09-05T05:36:33.003208+00:00
2020-07-16,76.9202,portal.amfiindia.com / AMFI Historical NAV,2026-09-05T05:36:33.003208+00:00
2020-07-17,78.3379,portal.amfiindia.com / AMFI Historical NAV,2026-09-05T05:36:33.003208+00:00
2020-07-20,77.1674,portal.amfiindia.com / AMFI Historical NAV,2026-09-05T05:36:33.003208+00:00
2020-07-21,77.55,portal.amfiindia.com / AMFI Historical NAV,2026-09-05T05:36:33.003208+00:00
2020-07-22,78.455,portal.amfiindia.com / AMFI Historical NAV,2026-09-05T05:36:33.003208+00:00
2020-07-23,77.2383,portal.amfiindia.com / AMFI Historical NAV,2026-09-05T05:36:33.003208+00:00
2020-07-24,77.7795,portal.amfiindia.com / AMFI Historical NAV,2026-09-05T05:36:33.003208+00:00
2020-07-27,76.462,portal.amfiindia.com / AMFI Historical NAV,2026-09-05T05:36:33.003208+00:00
2020-07-28,76.0444,portal.amfiindia.com / AMFI Historical NAV,2026-09-05T05:36:33.003208+00:00
2020-07-29,76.5402,portal.amfiindia.com / AMFI Historical NAV,2026-09-05T05:36:33.003208+00:00
2020-07-30,74.9449,portal.amfiindia.com / AMFI Historical NAV,2026-09-05T05:36:33.003208+00:00
2020-07-31,75.6123,portal.amfiindia.com / AMFI Historical NAV,2026-09-05T05:36:33.003208+00:00
2020-08-03,75.9257,portal.amfiindia.com / AMFI Historical NAV,2026-09-05T05:36:33.003208+00:00
2020-08-04,76.3609,portal.amfiindia.com / AMFI Historical NAV,2026-09-05T05:36:33.003208+00:00
2020-08-05,76.7422,portal.amfiindia.com / AMFI Historical NAV,2026-09-05T05:36:33.003208+00:00
2020-08-06,78.9938,portal.amfiindia.com / AMFI Historical NAV,2026-09-05T05:36:33.003208+00:00
2020-08-07,79.1871,portal.amfiindia.com / AMFI Historical NAV,2026-09-05T05:36:33.003208+00:00
2020-08-10,78.7309,portal.amfiindia.com / AMFI Historical NAV,2026-09-05T05:36:33.003208+00:00
2020-08-11,78.9953,portal.amfiindia.com / AMFI Historical NAV,2026-09-05T05:36:33.003208+00:00
2020-08-12,79.6002,portal.amfiindia.com / AMFI Historical NAV,2026-09-05T05:36:33.003208+00:00
2020-08-13,79.3555,portal.amfiindia.com / AMFI Historical NAV,2026-09-05T05:36:33.003208+00:00
2020-08-14,79.572,portal.amfiindia.com / AMFI Historical NAV,2026-09-05T05:36:33.003208+00:00
2020-08-17,78.9501,portal.amfiindia.com / AMFI Historical NAV,2026-09-05T05:36:33.003208+00:00
2020-08-18,78.3369,portal.amfiindia.com / AMFI Historical NAV,2026-09-05T05:36:33.003208+00:00
2020-08-19,76.798,portal.amfiindia.com / AMFI Historical NAV,2026-09-05T05:36:33.003208+00:00
2020-08-20,79.1286,portal.amfiindia.com / AMFI Historical NAV,2026-09-05T05:36:33.003208+00:00
2020-08-21,78.0484,portal.amfiindia.com / AMFI Historical NAV,2026-09-05T05:36:33.003208+00:00
2020-08-24,77.3731,portal.amfiindia.com / AMFI Historical NAV,2026-09-05T05:36:33.003208+00:00
2020-08-25,76.5837,portal.amfiindia.com / AMFI Historical NAV,2026-09-05T05:36:33.003208+00:00
2020-08-26,77.807,portal.amfiindia.com / AMFI Historical NAV,2026-09-05T05:36:33.003208+00:00
2020-08-27,77.799,portal.amfiindia.com / AMFI Historical NAV,2026-09-05T05:36:33.003208+00:00
2020-08-28,79.8672,portal.amfiindia.com / AMFI Historical NAV,2026-09-05T05:36:33.003208+00:00
2020-08-31,79.0956,portal.amfiindia.com / AMFI Historical NAV,2026-09-05T05:36:33.003208+00:00
2020-09-01,79.6853,portal.amfiindia.com / AMFI Historical NAV,2026-09-05T05:36:33.003208+00:00
2020-09-02,78.9443,portal.amfiindia.com / AMFI Historical NAV,2026-09-05T05:36:33.003208+00:00
2020-09-03,81.5844,portal.amfiindia.com / AMFI Historical NAV,2026-09-05T05:36:33.003208+00:00
2020-09-04,80.2973,portal.amfiindia.com / AMFI Historical NAV,2026-09-05T05:36:33.003208+00:00
2020-09-07,80.5579,portal.amfiindia.com / AMFI Historical NAV,2026-09-05T05:36:33.003208+00:00
2020-09-08,81.1552,portal.amfiindia.com / AMFI Historical NAV,2026-09-05T05:36:33.003208+00:00
2020-09-09,81.9969,portal.amfiindia.com / AMFI Historical NAV,2026-09-05T05:36:33.003208+00:00
2020-09-10,81.8926,portal.amfiindia.com / AMFI Historical NAV,2026-09-05T05:36:33.003208+00:00
2020-09-11,82.0036,portal.amfiindia.com / AMFI Historical NAV,2026-09-05T05:36:33.003208+00:00
2020-09-14,82.2838,portal.amfiindia.com / AMFI Historical NAV,2026-09-05T05:36:33.003208+00:00
2020-09-15,82.0822,portal.amfiindia.com / AMFI Historical NAV,2026-09-05T05:36:33.003208+00:00
2020-09-16,83.5401,portal.amfiindia.com / AMFI Historical NAV,2026-09-05T05:36:33.003208+00:00
2020-09-17,86.3592,portal.amfiindia.com / AMFI Historical NAV,2026-09-05T05:36:33.003208+00:00
2020-09-18,86.2051,portal.amfiindia.com / AMFI Historical NAV,2026-09-05T05:36:33.003208+00:00
2020-09-21,84.2429,portal.amfiindia.com / AMFI Historical NAV,2026-09-05T05:36:33.003208+00:00
2020-09-22,84.3113,portal.amfiindia.com / AMFI Historical NAV,2026-09-05T05:36:33.003208+00:00
2020-09-23,87.6928,portal.amfiindia.com / AMFI Historical NAV,2026-09-05T05:36:33.003208+00:00
2020-09-24,86.9819,portal.amfiindia.com / AMFI Historical NAV,2026-09-05T05:36:33.003208+00:00
2020-09-25,89.3731,portal.amfiindia.com / AMFI Historical NAV,2026-09-05T05:36:33.003208+00:00
2020-09-28,91.834,portal.amfiindia.com / AMFI Historical NAV,2026-09-05T05:36:33.003208+00:00
2020-09-29,91.5276,portal.amfiindia.com / AMFI Historical NAV,2026-09-05T05:36:33.003208+00:00
2020-09-30,92.607,portal.amfiindia.com / AMFI Historical NAV,2026-09-05T05:36:33.003208+00:00
2020-10-01,95.3729,portal.amfiindia.com / AMFI Historical NAV,2026-09-05T05:36:33.003208+00:00
2020-10-02,94.7907,portal.amfiindia.com / AMFI Historical NAV,2026-09-05T05:36:33.003208+00:00
2020-10-05,94.3525,portal.amfiindia.com / AMFI Historical NAV,2026-09-05T05:36:33.003208+00:00
2020-10-06,93.785,portal.amfiindia.com / AMFI Historical NAV,2026-09-05T05:36:33.003208+00:00
2020-10-07,92.4641,portal.amfiindia.com / AMFI Historical NAV,2026-09-05T05:36:33.003208+00:00
2020-10-08,91.954,portal.amfiindia.com / AMFI Historical NAV,2026-09-05T05:36:33.003208+00:00
2020-10-09,90.4232,portal.amfiindia.com / AMFI Historical NAV,2026-09-05T05:36:33.003208+00:00
2020-10-12,90.7789,portal.amfiindia.com / AMFI Historical NAV,2026-09-05T05:36:33.003208+00:00
2020-10-13,89.4935,portal.amfiindia.com / AMFI Historical NAV,2026-09-05T05:36:33.003208+00:00
2020-10-14,90.5778,portal.amfiindia.com / AMFI Historical NAV,2026-09-05T05:36:33.003208+00:00
2020-10-15,88.5755,portal.amfiindia.com / AMFI Historical NAV,2026-09-05T05:36:33.003208+00:00
2020-10-16,89.467,portal.amfiindia.com / AMFI Historical NAV,2026-09-05T05:36:33.003208+00:00
2020-10-19,90.661,portal.amfiindia.com / AMFI Historical NAV,2026-09-05T05:36:33.003208+00:00
2020-10-20,88.163,portal.amfiindia.com / AMFI Historical NAV,2026-09-05T05:36:33.003208+00:00
2020-10-21,88.5809,portal.amfiindia.com / AMFI Historical NAV,2026-09-05T05:36:33.003208+00:00
2020-10-22,90.6528,portal.amfiindia.com / AMFI Historical NAV,2026-09-05T05:36:33.003208+00:00
2020-10-23,89.089,portal.amfiindia.com / AMFI Historical NAV,2026-09-05T05:36:33.003208+00:00
2020-10-26,91.6812,portal.amfiindia.com / AMFI Historical NAV,2026-09-05T05:36:33.003208+00:00
2020-10-27,92.7308,portal.amfiindia.com / AMFI Historical NAV,2026-09-05T05:36:33.003208+00:00
2020-10-28,91.621,portal.amfiindia.com / AMFI Historical NAV,2026-09-05T05:36:33.003208+00:00
2020-10-29,91.6078,portal.amfiindia.com / AMFI Historical NAV,2026-09-05T05:36:33.003208+00:00
2020-10-30,92.7905,portal.amfiindia.com / AMFI Historical NAV,2026-09-05T05:36:33.003208+00:00
2020-11-02,93.7435,portal.amfiindia.com / AMFI Historical NAV,2026-09-05T05:36:33.003208+00:00
2020-11-03,94.7576,portal.amfiindia.com / AMFI Historical NAV,2026-09-05T05:36:33.003208+00:00
2020-11-04,93.8215,portal.amfiindia.com / AMFI Historical NAV,2026-09-05T05:36:33.003208+00:00
2020-11-05,94.3017,portal.amfiindia.com / AMFI Historical NAV,2026-09-05T05:36:33.003208+00:00
2020-11-06,93.0233,portal.amfiindia.com / AMFI Historical NAV,2026-09-05T05:36:33.003208+00:00
2020-11-09,92.6325,portal.amfiindia.com / AMFI Historical NAV,2026-09-05T05:36:33.003208+00:00
2020-11-10,91.6038,portal.amfiindia.com / AMFI Historical NAV,2026-09-05T05:36:33.003208+00:00
2020-11-11,90.3556,portal.amfiindia.com / AMFI Historical NAV,2026-09-05T05:36:33.003208+00:00
2020-11-12,91.679,portal.amfiindia.com / AMFI Historical NAV,2026-09-05T05:36:33.003208+00:00
2020-11-13,93.5848,portal.amfiindia.com / AMFI Historical NAV,2026-09-05T05:36:33.003208+00:00
2020-11-16,94.7784,portal.amfiindia.com / AMFI Historical NAV,2026-09-05T05:36:33.003208+00:00
2020-11-17,93.3379,portal.amfiindia.com / AMFI Historical NAV,2026-09-05T05:36:33.003208+00:00
2020-11-18,93.105,portal.amfiindia.com / AMFI Historical NAV,2026-09-05T05:36:33.003208+00:00
2020-11-19,96.0005,portal.amfiindia.com / AMFI Historical NAV,2026-09-05T05:36:33.003208+00:00
2020-11-20,96.4068,portal.amfiindia.com / AMFI Historical NAV,2026-09-05T05:36:33.003208+00:00
2020-11-23,100.3288,portal.amfiindia.com / AMFI Historical NAV,2026-09-05T05:36:33.003208+00:00
2020-11-24,101.0314,portal.amfiindia.com / AMFI Historical NAV,2026-09-05T05:36:33.003208+00:00
2020-11-25,101.7064,portal.amfiindia.com / AMFI Historical NAV,2026-09-05T05:36:33.003208+00:00
2020-11-26,101.4239,portal.amfiindia.com / AMFI Historical NAV,2026-09-05T05:36:33.003208+00:00
2020-11-27,101.7937,portal.amfiindia.com / AMFI Historical NAV,2026-09-05T05:36:33.003208+00:00
2020-11-30,102.3892,portal.amfiindia.com / AMFI Historical NAV,2026-09-05T05:36:33.003208+00:00
2020-12-01,104.1727,portal.amfiindia.com / AMFI Historical NAV,2026-09-05T05:36:33.003208+00:00
2020-12-02,106.0681,portal.amfiindia.com / AMFI Historical NAV,2026-09-05T05:36:33.003208+00:00
2020-12-03,104.323,portal.amfiindia.com / AMFI Historical NAV,2026-09-05T05:36:33.003208+00:00
2020-12-04,102.3228,portal.amfiindia.com / AMFI Historical NAV,2026-09-05T05:36:33.003208+00:00
2020-12-07,100.4914,portal.amfiindia.com / AMFI Historical NAV,2026-09-05T05:36:33.003208+00:00
2020-12-08,101.5021,portal.amfiindia.com / AMFI Historical NAV,2026-09-05T05:36:33.003208+00:00
2020-12-09,100.3645,portal.amfiindia.com / AMFI Historical NAV,2026-09-05T05:36:33.003208+00:00
2020-12-10,97.69,portal.amfiindia.com / AMFI Historical NAV,2026-09-05T05:36:33.003208+00:00
2020-12-11,98.6214,portal.amfiindia.com / AMFI Historical NAV,2026-09-05T05:36:33.003208+00:00
2020-12-14,102.502,portal.amfiindia.com / AMFI Historical NAV,2026-09-05T05:36:33.003208+00:00
2020-12-15,102.0288,portal.amfiindia.com / AMFI Historical NAV,2026-09-05T05:36:33.003208+00:00
2020-12-16,103.8637,portal.amfiindia.com / AMFI Historical NAV,2026-09-05T05:36:33.003208+00:00
2020-12-17,104.0322,portal.amfiindia.com / AMFI Historical NAV,2026-09-05T05:36:33.003208+00:00
2020-12-18,104.2155,portal.amfiindia.com / AMFI Historical NAV,2026-09-05T05:36:33.003208+00:00
2020-12-21,105.6167,portal.amfiindia.com / AMFI Historical NAV,2026-09-05T05:36:33.003208+00:00
2020-12-22,105.346,portal.amfiindia.com / AMFI Historical NAV,2026-09-05T05:36:33.003208+00:00
2020-12-23,106.0917,portal.amfiindia.com / AMFI Historical NAV,2026-09-05T05:36:33.003208+00:00
2020-12-24,107.0077,portal.amfiindia.com / AMFI Historical NAV,2026-09-05T05:36:33.003208+00:00
2020-12-25,105.8267,portal.amfiindia.com / AMFI Historical NAV,2026-09-05T05:36:33.003208+00:00
2020-12-28,108.1475,portal.amfiindia.com / AMFI Historical NAV,2026-09-05T05:36:33.003208+00:00
2020-12-29,107.9582,portal.amfiindia.com / AMFI Historical NAV,2026-09-05T05:36:33.003208+00:00
2020-12-30,106.4371,portal.amfiindia.com / AMFI Historical NAV,2026-09-05T05:36:33.003208+00:00
2020-12-31,107.594,portal.amfiindia.com / AMFI Historical NAV,2026-09-05T05:36:33.003208+00:00
2021-01-01,106.9044,portal.amfiindia.com / AMFI Historical NAV,2026-09-05T05:36:33.003208+00:00
2021-01-04,107.1335,portal.amfiindia.com / AMFI Historical NAV,2026-09-05T05:36:33.003208+00:00
2021-01-05,107.7139,portal.amfiindia.com / AMFI Historical NAV,2026-09-05T05:36:33.003208+00:00
2021-01-06,108.8212,portal.amfiindia.com / AMFI Historical NAV,2026-09-05T05:36:33.003208+00:00
2021-01-07,109.3915,portal.amfiindia.com / AMFI Historical NAV,2026-09-05T05:36:33.003208+00:00
2021-01-08,109.1597,portal.amfiindia.com / AMFI Historical NAV,2026-09-05T05:36:33.003208+00:00
2021-01-11,110.3699,portal.amfiindia.com / AMFI Historical NAV,2026-09-05T05:36:33.003208+00:00
2021-01-12,111.9401,portal.amfiindia.com / AMFI Historical NAV,2026-09-05T05:36:33.003208+00:00
2021-01-13,112.5078,portal.amfiindia.com / AMFI Historical NAV,2026-09-05T05:36:33.003208+00:00
2021-01-14,112.0341,portal.amfiindia.com / AMFI Historical NAV,2026-09-05T05:36:33.003208+00:00
2021-01-15,111.3815,portal.amfiindia.com / AMFI Historical NAV,2026-09-05T05:36:33.003208+00:00
2021-01-18,110.0822,portal.amfiindia.com / AMFI Historical NAV,2026-09-05T05:36:33.003208+00:00
2021-01-19,109.746,portal.amfiindia.com / AMFI Historical NAV,2026-09-05T05:36:33.003208+00:00
2021-01-20,109.429,portal.amfiindia.com / AMFI Historical NAV,2026-09-05T05:36:33.003208+00:00
2021-01-21,109.0102,portal.amfiindia.com / AMFI Historical NAV,2026-09-05T05:36:33.003208+00:00
2021-01-22,108.7302,portal.amfiindia.com / AMFI Historical NAV,2026-09-05T05:36:33.003208+00:00
2021-01-25,108.6989,portal.amfiindia.com / AMFI Historical NAV,2026-09-05T05:36:33.003208+00:00
2021-01-26,109.0199,portal.amfiindia.com / AMFI Historical NAV,2026-09-05T05:36:33.003208+00:00
2021-01-27,109.4633,portal.amfiindia.com / AMFI Historical NAV,2026-09-05T05:36:33.003208+00:00
2021-01-28,110.6414,portal.amfiindia.com / AMFI Historical NAV,2026-09-05T05:36:33.003208+00:00
2021-01-29,108.5398,portal.amfiindia.com / AMFI Historical NAV,2026-09-05T05:36:33.003208+00:00
2021-02-01,107.4938,portal.amfiindia.com / AMFI Historical NAV,2026-09-05T05:36:33.003208+00:00
2021-02-02,107.3266,portal.amfiindia.com / AMFI Historical NAV,2026-09-05T05:36:33.003208+00:00
2021-02-03,106.4113,portal.amfiindia.com / AMFI Historical NAV,2026-09-05T05:36:33.003208+00:00
2021-02-04,106.9745,portal.amfiindia.com / AMFI Historical NAV,2026-09-05T05:36:33.003208+00:00
2021-02-05,108.7664,portal.amfiindia.com / AMFI Historical NAV,2026-09-05T05:36:33.003208+00:00
2021-02-08,109.7698,portal.amfiindia.com / AMFI Historical NAV,2026-09-05T05:36:33.003208+00:00
2021-02-09,109.2632,portal.amfiindia.com / AMFI Historical NAV,2026-09-05T05:36:33.003208+00:00
2021-02-10,110.2646,portal.amfiindia.com / AMFI Historical NAV,2026-09-05T05:36:33.003208+00:00
2021-02-11,109.8294,portal.amfiindia.com / AMFI Historical NAV,2026-09-05T05:36:33.003208+00:00
2021-02-12,109.4872,portal.amfiindia.com / AMFI Historical NAV,2026-09-05T05:36:33.003208+00:00
2021-02-15,108.9506,portal.amfiindia.com / AMFI Historical NAV,2026-09-05T05:36:33.003208+00:00
2021-02-16,108.6074,portal.amfiindia.com / AMFI Historical NAV,2026-09-05T05:36:33.003208+00:00
2021-02-17,108.794,portal.amfiindia.com / AMFI Historical NAV,2026-09-05T05:36:33.003208+00:00
2021-02-18,109.512,portal.amfiindia.com / AMFI Historical NAV,2026-09-05T05:36:33.003208+00:00
2021-02-19,109.7117,portal.amfiindia.com / AMFI Historical NAV,2026-09-05T05:36:33.003208+00:00
2021-02-22,109.2791,portal.amfiindia.com / AMFI Historical NAV,2026-09-05T05:36:33.003208+00:00
2021-02-23,109.6688,portal.amfiindia.com / AMFI Historical NAV,2026-09-05T05:36:33.003208+00:00
2021-02-24,110.778,portal.amfiindia.com / AMFI Historical NAV,2026-09-05T05:36:33.003208+00:00
2021-02-25,111.6438,portal.amfiindia.com / AMFI Historical NAV,2026-09-05T05:36:33.003208+00:00
2021-02-26,110.1056,portal.amfiindia.com / AMFI Historical NAV,2026-09-05T05:36:33.003208+00:00
2021-03-01,107.565,portal.amfiindia.com / AMFI Historical NAV,2026-09-05T05:36:33.003208+00:00
2021-03-02,108.4786,portal.amfiindia.com / AMFI Historical NAV,2026-09-05T05:36:33.003208+00:00
2021-03-03,107.1171,portal.amfiindia.com / AMFI Historical NAV,2026-09-05T05:36:33.003208+00:00
2021-03-04,107.1229,portal.amfiindia.com / AMFI Historical NAV,2026-09-05T05:36:33.003208+00:00
2021-03-05,106.2845,portal.amfiindia.com / AMFI Historical NAV,2026-09-05T05:36:33.003208+00:00
2021-03-08,104.4549,portal.amfiindia.com / AMFI Historical NAV,2026-09-05T05:36:33.003208+00:00
2021-03-09,105.4996,portal.amfiindia.com / AMFI Historical NAV,2026-09-05T05:36:33.003208+00:00
2021-03-10,106.0448,portal.amfiindia.com / AMFI Historical NAV,2026-09-05T05:36:33.003208+00:00
2021-03-11,105.1406,portal.amfiindia.com / AMFI Historical NAV,2026-09-05T05:36:33.003208+00:00
2021-03-12,103.0064,portal.amfiindia.com / AMFI Historical NAV,2026-09-05T05:36:33.003208+00:00
2021-03-15,102.403,portal.amfiindia.com / AMFI Historical NAV,2026-09-05T05:36:33.003208+00:00
2021-03-16,103.0001,portal.amfiindia.com / AMFI Historical NAV,2026-09-05T05:36:33.003208+00:00
2021-03-17,101.0593,portal.amfiindia.com / AMFI Historical NAV,2026-09-05T05:36:33.003208+00:00
2021-03-18,101.7876,portal.amfiindia.com / AMFI Historical NAV,2026-09-05T05:36:33.003208+00:00
2021-03-19,102.1229,portal.amfiindia.com / AMFI Historical NAV,2026-09-05T05:36:33.003208+00:00
2021-03-22,102.3292,portal.amfiindia.com / AMFI Historical NAV,2026-09-05T05:36:33.003208+00:00
2021-03-23,102.1276,portal.amfiindia.com / AMFI Historical NAV,2026-09-05T05:36:33.003208+00:00
2021-03-24,101.9077,portal.amfiindia.com / AMFI Historical NAV,2026-09-05T05:36:33.003208+00:00
2021-03-25,102.9016,portal.amfiindia.com / AMFI Historical NAV,2026-09-05T05:36:33.003208+00:00
2021-03-26,102.6455,portal.amfiindia.com / AMFI Historical NAV,2026-09-05T05:36:33.003208+00:00
2021-03-29,102.0679,portal.amfiindia.com / AMFI Historical NAV,2026-09-05T05:36:33.003208+00:00
2021-03-30,101.2645,portal.amfiindia.com / AMFI Historical NAV,2026-09-05T05:36:33.003208+00:00
2021-03-31,100.9424,portal.amfiindia.com / AMFI Historical NAV,2026-09-05T05:36:33.003208+00:00
2021-04-01,100.5138,portal.amfiindia.com / AMFI Historical NAV,2026-09-05T05:36:33.003208+00:00
2021-04-02,100.0805,portal.amfiindia.com / AMFI Historical NAV,2026-09-05T05:36:33.003208+00:00
2021-04-05,101.2763,portal.amfiindia.com / AMFI Historical NAV,2026-09-05T05:36:33.003208+00:00
2021-04-06,100.3309,portal.amfiindia.com / AMFI Historical NAV,2026-09-05T05:36:33.003208+00:00
2021-04-07,99.3477,portal.amfiindia.com / AMFI Historical NAV,2026-09-05T05:36:33.003208+00:00
2021-04-08,100.3088,portal.amfiindia.com / AMFI Historical NAV,2026-09-05T05:36:33.003208+00:00
2021-04-09,100.5907,portal.amfiindia.com / AMFI Historical NAV,2026-09-05T05:36:33.003208+00:00
2021-04-12,100.1505,portal.amfiindia.com / AMFI Historical NAV,2026-09-05T05:36:33.003208+00:00
2021-04-13,101.5385,portal.amfiindia.com / AMFI Historical NAV,2026-09-05T05:36:33.003208+00:00
2021-04-14,101.1181,portal.amfiindia.com / AMFI Historical NAV,2026-09-05T05:36:33.003208+00:00
2021-04-15,102.1243,portal.amfiindia.com / AMFI Historical NAV,2026-09-05T05:36:33.003208+00:00
2021-04-16,102.8326,portal.amfiindia.com / AMFI Historical NAV,2026-09-05T05:36:33.003208+00:00
2021-04-19,102.8623,portal.amfiindia.com / AMFI Historical NAV,2026-09-05T05:36:33.003208+00:00
2021-04-20,104.689,portal.amfiindia.com / AMFI Historical NAV,2026-09-05T05:36:33.003208+00:00
2021-04-21,104.1556,portal.amfiindia.com / AMFI Historical NAV,2026-09-05T05:36:33.003208+00:00
2021-04-22,104.9294,portal.amfiindia.com / AMFI Historical NAV,2026-09-05T05:36:33.003208+00:00
2021-04-23,104.4418,portal.amfiindia.com / AMFI Historical NAV,2026-09-05T05:36:33.003208+00:00
2021-04-26,106.3121,portal.amfiindia.com / AMFI Historical NAV,2026-09-05T05:36:33.003208+00:00
2021-04-27,107.6389,portal.amfiindia.com / AMFI Historical NAV,2026-09-05T05:36:33.003208+00:00
2021-04-28,107.9846,portal.amfiindia.com / AMFI Historical NAV,2026-09-05T05:36:33.003208+00:00
2021-04-29,107.3914,portal.amfiindia.com / AMFI Historical NAV,2026-09-05T05:36:33.003208+00:00
2021-04-30,108.3839,portal.amfiindia.com / AMFI Historical NAV,2026-09-05T05:36:33.003208+00:00
2021-05-03,108.0211,portal.amfiindia.com / AMFI Historical NAV,2026-09-05T05:36:33.003208+00:00
2021-05-04,110.0158,portal.amfiindia.com / AMFI Historical NAV,2026-09-05T05:36:33.003208+00:00
2021-05-05,110.0087,portal.amfiindia.com / AMFI Historical NAV,2026-09-05T05:36:33.003208+00:00
2021-05-06,110.0729,portal.amfiindia.com / AMFI Historical NAV,2026-09-05T05:36:33.003208+00:00
2021-05-07,109.7889,portal.amfiindia.com / AMFI Historical NAV,2026-09-05T05:36:33.003208+00:00
2021-05-10,108.8522,portal.amfiindia.com / AMFI Historical NAV,2026-09-05T05:36:33.003208+00:00
2021-05-11,107.7142,portal.amfiindia.com / AMFI Historical NAV,2026-09-05T05:36:33.003208+00:00
2021-05-12,109.4114,portal.amfiindia.com / AMFI Historical NAV,2026-09-05T05:36:33.003208+00:00
2021-05-13,108.9849,portal.amfiindia.com / AMFI Historical NAV,2026-09-05T05:36:33.003208+00:00
2021-05-14,108.3431,portal.amfiindia.com / AMFI Historical NAV,2026-09-05T05:36:33.003208+00:00
2021-05-17,109.0355,portal.amfiindia.com / AMFI Historical NAV,2026-09-05T05:36:33.003208+00:00
2021-05-18,109.7565,portal.amfiindia.com / AMFI Historical NAV,2026-09-05T05:36:33.003208+00:00
2021-05-19,110.3241,portal.amfiindia.com / AMFI Historical NAV,2026-09-05T05:36:33.003208+00:00
2021-05-20,111.6716,portal.amfiindia.com / AMFI Historical NAV,2026-09-05T05:36:33.003208+00:00
2021-05-21,111.1397,portal.amfiindia.com / AMFI Historical NAV,2026-09-05T05:36:33.003208+00:00
2021-05-24,110.2967,portal.amfiindia.com / AMFI Historical NAV,2026-09-05T05:36:33.003208+00:00
2021-05-25,112.0464,portal.amfiindia.com / AMFI Historical NAV,2026-09-05T05:36:33.003208+00:00
2021-05-26,111.5608,portal.amfiindia.com / AMFI Historical NAV,2026-09-05T05:36:33.003208+00:00
2021-05-27,111.205,portal.amfiindia.com / AMFI Historical NAV,2026-09-05T05:36:33.003208+00:00
2021-05-28,112.6991,portal.amfiindia.com / AMFI Historical NAV,2026-09-05T05:36:33.003208+00:00
2021-05-31,112.6288,portal.amfiindia.com / AMFI Historical NAV,2026-09-05T05:36:33.003208+00:00
2021-06-01,113.8061,portal.amfiindia.com / AMFI Historical NAV,2026-09-05T05:36:33.003208+00:00
2021-06-02,116.2908,portal.amfiindia.com / AMFI Historical NAV,2026-09-05T05:36:33.003208+00:00
2021-06-03,116.223,portal.amfiindia.com / AMFI Historical NAV,2026-09-05T05:36:33.003208+00:00
2021-06-04,116.7872,portal.amfiindia.com / AMFI Historical NAV,2026-09-05T05:36:33.003208+00:00
2021-06-07,117.4468,portal.amfiindia.com / AMFI Historical NAV,2026-09-05T05:36:33.003208+00:00
2021-06-08,118.6771,portal.amfiindia.com / AMFI Historical NAV,2026-09-05T05:36:33.003208+00:00
2021-06-09,119.9743,portal.amfiindia.com / AMFI Historical NAV,2026-09-05T05:36:33.003208+00:00
2021-06-10,120.9588,portal.amfiindia.com / AMFI Historical NAV,2026-09-05T05:36:33.003208+00:00
2021-06-11,121.7043,portal.amfiindia.com / AMFI Historical NAV,2026-09-05T05:36:33.003208+00:00
2021-06-14,122.4635,portal.amfiindia.com / AMFI Historical NAV,2026-09-05T05:36:33.003208+00:00
2021-06-15,122.4233,portal.amfiindia.com / AMFI Historical NAV,2026-09-05T05:36:33.003208+00:00
2021-06-16,121.9961,portal.amfiindia.com / AMFI Historical NAV,2026-09-05T05:36:33.003208+00:00
2021-06-17,120.8242,portal.amfiindia.com / AMFI Historical NAV,2026-09-05T05:36:33.003208+00:00
2021-06-18,119.3219,portal.amfiindia.com / AMFI Historical NAV,2026-09-05T05:36:33.003208+00:00
2021-06-21,121.0577,portal.amfiindia.com / AMFI Historical NAV,2026-09-05T05:36:33.003208+00:00
2021-06-22,119.5079,portal.amfiindia.com / AMFI Historical NAV,2026-09-05T05:36:33.003208+00:00
2021-06-23,119.4924,portal.amfiindia.com / AMFI Historical NAV,2026-09-05T05:36:33.003208+00:00
2021-06-24,119.3785,portal.amfiindia.com / AMFI Historical NAV,2026-09-05T05:36:33.003208+00:00
2021-06-25,119.6141,portal.amfiindia.com / AMFI Historical NAV,2026-09-05T05:36:33.003208+00:00
2021-06-28,120.9341,portal.amfiindia.com / AMFI Historical NAV,2026-09-05T05:36:33.003208+00:00
2021-06-29,122.2153,portal.amfiindia.com / AMFI Historical NAV,2026-09-05T05:36:33.003208+00:00
2021-06-30,122.0739,portal.amfiindia.com / AMFI Historical NAV,2026-09-05T05:36:33.003208+00:00
2021-07-01,122.0213,portal.amfiindia.com / AMFI Historical NAV,2026-09-05T05:36:33.003208+00:00
2021-07-02,122.7183,portal.amfiindia.com / AMFI Historical NAV,2026-09-05T05:36:33.003208+00:00
2021-07-05,122.4583,portal.amfiindia.com / AMFI Historical NAV,2026-09-05T05:36:33.003208+00:00
2021-07-06,125.1218,portal.amfiindia.com / AMFI Historical NAV,2026-09-05T05:36:33.003208+00:00
2021-07-07,125.5353,portal.amfiindia.com / AMFI Historical NAV,2026-09-05T05:36:33.003208+00:00
2021-07-08,127.3191,portal.amfiindia.com / AMFI Historical NAV,2026-09-05T05:36:33.003208+00:00
2021-07-09,128.2566,portal.amfiindia.com / AMFI Historical NAV,2026-09-05T05:36:33.003208+00:00
2021-07-12,129.2359,portal.amfiindia.com / AMFI Historical NAV,2026-09-05T05:36:33.003208+00:00
2021-07-13,130.1551,portal.amfiindia.com / AMFI Historical NAV,2026-09-05T05:36:33.003208+00:00
2021-07-14,128.8993,portal.amfiindia.com / AMFI Historical NAV,2026-09-05T05:36:33.003208+00:00
2021-07-15,129.8649,portal.amfiindia.com / AMFI Historical NAV,2026-09-05T05:36:33.003208+00:00
2021-07-16,129.779,portal.amfiindia.com / AMFI Historical NAV,2026-09-05T05:36:33.003208+00:00
2021-07-19,129.4887,portal.amfiindia.com / AMFI Historical NAV,2026-09-05T05:36:33.003208+00:00
2021-07-20,130.1112,portal.amfiindia.com / AMFI Historical NAV,2026-09-05T05:36:33.003208+00:00
2021-07-21,132.0968,portal.amfiindia.com / AMFI Historical NAV,2026-09-05T05:36:33.003208+00:00
2021-07-22,132.3084,portal.amfiindia.com / AMFI Historical NAV,2026-09-05T05:36:33.003208+00:00
2021-07-23,133.1278,portal.amfiindia.com / AMFI Historical NAV,2026-09-05T05:36:33.003208+00:00
2021-07-26,134.4544,portal.amfiindia.com / AMFI Historical NAV,2026-09-05T05:36:33.003208+00:00
2021-07-27,135.11,portal.amfiindia.com / AMFI Historical NAV,2026-09-05T05:36:33.003208+00:00
2021-07-28,138.1423,portal.amfiindia.com / AMFI Historical NAV,2026-09-05T05:36:33.003208+00:00
2021-07-29,139.7116,portal.amfiindia.com / AMFI Historical NAV,2026-09-05T05:36:33.003208+00:00
2021-07-30,138.0003,portal.amfiindia.com / AMFI Historical NAV,2026-09-05T05:36:33.003208+00:00
2021-08-02,139.2114,portal.amfiindia.com / AMFI Historical NAV,2026-09-05T05:36:33.003208+00:00
2021-08-03,140.0791,portal.amfiindia.com / AMFI Historical NAV,2026-09-05T05:36:33.003208+00:00
2021-08-04,141.4507,portal.amfiindia.com / AMFI Historical NAV,2026-09-05T05:36:33.003208+00:00
2021-08-05,143.1792,portal.amfiindia.com / AMFI Historical NAV,2026-09-05T05:36:33.003208+00:00
2021-08-06,144.0619,portal.amfiindia.com / AMFI Historical NAV,2026-09-05T05:36:33.003208+00:00
2021-08-09,142.8795,portal.amfiindia.com / AMFI Historical NAV,2026-09-05T05:36:33.003208+00:00
2021-08-10,143.4995,portal.amfiindia.com / AMFI Historical NAV,2026-09-05T05:36:33.003208+00:00
2021-08-11,142.3806,portal.amfiindia.com / AMFI Historical NAV,2026-09-05T05:36:33.003208+00:00
2021-08-12,141.5122,portal.amfiindia.com / AMFI Historical NAV,2026-09-05T05:36:33.003208+00:00
2021-08-13,142.464,portal.amfiindia.com / AMFI Historical NAV,2026-09-05T05:36:33.003208+00:00
2021-08-16,144.9493,portal.amfiindia.com / AMFI Historical NAV,2026-09-05T05:36:33.003208+00:00
2021-08-17,145.4872,portal.amfiindia.com / AMFI Historical NAV,2026-09-05T05:36:33.003208+00:00
2021-08-18,144.3928,portal.amfiindia.com / AMFI Historical NAV,2026-09-05T05:36:33.003208+00:00
2021-08-19,145.2957,portal.amfiindia.com / AMFI Historical NAV,2026-09-05T05:36:33.003208+00:00
2021-08-20,146.5992,portal.amfiindia.com / AMFI Historical NAV,2026-09-05T05:36:33.003208+00:00
2021-08-23,146.2459,portal.amfiindia.com / AMFI Historical NAV,2026-09-05T05:36:33.003208+00:00
2021-08-24,146.6584,portal.amfiindia.com / AMFI Historical NAV,2026-09-05T05:36:33.003208+00:00
2021-08-25,146.9599,portal.amfiindia.com / AMFI Historical NAV,2026-09-05T05:36:33.003208+00:00
2021-08-26,146.6582,portal.amfiindia.com / AMFI Historical NAV,2026-09-05T05:36:33.003208+00:00
2021-08-27,147.1682,portal.amfiindia.com / AMFI Historical NAV,2026-09-05T05:36:33.003208+00:00
2021-08-30,147.4256,portal.amfiindia.com / AMFI Historical NAV,2026-09-05T05:36:33.003208+00:00
2021-08-31,147.6617,portal.amfiindia.com / AMFI Historical NAV,2026-09-05T05:36:33.003208+00:00
2021-09-01,146.2208,portal.amfiindia.com / AMFI Historical NAV,2026-09-05T05:36:33.003208+00:00
2021-09-02,145.5864,portal.amfiindia.com / AMFI Historical NAV,2026-09-05T05:36:33.003208+00:00
2021-09-03,146.3081,portal.amfiindia.com / AMFI Historical NAV,2026-09-05T05:36:33.003208+00:00
2021-09-06,145.793,portal.amfiindia.com / AMFI Historical NAV,2026-09-05T05:36:33.003208+00:00
2021-09-07,148.1259,portal.amfiindia.com / AMFI Historical NAV,2026-09-05T05:36:33.003208+00:00
2021-09-08,148.185,portal.amfiindia.com / AMFI Historical NAV,2026-09-05T05:36:33.003208+00:00
2021-09-09,148.5451,portal.amfiindia.com / AMFI Historical NAV,2026-09-05T05:36:33.003208+00:00
2021-09-10,149.2701,portal.amfiindia.com / AMFI Historical NAV,2026-09-05T05:36:33.003208+00:00
2021-09-13,148.124,portal.amfiindia.com / AMFI Historical NAV,2026-09-05T05:36:33.003208+00:00
2021-09-14,145.6608,portal.amfiindia.com / AMFI Historical NAV,2026-09-05T05:36:33.003208+00:00
2021-09-15,143.8807,portal.amfiindia.com / AMFI Historical NAV,2026-09-05T05:36:33.003208+00:00
2021-09-16,145.8789,portal.amfiindia.com / AMFI Historical NAV,2026-09-05T05:36:33.003208+00:00
2021-09-17,145.4622,portal.amfiindia.com / AMFI Historical NAV,2026-09-05T05:36:33.003208+00:00
2021-09-20,149.4272,portal.amfiindia.com / AMFI Historical NAV,2026-09-05T05:36:33.003208+00:00
2021-09-21,149.1092,portal.amfiindia.com / AMFI Historical NAV,2026-09-05T05:36:33.003208+00:00
2021-09-22,149.1772,portal.amfiindia.com / AMFI Historical NAV,2026-09-05T05:36:33.003208+00:00
2021-09-23,152.3918,portal.amfiindia.com / AMFI Historical NAV,2026-09-05T05:36:33.003208+00:00
2021-09-24,155.3922,portal.amfiindia.com / AMFI Historical NAV,2026-09-05T05:36:33.003208+00:00
2021-09-27,158.3684,portal.amfiindia.com / AMFI Historical NAV,2026-09-05T05:36:33.003208+00:00
2021-09-28,160.7378,portal.amfiindia.com / AMFI Historical NAV,2026-09-05T05:36:33.003208+00:00
2021-09-29,162.5369,portal.amfiindia.com / AMFI Historical NAV,2026-09-05T05:36:33.003208+00:00
2021-09-30,163.8105,portal.amfiindia.com / AMFI Historical NAV,2026-09-05T05:36:33.003208+00:00
2021-10-01,166.3911,portal.amfiindia.com / AMFI Historical NAV,2026-09-05T05:36:33.003208+00:00
2021-10-04,165.6798,portal.amfiindia.com / AMFI Historical NAV,2026-09-05T05:36:33.003208+00:00
2021-10-05,164.5602,portal.amfiindia.com / AMFI Historical NAV,2026-09-05T05:36:33.003208+00:00
2021-10-06,164.8452,portal.amfiindia.com / AMFI Historical NAV,2026-09-05T05:36:33.003208+00:00
2021-10-07,165.3604,portal.amfiindia.com / AMFI Historical NAV,2026-09-05T05:36:33.003208+00:00
2021-10-08,164.1855,portal.amfiindia.com / AMFI Historical NAV,2026-09-05T05:36:33.003208+00:00
2021-10-11,164.4577,portal.amfiindia.com / AMFI Historical NAV,2026-09-05T05:36:33.003208+00:00
2021-10-12,165.7859,portal.amfiindia.com / AMFI Historical NAV,2026-09-05T05:36:33.003208+00:00
2021-10-13,165.3366,portal.amfiindia.com / AMFI Historical NAV,2026-09-05T05:36:33.003208+00:00
2021-10-14,167.514,portal.amfiindia.com / AMFI Historical NAV,2026-09-05T05:36:33.003208+00:00
2021-10-15,166.3162,portal.amfiindia.com / AMFI Historical NAV,2026-09-05T05:36:33.003208+00:00
2021-10-18,165.8225,portal.amfiindia.com / AMFI Historical NAV,2026-09-05T05:36:33.003208+00:00
2021-10-19,163.3585,portal.amfiindia.com / AMFI Historical NAV,2026-09-05T05:36:33.003208+00:00
2021-10-20,159.0875,portal.amfiindia.com / AMFI Historical NAV,2026-09-05T05:36:33.003208+00:00
2021-10-21,159.2004,portal.amfiindia.com / AMFI Historical NAV,2026-09-05T05:36:33.003208+00:00
2021-10-22,158.0065,portal.amfiindia.com / AMFI Historical NAV,2026-09-05T05:36:33.003208+00:00
2021-10-25,161.5587,portal.amfiindia.com / AMFI Historical NAV,2026-09-05T05:36:33.003208+00:00
2021-10-26,163.2328,portal.amfiindia.com / AMFI Historical NAV,2026-09-05T05:36:33.003208+00:00
2021-10-27,161.2849,portal.amfiindia.com / AMFI Historical NAV,2026-09-05T05:36:33.003208+00:00
2021-10-28,165.8573,portal.amfiindia.com / AMFI Historical NAV,2026-09-05T05:36:33.003208+00:00
2021-10-29,169.608,portal.amfiindia.com / AMFI Historical NAV,2026-09-05T05:36:33.003208+00:00
2021-11-01,170.6552,portal.amfiindia.com / AMFI Historical NAV,2026-09-05T05:36:33.003208+00:00
2021-11-02,170.0541,portal.amfiindia.com / AMFI Historical NAV,2026-09-05T05:36:33.003208+00:00
2021-11-03,167.4766,portal.amfiindia.com / AMFI Historical NAV,2026-09-05T05:36:33.003208+00:00
2021-11-04,166.4977,portal.amfiindia.com / AMFI Historical NAV,2026-09-05T05:36:33.003208+00:00
2021-11-05,169.6266,portal.amfiindia.com / AMFI Historical NAV,2026-09-05T05:36:33.003208+00:00
2021-11-08,173.2019,portal.amfiindia.com / AMFI Historical NAV,2026-09-05T05:36:33.003208+00:00
2021-11-09,176.2929,portal.amfiindia.com / AMFI Historical NAV,2026-09-05T05:36:33.003208+00:00
2021-11-10,175.7077,portal.amfiindia.com / AMFI Historical NAV,2026-09-05T05:36:33.003208+00:00
2021-11-11,173.4156,portal.amfiindia.com / AMFI Historical NAV,2026-09-05T05:36:33.003208+00:00
2021-11-12,173.4328,portal.amfiindia.com / AMFI Historical NAV,2026-09-05T05:36:33.003208+00:00
2021-11-15,169.5404,portal.amfiindia.com / AMFI Historical NAV,2026-09-05T05:36:33.003208+00:00
2021-11-16,170.3395,portal.amfiindia.com / AMFI Historical NAV,2026-09-05T05:36:33.003208+00:00
2021-11-17,170.6345,portal.amfiindia.com / AMFI Historical NAV,2026-09-05T05:36:33.003208+00:00
2021-11-18,169.4546,portal.amfiindia.com / AMFI Historical NAV,2026-09-05T05:36:33.003208+00:00
2021-11-19,166.1424,portal.amfiindia.com / AMFI Historical NAV,2026-09-05T05:36:33.003208+00:00
2021-11-22,168.5064,portal.amfiindia.com / AMFI Historical NAV,2026-09-05T05:36:33.003208+00:00
2021-11-23,167.4518,portal.amfiindia.com / AMFI Historical NAV,2026-09-05T05:36:33.003208+00:00
2021-11-24,164.6642,portal.amfiindia.com / AMFI Historical NAV,2026-09-05T05:36:33.003208+00:00
2021-11-25,158.4095,portal.amfiindia.com / AMFI Historical NAV,2026-09-05T05:36:33.003208+00:00
2021-11-26,158.0583,portal.amfiindia.com / AMFI Historical NAV,2026-09-05T05:36:33.003208+00:00
2021-11-29,162.9163,portal.amfiindia.com / AMFI Historical NAV,2026-09-05T05:36:33.003208+00:00
2021-11-30,166.5963,portal.amfiindia.com / AMFI Historical NAV,2026-09-05T05:36:33.003208+00:00
2021-12-01,165.2912,portal.amfiindia.com / AMFI Historical NAV,2026-09-05T05:36:33.003208+00:00
2021-12-02,163.3881,portal.amfiindia.com / AMFI Historical NAV,2026-09-05T05:36:33.003208+00:00
2021-12-03,164.8552,portal.amfiindia.com / AMFI Historical NAV,2026-09-05T05:36:33.003208+00:00
2021-12-06,162.9033,portal.amfiindia.com / AMFI Historical NAV,2026-09-05T05:36:33.003208+00:00
2021-12-07,163.2135,portal.amfiindia.com / AMFI Historical NAV,2026-09-05T05:36:33.003208+00:00
2021-12-08,165.0898,portal.amfiindia.com / AMFI Historical NAV,2026-09-05T05:36:33.003208+00:00
2021-12-09,166.9989,portal.amfiindia.com / AMFI Historical NAV,2026-09-05T05:36:33.003208+00:00
2021-12-10,166.7378,portal.amfiindia.com / AMFI Historical NAV,2026-09-05T05:36:33.003208+00:00
2021-12-13,166.3743,portal.amfiindia.com / AMFI Historical NAV,2026-09-05T05:36:33.003208+00:00
2021-12-14,165.0986,portal.amfiindia.com / AMFI Historical NAV,2026-09-05T05:36:33.003208+00:00
2021-12-15,162.721,portal.amfiindia.com / AMFI Historical NAV,2026-09-05T05:36:33.003208+00:00
2021-12-16,161.4702,portal.amfiindia.com / AMFI Historical NAV,2026-09-05T05:36:33.003208+00:00
2021-12-17,161.7302,portal.amfiindia.com / AMFI Historical NAV,2026-09-05T05:36:33.003208+00:00
2021-12-20,162.9886,portal.amfiindia.com / AMFI Historical NAV,2026-09-05T05:36:33.003208+00:00
2021-12-21,161.7248,portal.amfiindia.com / AMFI Historical NAV,2026-09-05T05:36:33.003208+00:00
2021-12-22,165.6679,portal.amfiindia.com / AMFI Historical NAV,2026-09-05T05:36:33.003208+00:00
2021-12-23,165.0876,portal.amfiindia.com / AMFI Historical NAV,2026-09-05T05:36:33.003208+00:00
2021-12-24,165.5212,portal.amfiindia.com / AMFI Historical NAV,2026-09-05T05:36:33.003208+00:00
2021-12-27,163.7677,portal.amfiindia.com / AMFI Historical NAV,2026-09-05T05:36:33.003208+00:00
2021-12-28,158.1521,portal.amfiindia.com / AMFI Historical NAV,2026-09-05T05:36:33.003208+00:00
2021-12-29,159.7947,portal.amfiindia.com / AMFI Historical NAV,2026-09-05T05:36:33.003208+00:00
2021-12-30,161.1424,portal.amfiindia.com / AMFI Historical NAV,2026-09-05T05:36:33.003208+00:00
2021-12-31,159.6523,portal.amfiindia.com / AMFI Historical NAV,2026-09-05T05:36:33.003208+00:00
2022-01-03,159.8068,portal.amfiindia.com / AMFI Historical NAV,2026-09-05T05:36:33.003208+00:00
2022-01-04,160.7998,portal.amfiindia.com / AMFI Historical NAV,2026-09-05T05:36:33.003208+00:00
2022-01-05,157.5925,portal.amfiindia.com / AMFI Historical NAV,2026-09-05T05:36:33.003208+00:00
2022-01-06,156.3756,portal.amfiindia.com / AMFI Historical NAV,2026-09-05T05:36:33.003208+00:00
2022-01-07,157.887,portal.amfiindia.com / AMFI Historical NAV,2026-09-05T05:36:33.003208+00:00
2022-01-10,154.6398,portal.amfiindia.com / AMFI Historical NAV,2026-09-05T05:36:33.003208+00:00
2022-01-11,155.1811,portal.amfiindia.com / AMFI Historical NAV,2026-09-05T05:36:33.003208+00:00
2022-01-12,152.521,portal.amfiindia.com / AMFI Historical NAV,2026-09-05T05:36:33.003208+00:00
2022-01-13,152.8604,portal.amfiindia.com / AMFI Historical NAV,2026-09-05T05:36:33.003208+00:00
2022-01-14,152.7121,portal.amfiindia.com / AMFI Historical NAV,2026-09-05T05:36:33.003208+00:00
2022-01-17,149.3212,portal.amfiindia.com / AMFI Historical NAV,2026-09-05T05:36:33.003208+00:00
2022-01-18,151.2746,portal.amfiindia.com / AMFI Historical NAV,2026-09-05T05:36:33.003208+00:00
2022-01-19,149.3706,portal.amfiindia.com / AMFI Historical NAV,2026-09-05T05:36:33.003208+00:00
2022-01-20,147.7023,portal.amfiindia.com / AMFI Historical NAV,2026-09-05T05:36:33.003208+00:00
2022-01-21,147.4967,portal.amfiindia.com / AMFI Historical NAV,2026-09-05T05:36:33.003208+00:00
2022-01-24,149.8662,portal.amfiindia.com / AMFI Historical NAV,2026-09-05T05:36:33.003208+00:00
2022-01-25,147.2635,portal.amfiindia.com / AMFI Historical NAV,2026-09-05T05:36:33.003208+00:00
2022-01-26,147.7481,portal.amfiindia.com / AMFI Historical NAV,2026-09-05T05:36:33.003208+00:00
2022-01-27,149.5436,portal.amfiindia.com / AMFI Historical NAV,2026-09-05T05:36:33.003208+00:00
2022-01-28,150.4683,portal.amfiindia.com / AMFI Historical NAV,2026-09-05T05:36:33.003208+00:00
2022-01-31,150.9617,portal.amfiindia.com / AMFI Historical NAV,2026-09-05T05:36:33.003208+00:00
2022-02-01,149.7601,portal.amfiindia.com / AMFI Historical NAV,2026-09-05T05:36:33.003208+00:00
2022-02-02,148.4159,portal.amfiindia.com / AMFI Historical NAV,2026-09-05T05:36:33.003208+00:00
2022-02-03,147.9175,portal.amfiindia.com / AMFI Historical NAV,2026-09-05T05:36:33.003208+00:00
2022-02-04,145.8449,portal.amfiindia.com / AMFI Historical NAV,2026-09-05T05:36:33.003208+00:00
2022-02-07,139.5088,portal.amfiindia.com / AMFI Historical NAV,2026-09-05T05:36:33.003208+00:00
2022-02-08,140.154,portal.amfiindia.com / AMFI Historical NAV,2026-09-05T05:36:33.003208+00:00
2022-02-09,141.3544,portal.amfiindia.com / AMFI Historical NAV,2026-09-05T05:36:33.003208+00:00
2022-02-10,137.0154,portal.amfiindia.com / AMFI Historical NAV,2026-09-05T05:36:33.003208+00:00
2022-02-11,134.6712,portal.amfiindia.com / AMFI Historical NAV,2026-09-05T05:36:33.003208+00:00
2022-02-14,135.9381,portal.amfiindia.com / AMFI Historical NAV,2026-09-05T05:36:33.003208+00:00
2022-02-15,139.534,portal.amfiindia.com / AMFI Historical NAV,2026-09-05T05:36:33.003208+00:00
2022-02-16,139.422,portal.amfiindia.com / AMFI Historical NAV,2026-09-05T05:36:33.003208+00:00
2022-02-17,137.9875,portal.amfiindia.com / AMFI Historical NAV,2026-09-05T05:36:33.003208+00:00
2022-02-18,137.2232,portal.amfiindia.com / AMFI Historical NAV,2026-09-05T05:36:33.003208+00:00
2022-02-21,139.7962,portal.amfiindia.com / AMFI Historical NAV,2026-09-05T05:36:33.003208+00:00
2022-02-22,139.0951,portal.amfiindia.com / AMFI Historical NAV,2026-09-05T05:36:33.003208+00:00
2022-02-23,137.1417,portal.amfiindia.com / AMFI Historical NAV,2026-09-05T05:36:33.003208+00:00
2022-02-24,136.6135,portal.amfiindia.com / AMFI Historical NAV,2026-09-05T05:36:33.003208+00:00
2022-02-25,135.339,portal.amfiindia.com / AMFI Historical NAV,2026-09-05T05:36:33.003208+00:00
2022-02-28,135.1347,portal.amfiindia.com / AMFI Historical NAV,2026-09-05T05:36:33.003208+00:00
2022-03-01,137.4565,portal.amfiindia.com / AMFI Historical NAV,2026-09-05T05:36:33.003208+00:00
2022-03-02,138.088,portal.amfiindia.com / AMFI Historical NAV,2026-09-05T05:36:33.003208+00:00
2022-03-03,137.2804,portal.amfiindia.com / AMFI Historical NAV,2026-09-05T05:36:33.003208+00:00
2022-03-04,137.3982,portal.amfiindia.com / AMFI Historical NAV,2026-09-05T05:36:33.003208+00:00
2022-03-07,134.3636,portal.amfiindia.com / AMFI Historical NAV,2026-09-05T05:36:33.003208+00:00
2022-03-08,135.5682,portal.amfiindia.com / AMFI Historical NAV,2026-09-05T05:36:33.003208+00:00
2022-03-09,134.8561,portal.amfiindia.com / AMFI Historical NAV,2026-09-05T05:36:33.003208+00:00
2022-03-10,134.8627,portal.amfiindia.com / AMFI Historical NAV,2026-09-05T05:36:33.003208+00:00
2022-03-11,140.4396,portal.amfiindia.com / AMFI Historical NAV,2026-09-05T05:36:33.003208+00:00
2022-03-14,140.9292,portal.amfiindia.com / AMFI Historical NAV,2026-09-05T05:36:33.003208+00:00
2022-03-15,139.7748,portal.amfiindia.com / AMFI Historical NAV,2026-09-05T05:36:33.003208+00:00
2022-03-16,138.6501,portal.amfiindia.com / AMFI Historical NAV,2026-09-05T05:36:33.003208+00:00
2022-03-17,140.7125,portal.amfiindia.com / AMFI Historical NAV,2026-09-05T05:36:33.003208+00:00
2022-03-18,140.8195,portal.amfiindia.com / AMFI Historical NAV,2026-09-05T05:36:33.003208+00:00
2022-03-21,138.2246,portal.amfiindia.com / AMFI Historical NAV,2026-09-05T05:36:33.003208+00:00
2022-03-22,140.11,portal.amfiindia.com / AMFI Historical NAV,2026-09-05T05:36:33.003208+00:00
2022-03-23,138.6289,portal.amfiindia.com / AMFI Historical NAV,2026-09-05T05:36:33.003208+00:00
2022-03-24,142.1152,portal.amfiindia.com / AMFI Historical NAV,2026-09-05T05:36:33.003208+00:00
2022-03-25,143.9568,portal.amfiindia.com / AMFI Historical NAV,2026-09-05T05:36:33.003208+00:00
2022-03-28,142.3281,portal.amfiindia.com / AMFI Historical NAV,2026-09-05T05:36:33.003208+00:00
2022-03-29,144.8337,portal.amfiindia.com / AMFI Historical NAV,2026-09-05T05:36:33.003208+00:00
2022-03-30,145.6829,portal.amfiindia.com / AMFI Historical NAV,2026-09-05T05:36:33.003208+00:00
2022-03-31,146.8928,portal.amfiindia.com / AMFI Historical NAV,2026-09-05T05:36:33.003208+00:00
2022-04-01,147.4198,portal.amfiindia.com / AMFI Historical NAV,2026-09-05T05:36:33.003208+00:00
2022-04-04,145.2132,portal.amfiindia.com / AMFI Historical NAV,2026-09-05T05:36:33.003208+00:00
2022-04-05,144.1386,portal.amfiindia.com / AMFI Historical NAV,2026-09-05T05:36:33.003208+00:00
2022-04-06,146.2622,portal.amfiindia.com / AMFI Historical NAV,2026-09-05T05:36:33.003208+00:00
2022-04-07,145.412,portal.amfiindia.com / AMFI Historical NAV,2026-09-05T05:36:33.003208+00:00
2022-04-08,144.098,portal.amfiindia.com / AMFI Historical NAV,2026-09-05T05:36:33.003208+00:00
2022-04-11,142.1424,portal.amfiindia.com / AMFI Historical NAV,2026-09-05T05:36:33.003208+00:00
2022-04-12,142.1956,portal.amfiindia.com / AMFI Historical NAV,2026-09-05T05:36:33.003208+00:00
2022-04-13,146.1748,portal.amfiindia.com / AMFI Historical NAV,2026-09-05T05:36:33.003208+00:00
2022-04-14,144.3073,portal.amfiindia.com / AMFI Historical NAV,2026-09-05T05:36:33.003208+00:00
2022-04-15,143.7062,portal.amfiindia.com / AMFI Historical NAV,2026-09-05T05:36:33.003208+00:00
2022-04-18,145.723,portal.amfiindia.com / AMFI Historical NAV,2026-09-05T05:36:33.003208+00:00
2022-04-19,146.1458,portal.amfiindia.com / AMFI Historical NAV,2026-09-05T05:36:33.003208+00:00
2022-04-20,146.6759,portal.amfiindia.com / AMFI Historical NAV,2026-09-05T05:36:33.003208+00:00
2022-04-21,144.9287,portal.amfiindia.com / AMFI Historical NAV,2026-09-05T05:36:33.003208+00:00
2022-04-22,145.6056,portal.amfiindia.com / AMFI Historical NAV,2026-09-05T05:36:33.003208+00:00
2022-04-25,145.0526,portal.amfiindia.com / AMFI Historical NAV,2026-09-05T05:36:33.003208+00:00
2022-04-26,147.0972,portal.amfiindia.com / AMFI Historical NAV,2026-09-05T05:36:33.003208+00:00
2022-04-27,148.994,portal.amfiindia.com / AMFI Historical NAV,2026-09-05T05:36:33.003208+00:00
2022-04-28,154.236,portal.amfiindia.com / AMFI Historical NAV,2026-09-05T05:36:33.003208+00:00
2022-04-29,155.1713,portal.amfiindia.com / AMFI Historical NAV,2026-09-05T05:36:33.003208+00:00
2022-05-02,155.1347,portal.amfiindia.com / AMFI Historical NAV,2026-09-05T05:36:33.003208+00:00
2022-05-03,155.5901,portal.amfiindia.com / AMFI Historical NAV,2026-09-05T05:36:33.003208+00:00
2022-05-04,154.5976,portal.amfiindia.com / AMFI Historical NAV,2026-09-05T05:36:33.003208+00:00
2022-05-05,155.1277,portal.amfiindia.com / AMFI Historical NAV,2026-09-05T05:36:33.003208+00:00
2022-05-06,153.8203,portal.amfiindia.com / AMFI Historical NAV,2026-09-05T05:36:33.003208+00:00
2022-05-09,154.7958,portal.amfiindia.com / AMFI Historical NAV,2026-09-05T05:36:33.003208+00:00
2022-05-10,157.8861,portal.amfiindia.com / AMFI Historical NAV,2026-09-05T05:36:33.003208+00:00
2022-05-11,156.0449,portal.amfiindia.com / AMFI Historical NAV,2026-09-05T05:36:33.003208+00:00
2022-05-12,158.2262,portal.amfiindia.com / AMFI Historical NAV,2026-09-05T05:36:33.003208+00:00
2022-05-13,160.147,portal.amfiindia.com / AMFI Historical NAV,2026-09-05T05:36:33.003208+00:00
2022-05-16,160.7067,portal.amfiindia.com / AMFI Historical NAV,2026-09-05T05:36:33.003208+00:00
2022-05-17,155.8792,portal.amfiindia.com / AMFI Historical NAV,2026-09-05T05:36:33.003208+00:00
2022-05-18,154.1131,portal.amfiindia.com / AMFI Historical NAV,2026-09-05T05:36:33.003208+00:00
2022-05-19,156.9336,portal.amfiindia.com / AMFI Historical NAV,2026-09-05T05:36:33.003208+00:00
2022-05-20,157.317,portal.amfiindia.com / AMFI Historical NAV,2026-09-05T05:36:33.003208+00:00
2022-05-23,155.0322,portal.amfiindia.com / AMFI Historical NAV,2026-09-05T05:36:33.003208+00:00
2022-05-24,154.4379,portal.amfiindia.com / AMFI Historical NAV,2026-09-05T05:36:33.003208+00:00
2022-05-25,156.6059,portal.amfiindia.com / AMFI Historical NAV,2026-09-05T05:36:33.003208+00:00
2022-05-26,157.1584,portal.amfiindia.com / AMFI Historical NAV,2026-09-05T05:36:33.003208+00:00
2022-05-27,156.2087,portal.amfiindia.com / AMFI Historical NAV,2026-09-05T05:36:33.003208+00:00
2022-05-30,155.755,portal.amfiindia.com / AMFI Historical NAV,2026-09-05T05:36:33.003208+00:00
2022-05-31,153.5344,portal.amfiindia.com / AMFI Historical NAV,2026-09-05T05:36:33.003208+00:00
2022-06-01,151.4083,portal.amfiindia.com / AMFI Historical NAV,2026-09-05T05:36:33.003208+00:00
2022-06-02,154.0014,portal.amfiindia.com / AMFI Historical NAV,2026-09-05T05:36:33.003208+00:00
2022-06-03,152.9856,portal.amfiindia.com / AMFI Historical NAV,2026-09-05T05:36:33.003208+00:00
2022-06-06,155.2894,portal.amfiindia.com / AMFI Historical NAV,2026-09-05T05:36:33.003208+00:00
2022-06-07,158.2483,portal.amfiindia.com / AMFI Historical NAV,2026-09-05T05:36:33.003208+00:00
2022-06-08,160.0358,portal.amfiindia.com / AMFI Historical NAV,2026-09-05T05:36:33.003208+00:00
2022-06-09,158.4423,portal.amfiindia.com / AMFI Historical NAV,2026-09-05T05:36:33.003208+00:00
2022-06-10,160.2915,portal.amfiindia.com / AMFI Historical NAV,2026-09-05T05:36:33.003208+00:00
2022-06-13,161.017,portal.amfiindia.com / AMFI Historical NAV,2026-09-05T05:36:33.003208+00:00
2022-06-14,158.3395,portal.amfiindia.com / AMFI Historical NAV,2026-09-05T05:36:33.003208+00:00
2022-06-15,159.6779,portal.amfiindia.com / AMFI Historical NAV,2026-09-05T05:36:33.003208+00:00
2022-06-16,156.7847,portal.amfiindia.com / AMFI Historical NAV,2026-09-05T05:36:33.003208+00:00
2022-06-17,159.2836,portal.amfiindia.com / AMFI Historical NAV,2026-09-05T05:36:33.003208+00:00
2022-06-20,158.1195,portal.amfiindia.com / AMFI Historical NAV,2026-09-05T05:36:33.003208+00:00
2022-06-21,158.2098,portal.amfiindia.com / AMFI Historical NAV,2026-09-05T05:36:33.003208+00:00
2022-06-22,159.2076,portal.amfiindia.com / AMFI Historical NAV,2026-09-05T05:36:33.003208+00:00
2022-06-23,158.956,portal.amfiindia.com / AMFI Historical NAV,2026-09-05T05:36:33.003208+00:00
2022-06-24,159.7347,portal.amfiindia.com / AMFI Historical NAV,2026-09-05T05:36:33.003208+00:00
2022-06-27,158.4586,portal.amfiindia.com / AMFI Historical NAV,2026-09-05T05:36:33.003208+00:00
2022-06-28,159.4786,portal.amfiindia.com / AMFI Historical NAV,2026-09-05T05:36:33.003208+00:00
2022-06-29,156.682,portal.amfiindia.com / AMFI Historical NAV,2026-09-05T05:36:33.003208+00:00
2022-06-30,156.9725,portal.amfiindia.com / AMFI Historical NAV,2026-09-05T05:36:33.003208+00:00
2022-07-01,159.4826,portal.amfiindia.com / AMFI Historical NAV,2026-09-05T05:36:33.003208+00:00
2022-07-04,157.8844,portal.amfiindia.com / AMFI Historical NAV,2026-09-05T05:36:33.003208+00:00
2022-07-05,157.5761,portal.amfiindia.com / AMFI Historical NAV,2026-09-05T05:36:33.003208+00:00
2022-07-06,159.0279,portal.amfiindia.com / AMFI Historical NAV,2026-09-05T05:36:33.003208+00:00
2022-07-07,159.3845,portal.amfiindia.com / AMFI Historical NAV,2026-09-05T05:36:33.003208+00:00
2022-07-08,159.9828,portal.amfiindia.com / AMFI Historical NAV,2026-09-05T05:36:33.003208+00:00
2022-07-11,161.7446,portal.amfiindia.com / AMFI Historical NAV,2026-09-05T05:36:33.003208+00:00
2022-07-12,163.097,portal.amfiindia.com / AMFI Historical NAV,2026-09-05T05:36:33.003208+00:00
2022-07-13,164.8048,portal.amfiindia.com / AMFI Historical NAV,2026-09-05T05:36:33.003208+00:00
2022-07-14,164.857,portal.amfiindia.com / AMFI Historical NAV,2026-09-05T05:36:33.003208+00:00
2022-07-15,164.7575,portal.amfiindia.com / AMFI Historical NAV,2026-09-05T05:36:33.003208+00:00
2022-07-18,166.3488,portal.amfiindia.com / AMFI Historical NAV,2026-09-05T05:36:33.003208+00:00
2022-07-19,169.2271,portal.amfiindia.com / AMFI Historical NAV,2026-09-05T05:36:33.003208+00:00
2022-07-20,169.253,portal.amfiindia.com / AMFI Historical NAV,2026-09-05T05:36:33.003208+00:00
2022-07-21,167.5499,portal.amfiindia.com / AMFI Historical NAV,2026-09-05T05:36:33.003208+00:00
2022-07-22,169.3722,portal.amfiindia.com / AMFI Historical NAV,2026-09-05T05:36:33.003208+00:00
2022-07-25,168.0064,portal.amfiindia.com / AMFI Historical NAV,2026-09-05T05:36:33.003208+00:00
2022-07-26,164.4147,portal.amfiindia.com / AMFI Historical NAV,2026-09-05T05:36:33.003208+00:00
2022-07-27,166.3534,portal.amfiindia.com / AMFI Historical NAV,2026-09-05T05:36:33.003208+00:00
2022-07-28,165.2619,portal.amfiindia.com / AMFI Historical NAV,2026-09-05T05:36:33.003208+00:00
2022-07-29,165.237,portal.amfiindia.com / AMFI Historical NAV,2026-09-05T05:36:33.003208+00:00
2022-08-01,165.4955,portal.amfiindia.com / AMFI Historical NAV,2026-09-05T05:36:33.003208+00:00
2022-08-02,166.0793,portal.amfiindia.com / AMFI Historical NAV,2026-09-05T05:36:33.003208+00:00
2022-08-03,167.2222,portal.amfiindia.com / AMFI Historical NAV,2026-09-05T05:36:33.003208+00:00
2022-08-04,166.1342,portal.amfiindia.com / AMFI Historical NAV,2026-09-05T05:36:33.003208+00:00
2022-08-05,167.7299,portal.amfiindia.com / AMFI Historical NAV,2026-09-05T05:36:33.003208+00:00
2022-08-08,167.8678,portal.amfiindia.com / AMFI Historical NAV,2026-09-05T05:36:33.003208+00:00
2022-08-09,168.8758,portal.amfiindia.com / AMFI Historical NAV,2026-09-05T05:36:33.003208+00:00
2022-08-10,170.2442,portal.amfiindia.com / AMFI Historical NAV,2026-09-05T05:36:33.003208+00:00
2022-08-11,169.0566,portal.amfiindia.com / AMFI Historical NAV,2026-09-05T05:36:33.003208+00:00
2022-08-12,171.2794,portal.amfiindia.com / AMFI Historical NAV,2026-09-05T05:36:33.003208+00:00
2022-08-15,169.6084,portal.amfiindia.com / AMFI Historical NAV,2026-09-05T05:36:33.003208+00:00
2022-08-16,171.5619,portal.amfiindia.com / AMFI Historical NAV,2026-09-05T05:36:33.003208+00:00
2022-08-17,171.9855,portal.amfiindia.com / AMFI Historical NAV,2026-09-05T05:36:33.003208+00:00
2022-08-18,174.9987,portal.amfiindia.com / AMFI Historical NAV,2026-09-05T05:36:33.003208+00:00
2022-08-19,176.1016,portal.amfiindia.com / AMFI Historical NAV,2026-09-05T05:36:33.003208+00:00
2022-08-22,175.7602,portal.amfiindia.com / AMFI Historical NAV,2026-09-05T05:36:33.003208+00:00
2022-08-23,175.6249,portal.amfiindia.com / AMFI Historical NAV,2026-09-05T05:36:33.003208+00:00
2022-08-24,174.0428,portal.amfiindia.com / AMFI Historical NAV,2026-09-05T05:36:33.003208+00:00
2022-08-25,176.2336,portal.amfiindia.com / AMFI Historical NAV,2026-09-05T05:36:33.003208+00:00
2022-08-26,172.8329,portal.amfiindia.com / AMFI Historical NAV,2026-09-05T05:36:33.003208+00:00
2022-08-29,170.628,portal.amfiindia.com / AMFI Historical NAV,2026-09-05T05:36:33.003208+00:00
2022-08-30,168.7717,portal.amfiindia.com / AMFI Historical NAV,2026-09-05T05:36:33.003208+00:00
2022-08-31,171.1583,portal.amfiindia.com / AMFI Historical NAV,2026-09-05T05:36:33.003208+00:00
2022-09-01,174.5238,portal.amfiindia.com / AMFI Historical NAV,2026-09-05T05:36:33.003208+00:00
2022-09-02,174.3635,portal.amfiindia.com / AMFI Historical NAV,2026-09-05T05:36:33.003208+00:00
2022-09-05,174.3373,portal.amfiindia.com / AMFI Historical NAV,2026-09-05T05:36:33.003208+00:00
2022-09-06,174.2439,portal.amfiindia.com / AMFI Historical NAV,2026-09-05T05:36:33.003208+00:00
2022-09-07,176.4018,portal.amfiindia.com / AMFI Historical NAV,2026-09-05T05:36:33.003208+00:00
2022-09-08,174.9396,portal.amfiindia.com / AMFI Historical NAV,2026-09-05T05:36:33.003208+00:00
2022-09-09,175.958,portal.amfiindia.com / AMFI Historical NAV,2026-09-05T05:36:33.003208+00:00
2022-09-12,178.252,portal.amfiindia.com / AMFI Historical NAV,2026-09-05T05:36:33.003208+00:00
2022-09-13,179.4947,portal.amfiindia.com / AMFI Historical NAV,2026-09-05T05:36:33.003208+00:00
2022-09-14,179.737,portal.amfiindia.com / AMFI Historical NAV,2026-09-05T05:36:33.003208+00:00
2022-09-15,182.0044,portal.amfiindia.com / AMFI Historical NAV,2026-09-05T05:36:33.003208+00:00
2022-09-16,177.2379,portal.amfiindia.com / AMFI Historical NAV,2026-09-05T05:36:33.003208+00:00
2022-09-19,177.9427,portal.amfiindia.com / AMFI Historical NAV,2026-09-05T05:36:33.003208+00:00
2022-09-20,176.6898,portal.amfiindia.com / AMFI Historical NAV,2026-09-05T05:36:33.003208+00:00
2022-09-21,173.6671,portal.amfiindia.com / AMFI Historical NAV,2026-09-05T05:36:33.003208+00:00
2022-09-22,175.1119,portal.amfiindia.com / AMFI Historical NAV,2026-09-05T05:36:33.003208+00:00
2022-09-23,177.4742,portal.amfiindia.com / AMFI Historical NAV,2026-09-05T05:36:33.003208+00:00
2022-09-26,176.6941,portal.amfiindia.com / AMFI Historical NAV,2026-09-05T05:36:33.003208+00:00
2022-09-27,178.4765,portal.amfiindia.com / AMFI Historical NAV,2026-09-05T05:36:33.003208+00:00
2022-09-28,181.4606,portal.amfiindia.com / AMFI Historical NAV,2026-09-05T05:36:33.003208+00:00
2022-09-29,184.0051,portal.amfiindia.com / AMFI Historical NAV,2026-09-05T05:36:33.003208+00:00
2022-09-30,187.5767,portal.amfiindia.com / AMFI Historical NAV,2026-09-05T05:36:33.003208+00:00
2022-10-03,189.6229,portal.amfiindia.com / AMFI Historical NAV,2026-09-05T05:36:33.003208+00:00
2022-10-04,189.5349,portal.amfiindia.com / AMFI Historical NAV,2026-09-05T05:36:33.003208+00:00
2022-10-05,186.3187,portal.amfiindia.com / AMFI Historical NAV,2026-09-05T05:36:33.003208+00:00
2022-10-06,185.3959,portal.amfiindia.com / AMFI Historical NAV,2026-09-05T05:36:33.003208+00:00
2022-10-07,184.3598,portal.amfiindia.com / AMFI Historical NAV,2026-09-05T05:36:33.003208+00:00
2022-10-10,189.1902,portal.amfiindia.com / AMFI Historical NAV,2026-09-05T05:36:33.003208+00:00
2022-10-11,188.7948,portal.amfiindia.com / AMFI Historical NAV,2026-09-05T05:36:33.003208+00:00
2022-10-12,188.9953,portal.amfiindia.com / AMFI Historical NAV,2026-09-05T05:36:33.003208+00:00
2022-10-13,190.9578,portal.amfiindia.com / AMFI Historical NAV,2026-09-05T05:36:33.003208+00:00
2022-10-14,191.4396,portal.amfiindia.com / AMFI Historical NAV,2026-09-05T05:36:33.003208+00:00
2022-10-17,194.9811,portal.amfiindia.com / AMFI Historical NAV,2026-09-05T05:36:33.003208+00:00
2022-10-18,193.2076,portal.amfiindia.com / AMFI Historical NAV,2026-09-05T05:36:33.003208+00:00
2022-10-19,194.0813,portal.amfiindia.com / AMFI Historical NAV,2026-09-05T05:36:33.003208+00:00
2022-10-20,192.2405,portal.amfiindia.com / AMFI Historical NAV,2026-09-05T05:36:33.003208+00:00
2022-10-21,189.211,portal.amfiindia.com / AMFI Historical NAV,2026-09-05T05:36:33.003208+00:00
2022-10-24,187.9893,portal.amfiindia.com / AMFI Historical NAV,2026-09-05T05:36:33.003208+00:00
2022-10-25,187.6995,portal.amfiindia.com / AMFI Historical NAV,2026-09-05T05:36:33.003208+00:00
2022-10-26,186.8937,portal.amfiindia.com / AMFI Historical NAV,2026-09-05T05:36:33.003208+00:00
2022-10-27,184.9258,portal.amfiindia.com / AMFI Historical NAV,2026-09-05T05:36:33.003208+00:00
2022-10-28,183.0162,portal.amfiindia.com / AMFI Historical NAV,2026-09-05T05:36:33.003208+00:00
2022-10-31,183.5923,portal.amfiindia.com / AMFI Historical NAV,2026-09-05T05:36:33.003208+00:00
2022-11-01,179.9187,portal.amfiindia.com / AMFI Historical NAV,2026-09-05T05:36:33.003208+00:00
2022-11-02,181.8911,portal.amfiindia.com / AMFI Historical NAV,2026-09-05T05:36:33.003208+00:00
2022-11-03,181.7011,portal.amfiindia.com / AMFI Historical NAV,2026-09-05T05:36:33.003208+00:00
2022-11-04,179.678,portal.amfiindia.com / AMFI Historical NAV,2026-09-05T05:36:33.003208+00:00
2022-11-07,179.2007,portal.amfiindia.com / AMFI Historical NAV,2026-09-05T05:36:33.003208+00:00
2022-11-08,177.999,portal.amfiindia.com / AMFI Historical NAV,2026-09-05T05:36:33.003208+00:00
2022-11-09,178.56,portal.amfiindia.com / AMFI Historical NAV,2026-09-05T05:36:33.003208+00:00
2022-11-10,181.6584,portal.amfiindia.com / AMFI Historical NAV,2026-09-05T05:36:33.003208+00:00
2022-11-11,177.7497,portal.amfiindia.com / AMFI Historical NAV,2026-09-05T05:36:33.003208+00:00
2022-11-14,178.3771,portal.amfiindia.com / AMFI Historical NAV,2026-09-05T05:36:33.003208+00:00
2022-11-15,178.7898,portal.amfiindia.com / AMFI Historical NAV,2026-09-05T05:36:33.003208+00:00
2022-11-16,180.4539,portal.amfiindia.com / AMFI Historical NAV,2026-09-05T05:36:33.003208+00:00
2022-11-17,182.1939,portal.amfiindia.com / AMFI Historical NAV,2026-09-05T05:36:33.003208+00:00
2022-11-18,180.6676,portal.amfiindia.com / AMFI Historical NAV,2026-09-05T05:36:33.003208+00:00
2022-11-21,180.7262,portal.amfiindia.com / AMFI Historical NAV,2026-09-05T05:36:33.003208+00:00
2022-11-22,179.3634,portal.amfiindia.com / AMFI Historical NAV,2026-09-05T05:36:33.003208+00:00
2022-11-23,182.0223,portal.amfiindia.com / AMFI Historical NAV,2026-09-05T05:36:33.003208+00:00
2022-11-24,182.1615,portal.amfiindia.com / AMFI Historical NAV,2026-09-05T05:36:33.003208+00:00
2022-11-25,185.449,portal.amfiindia.com / AMFI Historical NAV,2026-09-05T05:36:33.003208+00:00
2022-11-28,186.1728,portal.amfiindia.com / AMFI Historical NAV,2026-09-05T05:36:33.003208+00:00
2022-11-29,184.7136,portal.amfiindia.com / AMFI Historical NAV,2026-09-05T05:36:33.003208+00:00
2022-11-30,181.2975,portal.amfiindia.com / AMFI Historical NAV,2026-09-05T05:36:33.003208+00:00
2022-12-01,177.9177,portal.amfiindia.com / AMFI Historical NAV,2026-09-05T05:36:33.003208+00:00
2022-12-02,175.5891,portal.amfiindia.com / AMFI Historical NAV,2026-09-05T05:36:33.003208+00:00
2022-12-05,176.8837,portal.amfiindia.com / AMFI Historical NAV,2026-09-05T05:36:33.003208+00:00
2022-12-06,177.9269,portal.amfiindia.com / AMFI Historical NAV,2026-09-05T05:36:33.003208+00:00
2022-12-07,175.9765,portal.amfiindia.com / AMFI Historical NAV,2026-09-05T05:36:33.003208+00:00
2022-12-08,176.9049,portal.amfiindia.com / AMFI Historical NAV,2026-09-05T05:36:33.003208+00:00
2022-12-09,175.9346,portal.amfiindia.com / AMFI Historical NAV,2026-09-05T05:36:33.003208+00:00
2022-12-12,176.1373,portal.amfiindia.com / AMFI Historical NAV,2026-09-05T05:36:33.003208+00:00
2022-12-13,178.9616,portal.amfiindia.com / AMFI Historical NAV,2026-09-05T05:36:33.003208+00:00
2022-12-14,180.6833,portal.amfiindia.com / AMFI Historical NAV,2026-09-05T05:36:33.003208+00:00
2022-12-15,180.6869,portal.amfiindia.com / AMFI Historical NAV,2026-09-05T05:36:33.003208+00:00
2022-12-16,178.9724,portal.amfiindia.com / AMFI Historical NAV,2026-09-05T05:36:33.003208+00:00
2022-12-19,175.3765,portal.amfiindia.com / AMFI Historical NAV,2026-09-05T05:36:33.003208+00:00
2022-12-20,174.2183,portal.amfiindia.com / AMFI Historical NAV,2026-09-05T05:36:33.003208+00:00
2022-12-21,173.4748,portal.amfiindia.com / AMFI Historical NAV,2026-09-05T05:36:33.003208+00:00
2022-12-22,171.8378,portal.amfiindia.com / AMFI Historical NAV,2026-09-05T05:36:33.003208+00:00
2022-12-23,171.6422,portal.amfiindia.com / AMFI Historical NAV,2026-09-05T05:36:33.003208+00:00
2022-12-26,171.7859,portal.amfiindia.com / AMFI Historical NAV,2026-09-05T05:36:33.003208+00:00
2022-12-27,171.5232,portal.amfiindia.com / AMFI Historical NAV,2026-09-05T05:36:33.003208+00:00
2022-12-28,170.5688,portal.amfiindia.com / AMFI Historical NAV,2026-09-05T05:36:33.003208+00:00
2022-12-29,170.7283,portal.amfiindia.com / AMFI Historical NAV,2026-09-05T05:36:33.003208+00:00
2022-12-30,172.2184,portal.amfiindia.com / AMFI Historical NAV,2026-09-05T05:36:33.003208+00:00
2023-01-02,169.8736,portal.amfiindia.com / AMFI Historical NAV,2026-09-05T05:36:33.003208+00:00
2023-01-03,171.9534,portal.amfiindia.com / AMFI Historical NAV,2026-09-05T05:36:33.003208+00:00
2023-01-04,173.3209,portal.amfiindia.com / AMFI Historical NAV,2026-09-05T05:36:33.003208+00:00
2023-01-05,172.9136,portal.amfiindia.com / AMFI Historical NAV,2026-09-05T05:36:33.003208+00:00
2023-01-06,173.5115,portal.amfiindia.com / AMFI Historical NAV,2026-09-05T05:36:33.003208+00:00
2023-01-09,174.3909,portal.amfiindia.com / AMFI Historical NAV,2026-09-05T05:36:33.003208+00:00
2023-01-10,175.0341,portal.amfiindia.com / AMFI Historical NAV,2026-09-05T05:36:33.003208+00:00
2023-01-11,175.5044,portal.amfiindia.com / AMFI Historical NAV,2026-09-05T05:36:33.003208+00:00
2023-01-12,175.6825,portal.amfiindia.com / AMFI Historical NAV,2026-09-05T05:36:33.003208+00:00
2023-01-13,175.5923,portal.amfiindia.com / AMFI Historical NAV,2026-09-05T05:36:33.003208+00:00
2023-01-16,172.6818,portal.amfiindia.com / AMFI Historical NAV,2026-09-05T05:36:33.003208+00:00
2023-01-17,172.1889,portal.amfiindia.com / AMFI Historical NAV,2026-09-05T05:36:33.003208+00:00
2023-01-18,172.6966,portal.amfiindia.com / AMFI Historical NAV,2026-09-05T05:36:33.003208+00:00
2023-01-19,173.0271,portal.amfiindia.com / AMFI Historical NAV,2026-09-05T05:36:33.003208+00:00
2023-01-20,172.6432,portal.amfiindia.com / AMFI Historical NAV,2026-09-05T05:36:33.003208+00:00
2023-01-23,169.9131,portal.amfiindia.com / AMFI Historical NAV,2026-09-05T05:36:33.003208+00:00
2023-01-24,169.8065,portal.amfiindia.com / AMFI Historical NAV,2026-09-05T05:36:33.003208+00:00
2023-01-25,170.9698,portal.amfiindia.com / AMFI Historical NAV,2026-09-05T05:36:33.003208+00:00
2023-01-26,171.2103,portal.amfiindia.com / AMFI Historical NAV,2026-09-05T05:36:33.003208+00:00
2023-01-27,168.403,portal.amfiindia.com / AMFI Historical NAV,2026-09-05T05:36:33.003208+00:00
2023-01-30,170.1747,portal.amfiindia.com / AMFI Historical NAV,2026-09-05T05:36:33.003208+00:00
2023-01-31,168.6108,portal.amfiindia.com / AMFI Historical NAV,2026-09-05T05:36:33.003208+00:00
2023-02-01,170.1793,portal.amfiindia.com / AMFI Historical NAV,2026-09-05T05:36:33.003208+00:00
2023-02-02,170.8944,portal.amfiindia.com / AMFI Historical NAV,2026-09-05T05:36:33.003208+00:00
2023-02-03,170.4847,portal.amfiindia.com / AMFI Historical NAV,2026-09-05T05:36:33.003208+00:00
2023-02-06,174.2013,portal.amfiindia.com / AMFI Historical NAV,2026-09-05T05:36:33.003208+00:00
2023-02-07,172.1747,portal.amfiindia.com / AMFI Historical NAV,2026-09-05T05:36:33.003208+00:00
2023-02-08,174.3927,portal.amfiindia.com / AMFI Historical NAV,2026-09-05T05:36:33.003208+00:00
2023-02-09,176.3909,portal.amfiindia.com / AMFI Historical NAV,2026-09-05T05:36:33.003208+00:00
2023-02-10,175.3679,portal.amfiindia.com / AMFI Historical NAV,2026-09-05T05:36:33.003208+00:00
2023-02-13,178.3395,portal.amfiindia.com / AMFI Historical NAV,2026-09-05T05:36:33.003208+00:00
2023-02-14,178.0444,portal.amfiindia.com / AMFI Historical NAV,2026-09-05T05:36:33.003208+00:00
2023-02-15,179.7503,portal.amfiindia.com / AMFI Historical NAV,2026-09-05T05:36:33.003208+00:00
2023-02-16,179.5373,portal.amfiindia.com / AMFI Historical NAV,2026-09-05T05:36:33.003208+00:00
2023-02-17,179.1275,portal.amfiindia.com / AMFI Historical NAV,2026-09-05T05:36:33.003208+00:00
2023-02-20,180.5865,portal.amfiindia.com / AMFI Historical NAV,2026-09-05T05:36:33.003208+00:00
2023-02-21,182.3334,portal.amfiindia.com / AMFI Historical NAV,2026-09-05T05:36:33.003208+00:00
2023-02-22,180.0082,portal.amfiindia.com / AMFI Historical NAV,2026-09-05T05:36:33.003208+00:00
2023-02-23,182.4002,portal.amfiindia.com / AMFI Historical NAV,2026-09-05T05:36:33.003208+00:00
2023-02-24,178.7558,portal.amfiindia.com / AMFI Historical NAV,2026-09-05T05:36:33.003208+00:00
2023-02-27,181.1199,portal.amfiindia.com / AMFI Historical NAV,2026-09-05T05:36:33.003208+00:00
2023-02-28,183.6349,portal.amfiindia.com / AMFI Historical NAV,2026-09-05T05:36:33.003208+00:00
2023-03-01,180.7081,portal.amfiindia.com / AMFI Historical NAV,2026-09-05T05:36:33.003208+00:00
2023-03-02,180.0832,portal.amfiindia.com / AMFI Historical NAV,2026-09-05T05:36:33.003208+00:00
2023-03-03,177.377,portal.amfiindia.com / AMFI Historical NAV,2026-09-05T05:36:33.003208+00:00
2023-03-06,176.7524,portal.amfiindia.com / AMFI Historical NAV,2026-09-05T05:36:33.003208+00:00
2023-03-07,175.8425,portal.amfiindia.com / AMFI Historical NAV,2026-09-05T05:36:33.003208+00:00
2023-03-08,177.7147,portal.amfiindia.com / AMFI Historical NAV,2026-09-05T05:36:33.003208+00:00
2023-03-09,180.162,portal.amfiindia.com / AMFI Historical NAV,2026-09-05T05:36:33.003208+00:00
2023-03-10,182.0356,portal.amfiindia.com / AMFI Historical NAV,2026-09-05T05:36:33.003208+00:00
2023-03-13,181.6188,portal.amfiindia.com / AMFI Historical NAV,2026-09-05T05:36:33.003208+00:00
2023-03-14,180.5703,portal.amfiindia.com / AMFI Historical NAV,2026-09-05T05:36:33.003208+00:00
2023-03-15,177.8747,portal.amfiindia.com / AMFI Historical NAV,2026-09-05T05:36:33.003208+00:00
2023-03-16,176.1385,portal.amfiindia.com / AMFI Historical NAV,2026-09-05T05:36:33.003208+00:00
2023-03-17,177.7128,portal.amfiindia.com / AMFI Historical NAV,2026-09-05T05:36:33.003208+00:00
2023-03-20,180.8982,portal.amfiindia.com / AMFI Historical NAV,2026-09-05T05:36:33.003208+00:00
2023-03-21,179.0977,portal.amfiindia.com / AMFI Historical NAV,2026-09-05T05:36:33.003208+00:00
2023-03-22,178.8798,portal.amfiindia.com / AMFI Historical NAV,2026-09-05T05:36:33.003208+00:00
2023-03-23,178.893,portal.amfiindia.com / AMFI Historical NAV,2026-09-05T05:36:33.003208+00:00
2023-03-24,179.6522,portal.amfiindia.com / AMFI Historical NAV,2026-09-05T05:36:33.003208+00:00
2023-03-27,178.0949,portal.amfiindia.com / AMFI Historical NAV,2026-09-05T05:36:33.003208+00:00
2023-03-28,179.0354,portal.amfiindia.com / AMFI Historical NAV,2026-09-05T05:36:33.003208+00:00
2023-03-29,178.5437,portal.amfiindia.com / AMFI Historical NAV,2026-09-05T05:36:33.003208+00:00
2023-03-30,178.5692,portal.amfiindia.com / AMFI Historical NAV,2026-09-05T05:36:33.003208+00:00
2023-03-31,178.6623,portal.amfiindia.com / AMFI Historical NAV,2026-09-05T05:36:33.003208+00:00
2023-04-03,179.0317,portal.amfiindia.com / AMFI Historical NAV,2026-09-05T05:36:33.003208+00:00
2023-04-04,178.7593,portal.amfiindia.com / AMFI Historical NAV,2026-09-05T05:36:33.003208+00:00
2023-04-05,178.4137,portal.amfiindia.com / AMFI Historical NAV,2026-09-05T05:36:33.003208+00:00
2023-04-06,177.7769,portal.amfiindia.com / AMFI Historical NAV,2026-09-05T05:36:33.003208+00:00
2023-04-07,178.1974,portal.amfiindia.com / AMFI Historical NAV,2026-09-05T05:36:33.003208+00:00
2023-04-10,178.2577,portal.amfiindia.com / AMFI Historical NAV,2026-09-05T05:36:33.003208+00:00
2023-04-11,180.6909,portal.amfiindia.com / AMFI Historical NAV,2026-09-05T05:36:33.003208+00:00
2023-04-12,181.1031,portal.amfiindia.com / AMFI Historical NAV,2026-09-05T05:36:33.003208+00:00
2023-04-13,180.3956,portal.amfiindia.com / AMFI Historical NAV,2026-09-05T05:36:33.003208+00:00
2023-04-14,182.3318,portal.amfiindia.com / AMFI Historical NAV,2026-09-05T05:36:33.003208+00:00
2023-04-17,182.0861,portal.amfiindia.com / AMFI Historical NAV,2026-09-05T05:36:33.003208+00:00
2023-04-18,183.7504,portal.amfiindia.com / AMFI Historical NAV,2026-09-05T05:36:33.003208+00:00
2023-04-19,184.7846,portal.amfiindia.com / AMFI Historical NAV,2026-09-05T05:36:33.003208+00:00
2023-04-20,184.3564,portal.amfiindia.com / AMFI Historical NAV,2026-09-05T05:36:33.003208+00:00
2023-04-21,186.0621,portal.amfiindia.com / AMFI Historical NAV,2026-09-05T05:36:33.003208+00:00
2023-04-24,184.5723,portal.amfiindia.com / AMFI Historical NAV,2026-09-05T05:36:33.003208+00:00
2023-04-25,182.7698,portal.amfiindia.com / AMFI Historical NAV,2026-09-05T05:36:33.003208+00:00
2023-04-26,180.7938,portal.amfiindia.com / AMFI Historical NAV,2026-09-05T05:36:33.003208+00:00
2023-04-27,179.7735,portal.amfiindia.com / AMFI Historical NAV,2026-09-05T05:36:33.003208+00:00
2023-04-28,181.7523,portal.amfiindia.com / AMFI Historical NAV,2026-09-05T05:36:33.003208+00:00
2023-05-01,184.5855,portal.amfiindia.com / AMFI Historical NAV,2026-09-05T05:36:33.003208+00:00
2023-05-02,185.8297,portal.amfiindia.com / AMFI Historical NAV,2026-09-05T05:36:33.003208+00:00
2023-05-03,186.6127,portal.amfiindia.com / AMFI Historical NAV,2026-09-05T05:36:33.003208+00:00
2023-05-04,183.2501,portal.amfiindia.com / AMFI Historical NAV,2026-09-05T05:36:33.003208+00:00
2023-05-05,182.4541,portal.amfiindia.com / AMFI Historical NAV,2026-09-05T05:36:33.003208+00:00
2023-05-08,181.7195,portal.amfiindia.com / AMFI Historical NAV,2026-09-05T05:36:33.003208+00:00
2023-05-09,181.2528,portal.amfiindia.com / AMFI Historical NAV,2026-09-05T05:36:33.003208+00:00
2023-05-10,180.1509,portal.amfiindia.com / AMFI Historical NAV,2026-09-05T05:36:33.003208+00:00
2023-05-11,179.5568,portal.amfiindia.com / AMFI Historical NAV,2026-09-05T05:36:33.003208+00:00
2023-05-12,176.0344,portal.amfiindia.com / AMFI Historical NAV,2026-09-05T05:36:33.003208+00:00
2023-05-15,177.7868,portal.amfiindia.com / AMFI Historical NAV,2026-09-05T05:36:33.003208+00:00
2023-05-16,176.7977,portal.amfiindia.com / AMFI Historical NAV,2026-09-05T05:36:33.003208+00:00
2023-05-17,176.8541,portal.amfiindia.com / AMFI Historical NAV,2026-09-05T05:36:33.003208+00:00
2023-05-18,179.6836,portal.amfiindia.com / AMFI Historical NAV,2026-09-05T05:36:33.003208+00:00
2023-05-19,178.2421,portal.amfiindia.com / AMFI Historical NAV,2026-09-05T05:36:33.003208+00:00
2023-05-22,173.4624,portal.amfiindia.com / AMFI Historical NAV,2026-09-05T05:36:33.003208+00:00
2023-05-23,173.4009,portal.amfiindia.com / AMFI Historical NAV,2026-09-05T05:36:33.003208+00:00
2023-05-24,175.0261,portal.amfiindia.com / AMFI Historical NAV,2026-09-05T05:36:33.003208+00:00
2023-05-25,178.5693,portal.amfiindia.com / AMFI Historical NAV,2026-09-05T05:36:33.003208+00:00
2023-05-26,176.3341,portal.amfiindia.com / AMFI Historical NAV,2026-09-05T05:36:33.003208+00:00
2023-05-29,176.916,portal.amfiindia.com / AMFI Historical NAV,2026-09-05T05:36:33.003208+00:00
2023-05-30,175.6111,portal.amfiindia.com / AMFI Historical NAV,2026-09-05T05:36:33.003208+00:00
2023-05-31,175.1062,portal.amfiindia.com / AMFI Historical NAV,2026-09-05T05:36:33.003208+00:00
2023-06-01,178.521,portal.amfiindia.com / AMFI Historical NAV,2026-09-05T05:36:33.003208+00:00
2023-06-02,177.0014,portal.amfiindia.com / AMFI Historical NAV,2026-09-05T05:36:33.003208+00:00
2023-06-05,177.1853,portal.amfiindia.com / AMFI Historical NAV,2026-09-05T05:36:33.003208+00:00
2023-06-06,178.1224,portal.amfiindia.com / AMFI Historical NAV,2026-09-05T05:36:33.003208+00:00
2023-06-07,179.7116,portal.amfiindia.com / AMFI Historical NAV,2026-09-05T05:36:33.003208+00:00
2023-06-08,179.3572,portal.amfiindia.com / AMFI Historical NAV,2026-09-05T05:36:33.003208+00:00
2023-06-09,179.9098,portal.amfiindia.com / AMFI Historical NAV,2026-09-05T05:36:33.003208+00:00
2023-06-12,179.8297,portal.amfiindia.com / AMFI Historical NAV,2026-09-05T05:36:33.003208+00:00
2023-06-13,179.7647,portal.amfiindia.com / AMFI Historical NAV,2026-09-05T05:36:33.003208+00:00
2023-06-14,179.8705,portal.amfiindia.com / AMFI Historical NAV,2026-09-05T05:36:33.003208+00:00
2023-06-15,180.5268,portal.amfiindia.com / AMFI Historical NAV,2026-09-05T05:36:33.003208+00:00
2023-06-16,179.8935,portal.amfiindia.com / AMFI Historical NAV,2026-09-05T05:36:33.003208+00:00
2023-06-19,180.9285,portal.amfiindia.com / AMFI Historical NAV,2026-09-05T05:36:33.003208+00:00
2023-06-20,180.7089,portal.amfiindia.com / AMFI Historical NAV,2026-09-05T05:36:33.003208+00:00
2023-06-21,182.6086,portal.amfiindia.com / AMFI Historical NAV,2026-09-05T05:36:33.003208+00:00
2023-06-22,182.5443,portal.amfiindia.com / AMFI Historical NAV,2026-09-05T05:36:33.003208+00:00
2023-06-23,180.1053,portal.amfiindia.com / AMFI Historical NAV,2026-09-05T05:36:33.003208+00:00
2023-06-26,180.8959,portal.amfiindia.com / AMFI Historical NAV,2026-09-05T05:36:33.003208+00:00
2023-06-27,178.7226,portal.amfiindia.com / AMFI Historical NAV,2026-09-05T05:36:33.003208+00:00
2023-06-28,178.2619,portal.amfiindia.com / AMFI Historical NAV,2026-09-05T05:36:33.003208+00:00
2023-06-29,178.1139,portal.amfiindia.com / AMFI Historical NAV,2026-09-05T05:36:33.003208+00:00
2023-06-30,179.8483,portal.amfiindia.com / AMFI Historical NAV,2026-09-05T05:36:33.003208+00:00
2023-07-03,176.7005,portal.amfiindia.com / AMFI Historical NAV,2026-09-05T05:36:33.003208+00:00
2023-07-04,181.6555,portal.amfiindia.com / AMFI Historical NAV,2026-09-05T05:36:33.003208+00:00
2023-07-05,183.8166,portal.amfiindia.com / AMFI Historical NAV,2026-09-05T05:36:33.003208+00:00
2023-07-06,183.2277,portal.amfiindia.com / AMFI Historical NAV,2026-09-05T05:36:33.003208+00:00
2023-07-07,182.8438,portal.amfiindia.com / AMFI Historical NAV,2026-09-05T05:36:33.003208+00:00
2023-07-10,183.2828,portal.amfiindia.com / AMFI Historical NAV,2026-09-05T05:36:33.003208+00:00
2023-07-11,184.652,portal.amfiindia.com / AMFI Historical NAV,2026-09-05T05:36:33.003208+00:00
2023-07-12,187.2168,portal.amfiindia.com / AMFI Historical NAV,2026-09-05T05:36:33.003208+00:00
2023-07-13,188.1462,portal.amfiindia.com / AMFI Historical NAV,2026-09-05T05:36:33.003208+00:00
2023-07-14,187.6843,portal.amfiindia.com / AMFI Historical NAV,2026-09-05T05:36:33.003208+00:00
2023-07-17,187.7937,portal.amfiindia.com / AMFI Historical NAV,2026-09-05T05:36:33.003208+00:00
2023-07-18,188.4929,portal.amfiindia.com / AMFI Historical NAV,2026-09-05T05:36:33.003208+00:00
2023-07-19,188.4402,portal.amfiindia.com / AMFI Historical NAV,2026-09-05T05:36:33.003208+00:00
2023-07-20,189.8995,portal.amfiindia.com / AMFI Historical NAV,2026-09-05T05:36:33.003208+00:00
2023-07-21,191.5779,portal.amfiindia.com / AMFI Historical NAV,2026-09-05T05:36:33.003208+00:00
2023-07-24,187.4623,portal.amfiindia.com / AMFI Historical NAV,2026-09-05T05:36:33.003208+00:00
2023-07-25,188.1007,portal.amfiindia.com / AMFI Historical NAV,2026-09-05T05:36:33.003208+00:00
2023-07-26,188.8129,portal.amfiindia.com / AMFI Historical NAV,2026-09-05T05:36:33.003208+00:00
2023-07-27,189.5409,portal.amfiindia.com / AMFI Historical NAV,2026-09-05T05:36:33.003208+00:00
2023-07-28,189.7929,portal.amfiindia.com / AMFI Historical NAV,2026-09-05T05:36:33.003208+00:00
2023-07-31,191.7259,portal.amfiindia.com / AMFI Historical NAV,2026-09-05T05:36:33.003208+00:00
2023-08-01,193.2287,portal.amfiindia.com / AMFI Historical NAV,2026-09-05T05:36:33.003208+00:00
2023-08-02,192.8932,portal.amfiindia.com / AMFI Historical NAV,2026-09-05T05:36:33.003208+00:00
2023-08-03,193.0437,portal.amfiindia.com / AMFI Historical NAV,2026-09-05T05:36:33.003208+00:00
2023-08-04,191.9322,portal.amfiindia.com / AMFI Historical NAV,2026-09-05T05:36:33.003208+00:00
2023-08-07,189.1333,portal.amfiindia.com / AMFI Historical NAV,2026-09-05T05:36:33.003208+00:00
2023-08-08,188.9434,portal.amfiindia.com / AMFI Historical NAV,2026-09-05T05:36:33.003208+00:00
2023-08-09,190.3472,portal.amfiindia.com / AMFI Historical NAV,2026-09-05T05:36:33.003208+00:00
2023-08-10,192.777,portal.amfiindia.com / AMFI Historical NAV,2026-09-05T05:36:33.003208+00:00
2023-08-11,194.0817,portal.amfiindia.com / AMFI Historical NAV,2026-09-05T05:36:33.003208+00:00
2023-08-14,194.7398,portal.amfiindia.com / AMFI Historical NAV,2026-09-05T05:36:33.003208+00:00
2023-08-15,196.608,portal.amfiindia.com / AMFI Historical NAV,2026-09-05T05:36:33.003208+00:00
2023-08-16,196.6729,portal.amfiindia.com / AMFI Historical NAV,2026-09-05T05:36:33.003208+00:00
2023-08-17,198.1017,portal.amfiindia.com / AMFI Historical NAV,2026-09-05T05:36:33.003208+00:00
2023-08-18,199.172,portal.amfiindia.com / AMFI Historical NAV,2026-09-05T05:36:33.003208+00:00
2023-08-21,200.4438,portal.amfiindia.com / AMFI Historical NAV,2026-09-05T05:36:33.003208+00:00
2023-08-22,202.7208,portal.amfiindia.com / AMFI Historical NAV,2026-09-05T05:36:33.003208+00:00
2023-08-23,203.6957,portal.amfiindia.com / AMFI Historical NAV,2026-09-05T05:36:33.003208+00:00
2023-08-24,205.5339,portal.amfiindia.com / AMFI Historical NAV,2026-09-05T05:36:33.003208+00:00
2023-08-25,207.6648,portal.amfiindia.com / AMFI Historical NAV,2026-09-05T05:36:33.003208+00:00
2023-08-28,206.1466,portal.amfiindia.com / AMFI Historical NAV,2026-09-05T05:36:33.003208+00:00
2023-08-29,205.0523,portal.amfiindia.com / AMFI Historical NAV,2026-09-05T05:36:33.003208+00:00
2023-08-30,204.7688,portal.amfiindia.com / AMFI Historical NAV,2026-09-05T05:36:33.003208+00:00
2023-08-31,203.661,portal.amfiindia.com / AMFI Historical NAV,2026-09-05T05:36:33.003208+00:00
2023-09-01,202.4981,portal.amfiindia.com / AMFI Historical NAV,2026-09-05T05:36:33.003208+00:00
2023-09-04,202.9512,portal.amfiindia.com / AMFI Historical NAV,2026-09-05T05:36:33.003208+00:00
2023-09-05,202.5002,portal.amfiindia.com / AMFI Historical NAV,2026-09-05T05:36:33.003208+00:00
2023-09-06,202.3593,portal.amfiindia.com / AMFI Historical NAV,2026-09-05T05:36:33.003208+00:00
2023-09-07,199.1677,portal.amfiindia.com / AMFI Historical NAV,2026-09-05T05:36:33.003208+00:00
2023-09-08,199.7,portal.amfiindia.com / AMFI Historical NAV,2026-09-05T05:36:33.003208+00:00
2023-09-11,199.9175,portal.amfiindia.com / AMFI Historical NAV,2026-09-05T05:36:33.003208+00:00
2023-09-12,198.2794,portal.amfiindia.com / AMFI Historical NAV,2026-09-05T05:36:33.003208+00:00
2023-09-13,199.9149,portal.amfiindia.com / AMFI Historical NAV,2026-09-05T05:36:33.003208+00:00
2023-09-14,201.956,portal.amfiindia.com / AMFI Historical NAV,2026-09-05T05:36:33.003208+00:00
2023-09-15,200.3909,portal.amfiindia.com / AMFI Historical NAV,2026-09-05T05:36:33.003208+00:00
2023-09-18,200.0768,portal.amfiindia.com / AMFI Historical NAV,2026-09-05T05:36:33.003208+00:00
2023-09-19,198.5875,portal.amfiindia.com / AMFI Historical NAV,2026-09-05T05:36:33.003208+00:00
2023-09-20,197.7239,portal.amfiindia.com / AMFI Historical NAV,2026-09-05T05:36:33.003208+00:00
2023-09-21,198.7277,portal.amfiindia.com / AMFI Historical NAV,2026-09-05T05:36:33.003208+00:00
2023-09-22,199.0244,portal.amfiindia.com / AMFI Historical NAV,2026-09-05T05:36:33.003208+00:00
2023-09-25,198.4805,portal.amfiindia.com / AMFI Historical NAV,2026-09-05T05:36:33.003208+00:00
2023-09-26,194.7606,portal.amfiindia.com / AMFI Historical NAV,2026-09-05T05:36:33.003208+00:00
2023-09-27,196.1537,portal.amfiindia.com / AMFI Historical NAV,2026-09-05T05:36:33.003208+00:00
2023-09-28,192.755,portal.amfiindia.com / AMFI Historical NAV,2026-09-05T05:36:33.003208+00:00
2023-09-29,192.0353,portal.amfiindia.com / AMFI Historical NAV,2026-09-05T05:36:33.003208+00:00
2023-10-02,192.5726,portal.amfiindia.com / AMFI Historical NAV,2026-09-05T05:36:33.003208+00:00
2023-10-03,194.9994,portal.amfiindia.com / AMFI Historical NAV,2026-09-05T05:36:33.003208+00:00
2023-10-04,192.8562,portal.amfiindia.com / AMFI Historical NAV,2026-09-05T05:36:33.003208+00:00
2023-10-05,187.2883,portal.amfiindia.com / AMFI Historical NAV,2026-09-05T05:36:33.003208+00:00
2023-10-06,187.3066,portal.amfiindia.com / AMFI Historical NAV,2026-09-05T05:36:33.003208+00:00
2023-10-09,190.5268,portal.amfiindia.com / AMFI Historical NAV,2026-09-05T05:36:33.003208+00:00
2023-10-10,193.02,portal.amfiindia.com / AMFI Historical NAV,2026-09-05T05:36:33.003208+00:00
2023-10-11,193.5446,portal.amfiindia.com / AMFI Historical NAV,2026-09-05T05:36:33.003208+00:00
2023-10-12,193.6211,portal.amfiindia.com / AMFI Historical NAV,2026-09-05T05:36:33.003208+00:00
2023-10-13,195.3512,portal.amfiindia.com / AMFI Historical NAV,2026-09-05T05:36:33.003208+00:00
2023-10-16,193.5281,portal.amfiindia.com / AMFI Historical NAV,2026-09-05T05:36:33.003208+00:00
2023-10-17,194.3306,portal.amfiindia.com / AMFI Historical NAV,2026-09-05T05:36:33.003208+00:00
2023-10-18,194.5292,portal.amfiindia.com / AMFI Historical NAV,2026-09-05T05:36:33.003208+00:00
2023-10-19,196.3825,portal.amfiindia.com / AMFI Historical NAV,2026-09-05T05:36:33.003208+00:00
2023-10-20,201.7525,portal.amfiindia.com / AMFI Historical NAV,2026-09-05T05:36:33.003208+00:00
2023-10-23,203.0325,portal.amfiindia.com / AMFI Historical NAV,2026-09-05T05:36:33.003208+00:00
2023-10-24,203.2328,portal.amfiindia.com / AMFI Historical NAV,2026-09-05T05:36:33.003208+00:00
2023-10-25,203.2121,portal.amfiindia.com / AMFI Historical NAV,2026-09-05T05:36:33.003208+00:00
2023-10-26,201.2454,portal.amfiindia.com / AMFI Historical NAV,2026-09-05T05:36:33.003208+00:00
2023-10-27,200.1694,portal.amfiindia.com / AMFI Historical NAV,2026-09-05T05:36:33.003208+00:00
2023-10-30,200.5748,portal.amfiindia.com / AMFI Historical NAV,2026-09-05T05:36:33.003208+00:00
2023-10-31,199.8906,portal.amfiindia.com / AMFI Historical NAV,2026-09-05T05:36:33.003208+00:00
2023-11-01,200.7723,portal.amfiindia.com / AMFI Historical NAV,2026-09-05T05:36:33.003208+00:00
2023-11-02,200.4901,portal.amfiindia.com / AMFI Historical NAV,2026-09-05T05:36:33.003208+00:00
2023-11-03,202.4505,portal.amfiindia.com / AMFI Historical NAV,2026-09-05T05:36:33.003208+00:00
2023-11-06,202.79,portal.amfiindia.com / AMFI Historical NAV,2026-09-05T05:36:33.003208+00:00
2023-11-07,203.7652,portal.amfiindia.com / AMFI Historical NAV,2026-09-05T05:36:33.003208+00:00
2023-11-08,203.3352,portal.amfiindia.com / AMFI Historical NAV,2026-09-05T05:36:33.003208+00:00
2023-11-09,202.9997,portal.amfiindia.com / AMFI Historical NAV,2026-09-05T05:36:33.003208+00:00
2023-11-10,205.9071,portal.amfiindia.com / AMFI Historical NAV,2026-09-05T05:36:33.003208+00:00
2023-11-13,204.3396,portal.amfiindia.com / AMFI Historical NAV,2026-09-05T05:36:33.003208+00:00
2023-11-14,203.5251,portal.amfiindia.com / AMFI Historical NAV,2026-09-05T05:36:33.003208+00:00
2023-11-15,203.9236,portal.amfiindia.com / AMFI Historical NAV,2026-09-05T05:36:33.003208+00:00
2023-11-16,201.4732,portal.amfiindia.com / AMFI Historical NAV,2026-09-05T05:36:33.003208+00:00
2023-11-17,199.6946,portal.amfiindia.com / AMFI Historical NAV,2026-09-05T05:36:33.003208+00:00
2023-11-20,199.2581,portal.amfiindia.com / AMFI Historical NAV,2026-09-05T05:36:33.003208+00:00
2023-11-21,199.8408,portal.amfiindia.com / AMFI Historical NAV,2026-09-05T05:36:33.003208+00:00
2023-11-22,200.3091,portal.amfiindia.com / AMFI Historical NAV,2026-09-05T05:36:33.003208+00:00
2023-11-23,200.9837,portal.amfiindia.com / AMFI Historical NAV,2026-09-05T05:36:33.003208+00:00
2023-11-24,202.4505,portal.amfiindia.com / AMFI Historical NAV,2026-09-05T05:36:33.003208+00:00
2023-11-27,201.4879,portal.amfiindia.com / AMFI Historical NAV,2026-09-05T05:36:33.003208+00:00
2023-11-28,203.3124,portal.amfiindia.com / AMFI Historical NAV,2026-09-05T05:36:33.003208+00:00
2023-11-29,203.4081,portal.amfiindia.com / AMFI Historical NAV,2026-09-05T05:36:33.003208+00:00
2023-11-30,204.9386,portal.amfiindia.com / AMFI Historical NAV,2026-09-05T05:36:33.003208+00:00
2023-12-01,203.9929,portal.amfiindia.com / AMFI Historical NAV,2026-09-05T05:36:33.003208+00:00
2023-12-04,199.5182,portal.amfiindia.com / AMFI Historical NAV,2026-09-05T05:36:33.003208+00:00
2023-12-05,199.6597,portal.amfiindia.com / AMFI Historical NAV,2026-09-05T05:36:33.003208+00:00
2023-12-06,202.1003,portal.amfiindia.com / AMFI Historical NAV,2026-09-05T05:36:33.003208+00:00
2023-12-07,203.1517,portal.amfiindia.com / AMFI Historical NAV,2026-09-05T05:36:33.003208+00:00
2023-12-08,205.8884,portal.amfiindia.com / AMFI Historical NAV,2026-09-05T05:36:33.003208+00:00
2023-12-11,207.834,portal.amfiindia.com / AMFI Historical NAV,2026-09-05T05:36:33.003208+00:00
2023-12-12,207.0521,portal.amfiindia.com / AMFI Historical NAV,2026-09-05T05:36:33.003208+00:00
2023-12-13,208.4286,portal.amfiindia.com / AMFI Historical NAV,2026-09-05T05:36:33.003208+00:00
2023-12-14,207.2535,portal.amfiindia.com / AMFI Historical NAV,2026-09-05T05:36:33.003208+00:00
2023-12-15,206.5413,portal.amfiindia.com / AMFI Historical NAV,2026-09-05T05:36:33.003208+00:00
2023-12-18,206.7175,portal.amfiindia.com / AMFI Historical NAV,2026-09-05T05:36:33.003208+00:00
2023-12-19,210.0811,portal.amfiindia.com / AMFI Historical NAV,2026-09-05T05:36:33.003208+00:00
2023-12-20,209.2386,portal.amfiindia.com / AMFI Historical NAV,2026-09-05T05:36:33.003208+00:00
2023-12-21,208.7041,portal.amfiindia.com / AMFI Historical NAV,2026-09-05T05:36:33.003208+00:00
2023-12-22,209.4893,portal.amfiindia.com / AMFI Historical NAV,2026-09-05T05:36:33.003208+00:00
2023-12-25,211.0171,portal.amfiindia.com / AMFI Historical NAV,2026-09-05T05:36:33.003208+00:00
2023-12-26,208.6566,portal.amfiindia.com / AMFI Historical NAV,2026-09-05T05:36:33.003208+00:00
2023-12-27,203.8133,portal.amfiindia.com / AMFI Historical NAV,2026-09-05T05:36:33.003208+00:00
2023-12-28,202.5914,portal.amfiindia.com / AMFI Historical NAV,2026-09-05T05:36:33.003208+00:00
2023-12-29,200.8521,portal.amfiindia.com / AMFI Historical NAV,2026-09-05T05:36:33.003208+00:00
2024-01-01,199.7325,portal.amfiindia.com / AMFI Historical NAV,2026-09-05T05:36:33.003208+00:00
2024-01-02,199.8122,portal.amfiindia.com / AMFI Historical NAV,2026-09-05T05:36:33.003208+00:00
2024-01-03,199.6703,portal.amfiindia.com / AMFI Historical NAV,2026-09-05T05:36:33.003208+00:00
2024-01-04,202.8663,portal.amfiindia.com / AMFI Historical NAV,2026-09-05T05:36:33.003208+00:00
2024-01-05,202.8791,portal.amfiindia.com / AMFI Historical NAV,2026-09-05T05:36:33.003208+00:00
2024-01-08,204.9308,portal.amfiindia.com / AMFI Historical NAV,2026-09-05T05:36:33.003208+00:00
2024-01-09,206.6738,portal.amfiindia.com / AMFI Historical NAV,2026-09-05T05:36:33.003208+00:00
2024-01-10,204.923,portal.amfiindia.com / AMFI Historical NAV,2026-09-05T05:36:33.003208+00:00
2024-01-11,207.5756,portal.amfiindia.com / AMFI Historical NAV,2026-09-05T05:36:33.003208+00:00
2024-01-12,209.1293,portal.amfiindia.com / AMFI Historical NAV,2026-09-05T05:36:33.003208+00:00
2024-01-15,209.608,portal.amfiindia.com / AMFI Historical NAV,2026-09-05T05:36:33.003208+00:00
2024-01-16,207.8087,portal.amfiindia.com / AMFI Historical NAV,2026-09-05T05:36:33.003208+00:00
2024-01-17,203.8482,portal.amfiindia.com / AMFI Historical NAV,2026-09-05T05:36:33.003208+00:00
2024-01-18,205.5628,portal.amfiindia.com / AMFI Historical NAV,2026-09-05T05:36:33.003208+00:00
2024-01-19,206.6423,portal.amfiindia.com / AMFI Historical NAV,2026-09-05T05:36:33.003208+00:00
2024-01-22,205.2761,portal.amfiindia.com / AMFI Historical NAV,2026-09-05T05:36:33.003208+00:00
2024-01-23,203.5953,portal.amfiindia.com / AMFI Historical NAV,2026-09-05T05:36:33.003208+00:00
2024-01-24,204.4598,portal.amfiindia.com / AMFI Historical NAV,2026-09-05T05:36:33.003208+00:00
2024-01-25,202.8718,portal.amfiindia.com / AMFI Historical NAV,2026-09-05T05:36:33.003208+00:00
2024-01-26,206.7405,portal.amfiindia.com / AMFI Historical NAV,2026-09-05T05:36:33.003208+00:00
2024-01-29,205.0338,portal.amfiindia.com / AMFI Historical NAV,2026-09-05T05:36:33.003208+00:00
2024-01-30,206.6039,portal.amfiindia.com / AMFI Historical NAV,2026-09-05T05:36:33.003208+00:00
2024-01-31,205.2772,portal.amfiindia.com / AMFI Historical NAV,2026-09-05T05:36:33.003208+00:00
2024-02-01,206.7995,portal.amfiindia.com / AMFI Historical NAV,2026-09-05T05:36:33.003208+00:00
2024-02-02,205.8291,portal.amfiindia.com / AMFI Historical NAV,2026-09-05T05:36:33.003208+00:00
2024-02-05,205.2892,portal.amfiindia.com / AMFI Historical NAV,2026-09-05T05:36:33.003208+00:00
2024-02-06,205.1002,portal.amfiindia.com / AMFI Historical NAV,2026-09-05T05:36:33.003208+00:00
2024-02-07,203.355,portal.amfiindia.com / AMFI Historical NAV,2026-09-05T05:36:33.003208+00:00
2024-02-08,205.0507,portal.amfiindia.com / AMFI Historical NAV,2026-09-05T05:36:33.003208+00:00
2024-02-09,203.576,portal.amfiindia.com / AMFI Historical NAV,2026-09-05T05:36:33.003208+00:00
2024-02-12,203.1535,portal.amfiindia.com / AMFI Historical NAV,2026-09-05T05:36:33.003208+00:00
2024-02-13,201.6527,portal.amfiindia.com / AMFI Historical NAV,2026-09-05T05:36:33.003208+00:00
2024-02-14,196.8894,portal.amfiindia.com / AMFI Historical NAV,2026-09-05T05:36:33.003208+00:00
2024-02-15,197.8382,portal.amfiindia.com / AMFI Historical NAV,2026-09-05T05:36:33.003208+00:00
2024-02-16,201.5094,portal.amfiindia.com / AMFI Historical NAV,2026-09-05T05:36:33.003208+00:00
2024-02-19,202.6273,portal.amfiindia.com / AMFI Historical NAV,2026-09-05T05:36:33.003208+00:00
2024-02-20,202.2067,portal.amfiindia.com / AMFI Historical NAV,2026-09-05T05:36:33.003208+00:00
2024-02-21,203.0612,portal.amfiindia.com / AMFI Historical NAV,2026-09-05T05:36:33.003208+00:00
2024-02-22,203.6431,portal.amfiindia.com / AMFI Historical NAV,2026-09-05T05:36:33.003208+00:00
2024-02-23,204.2067,portal.amfiindia.com / AMFI Historical NAV,2026-09-05T05:36:33.003208+00:00
2024-02-26,203.0841,portal.amfiindia.com / AMFI Historical NAV,2026-09-05T05:36:33.003208+00:00
2024-02-27,205.2986,portal.amfiindia.com / AMFI Historical NAV,2026-09-05T05:36:33.003208+00:00
2024-02-28,206.8899,portal.amfiindia.com / AMFI Historical NAV,2026-09-05T05:36:33.003208+00:00
2024-02-29,208.1248,portal.amfiindia.com / AMFI Historical NAV,2026-09-05T05:36:33.003208+00:00
2024-03-01,208.6294,portal.amfiindia.com / AMFI Historical NAV,2026-09-05T05:36:33.003208+00:00
2024-03-04,209.0877,portal.amfiindia.com / AMFI Historical NAV,2026-09-05T05:36:33.003208+00:00
2024-03-05,210.1309,portal.amfiindia.com / AMFI Historical NAV,2026-09-05T05:36:33.003208+00:00
2024-03-06,212.5264,portal.amfiindia.com / AMFI Historical NAV,2026-09-05T05:36:33.003208+00:00
2024-03-07,211.3072,portal.amfiindia.com / AMFI Historical NAV,2026-09-05T05:36:33.003208+00:00
2024-03-08,211.4869,portal.amfiindia.com / AMFI Historical NAV,2026-09-05T05:36:33.003208+00:00
2024-03-11,211.8114,portal.amfiindia.com / AMFI Historical NAV,2026-09-05T05:36:33.003208+00:00
2024-03-12,214.9506,portal.amfiindia.com / AMFI Historical NAV,2026-09-05T05:36:33.003208+00:00
2024-03-13,213.4884,portal.amfiindia.com / AMFI Historical NAV,2026-09-05T05:36:33.003208+00:00
2024-03-14,210.6927,portal.amfiindia.com / AMFI Historical NAV,2026-09-05T05:36:33.003208+00:00
2024-03-15,211.7431,portal.amfiindia.com / AMFI Historical NAV,2026-09-05T05:36:33.003208+00:00
2024-03-18,210.3289,portal.amfiindia.com / AMFI Historical NAV,2026-09-05T05:36:33.003208+00:00
2024-03-19,210.3928,portal.amfiindia.com / AMFI Historical NAV,2026-09-05T05:36:33.003208+00:00
2024-03-20,210.4517,portal.amfiindia.com / AMFI Historical NAV,2026-09-05T05:36:33.003208+00:00
2024-03-21,209.4837,portal.amfiindia.com / AMFI Historical NAV,2026-09-05T05:36:33.003208+00:00
2024-03-22,212.1621,portal.amfiindia.com / AMFI Historical NAV,2026-09-05T05:36:33.003208+00:00
2024-03-25,209.7947,portal.amfiindia.com / AMFI Historical NAV,2026-09-05T05:36:33.003208+00:00
2024-03-26,209.0031,portal.amfiindia.com / AMFI Historical NAV,2026-09-05T05:36:33.003208+00:00
2024-03-27,209.1875,portal.amfiindia.com / AMFI Historical NAV,2026-09-05T05:36:33.003208+00:00
2024-03-28,206.1198,portal.amfiindia.com / AMFI Historical NAV,2026-09-05T05:36:33.003208+00:00
2024-03-29,206.2563,portal.amfiindia.com / AMFI Historical NAV,2026-09-05T05:36:33.003208+00:00
2024-04-01,209.3982,portal.amfiindia.com / AMFI Historical NAV,2026-09-05T05:36:33.003208+00:00
2024-04-02,210.2362,portal.amfiindia.com / AMFI Historical NAV,2026-09-05T05:36:33.003208+00:00
2024-04-03,211.3447,portal.amfiindia.com / AMFI Historical NAV,2026-09-05T05:36:33.003208+00:00
2024-04-04,209.3611,portal.amfiindia.com / AMFI Historical NAV,2026-09-05T05:36:33.003208+00:00
2024-04-05,207.9362,portal.amfiindia.com / AMFI Historical NAV,2026-09-05T05:36:33.003208+00:00
2024-04-08,207.0911,portal.amfiindia.com / AMFI Historical NAV,2026-09-05T05:36:33.003208+00:00
2024-04-09,206.4127,portal.amfiindia.com / AMFI Historical NAV,2026-09-05T05:36:33.003208+00:00
2024-04-10,208.6317,portal.amfiindia.com / AMFI Historical NAV,2026-09-05T05:36:33.003208+00:00
2024-04-11,209.9814,portal.amfiindia.com / AMFI Historical NAV,2026-09-05T05:36:33.003208+00:00
2024-04-12,208.702,portal.amfiindia.com / AMFI Historical NAV,2026-09-05T05:36:33.003208+00:00
2024-04-15,209.3115,portal.amfiindia.com / AMFI Historical NAV,2026-09-05T05:36:33.003208+00:00
2024-04-16,210.4038,portal.amfiindia.com / AMFI Historical NAV,2026-09-05T05:36:33.003208+00:00
2024-04-17,212.7071,portal.amfiindia.com / AMFI Historical NAV,2026-09-05T05:36:33.003208+00:00
2024-04-18,215.3954,portal.amfiindia.com / AMFI Historical NAV,2026-09-05T05:36:33.003208+00:00
2024-04-19,213.1958,portal.amfiindia.com / AMFI Historical NAV,2026-09-05T05:36:33.003208+00:00
2024-04-22,210.8504,portal.amfiindia.com / AMFI Historical NAV,2026-09-05T05:36:33.003208+00:00
2024-04-23,208.417,portal.amfiindia.com / AMFI Historical NAV,2026-09-05T05:36:33.003208+00:00
2024-04-24,208.5191,portal.amfiindia.com / AMFI Historical NAV,2026-09-05T05:36:33.003208+00:00
2024-04-25,209.1022,portal.amfiindia.com / AMFI Historical NAV,2026-09-05T05:36:33.003208+00:00
2024-04-26,210.886,portal.amfiindia.com / AMFI Historical NAV,2026-09-05T05:36:33.003208+00:00
2024-04-29,211.2628,portal.amfiindia.com / AMFI Historical NAV,2026-09-05T05:36:33.003208+00:00
2024-04-30,211.2454,portal.amfiindia.com / AMFI Historical NAV,2026-09-05T05:36:33.003208+00:00
2024-05-01,211.0438,portal.amfiindia.com / AMFI Historical NAV,2026-09-05T05:36:33.003208+00:00
2024-05-02,210.4222,portal.amfiindia.com / AMFI Historical NAV,2026-09-05T05:36:33.003208+00:00
2024-05-03,215.011,portal.amfiindia.com / AMFI Historical NAV,2026-09-05T05:36:33.003208+00:00
2024-05-06,211.6222,portal.amfiindia.com / AMFI Historical NAV,2026-09-05T05:36:33.003208+00:00
2024-05-07,211.6407,portal.amfiindia.com / AMFI Historical NAV,2026-09-05T05:36:33.003208+00:00
2024-05-08,216.1803,portal.amfiindia.com / AMFI Historical NAV,2026-09-05T05:36:33.003208+00:00
2024-05-09,216.3178,portal.amfiindia.com / AMFI Historical NAV,2026-09-05T05:36:33.003208+00:00
2024-05-10,214.7555,portal.amfiindia.com / AMFI Historical NAV,2026-09-05T05:36:33.003208+00:00
2024-05-13,213.4334,portal.amfiindia.com / AMFI Historical NAV,2026-09-05T05:36:33.003208+00:00
2024-05-14,213.1707,portal.amfiindia.com / AMFI Historical NAV,2026-09-05T05:36:33.003208+00:00
2024-05-15,215.0821,portal.amfiindia.com / AMFI Historical NAV,2026-09-05T05:36:33.003208+00:00
2024-05-16,211.0719,portal.amfiindia.com / AMFI Historical NAV,2026-09-05T05:36:33.003208+00:00
2024-05-17,214.0038,portal.amfiindia.com / AMFI Historical NAV,2026-09-05T05:36:33.003208+00:00
2024-05-20,212.6225,portal.amfiindia.com / AMFI Historical NAV,2026-09-05T05:36:33.003208+00:00
2024-05-21,212.1818,portal.amfiindia.com / AMFI Historical NAV,2026-09-05T05:36:33.003208+00:00
2024-05-22,212.3223,portal.amfiindia.com / AMFI Historical NAV,2026-09-05T05:36:33.003208+00:00
2024-05-23,214.4898,portal.amfiindia.com / AMFI Historical NAV,2026-09-05T05:36:33.003208+00:00
2024-05-24,212.7762,portal.amfiindia.com / AMFI Historical NAV,2026-09-05T05:36:33.003208+00:00
2024-05-27,213.9941,portal.amfiindia.com / AMFI Historical NAV,2026-09-05T05:36:33.003208+00:00
2024-05-28,216.5605,portal.amfiindia.com / AMFI Historical NAV,2026-09-05T05:36:33.003208+00:00
2024-05-29,214.6217,portal.amfiindia.com / AMFI Historical NAV,2026-09-05T05:36:33.003208+00:00
2024-05-30,215.8548,portal.amfiindia.com / AMFI Historical NAV,2026-09-05T05:36:33.003208+00:00
2024-05-31,214.8322,portal.amfiindia.com / AMFI Historical NAV,2026-09-05T05:36:33.003208+00:00
2024-06-03,216.9378,portal.amfiindia.com / AMFI Historical NAV,2026-09-05T05:36:33.003208+00:00
2024-06-04,217.7533,portal.amfiindia.com / AMFI Historical NAV,2026-09-05T05:36:33.003208+00:00
2024-06-05,217.183,portal.amfiindia.com / AMFI Historical NAV,2026-09-05T05:36:33.003208+00:00
2024-06-06,218.995,portal.amfiindia.com / AMFI Historical NAV,2026-09-05T05:36:33.003208+00:00
2024-06-07,222.729,portal.amfiindia.com / AMFI Historical NAV,2026-09-05T05:36:33.003208+00:00
2024-06-10,220.9363,portal.amfiindia.com / AMFI Historical NAV,2026-09-05T05:36:33.003208+00:00
2024-06-11,222.1555,portal.amfiindia.com / AMFI Historical NAV,2026-09-05T05:36:33.003208+00:00
2024-06-12,220.7867,portal.amfiindia.com / AMFI Historical NAV,2026-09-05T05:36:33.003208+00:00
2024-06-13,218.7179,portal.amfiindia.com / AMFI Historical NAV,2026-09-05T05:36:33.003208+00:00
2024-06-14,219.6551,portal.amfiindia.com / AMFI Historical NAV,2026-09-05T05:36:33.003208+00:00
2024-06-17,221.9061,portal.amfiindia.com / AMFI Historical NAV,2026-09-05T05:36:33.003208+00:00
2024-06-18,223.9774,portal.amfiindia.com / AMFI Historical NAV,2026-09-05T05:36:33.003208+00:00
2024-06-19,224.7516,portal.amfiindia.com / AMFI Historical NAV,2026-09-05T05:36:33.003208+00:00
2024-06-20,224.3836,portal.amfiindia.com / AMFI Historical NAV,2026-09-05T05:36:33.003208+00:00
2024-06-21,222.3745,portal.amfiindia.com / AMFI Historical NAV,2026-09-05T05:36:33.003208+00:00
2024-06-24,223.2671,portal.amfiindia.com / AMFI Historical NAV,2026-09-05T05:36:33.003208+00:00
2024-06-25,225.5477,portal.amfiindia.com / AMFI Historical NAV,2026-09-05T05:36:33.003208+00:00
2024-06-26,225.2732,portal.amfiindia.com / AMFI Historical NAV,2026-09-05T05:36:33.003208+00:00
2024-06-27,225.1695,portal.amfiindia.com / AMFI Historical NAV,2026-09-05T05:36:33.003208+00:00
2024-06-28,226.1221,portal.amfiindia.com / AMFI Historical NAV,2026-09-05T05:36:33.003208+00:00
2024-07-01,227.5214,portal.amfiindia.com / AMFI Historical NAV,2026-09-05T05:36:33.003208+00:00
2024-07-02,226.9266,portal.amfiindia.com / AMFI Historical NAV,2026-09-05T05:36:33.003208+00:00
2024-07-03,229.9626,portal.amfiindia.com / AMFI Historical NAV,2026-09-05T05:36:33.003208+00:00
2024-07-04,229.4528,portal.amfiindia.com / AMFI Historical NAV,2026-09-05T05:36:33.003208+00:00
2024-07-05,227.9225,portal.amfiindia.com / AMFI Historical NAV,2026-09-05T05:36:33.003208+00:00
2024-07-08,225.9051,portal.amfiindia.com / AMFI Historical NAV,2026-09-05T05:36:33.003208+00:00
2024-07-09,226.8573,portal.amfiindia.com / AMFI Historical NAV,2026-09-05T05:36:33.003208+00:00
2024-07-10,226.1187,portal.amfiindia.com / AMFI Historical NAV,2026-09-05T05:36:33.003208+00:00
2024-07-11,224.4786,portal.amfiindia.com / AMFI Historical NAV,2026-09-05T05:36:33.003208+00:00
2024-07-12,227.5273,portal.amfiindia.com / AMFI Historical NAV,2026-09-05T05:36:33.003208+00:00
2024-07-15,230.1044,portal.amfiindia.com / AMFI Historical NAV,2026-09-05T05:36:33.003208+00:00
2024-07-16,229.0643,portal.amfiindia.com / AMFI Historical NAV,2026-09-05T05:36:33.003208+00:00
2024-07-17,226.3509,portal.amfiindia.com / AMFI Historical NAV,2026-09-05T05:36:33.003208+00:00
2024-07-18,227.9611,portal.amfiindia.com / AMFI Historical NAV,2026-09-05T05:36:33.003208+00:00
2024-07-19,226.7126,portal.amfiindia.com / AMFI Historical NAV,2026-09-05T05:36:33.003208+00:00
2024-07-22,228.6858,portal.amfiindia.com / AMFI Historical NAV,2026-09-05T05:36:33.003208+00:00
2024-07-23,223.834,portal.amfiindia.com / AMFI Historical NAV,2026-09-05T05:36:33.003208+00:00
2024-07-24,224.1252,portal.amfiindia.com / AMFI Historical NAV,2026-09-05T05:36:33.003208+00:00
2024-07-25,222.3253,portal.amfiindia.com / AMFI Historical NAV,2026-09-05T05:36:33.003208+00:00
2024-07-26,224.2336,portal.amfiindia.com / AMFI Historical NAV,2026-09-05T05:36:33.003208+00:00
2024-07-29,225.8775,portal.amfiindia.com / AMFI Historical NAV,2026-09-05T05:36:33.003208+00:00
2024-07-30,224.4202,portal.amfiindia.com / AMFI Historical NAV,2026-09-05T05:36:33.003208+00:00
2024-07-31,224.4401,portal.amfiindia.com / AMFI Historical NAV,2026-09-05T05:36:33.003208+00:00
2024-08-01,225.8205,portal.amfiindia.com / AMFI Historical NAV,2026-09-05T05:36:33.003208+00:00
2024-08-02,226.4514,portal.amfiindia.com / AMFI Historical NAV,2026-09-05T05:36:33.003208+00:00
2024-08-05,228.9174,portal.amfiindia.com / AMFI Historical NAV,2026-09-05T05:36:33.003208+00:00
2024-08-06,231.4611,portal.amfiindia.com / AMFI Historical NAV,2026-09-05T05:36:33.003208+00:00
2024-08-07,228.9684,portal.amfiindia.com / AMFI Historical NAV,2026-09-05T05:36:33.003208+00:00
2024-08-08,233.7535,portal.amfiindia.com / AMFI Historical NAV,2026-09-05T05:36:33.003208+00:00
2024-08-09,234.3929,portal.amfiindia.com / AMFI Historical NAV,2026-09-05T05:36:33.003208+00:00
2024-08-12,234.0377,portal.amfiindia.com / AMFI Historical NAV,2026-09-05T05:36:33.003208+00:00
2024-08-13,231.2412,portal.amfiindia.com / AMFI Historical NAV,2026-09-05T05:36:33.003208+00:00
2024-08-14,231.0905,portal.amfiindia.com / AMFI Historical NAV,2026-09-05T05:36:33.003208+00:00
2024-08-15,233.1236,portal.amfiindia.com / AMFI Historical NAV,2026-09-05T05:36:33.003208+00:00
2024-08-16,231.5628,portal.amfiindia.com / AMFI Historical NAV,2026-09-05T05:36:33.003208+00:00
2024-08-19,233.9024,portal.amfiindia.com / AMFI Historical NAV,2026-09-05T05:36:33.003208+00:00
2024-08-20,230.5438,portal.amfiindia.com / AMFI Historical NAV,2026-09-05T05:36:33.003208+00:00
2024-08-21,231.3243,portal.amfiindia.com / AMFI Historical NAV,2026-09-05T05:36:33.003208+00:00
2024-08-22,229.7522,portal.amfiindia.com / AMFI Historical NAV,2026-09-05T05:36:33.003208+00:00
2024-08-23,230.9058,portal.amfiindia.com / AMFI Historical NAV,2026-09-05T05:36:33.003208+00:00
2024-08-26,233.4181,portal.amfiindia.com / AMFI Historical NAV,2026-09-05T05:36:33.003208+00:00
2024-08-27,232.7231,portal.amfiindia.com / AMFI Historical NAV,2026-09-05T05:36:33.003208+00:00
2024-08-28,228.7512,portal.amfiindia.com / AMFI Historical NAV,2026-09-05T05:36:33.003208+00:00
2024-08-29,229.3696,portal.amfiindia.com / AMFI Historical NAV,2026-09-05T05:36:33.003208+00:00
2024-08-30,230.4779,portal.amfiindia.com / AMFI Historical NAV,2026-09-05T05:36:33.003208+00:00
