date,nav,source,retrieval_date
2016-01-01,10055.17,NSE Indices Ltd / Public Archive,2026-09-05T05:36:32.992306+00:00
2016-01-04,10046.8,NSE Indices Ltd / Public Archive,2026-09-05T05:36:32.992306+00:00
2016-01-05,10117.4,NSE Indices Ltd / Public Archive,2026-09-05T05:36:32.992306+00:00
2016-01-06,10277.05,NSE Indices Ltd / Public Archive,2026-09-05T05:36:32.992306+00:00
2016-01-07,10258.64,NSE Indices Ltd / Public Archive,2026-09-05T05:36:32.992306+00:00
2016-01-08,10240.26,NSE Indices Ltd / Public Archive,2026-09-05T05:36:32.992306+00:00
2016-01-11,10407.61,NSE Indices Ltd / Public Archive,2026-09-05T05:36:32.992306+00:00
2016-01-12,10493.21,NSE Indices Ltd / Public Archive,2026-09-05T05:36:32.992306+00:00
2016-01-13,10449.72,NSE Indices Ltd / Public Archive,2026-09-05T05:36:32.992306+00:00
2016-01-14,10512.16,NSE Indices Ltd / Public Archive,2026-09-05T05:36:32.992306+00:00
2016-01-15,10469.23,NSE Indices Ltd / Public Archive,2026-09-05T05:36:32.992306+00:00
2016-01-18,10426.23,NSE Indices Ltd / Public Archive,2026-09-05T05:36:32.992306+00:00
2016-01-19,10457.19,NSE Indices Ltd / Public Archive,2026-09-05T05:36:32.992306+00:00
2016-01-20,10262.86,NSE Indices Ltd / Public Archive,2026-09-05T05:36:32.992306+00:00
2016-01-21,10091.48,NSE Indices Ltd / Public Archive,2026-09-05T05:36:32.992306+00:00
2016-01-22,10040.29,NSE Indices Ltd / Public Archive,2026-09-05T05:36:32.992306+00:00
2016-01-25,9944.12,NSE Indices Ltd / Public Archive,2026-09-05T05:36:32.992306+00:00
2016-01-26,9980.84,NSE Indices Ltd / Public Archive,2026-09-05T05:36:32.992306+00:00
2016-01-27,9895.7,NSE Indices Ltd / Public Archive,2026-09-05T05:36:32.992306+00:00
2016-01-28,9761.38,NSE Indices Ltd / Public Archive,2026-09-05T05:36:32.992306+00:00
2016-01-29,9909.82,NSE Indices Ltd / Public Archive,2026-09-05T05:36:32.992306+00:00
2016-02-01,9892.9,NSE Indices Ltd / Public Archive,2026-09-05T05:36:32.992306+00:00
2016-02-02,9905.02,NSE Indices Ltd / Public Archive,2026-09-05T05:36:32.992306+00:00
2016-02-03,9769.35,NSE Indices Ltd / Public Archive,2026-09-05T05:36:32.992306+00:00
2016-02-04,9721.54,NSE Indices Ltd / Public Archive,2026-09-05T05:36:32.992306+00:00
2016-02-05,9737.67,NSE Indices Ltd / Public Archive,2026-09-05T05:36:32.992306+00:00
2016-02-08,9630.94,NSE Indices Ltd / Public Archive,2026-09-05T05:36:32.992306+00:00
2016-02-09,9672.42,NSE Indices Ltd / Public Archive,2026-09-05T05:36:32.992306+00:00
2016-02-10,9619.65,NSE Indices Ltd / Public Archive,2026-09-05T05:36:32.992306+00:00
2016-02-11,9596.88,NSE Indices Ltd / Public Archive,2026-09-05T05:36:32.992306+00:00
2016-02-12,9544.41,NSE Indices Ltd / Public Archive,2026-09-05T05:36:32.992306+00:00
2016-02-15,9726.45,NSE Indices Ltd / Public Archive,2026-09-05T05:36:32.992306+00:00
2016-02-16,9730.48,NSE Indices Ltd / Public Archive,2026-09-05T05:36:32.992306+00:00
2016-02-17,9632.92,NSE Indices Ltd / Public Archive,2026-09-05T05:36:32.992306+00:00
2016-02-18,9717.45,NSE Indices Ltd / Public Archive,2026-09-05T05:36:32.992306+00:00
2016-02-19,9604.16,NSE Indices Ltd / Public Archive,2026-09-05T05:36:32.992306+00:00
2016-02-22,9629.5,NSE Indices Ltd / Public Archive,2026-09-05T05:36:32.992306+00:00
2016-02-23,9446.09,NSE Indices Ltd / Public Archive,2026-09-05T05:36:32.992306+00:00
2016-02-24,9325.82,NSE Indices Ltd / Public Archive,2026-09-05T05:36:32.992306+00:00
2016-02-25,9349.31,NSE Indices Ltd / Public Archive,2026-09-05T05:36:32.992306+00:00
2016-02-26,9423.5,NSE Indices Ltd / Public Archive,2026-09-05T05:36:32.992306+00:00
2016-02-29,9444.83,NSE Indices Ltd / Public Archive,2026-09-05T05:36:32.992306+00:00
2016-03-01,9439.1,NSE Indices Ltd / Public Archive,2026-09-05T05:36:32.992306+00:00
2016-03-02,9415.87,NSE Indices Ltd / Public Archive,2026-09-05T05:36:32.992306+00:00
2016-03-03,9281.83,NSE Indices Ltd / Public Archive,2026-09-05T05:36:32.992306+00:00
2016-03-04,9220.12,NSE Indices Ltd / Public Archive,2026-09-05T05:36:32.992306+00:00
2016-03-07,9182.72,NSE Indices Ltd / Public Archive,2026-09-05T05:36:32.992306+00:00
2016-03-08,9284.85,NSE Indices Ltd / Public Archive,2026-09-05T05:36:32.992306+00:00
2016-03-09,9321.86,NSE Indices Ltd / Public Archive,2026-09-05T05:36:32.992306+00:00
2016-03-10,9162.64,NSE Indices Ltd / Public Archive,2026-09-05T05:36:32.992306+00:00
2016-03-11,9197.37,NSE Indices Ltd / Public Archive,2026-09-05T05:36:32.992306+00:00
2016-03-14,9167.01,NSE Indices Ltd / Public Archive,2026-09-05T05:36:32.992306+00:00
2016-03-15,9110.0,NSE Indices Ltd / Public Archive,2026-09-05T05:36:32.992306+00:00
2016-03-16,9170.73,NSE Indices Ltd / Public Archive,2026-09-05T05:36:32.992306+00:00
2016-03-17,9270.33,NSE Indices Ltd / Public Archive,2026-09-05T05:36:32.992306+00:00
2016-03-18,9361.76,NSE Indices Ltd / Public Archive,2026-09-05T05:36:32.992306+00:00
2016-03-21,9288.34,NSE Indices Ltd / Public Archive,2026-09-05T05:36:32.992306+00:00
2016-03-22,9264.73,NSE Indices Ltd / Public Archive,2026-09-05T05:36:32.992306+00:00
2016-03-23,9300.52,NSE Indices Ltd / Public Archive,2026-09-05T05:36:32.992306+00:00
2016-03-24,9396.36,NSE Indices Ltd / Public Archive,2026-09-05T05:36:32.992306+00:00
2016-03-25,9356.51,NSE Indices Ltd / Public Archive,2026-09-05T05:36:32.992306+00:00
2016-03-28,9344.28,NSE Indices Ltd / Public Archive,2026-09-05T05:36:32.992306+00:00
2016-03-29,9246.04,NSE Indices Ltd / Public Archive,2026-09-05T05:36:32.992306+00:00
2016-03-30,9140.52,NSE Indices Ltd / Public Archive,2026-09-05T05:36:32.992306+00:00
2016-03-31,9219.82,NSE Indices Ltd / Public Archive,2026-09-05T05:36:32.992306+00:00
2016-04-01,9349.93,NSE Indices Ltd / Public Archive,2026-09-05T05:36:32.992306+00:00
2016-04-04,9348.34,NSE Indices Ltd / Public Archive,2026-09-05T05:36:32.992306+00:00
2016-04-05,9447.3,NSE Indices Ltd / Public Archive,2026-09-05T05:36:32.992306+00:00
2016-04-06,9486.66,NSE Indices Ltd / Public Archive,2026-09-05T05:36:32.992306+00:00
2016-04-07,9430.68,NSE Indices Ltd / Public Archive,2026-09-05T05:36:32.992306+00:00
2016-04-08,9469.95,NSE Indices Ltd / Public Archive,2026-09-05T05:36:32.992306+00:00
2016-04-11,9620.81,NSE Indices Ltd / Public Archive,2026-09-05T05:36:32.992306+00:00
2016-04-12,9622.65,NSE Indices Ltd / Public Archive,2026-09-05T05:36:32.992306+00:00
2016-04-13,9778.5,NSE Indices Ltd / Public Archive,2026-09-05T05:36:32.992306+00:00
2016-04-14,9527.71,NSE Indices Ltd / Public Archive,2026-09-05T05:36:32.992306+00:00
2016-04-15,9611.26,NSE Indices Ltd / Public Archive,2026-09-05T05:36:32.992306+00:00
2016-04-18,9624.91,NSE Indices Ltd / Public Archive,2026-09-05T05:36:32.992306+00:00
2016-04-19,9601.43,NSE Indices Ltd / Public Archive,2026-09-05T05:36:32.992306+00:00
2016-04-20,9615.52,NSE Indices Ltd / Public Archive,2026-09-05T05:36:32.992306+00:00
2016-04-21,9429.69,NSE Indices Ltd / Public Archive,2026-09-05T05:36:32.992306+00:00
2016-04-22,9414.16,NSE Indices Ltd / Public Archive,2026-09-05T05:36:32.992306+00:00
2016-04-25,9452.96,NSE Indices Ltd / Public Archive,2026-09-05T05:36:32.992306+00:00
2016-04-26,9597.86,NSE Indices Ltd / Public Archive,2026-09-05T05:36:32.992306+00:00
2016-04-27,9553.4,NSE Indices Ltd / Public Archive,2026-09-05T05:36:32.992306+00:00
2016-04-28,9481.42,NSE Indices Ltd / Public Archive,2026-09-05T05:36:32.992306+00:00
2016-04-29,9439.06,NSE Indices Ltd / Public Archive,2026-09-05T05:36:32.992306+00:00
2016-05-02,9530.65,NSE Indices Ltd / Public Archive,2026-09-05T05:36:32.992306+00:00
2016-05-03,9567.23,NSE Indices Ltd / Public Archive,2026-09-05T05:36:32.992306+00:00
2016-05-04,9521.81,NSE Indices Ltd / Public Archive,2026-09-05T05:36:32.992306+00:00
2016-05-05,9575.91,NSE Indices Ltd / Public Archive,2026-09-05T05:36:32.992306+00:00
2016-05-06,9590.48,NSE Indices Ltd / Public Archive,2026-09-05T05:36:32.992306+00:00
2016-05-09,9688.65,NSE Indices Ltd / Public Archive,2026-09-05T05:36:32.992306+00:00
2016-05-10,9625.96,NSE Indices Ltd / Public Archive,2026-09-05T05:36:32.992306+00:00
2016-05-11,9599.71,NSE Indices Ltd / Public Archive,2026-09-05T05:36:32.992306+00:00
2016-05-12,9567.35,NSE Indices Ltd / Public Archive,2026-09-05T05:36:32.992306+00:00
2016-05-13,9432.59,NSE Indices Ltd / Public Archive,2026-09-05T05:36:32.992306+00:00
2016-05-16,9465.71,NSE Indices Ltd / Public Archive,2026-09-05T05:36:32.992306+00:00
2016-05-17,9495.63,NSE Indices Ltd / Public Archive,2026-09-05T05:36:32.992306+00:00
2016-05-18,9501.34,NSE Indices Ltd / Public Archive,2026-09-05T05:36:32.992306+00:00
2016-05-19,9484.28,NSE Indices Ltd / Public Archive,2026-09-05T05:36:32.992306+00:00
2016-05-20,9355.25,NSE Indices Ltd / Public Archive,2026-09-05T05:36:32.992306+00:00
2016-05-23,9321.05,NSE Indices Ltd / Public Archive,2026-09-05T05:36:32.992306+00:00
2016-05-24,9294.23,NSE Indices Ltd / Public Archive,2026-09-05T05:36:32.992306+00:00
2016-05-25,9224.78,NSE Indices Ltd / Public Archive,2026-09-05T05:36:32.992306+00:00
2016-05-26,9214.97,NSE Indices Ltd / Public Archive,2026-09-05T05:36:32.992306+00:00
2016-05-27,9257.27,NSE Indices Ltd / Public Archive,2026-09-05T05:36:32.992306+00:00
2016-05-30,9436.97,NSE Indices Ltd / Public Archive,2026-09-05T05:36:32.992306+00:00
2016-05-31,9458.64,NSE Indices Ltd / Public Archive,2026-09-05T05:36:32.992306+00:00
2016-06-01,9488.2,NSE Indices Ltd / Public Archive,2026-09-05T05:36:32.992306+00:00
2016-06-02,9486.36,NSE Indices Ltd / Public Archive,2026-09-05T05:36:32.992306+00:00
2016-06-03,9309.55,NSE Indices Ltd / Public Archive,2026-09-05T05:36:32.992306+00:00
2016-06-06,9312.2,NSE Indices Ltd / Public Archive,2026-09-05T05:36:32.992306+00:00
2016-06-07,9322.93,NSE Indices Ltd / Public Archive,2026-09-05T05:36:32.992306+00:00
2016-06-08,9557.71,NSE Indices Ltd / Public Archive,2026-09-05T05:36:32.992306+00:00
2016-06-09,9544.58,NSE Indices Ltd / Public Archive,2026-09-05T05:36:32.992306+00:00
2016-06-10,9578.61,NSE Indices Ltd / Public Archive,2026-09-05T05:36:32.992306+00:00
2016-06-13,9580.55,NSE Indices Ltd / Public Archive,2026-09-05T05:36:32.992306+00:00
2016-06-14,9473.86,NSE Indices Ltd / Public Archive,2026-09-05T05:36:32.992306+00:00
2016-06-15,9587.34,NSE Indices Ltd / Public Archive,2026-09-05T05:36:32.992306+00:00
2016-06-16,9664.7,NSE Indices Ltd / Public Archive,2026-09-05T05:36:32.992306+00:00
2016-06-17,9746.47,NSE Indices Ltd / Public Archive,2026-09-05T05:36:32.992306+00:00
2016-06-20,9663.2,NSE Indices Ltd / Public Archive,2026-09-05T05:36:32.992306+00:00
2016-06-21,9804.07,NSE Indices Ltd / Public Archive,2026-09-05T05:36:32.992306+00:00
2016-06-22,9672.02,NSE Indices Ltd / Public Archive,2026-09-05T05:36:32.992306+00:00
2016-06-23,9734.1,NSE Indices Ltd / Public Archive,2026-09-05T05:36:32.992306+00:00
2016-06-24,9952.67,NSE Indices Ltd / Public Archive,2026-09-05T05:36:32.992306+00:00
2016-06-27,9859.56,NSE Indices Ltd / Public Archive,2026-09-05T05:36:32.992306+00:00
2016-06-28,9809.15,NSE Indices Ltd / Public Archive,2026-09-05T05:36:32.992306+00:00
2016-06-29,9824.32,NSE Indices Ltd / Public Archive,2026-09-05T05:36:32.992306+00:00
2016-06-30,9780.26,NSE Indices Ltd / Public Archive,2026-09-05T05:36:32.992306+00:00
2016-07-01,9633.98,NSE Indices Ltd / Public Archive,2026-09-05T05:36:32.992306+00:00
2016-07-04,9645.89,NSE Indices Ltd / Public Archive,2026-09-05T05:36:32.992306+00:00
2016-07-05,9548.72,NSE Indices Ltd / Public Archive,2026-09-05T05:36:32.992306+00:00
2016-07-06,9599.2,NSE Indices Ltd / Public Archive,2026-09-05T05:36:32.992306+00:00
2016-07-07,9516.22,NSE Indices Ltd / Public Archive,2026-09-05T05:36:32.992306+00:00
2016-07-08,9668.95,NSE Indices Ltd / Public Archive,2026-09-05T05:36:32.992306+00:00
2016-07-11,9598.53,NSE Indices Ltd / Public Archive,2026-09-05T05:36:32.992306+00:00
2016-07-12,9572.9,NSE Indices Ltd / Public Archive,2026-09-05T05:36:32.992306+00:00
2016-07-13,9656.04,NSE Indices Ltd / Public Archive,2026-09-05T05:36:32.992306+00:00
2016-07-14,9542.5,NSE Indices Ltd / Public Archive,2026-09-05T05:36:32.992306+00:00
2016-07-15,9569.45,NSE Indices Ltd / Public Archive,2026-09-05T05:36:32.992306+00:00
2016-07-18,9699.8,NSE Indices Ltd / Public Archive,2026-09-05T05:36:32.992306+00:00
2016-07-19,9549.22,NSE Indices Ltd / Public Archive,2026-09-05T05:36:32.992306+00:00
2016-07-20,9572.1,NSE Indices Ltd / Public Archive,2026-09-05T05:36:32.992306+00:00
2016-07-21,9602.24,NSE Indices Ltd / Public Archive,2026-09-05T05:36:32.992306+00:00
2016-07-22,9682.59,NSE Indices Ltd / Public Archive,2026-09-05T05:36:32.992306+00:00
2016-07-25,9568.15,NSE Indices Ltd / Public Archive,2026-09-05T05:36:32.992306+00:00
2016-07-26,9447.07,NSE Indices Ltd / Public Archive,2026-09-05T05:36:32.992306+00:00
2016-07-27,9501.57,NSE Indices Ltd / Public Archive,2026-09-05T05:36:32.992306+00:00
2016-07-28,9535.02,NSE Indices Ltd / Public Archive,2026-09-05T05:36:32.992306+00:00
2016-07-29,9564.15,NSE Indices Ltd / Public Archive,2026-09-05T05:36:32.992306+00:00
2016-08-01,9602.54,NSE Indices Ltd / Public Archive,2026-09-05T05:36:32.992306+00:00
2016-08-02,9542.52,NSE Indices Ltd / Public Archive,2026-09-05T05:36:32.992306+00:00
2016-08-03,9569.93,NSE Indices Ltd / Public Archive,2026-09-05T05:36:32.992306+00:00
2016-08-04,9603.24,NSE Indices Ltd / Public Archive,2026-09-05T05:36:32.992306+00:00
2016-08-05,9539.93,NSE Indices Ltd / Public Archive,2026-09-05T05:36:32.992306+00:00
2016-08-08,9723.17,NSE Indices Ltd / Public Archive,2026-09-05T05:36:32.992306+00:00
2016-08-09,9774.58,NSE Indices Ltd / Public Archive,2026-09-05T05:36:32.992306+00:00
2016-08-10,9663.52,NSE Indices Ltd / Public Archive,2026-09-05T05:36:32.992306+00:00
2016-08-11,9732.28,NSE Indices Ltd / Public Archive,2026-09-05T05:36:32.992306+00:00
2016-08-12,9642.77,NSE Indices Ltd / Public Archive,2026-09-05T05:36:32.992306+00:00
2016-08-15,9723.97,NSE Indices Ltd / Public Archive,2026-09-05T05:36:32.992306+00:00
2016-08-16,9841.98,NSE Indices Ltd / Public Archive,2026-09-05T05:36:32.992306+00:00
2016-08-17,9766.62,NSE Indices Ltd / Public Archive,2026-09-05T05:36:32.992306+00:00
2016-08-18,9866.08,NSE Indices Ltd / Public Archive,2026-09-05T05:36:32.992306+00:00
2016-08-19,9912.24,NSE Indices Ltd / Public Archive,2026-09-05T05:36:32.992306+00:00
2016-08-22,9999.17,NSE Indices Ltd / Public Archive,2026-09-05T05:36:32.992306+00:00
2016-08-23,10194.33,NSE Indices Ltd / Public Archive,2026-09-05T05:36:32.992306+00:00
2016-08-24,10174.93,NSE Indices Ltd / Public Archive,2026-09-05T05:36:32.992306+00:00
2016-08-25,10103.83,NSE Indices Ltd / Public Archive,2026-09-05T05:36:32.992306+00:00
2016-08-26,10019.51,NSE Indices Ltd / Public Archive,2026-09-05T05:36:32.992306+00:00
2016-08-29,9943.28,NSE Indices Ltd / Public Archive,2026-09-05T05:36:32.992306+00:00
2016-08-30,9941.09,NSE Indices Ltd / Public Archive,2026-09-05T05:36:32.992306+00:00
2016-08-31,9980.47,NSE Indices Ltd / Public Archive,2026-09-05T05:36:32.992306+00:00
2016-09-01,10013.57,NSE Indices Ltd / Public Archive,2026-09-05T05:36:32.992306+00:00
2016-09-02,10101.91,NSE Indices Ltd / Public Archive,2026-09-05T05:36:32.992306+00:00
2016-09-05,10108.78,NSE Indices Ltd / Public Archive,2026-09-05T05:36:32.992306+00:00
2016-09-06,10261.27,NSE Indices Ltd / Public Archive,2026-09-05T05:36:32.992306+00:00
2016-09-07,10239.76,NSE Indices Ltd / Public Archive,2026-09-05T05:36:32.992306+00:00
2016-09-08,10523.93,NSE Indices Ltd / Public Archive,2026-09-05T05:36:32.992306+00:00
2016-09-09,10595.56,NSE Indices Ltd / Public Archive,2026-09-05T05:36:32.992306+00:00
2016-09-12,10510.57,NSE Indices Ltd / Public Archive,2026-09-05T05:36:32.992306+00:00
2016-09-13,10403.79,NSE Indices Ltd / Public Archive,2026-09-05T05:36:32.992306+00:00
2016-09-14,10459.71,NSE Indices Ltd / Public Archive,2026-09-05T05:36:32.992306+00:00
2016-09-15,10442.09,NSE Indices Ltd / Public Archive,2026-09-05T05:36:32.992306+00:00
2016-09-16,10522.39,NSE Indices Ltd / Public Archive,2026-09-05T05:36:32.992306+00:00
2016-09-19,10577.97,NSE Indices Ltd / Public Archive,2026-09-05T05:36:32.992306+00:00
2016-09-20,10576.09,NSE Indices Ltd / Public Archive,2026-09-05T05:36:32.992306+00:00
2016-09-21,10492.35,NSE Indices Ltd / Public Archive,2026-09-05T05:36:32.992306+00:00
2016-09-22,10339.17,NSE Indices Ltd / Public Archive,2026-09-05T05:36:32.992306+00:00
2016-09-23,10298.7,NSE Indices Ltd / Public Archive,2026-09-05T05:36:32.992306+00:00
2016-09-26,10392.56,NSE Indices Ltd / Public Archive,2026-09-05T05:36:32.992306+00:00
2016-09-27,10420.52,NSE Indices Ltd / Public Archive,2026-09-05T05:36:32.992306+00:00
2016-09-28,10296.44,NSE Indices Ltd / Public Archive,2026-09-05T05:36:32.992306+00:00
2016-09-29,10319.94,NSE Indices Ltd / Public Archive,2026-09-05T05:36:32.992306+00:00
2016-09-30,10365.38,NSE Indices Ltd / Public Archive,2026-09-05T05:36:32.992306+00:00
2016-10-03,10279.46,NSE Indices Ltd / Public Archive,2026-09-05T05:36:32.992306+00:00
2016-10-04,10300.92,NSE Indices Ltd / Public Archive,2026-09-05T05:36:32.992306+00:00
2016-10-05,10312.58,NSE Indices Ltd / Public Archive,2026-09-05T05:36:32.992306+00:00
2016-10-06,10200.38,NSE Indices Ltd / Public Archive,2026-09-05T05:36:32.992306+00:00
2016-10-07,10242.49,NSE Indices Ltd / Public Archive,2026-09-05T05:36:32.992306+00:00
2016-10-10,10305.56,NSE Indices Ltd / Public Archive,2026-09-05T05:36:32.992306+00:00
2016-10-11,10422.84,NSE Indices Ltd / Public Archive,2026-09-05T05:36:32.992306+00:00
2016-10-12,10538.41,NSE Indices Ltd / Public Archive,2026-09-05T05:36:32.992306+00:00
2016-10-13,10399.02,NSE Indices Ltd / Public Archive,2026-09-05T05:36:32.992306+00:00
2016-10-14,10307.22,NSE Indices Ltd / Public Archive,2026-09-05T05:36:32.992306+00:00
2016-10-17,10365.97,NSE Indices Ltd / Public Archive,2026-09-05T05:36:32.992306+00:00
2016-10-18,10424.93,NSE Indices Ltd / Public Archive,2026-09-05T05:36:32.992306+00:00
2016-10-19,10484.36,NSE Indices Ltd / Public Archive,2026-09-05T05:36:32.992306+00:00
2016-10-20,10894.06,NSE Indices Ltd / Public Archive,2026-09-05T05:36:32.992306+00:00
2016-10-21,10962.25,NSE Indices Ltd / Public Archive,2026-09-05T05:36:32.992306+00:00
2016-10-24,11092.76,NSE Indices Ltd / Public Archive,2026-09-05T05:36:32.992306+00:00
2016-10-25,11204.68,NSE Indices Ltd / Public Archive,2026-09-05T05:36:32.992306+00:00
2016-10-26,11283.83,NSE Indices Ltd / Public Archive,2026-09-05T05:36:32.992306+00:00
2016-10-27,11254.46,NSE Indices Ltd / Public Archive,2026-09-05T05:36:32.992306+00:00
2016-10-28,11346.07,NSE Indices Ltd / Public Archive,2026-09-05T05:36:32.992306+00:00
2016-10-31,11264.63,NSE Indices Ltd / Public Archive,2026-09-05T05:36:32.992306+00:00
2016-11-01,11244.15,NSE Indices Ltd / Public Archive,2026-09-05T05:36:32.992306+00:00
2016-11-02,11195.76,NSE Indices Ltd / Public Archive,2026-09-05T05:36:32.992306+00:00
2016-11-03,11211.08,NSE Indices Ltd / Public Archive,2026-09-05T05:36:32.992306+00:00
2016-11-04,11476.74,NSE Indices Ltd / Public Archive,2026-09-05T05:36:32.992306+00:00
2016-11-07,11268.76,NSE Indices Ltd / Public Archive,2026-09-05T05:36:32.992306+00:00
2016-11-08,11367.85,NSE Indices Ltd / Public Archive,2026-09-05T05:36:32.992306+00:00
2016-11-09,11075.8,NSE Indices Ltd / Public Archive,2026-09-05T05:36:32.992306+00:00
2016-11-10,10980.78,NSE Indices Ltd / Public Archive,2026-09-05T05:36:32.992306+00:00
2016-11-11,11143.68,NSE Indices Ltd / Public Archive,2026-09-05T05:36:32.992306+00:00
2016-11-14,11137.7,NSE Indices Ltd / Public Archive,2026-09-05T05:36:32.992306+00:00
2016-11-15,10940.94,NSE Indices Ltd / Public Archive,2026-09-05T05:36:32.992306+00:00
2016-11-16,10807.14,NSE Indices Ltd / Public Archive,2026-09-05T05:36:32.992306+00:00
2016-11-17,10901.1,NSE Indices Ltd / Public Archive,2026-09-05T05:36:32.992306+00:00
2016-11-18,10765.32,NSE Indices Ltd / Public Archive,2026-09-05T05:36:32.992306+00:00
2016-11-21,10784.13,NSE Indices Ltd / Public Archive,2026-09-05T05:36:32.992306+00:00
2016-11-22,10775.32,NSE Indices Ltd / Public Archive,2026-09-05T05:36:32.992306+00:00
2016-11-23,10653.84,NSE Indices Ltd / Public Archive,2026-09-05T05:36:32.992306+00:00
2016-11-24,10980.48,NSE Indices Ltd / Public Archive,2026-09-05T05:36:32.992306+00:00
2016-11-25,11068.42,NSE Indices Ltd / Public Archive,2026-09-05T05:36:32.992306+00:00
2016-11-28,10715.59,NSE Indices Ltd / Public Archive,2026-09-05T05:36:32.992306+00:00
2016-11-29,10729.48,NSE Indices Ltd / Public Archive,2026-09-05T05:36:32.992306+00:00
2016-11-30,10606.88,NSE Indices Ltd / Public Archive,2026-09-05T05:36:32.992306+00:00
2016-12-01,10726.6,NSE Indices Ltd / Public Archive,2026-09-05T05:36:32.992306+00:00
2016-12-02,10582.99,NSE Indices Ltd / Public Archive,2026-09-05T05:36:32.992306+00:00
2016-12-05,10548.9,NSE Indices Ltd / Public Archive,2026-09-05T05:36:32.992306+00:00
2016-12-06,10612.98,NSE Indices Ltd / Public Archive,2026-09-05T05:36:32.992306+00:00
2016-12-07,10734.89,NSE Indices Ltd / Public Archive,2026-09-05T05:36:32.992306+00:00
2016-12-08,10525.51,NSE Indices Ltd / Public Archive,2026-09-05T05:36:32.992306+00:00
2016-12-09,10456.91,NSE Indices Ltd / Public Archive,2026-09-05T05:36:32.992306+00:00
2016-12-12,10366.73,NSE Indices Ltd / Public Archive,2026-09-05T05:36:32.992306+00:00
2016-12-13,10249.58,NSE Indices Ltd / Public Archive,2026-09-05T05:36:32.992306+00:00
2016-12-14,10505.64,NSE Indices Ltd / Public Archive,2026-09-05T05:36:32.992306+00:00
2016-12-15,10553.7,NSE Indices Ltd / Public Archive,2026-09-05T05:36:32.992306+00:00
2016-12-16,10338.26,NSE Indices Ltd / Public Archive,2026-09-05T05:36:32.992306+00:00
2016-12-19,10465.09,NSE Indices Ltd / Public Archive,2026-09-05T05:36:32.992306+00:00
2016-12-20,10782.52,NSE Indices Ltd / Public Archive,2026-09-05T05:36:32.992306+00:00
2016-12-21,10933.34,NSE Indices Ltd / Public Archive,2026-09-05T05:36:32.992306+00:00
2016-12-22,10667.76,NSE Indices Ltd / Public Archive,2026-09-05T05:36:32.992306+00:00
2016-12-23,10574.27,NSE Indices Ltd / Public Archive,2026-09-05T05:36:32.992306+00:00
2016-12-26,10759.36,NSE Indices Ltd / Public Archive,2026-09-05T05:36:32.992306+00:00
2016-12-27,10629.01,NSE Indices Ltd / Public Archive,2026-09-05T05:36:32.992306+00:00
2016-12-28,10683.83,NSE Indices Ltd / Public Archive,2026-09-05T05:36:32.992306+00:00
2016-12-29,10791.94,NSE Indices Ltd / Public Archive,2026-09-05T05:36:32.992306+00:00
2016-12-30,10625.71,NSE Indices Ltd / Public Archive,2026-09-05T05:36:32.992306+00:00
2017-01-02,10632.97,NSE Indices Ltd / Public Archive,2026-09-05T05:36:32.992306+00:00
2017-01-03,10403.41,NSE Indices Ltd / Public Archive,2026-09-05T05:36:32.992306+00:00
2017-01-04,10340.26,NSE Indices Ltd / Public Archive,2026-09-05T05:36:32.992306+00:00
2017-01-05,10333.35,NSE Indices Ltd / Public Archive,2026-09-05T05:36:32.992306+00:00
2017-01-06,10254.46,NSE Indices Ltd / Public Archive,2026-09-05T05:36:32.992306+00:00
2017-01-09,10382.92,NSE Indices Ltd / Public Archive,2026-09-05T05:36:32.992306+00:00
2017-01-10,10290.39,NSE Indices Ltd / Public Archive,2026-09-05T05:36:32.992306+00:00
2017-01-11,10270.02,NSE Indices Ltd / Public Archive,2026-09-05T05:36:32.992306+00:00
2017-01-12,10290.71,NSE Indices Ltd / Public Archive,2026-09-05T05:36:32.992306+00:00
2017-01-13,10405.85,NSE Indices Ltd / Public Archive,2026-09-05T05:36:32.992306+00:00
2017-01-16,10312.71,NSE Indices Ltd / Public Archive,2026-09-05T05:36:32.992306+00:00
2017-01-17,10408.02,NSE Indices Ltd / Public Archive,2026-09-05T05:36:32.992306+00:00
2017-01-18,10420.22,NSE Indices Ltd / Public Archive,2026-09-05T05:36:32.992306+00:00
2017-01-19,10360.09,NSE Indices Ltd / Public Archive,2026-09-05T05:36:32.992306+00:00
2017-01-20,10404.99,NSE Indices Ltd / Public Archive,2026-09-05T05:36:32.992306+00:00
2017-01-23,10430.94,NSE Indices Ltd / Public Archive,2026-09-05T05:36:32.992306+00:00
2017-01-24,10398.59,NSE Indices Ltd / Public Archive,2026-09-05T05:36:32.992306+00:00
2017-01-25,10415.11,NSE Indices Ltd / Public Archive,2026-09-05T05:36:32.992306+00:00
2017-01-26,10398.47,NSE Indices Ltd / Public Archive,2026-09-05T05:36:32.992306+00:00
2017-01-27,10418.17,NSE Indices Ltd / Public Archive,2026-09-05T05:36:32.992306+00:00
2017-01-30,10477.92,NSE Indices Ltd / Public Archive,2026-09-05T05:36:32.992306+00:00
2017-01-31,10605.77,NSE Indices Ltd / Public Archive,2026-09-05T05:36:32.992306+00:00
2017-02-01,10525.54,NSE Indices Ltd / Public Archive,2026-09-05T05:36:32.992306+00:00
2017-02-02,10694.28,NSE Indices Ltd / Public Archive,2026-09-05T05:36:32.992306+00:00
2017-02-03,10559.91,NSE Indices Ltd / Public Archive,2026-09-05T05:36:32.992306+00:00
2017-02-06,10560.31,NSE Indices Ltd / Public Archive,2026-09-05T05:36:32.992306+00:00
2017-02-07,10615.41,NSE Indices Ltd / Public Archive,2026-09-05T05:36:32.992306+00:00
2017-02-08,10647.97,NSE Indices Ltd / Public Archive,2026-09-05T05:36:32.992306+00:00
2017-02-09,10613.27,NSE Indices Ltd / Public Archive,2026-09-05T05:36:32.992306+00:00
2017-02-10,10609.48,NSE Indices Ltd / Public Archive,2026-09-05T05:36:32.992306+00:00
2017-02-13,10584.54,NSE Indices Ltd / Public Archive,2026-09-05T05:36:32.992306+00:00
2017-02-14,10552.51,NSE Indices Ltd / Public Archive,2026-09-05T05:36:32.992306+00:00
2017-02-15,10626.88,NSE Indices Ltd / Public Archive,2026-09-05T05:36:32.992306+00:00
2017-02-16,10665.13,NSE Indices Ltd / Public Archive,2026-09-05T05:36:32.992306+00:00
2017-02-17,10625.13,NSE Indices Ltd / Public Archive,2026-09-05T05:36:32.992306+00:00
2017-02-20,10703.73,NSE Indices Ltd / Public Archive,2026-09-05T05:36:32.992306+00:00
2017-02-21,10738.52,NSE Indices Ltd / Public Archive,2026-09-05T05:36:32.992306+00:00
2017-02-22,10811.44,NSE Indices Ltd / Public Archive,2026-09-05T05:36:32.992306+00:00
2017-02-23,10870.98,NSE Indices Ltd / Public Archive,2026-09-05T05:36:32.992306+00:00
2017-02-24,10819.86,NSE Indices Ltd / Public Archive,2026-09-05T05:36:32.992306+00:00
2017-02-27,10789.33,NSE Indices Ltd / Public Archive,2026-09-05T05:36:32.992306+00:00
2017-02-28,10857.64,NSE Indices Ltd / Public Archive,2026-09-05T05:36:32.992306+00:00
2017-03-01,10915.97,NSE Indices Ltd / Public Archive,2026-09-05T05:36:32.992306+00:00
2017-03-02,10926.38,NSE Indices Ltd / Public Archive,2026-09-05T05:36:32.992306+00:00
2017-03-03,10947.38,NSE Indices Ltd / Public Archive,2026-09-05T05:36:32.992306+00:00
2017-03-06,11057.33,NSE Indices Ltd / Public Archive,2026-09-05T05:36:32.992306+00:00
2017-03-07,11023.7,NSE Indices Ltd / Public Archive,2026-09-05T05:36:32.992306+00:00
2017-03-08,11078.04,NSE Indices Ltd / Public Archive,2026-09-05T05:36:32.992306+00:00
2017-03-09,11074.55,NSE Indices Ltd / Public Archive,2026-09-05T05:36:32.992306+00:00
2017-03-10,11069.86,NSE Indices Ltd / Public Archive,2026-09-05T05:36:32.992306+00:00
2017-03-13,11167.18,NSE Indices Ltd / Public Archive,2026-09-05T05:36:32.992306+00:00
2017-03-14,11243.99,NSE Indices Ltd / Public Archive,2026-09-05T05:36:32.992306+00:00
2017-03-15,11320.38,NSE Indices Ltd / Public Archive,2026-09-05T05:36:32.992306+00:00
2017-03-16,11436.29,NSE Indices Ltd / Public Archive,2026-09-05T05:36:32.992306+00:00
2017-03-17,11450.55,NSE Indices Ltd / Public Archive,2026-09-05T05:36:32.992306+00:00
2017-03-20,11517.8,NSE Indices Ltd / Public Archive,2026-09-05T05:36:32.992306+00:00
2017-03-21,11505.46,NSE Indices Ltd / Public Archive,2026-09-05T05:36:32.992306+00:00
2017-03-22,11544.22,NSE Indices Ltd / Public Archive,2026-09-05T05:36:32.992306+00:00
2017-03-23,11546.4,NSE Indices Ltd / Public Archive,2026-09-05T05:36:32.992306+00:00
2017-03-24,11566.94,NSE Indices Ltd / Public Archive,2026-09-05T05:36:32.992306+00:00
2017-03-27,11627.86,NSE Indices Ltd / Public Archive,2026-09-05T05:36:32.992306+00:00
2017-03-28,11574.05,NSE Indices Ltd / Public Archive,2026-09-05T05:36:32.992306+00:00
2017-03-29,11756.3,NSE Indices Ltd / Public Archive,2026-09-05T05:36:32.992306+00:00
2017-03-30,11686.44,NSE Indices Ltd / Public Archive,2026-09-05T05:36:32.992306+00:00
2017-03-31,11599.97,NSE Indices Ltd / Public Archive,2026-09-05T05:36:32.992306+00:00
2017-04-03,11706.77,NSE Indices Ltd / Public Archive,2026-09-05T05:36:32.992306+00:00
2017-04-04,11784.52,NSE Indices Ltd / Public Archive,2026-09-05T05:36:32.992306+00:00
2017-04-05,11848.97,NSE Indices Ltd / Public Archive,2026-09-05T05:36:32.992306+00:00
2017-04-06,11914.12,NSE Indices Ltd / Public Archive,2026-09-05T05:36:32.992306+00:00
2017-04-07,11926.21,NSE Indices Ltd / Public Archive,2026-09-05T05:36:32.992306+00:00
2017-04-10,11864.42,NSE Indices Ltd / Public Archive,2026-09-05T05:36:32.992306+00:00
2017-04-11,11883.76,NSE Indices Ltd / Public Archive,2026-09-05T05:36:32.992306+00:00
2017-04-12,11840.51,NSE Indices Ltd / Public Archive,2026-09-05T05:36:32.992306+00:00
2017-04-13,11934.35,NSE Indices Ltd / Public Archive,2026-09-05T05:36:32.992306+00:00
2017-04-14,11935.19,NSE Indices Ltd / Public Archive,2026-09-05T05:36:32.992306+00:00
2017-04-17,11879.36,NSE Indices Ltd / Public Archive,2026-09-05T05:36:32.992306+00:00
2017-04-18,11865.7,NSE Indices Ltd / Public Archive,2026-09-05T05:36:32.992306+00:00
2017-04-19,11913.05,NSE Indices Ltd / Public Archive,2026-09-05T05:36:32.992306+00:00
2017-04-20,11879.14,NSE Indices Ltd / Public Archive,2026-09-05T05:36:32.992306+00:00
2017-04-21,11823.84,NSE Indices Ltd / Public Archive,2026-09-05T05:36:32.992306+00:00
2017-04-24,11857.02,NSE Indices Ltd / Public Archive,2026-09-05T05:36:32.992306+00:00
2017-04-25,11890.39,NSE Indices Ltd / Public Archive,2026-09-05T05:36:32.992306+00:00
2017-04-26,11861.27,NSE Indices Ltd / Public Archive,2026-09-05T05:36:32.992306+00:00
2017-04-27,11835.21,NSE Indices Ltd / Public Archive,2026-09-05T05:36:32.992306+00:00
2017-04-28,11867.46,NSE Indices Ltd / Public Archive,2026-09-05T05:36:32.992306+00:00
2017-05-01,11760.21,NSE Indices Ltd / Public Archive,2026-09-05T05:36:32.992306+00:00
2017-05-02,11657.29,NSE Indices Ltd / Public Archive,2026-09-05T05:36:32.992306+00:00
2017-05-03,11611.48,NSE Indices Ltd / Public Archive,2026-09-05T05:36:32.992306+00:00
2017-05-04,11606.91,NSE Indices Ltd / Public Archive,2026-09-05T05:36:32.992306+00:00
2017-05-05,11644.94,NSE Indices Ltd / Public Archive,2026-09-05T05:36:32.992306+00:00
2017-05-08,11778.01,NSE Indices Ltd / Public Archive,2026-09-05T05:36:32.992306+00:00
2017-05-09,11861.67,NSE Indices Ltd / Public Archive,2026-09-05T05:36:32.992306+00:00
2017-05-10,11861.44,NSE Indices Ltd / Public Archive,2026-09-05T05:36:32.992306+00:00
2017-05-11,11872.91,NSE Indices Ltd / Public Archive,2026-09-05T05:36:32.992306+00:00
2017-05-12,11802.65,NSE Indices Ltd / Public Archive,2026-09-05T05:36:32.992306+00:00
2017-05-15,11814.1,NSE Indices Ltd / Public Archive,2026-09-05T05:36:32.992306+00:00
2017-05-16,11803.23,NSE Indices Ltd / Public Archive,2026-09-05T05:36:32.992306+00:00
2017-05-17,11842.87,NSE Indices Ltd / Public Archive,2026-09-05T05:36:32.992306+00:00
2017-05-18,11787.32,NSE Indices Ltd / Public Archive,2026-09-05T05:36:32.992306+00:00
2017-05-19,11843.14,NSE Indices Ltd / Public Archive,2026-09-05T05:36:32.992306+00:00
2017-05-22,11983.24,NSE Indices Ltd / Public Archive,2026-09-05T05:36:32.992306+00:00
2017-05-23,11987.3,NSE Indices Ltd / Public Archive,2026-09-05T05:36:32.992306+00:00
2017-05-24,12034.19,NSE Indices Ltd / Public Archive,2026-09-05T05:36:32.992306+00:00
2017-05-25,12105.56,NSE Indices Ltd / Public Archive,2026-09-05T05:36:32.992306+00:00
2017-05-26,12084.88,NSE Indices Ltd / Public Archive,2026-09-05T05:36:32.992306+00:00
2017-05-29,12117.13,NSE Indices Ltd / Public Archive,2026-09-05T05:36:32.992306+00:00
2017-05-30,12131.53,NSE Indices Ltd / Public Archive,2026-09-05T05:36:32.992306+00:00
2017-05-31,12153.17,NSE Indices Ltd / Public Archive,2026-09-05T05:36:32.992306+00:00
2017-06-01,12100.78,NSE Indices Ltd / Public Archive,2026-09-05T05:36:32.992306+00:00
2017-06-02,12116.16,NSE Indices Ltd / Public Archive,2026-09-05T05:36:32.992306+00:00
2017-06-05,12171.73,NSE Indices Ltd / Public Archive,2026-09-05T05:36:32.992306+00:00
2017-06-06,12308.76,NSE Indices Ltd / Public Archive,2026-09-05T05:36:32.992306+00:00
2017-06-07,12404.95,NSE Indices Ltd / Public Archive,2026-09-05T05:36:32.992306+00:00
2017-06-08,12605.56,NSE Indices Ltd / Public Archive,2026-09-05T05:36:32.992306+00:00
2017-06-09,12551.72,NSE Indices Ltd / Public Archive,2026-09-05T05:36:32.992306+00:00
2017-06-12,12642.17,NSE Indices Ltd / Public Archive,2026-09-05T05:36:32.992306+00:00
2017-06-13,12672.3,NSE Indices Ltd / Public Archive,2026-09-05T05:36:32.992306+00:00
2017-06-14,12880.49,NSE Indices Ltd / Public Archive,2026-09-05T05:36:32.992306+00:00
2017-06-15,12821.78,NSE Indices Ltd / Public Archive,2026-09-05T05:36:32.992306+00:00
2017-06-16,12760.52,NSE Indices Ltd / Public Archive,2026-09-05T05:36:32.992306+00:00
2017-06-19,12721.01,NSE Indices Ltd / Public Archive,2026-09-05T05:36:32.992306+00:00
2017-06-20,12545.88,NSE Indices Ltd / Public Archive,2026-09-05T05:36:32.992306+00:00
2017-06-21,12513.51,NSE Indices Ltd / Public Archive,2026-09-05T05:36:32.992306+00:00
2017-06-22,12460.78,NSE Indices Ltd / Public Archive,2026-09-05T05:36:32.992306+00:00
2017-06-23,12487.6,NSE Indices Ltd / Public Archive,2026-09-05T05:36:32.992306+00:00
2017-06-26,12531.21,NSE Indices Ltd / Public Archive,2026-09-05T05:36:32.992306+00:00
2017-06-27,12709.57,NSE Indices Ltd / Public Archive,2026-09-05T05:36:32.992306+00:00
2017-06-28,12808.11,NSE Indices Ltd / Public Archive,2026-09-05T05:36:32.992306+00:00
2017-06-29,12770.47,NSE Indices Ltd / Public Archive,2026-09-05T05:36:32.992306+00:00
2017-06-30,12704.21,NSE Indices Ltd / Public Archive,2026-09-05T05:36:32.992306+00:00
2017-07-03,12761.93,NSE Indices Ltd / Public Archive,2026-09-05T05:36:32.992306+00:00
2017-07-04,12658.03,NSE Indices Ltd / Public Archive,2026-09-05T05:36:32.992306+00:00
2017-07-05,12834.23,NSE Indices Ltd / Public Archive,2026-09-05T05:36:32.992306+00:00
2017-07-06,12954.31,NSE Indices Ltd / Public Archive,2026-09-05T05:36:32.992306+00:00
2017-07-07,12926.01,NSE Indices Ltd / Public Archive,2026-09-05T05:36:32.992306+00:00
2017-07-10,12785.22,NSE Indices Ltd / Public Archive,2026-09-05T05:36:32.992306+00:00
2017-07-11,12920.45,NSE Indices Ltd / Public Archive,2026-09-05T05:36:32.992306+00:00
2017-07-12,12924.31,NSE Indices Ltd / Public Archive,2026-09-05T05:36:32.992306+00:00
2017-07-13,13050.51,NSE Indices Ltd / Public Archive,2026-09-05T05:36:32.992306+00:00
2017-07-14,12919.21,NSE Indices Ltd / Public Archive,2026-09-05T05:36:32.992306+00:00
2017-07-17,12879.22,NSE Indices Ltd / Public Archive,2026-09-05T05:36:32.992306+00:00
2017-07-18,12893.85,NSE Indices Ltd / Public Archive,2026-09-05T05:36:32.992306+00:00
2017-07-19,12912.28,NSE Indices Ltd / Public Archive,2026-09-05T05:36:32.992306+00:00
2017-07-20,12885.8,NSE Indices Ltd / Public Archive,2026-09-05T05:36:32.992306+00:00
2017-07-21,12956.16,NSE Indices Ltd / Public Archive,2026-09-05T05:36:32.992306+00:00
2017-07-24,12873.58,NSE Indices Ltd / Public Archive,2026-09-05T05:36:32.992306+00:00
2017-07-25,12874.91,NSE Indices Ltd / Public Archive,2026-09-05T05:36:32.992306+00:00
2017-07-26,12899.92,NSE Indices Ltd / Public Archive,2026-09-05T05:36:32.992306+00:00
2017-07-27,12960.56,NSE Indices Ltd / Public Archive,2026-09-05T05:36:32.992306+00:00
2017-07-28,13039.38,NSE Indices Ltd / Public Archive,2026-09-05T05:36:32.992306+00:00
2017-07-31,12951.07,NSE Indices Ltd / Public Archive,2026-09-05T05:36:32.992306+00:00
2017-08-01,12826.24,NSE Indices Ltd / Public Archive,2026-09-05T05:36:32.992306+00:00
2017-08-02,12955.06,NSE Indices Ltd / Public Archive,2026-09-05T05:36:32.992306+00:00
2017-08-03,12999.45,NSE Indices Ltd / Public Archive,2026-09-05T05:36:32.992306+00:00
2017-08-04,12945.64,NSE Indices Ltd / Public Archive,2026-09-05T05:36:32.992306+00:00
2017-08-07,13100.44,NSE Indices Ltd / Public Archive,2026-09-05T05:36:32.992306+00:00
2017-08-08,13125.46,NSE Indices Ltd / Public Archive,2026-09-05T05:36:32.992306+00:00
2017-08-09,13248.25,NSE Indices Ltd / Public Archive,2026-09-05T05:36:32.992306+00:00
2017-08-10,13269.08,NSE Indices Ltd / Public Archive,2026-09-05T05:36:32.992306+00:00
2017-08-11,13475.09,NSE Indices Ltd / Public Archive,2026-09-05T05:36:32.992306+00:00
2017-08-14,13655.49,NSE Indices Ltd / Public Archive,2026-09-05T05:36:32.992306+00:00
2017-08-15,13646.71,NSE Indices Ltd / Public Archive,2026-09-05T05:36:32.992306+00:00
2017-08-16,13754.53,NSE Indices Ltd / Public Archive,2026-09-05T05:36:32.992306+00:00
2017-08-17,13831.8,NSE Indices Ltd / Public Archive,2026-09-05T05:36:32.992306+00:00
2017-08-18,13979.53,NSE Indices Ltd / Public Archive,2026-09-05T05:36:32.992306+00:00
2017-08-21,13900.48,NSE Indices Ltd / Public Archive,2026-09-05T05:36:32.992306+00:00
2017-08-22,13982.53,NSE Indices Ltd / Public Archive,2026-09-05T05:36:32.992306+00:00
2017-08-23,14101.51,NSE Indices Ltd / Public Archive,2026-09-05T05:36:32.992306+00:00
2017-08-24,13943.41,NSE Indices Ltd / Public Archive,2026-09-05T05:36:32.992306+00:00
2017-08-25,13843.26,NSE Indices Ltd / Public Archive,2026-09-05T05:36:32.992306+00:00
2017-08-28,13660.88,NSE Indices Ltd / Public Archive,2026-09-05T05:36:32.992306+00:00
2017-08-29,13650.14,NSE Indices Ltd / Public Archive,2026-09-05T05:36:32.992306+00:00
2017-08-30,13733.72,NSE Indices Ltd / Public Archive,2026-09-05T05:36:32.992306+00:00
2017-08-31,13893.26,NSE Indices Ltd / Public Archive,2026-09-05T05:36:32.992306+00:00
2017-09-01,13915.75,NSE Indices Ltd / Public Archive,2026-09-05T05:36:32.992306+00:00
2017-09-04,14089.7,NSE Indices Ltd / Public Archive,2026-09-05T05:36:32.992306+00:00
2017-09-05,13969.08,NSE Indices Ltd / Public Archive,2026-09-05T05:36:32.992306+00:00
2017-09-06,13817.88,NSE Indices Ltd / Public Archive,2026-09-05T05:36:32.992306+00:00
2017-09-07,13827.71,NSE Indices Ltd / Public Archive,2026-09-05T05:36:32.992306+00:00
2017-09-08,13880.1,NSE Indices Ltd / Public Archive,2026-09-05T05:36:32.992306+00:00
2017-09-11,13892.19,NSE Indices Ltd / Public Archive,2026-09-05T05:36:32.992306+00:00
2017-09-12,13706.42,NSE Indices Ltd / Public Archive,2026-09-05T05:36:32.992306+00:00
2017-09-13,13712.95,NSE Indices Ltd / Public Archive,2026-09-05T05:36:32.992306+00:00
2017-09-14,13602.81,NSE Indices Ltd / Public Archive,2026-09-05T05:36:32.992306+00:00
2017-09-15,13681.54,NSE Indices Ltd / Public Archive,2026-09-05T05:36:32.992306+00:00
2017-09-18,13731.7,NSE Indices Ltd / Public Archive,2026-09-05T05:36:32.992306+00:00
2017-09-19,13656.46,NSE Indices Ltd / Public Archive,2026-09-05T05:36:32.992306+00:00
2017-09-20,13622.36,NSE Indices Ltd / Public Archive,2026-09-05T05:36:32.992306+00:00
2017-09-21,13536.34,NSE Indices Ltd / Public Archive,2026-09-05T05:36:32.992306+00:00
2017-09-22,13545.29,NSE Indices Ltd / Public Archive,2026-09-05T05:36:32.992306+00:00
2017-09-25,13650.76,NSE Indices Ltd / Public Archive,2026-09-05T05:36:32.992306+00:00
2017-09-26,13571.58,NSE Indices Ltd / Public Archive,2026-09-05T05:36:32.992306+00:00
2017-09-27,13634.4,NSE Indices Ltd / Public Archive,2026-09-05T05:36:32.992306+00:00
2017-09-28,13598.79,NSE Indices Ltd / Public Archive,2026-09-05T05:36:32.992306+00:00
2017-09-29,13538.27,NSE Indices Ltd / Public Archive,2026-09-05T05:36:32.992306+00:00
2017-10-02,13543.02,NSE Indices Ltd / Public Archive,2026-09-05T05:36:32.992306+00:00
2017-10-03,13459.77,NSE Indices Ltd / Public Archive,2026-09-05T05:36:32.992306+00:00
2017-10-04,13422.42,NSE Indices Ltd / Public Archive,2026-09-05T05:36:32.992306+00:00
2017-10-05,13324.63,NSE Indices Ltd / Public Archive,2026-09-05T05:36:32.992306+00:00
2017-10-06,13522.54,NSE Indices Ltd / Public Archive,2026-09-05T05:36:32.992306+00:00
2017-10-09,13540.76,NSE Indices Ltd / Public Archive,2026-09-05T05:36:32.992306+00:00
2017-10-10,13489.33,NSE Indices Ltd / Public Archive,2026-09-05T05:36:32.992306+00:00
2017-10-11,13524.37,NSE Indices Ltd / Public Archive,2026-09-05T05:36:32.992306+00:00
2017-10-12,13528.61,NSE Indices Ltd / Public Archive,2026-09-05T05:36:32.992306+00:00
2017-10-13,13522.57,NSE Indices Ltd / Public Archive,2026-09-05T05:36:32.992306+00:00
2017-10-16,13595.58,NSE Indices Ltd / Public Archive,2026-09-05T05:36:32.992306+00:00
2017-10-17,13682.63,NSE Indices Ltd / Public Archive,2026-09-05T05:36:32.992306+00:00
2017-10-18,13646.87,NSE Indices Ltd / Public Archive,2026-09-05T05:36:32.992306+00:00
2017-10-19,13606.87,NSE Indices Ltd / Public Archive,2026-09-05T05:36:32.992306+00:00
2017-10-20,13595.64,NSE Indices Ltd / Public Archive,2026-09-05T05:36:32.992306+00:00
2017-10-23,13391.52,NSE Indices Ltd / Public Archive,2026-09-05T05:36:32.992306+00:00
2017-10-24,13264.22,NSE Indices Ltd / Public Archive,2026-09-05T05:36:32.992306+00:00
2017-10-25,13405.72,NSE Indices Ltd / Public Archive,2026-09-05T05:36:32.992306+00:00
2017-10-26,13574.83,NSE Indices Ltd / Public Archive,2026-09-05T05:36:32.992306+00:00
2017-10-27,13566.1,NSE Indices Ltd / Public Archive,2026-09-05T05:36:32.992306+00:00
2017-10-30,13635.77,NSE Indices Ltd / Public Archive,2026-09-05T05:36:32.992306+00:00
2017-10-31,13680.48,NSE Indices Ltd / Public Archive,2026-09-05T05:36:32.992306+00:00
2017-11-01,13990.38,NSE Indices Ltd / Public Archive,2026-09-05T05:36:32.992306+00:00
2017-11-02,14115.41,NSE Indices Ltd / Public Archive,2026-09-05T05:36:32.992306+00:00
2017-11-03,14118.3,NSE Indices Ltd / Public Archive,2026-09-05T05:36:32.992306+00:00
2017-11-06,14039.39,NSE Indices Ltd / Public Archive,2026-09-05T05:36:32.992306+00:00
2017-11-07,13896.96,NSE Indices Ltd / Public Archive,2026-09-05T05:36:32.992306+00:00
2017-11-08,13932.04,NSE Indices Ltd / Public Archive,2026-09-05T05:36:32.992306+00:00
2017-11-09,13873.6,NSE Indices Ltd / Public Archive,2026-09-05T05:36:32.992306+00:00
2017-11-10,13750.74,NSE Indices Ltd / Public Archive,2026-09-05T05:36:32.992306+00:00
2017-11-13,13703.63,NSE Indices Ltd / Public Archive,2026-09-05T05:36:32.992306+00:00
2017-11-14,13614.96,NSE Indices Ltd / Public Archive,2026-09-05T05:36:32.992306+00:00
2017-11-15,13790.73,NSE Indices Ltd / Public Archive,2026-09-05T05:36:32.992306+00:00
2017-11-16,13891.0,NSE Indices Ltd / Public Archive,2026-09-05T05:36:32.992306+00:00
2017-11-17,13905.51,NSE Indices Ltd / Public Archive,2026-09-05T05:36:32.992306+00:00
2017-11-20,14064.86,NSE Indices Ltd / Public Archive,2026-09-05T05:36:32.992306+00:00
2017-11-21,14087.95,NSE Indices Ltd / Public Archive,2026-09-05T05:36:32.992306+00:00
2017-11-22,14018.51,NSE Indices Ltd / Public Archive,2026-09-05T05:36:32.992306+00:00
2017-11-23,14183.39,NSE Indices Ltd / Public Archive,2026-09-05T05:36:32.992306+00:00
2017-11-24,14252.5,NSE Indices Ltd / Public Archive,2026-09-05T05:36:32.992306+00:00
2017-11-27,14164.7,NSE Indices Ltd / Public Archive,2026-09-05T05:36:32.992306+00:00
2017-11-28,14161.4,NSE Indices Ltd / Public Archive,2026-09-05T05:36:32.992306+00:00
2017-11-29,14090.18,NSE Indices Ltd / Public Archive,2026-09-05T05:36:32.992306+00:00
2017-11-30,13969.29,NSE Indices Ltd / Public Archive,2026-09-05T05:36:32.992306+00:00
2017-12-01,14075.23,NSE Indices Ltd / Public Archive,2026-09-05T05:36:32.992306+00:00
2017-12-04,14278.84,NSE Indices Ltd / Public Archive,2026-09-05T05:36:32.992306+00:00
2017-12-05,14154.75,NSE Indices Ltd / Public Archive,2026-09-05T05:36:32.992306+00:00
2017-12-06,14226.11,NSE Indices Ltd / Public Archive,2026-09-05T05:36:32.992306+00:00
2017-12-07,14176.96,NSE Indices Ltd / Public Archive,2026-09-05T05:36:32.992306+00:00
2017-12-08,14144.21,NSE Indices Ltd / Public Archive,2026-09-05T05:36:32.992306+00:00
2017-12-11,14101.12,NSE Indices Ltd / Public Archive,2026-09-05T05:36:32.992306+00:00
2017-12-12,14031.35,NSE Indices Ltd / Public Archive,2026-09-05T05:36:32.992306+00:00
2017-12-13,14051.55,NSE Indices Ltd / Public Archive,2026-09-05T05:36:32.992306+00:00
2017-12-14,13985.27,NSE Indices Ltd / Public Archive,2026-09-05T05:36:32.992306+00:00
2017-12-15,14027.13,NSE Indices Ltd / Public Archive,2026-09-05T05:36:32.992306+00:00
2017-12-18,14037.63,NSE Indices Ltd / Public Archive,2026-09-05T05:36:32.992306+00:00
2017-12-19,14029.59,NSE Indices Ltd / Public Archive,2026-09-05T05:36:32.992306+00:00
2017-12-20,13955.9,NSE Indices Ltd / Public Archive,2026-09-05T05:36:32.992306+00:00
2017-12-21,13914.9,NSE Indices Ltd / Public Archive,2026-09-05T05:36:32.992306+00:00
2017-12-22,14003.79,NSE Indices Ltd / Public Archive,2026-09-05T05:36:32.992306+00:00
2017-12-25,14068.29,NSE Indices Ltd / Public Archive,2026-09-05T05:36:32.992306+00:00
2017-12-26,13987.5,NSE Indices Ltd / Public Archive,2026-09-05T05:36:32.992306+00:00
2017-12-27,14012.61,NSE Indices Ltd / Public Archive,2026-09-05T05:36:32.992306+00:00
2017-12-28,14101.73,NSE Indices Ltd / Public Archive,2026-09-05T05:36:32.992306+00:00
2017-12-29,13952.45,NSE Indices Ltd / Public Archive,2026-09-05T05:36:32.992306+00:00
2018-01-01,14035.94,NSE Indices Ltd / Public Archive,2026-09-05T05:36:32.992306+00:00
2018-01-02,13950.65,NSE Indices Ltd / Public Archive,2026-09-05T05:36:32.992306+00:00
2018-01-03,14037.93,NSE Indices Ltd / Public Archive,2026-09-05T05:36:32.992306+00:00
2018-01-04,13938.5,NSE Indices Ltd / Public Archive,2026-09-05T05:36:32.992306+00:00
2018-01-05,13694.59,NSE Indices Ltd / Public Archive,2026-09-05T05:36:32.992306+00:00
2018-01-08,13479.24,NSE Indices Ltd / Public Archive,2026-09-05T05:36:32.992306+00:00
2018-01-09,13493.14,NSE Indices Ltd / Public Archive,2026-09-05T05:36:32.992306+00:00
2018-01-10,13535.6,NSE Indices Ltd / Public Archive,2026-09-05T05:36:32.992306+00:00
2018-01-11,13420.64,NSE Indices Ltd / Public Archive,2026-09-05T05:36:32.992306+00:00
2018-01-12,13513.73,NSE Indices Ltd / Public Archive,2026-09-05T05:36:32.992306+00:00
2018-01-15,13296.62,NSE Indices Ltd / Public Archive,2026-09-05T05:36:32.992306+00:00
2018-01-16,13295.15,NSE Indices Ltd / Public Archive,2026-09-05T05:36:32.992306+00:00
2018-01-17,13141.46,NSE Indices Ltd / Public Archive,2026-09-05T05:36:32.992306+00:00
2018-01-18,13063.02,NSE Indices Ltd / Public Archive,2026-09-05T05:36:32.992306+00:00
2018-01-19,13076.4,NSE Indices Ltd / Public Archive,2026-09-05T05:36:32.992306+00:00
2018-01-22,12971.08,NSE Indices Ltd / Public Archive,2026-09-05T05:36:32.992306+00:00
2018-01-23,12928.34,NSE Indices Ltd / Public Archive,2026-09-05T05:36:32.992306+00:00
2018-01-24,13065.54,NSE Indices Ltd / Public Archive,2026-09-05T05:36:32.992306+00:00
2018-01-25,12997.35,NSE Indices Ltd / Public Archive,2026-09-05T05:36:32.992306+00:00
2018-01-26,13113.12,NSE Indices Ltd / Public Archive,2026-09-05T05:36:32.992306+00:00
2018-01-29,12972.19,NSE Indices Ltd / Public Archive,2026-09-05T05:36:32.992306+00:00
2018-01-30,13048.06,NSE Indices Ltd / Public Archive,2026-09-05T05:36:32.992306+00:00
2018-01-31,13243.33,NSE Indices Ltd / Public Archive,2026-09-05T05:36:32.992306+00:00
2018-02-01,12813.83,NSE Indices Ltd / Public Archive,2026-09-05T05:36:32.992306+00:00
2018-02-02,12677.24,NSE Indices Ltd / Public Archive,2026-09-05T05:36:32.992306+00:00
2018-02-05,12768.54,NSE Indices Ltd / Public Archive,2026-09-05T05:36:32.992306+00:00
2018-02-06,12731.0,NSE Indices Ltd / Public Archive,2026-09-05T05:36:32.992306+00:00
2018-02-07,12788.61,NSE Indices Ltd / Public Archive,2026-09-05T05:36:32.992306+00:00
2018-02-08,12684.36,NSE Indices Ltd / Public Archive,2026-09-05T05:36:32.992306+00:00
2018-02-09,12694.83,NSE Indices Ltd / Public Archive,2026-09-05T05:36:32.992306+00:00
2018-02-12,12665.33,NSE Indices Ltd / Public Archive,2026-09-05T05:36:32.992306+00:00
2018-02-13,12853.81,NSE Indices Ltd / Public Archive,2026-09-05T05:36:32.992306+00:00
2018-02-14,12892.47,NSE Indices Ltd / Public Archive,2026-09-05T05:36:32.992306+00:00
2018-02-15,12945.18,NSE Indices Ltd / Public Archive,2026-09-05T05:36:32.992306+00:00
2018-02-16,12871.98,NSE Indices Ltd / Public Archive,2026-09-05T05:36:32.992306+00:00
2018-02-19,12786.53,NSE Indices Ltd / Public Archive,2026-09-05T05:36:32.992306+00:00
2018-02-20,12710.79,NSE Indices Ltd / Public Archive,2026-09-05T05:36:32.992306+00:00
2018-02-21,12772.16,NSE Indices Ltd / Public Archive,2026-09-05T05:36:32.992306+00:00
2018-02-22,12698.43,NSE Indices Ltd / Public Archive,2026-09-05T05:36:32.992306+00:00
2018-02-23,12742.45,NSE Indices Ltd / Public Archive,2026-09-05T05:36:32.992306+00:00
2018-02-26,13082.42,NSE Indices Ltd / Public Archive,2026-09-05T05:36:32.992306+00:00
2018-02-27,13226.65,NSE Indices Ltd / Public Archive,2026-09-05T05:36:32.992306+00:00
2018-02-28,13166.63,NSE Indices Ltd / Public Archive,2026-09-05T05:36:32.992306+00:00
2018-03-01,13368.28,NSE Indices Ltd / Public Archive,2026-09-05T05:36:32.992306+00:00
2018-03-02,13293.35,NSE Indices Ltd / Public Archive,2026-09-05T05:36:32.992306+00:00
2018-03-05,12937.15,NSE Indices Ltd / Public Archive,2026-09-05T05:36:32.992306+00:00
2018-03-06,12763.73,NSE Indices Ltd / Public Archive,2026-09-05T05:36:32.992306+00:00
2018-03-07,12449.48,NSE Indices Ltd / Public Archive,2026-09-05T05:36:32.992306+00:00
2018-03-08,12388.85,NSE Indices Ltd / Public Archive,2026-09-05T05:36:32.992306+00:00
2018-03-09,12388.1,NSE Indices Ltd / Public Archive,2026-09-05T05:36:32.992306+00:00
2018-03-12,12654.37,NSE Indices Ltd / Public Archive,2026-09-05T05:36:32.992306+00:00
2018-03-13,12704.36,NSE Indices Ltd / Public Archive,2026-09-05T05:36:32.992306+00:00
2018-03-14,12664.36,NSE Indices Ltd / Public Archive,2026-09-05T05:36:32.992306+00:00
2018-03-15,12797.11,NSE Indices Ltd / Public Archive,2026-09-05T05:36:32.992306+00:00
2018-03-16,12425.42,NSE Indices Ltd / Public Archive,2026-09-05T05:36:32.992306+00:00
2018-03-19,12459.75,NSE Indices Ltd / Public Archive,2026-09-05T05:36:32.992306+00:00
2018-03-20,12580.88,NSE Indices Ltd / Public Archive,2026-09-05T05:36:32.992306+00:00
2018-03-21,12335.28,NSE Indices Ltd / Public Archive,2026-09-05T05:36:32.992306+00:00
2018-03-22,12514.99,NSE Indices Ltd / Public Archive,2026-09-05T05:36:32.992306+00:00
2018-03-23,12566.3,NSE Indices Ltd / Public Archive,2026-09-05T05:36:32.992306+00:00
2018-03-26,12494.69,NSE Indices Ltd / Public Archive,2026-09-05T05:36:32.992306+00:00
2018-03-27,12593.73,NSE Indices Ltd / Public Archive,2026-09-05T05:36:32.992306+00:00
2018-03-28,12961.7,NSE Indices Ltd / Public Archive,2026-09-05T05:36:32.992306+00:00
2018-03-29,12988.46,NSE Indices Ltd / Public Archive,2026-09-05T05:36:32.992306+00:00
2018-03-30,13026.48,NSE Indices Ltd / Public Archive,2026-09-05T05:36:32.992306+00:00
2018-04-02,12944.78,NSE Indices Ltd / Public Archive,2026-09-05T05:36:32.992306+00:00
2018-04-03,12797.88,NSE Indices Ltd / Public Archive,2026-09-05T05:36:32.992306+00:00
2018-04-04,12932.19,NSE Indices Ltd / Public Archive,2026-09-05T05:36:32.992306+00:00
2018-04-05,12784.38,NSE Indices Ltd / Public Archive,2026-09-05T05:36:32.992306+00:00
2018-04-06,12792.44,NSE Indices Ltd / Public Archive,2026-09-05T05:36:32.992306+00:00
2018-04-09,12709.17,NSE Indices Ltd / Public Archive,2026-09-05T05:36:32.992306+00:00
2018-04-10,12784.49,NSE Indices Ltd / Public Archive,2026-09-05T05:36:32.992306+00:00
2018-04-11,12836.11,NSE Indices Ltd / Public Archive,2026-09-05T05:36:32.992306+00:00
2018-04-12,13005.39,NSE Indices Ltd / Public Archive,2026-09-05T05:36:32.992306+00:00
2018-04-13,12915.26,NSE Indices Ltd / Public Archive,2026-09-05T05:36:32.992306+00:00
2018-04-16,12866.08,NSE Indices Ltd / Public Archive,2026-09-05T05:36:32.992306+00:00
2018-04-17,12698.51,NSE Indices Ltd / Public Archive,2026-09-05T05:36:32.992306+00:00
2018-04-18,12621.36,NSE Indices Ltd / Public Archive,2026-09-05T05:36:32.992306+00:00
2018-04-19,12679.48,NSE Indices Ltd / Public Archive,2026-09-05T05:36:32.992306+00:00
2018-04-20,12800.45,NSE Indices Ltd / Public Archive,2026-09-05T05:36:32.992306+00:00
2018-04-23,12643.16,NSE Indices Ltd / Public Archive,2026-09-05T05:36:32.992306+00:00
2018-04-24,12782.29,NSE Indices Ltd / Public Archive,2026-09-05T05:36:32.992306+00:00
2018-04-25,13003.72,NSE Indices Ltd / Public Archive,2026-09-05T05:36:32.992306+00:00
2018-04-26,13069.71,NSE Indices Ltd / Public Archive,2026-09-05T05:36:32.992306+00:00
2018-04-27,13384.67,NSE Indices Ltd / Public Archive,2026-09-05T05:36:32.992306+00:00
2018-04-30,13246.02,NSE Indices Ltd / Public Archive,2026-09-05T05:36:32.992306+00:00
2018-05-01,13027.72,NSE Indices Ltd / Public Archive,2026-09-05T05:36:32.992306+00:00
2018-05-02,12722.56,NSE Indices Ltd / Public Archive,2026-09-05T05:36:32.992306+00:00
2018-05-03,12966.18,NSE Indices Ltd / Public Archive,2026-09-05T05:36:32.992306+00:00
2018-05-04,13072.59,NSE Indices Ltd / Public Archive,2026-09-05T05:36:32.992306+00:00
2018-05-07,13059.22,NSE Indices Ltd / Public Archive,2026-09-05T05:36:32.992306+00:00
2018-05-08,13102.84,NSE Indices Ltd / Public Archive,2026-09-05T05:36:32.992306+00:00
2018-05-09,12907.19,NSE Indices Ltd / Public Archive,2026-09-05T05:36:32.992306+00:00
2018-05-10,13313.7,NSE Indices Ltd / Public Archive,2026-09-05T05:36:32.992306+00:00
2018-05-11,13332.07,NSE Indices Ltd / Public Archive,2026-09-05T05:36:32.992306+00:00
2018-05-14,13347.03,NSE Indices Ltd / Public Archive,2026-09-05T05:36:32.992306+00:00
2018-05-15,13468.96,NSE Indices Ltd / Public Archive,2026-09-05T05:36:32.992306+00:00
2018-05-16,13549.14,NSE Indices Ltd / Public Archive,2026-09-05T05:36:32.992306+00:00
2018-05-17,13584.51,NSE Indices Ltd / Public Archive,2026-09-05T05:36:32.992306+00:00
2018-05-18,13440.84,NSE Indices Ltd / Public Archive,2026-09-05T05:36:32.992306+00:00
2018-05-21,13519.19,NSE Indices Ltd / Public Archive,2026-09-05T05:36:32.992306+00:00
2018-05-22,13845.9,NSE Indices Ltd / Public Archive,2026-09-05T05:36:32.992306+00:00
2018-05-23,14083.91,NSE Indices Ltd / Public Archive,2026-09-05T05:36:32.992306+00:00
2018-05-24,14371.39,NSE Indices Ltd / Public Archive,2026-09-05T05:36:32.992306+00:00
2018-05-25,14271.56,NSE Indices Ltd / Public Archive,2026-09-05T05:36:32.992306+00:00
2018-05-28,14083.68,NSE Indices Ltd / Public Archive,2026-09-05T05:36:32.992306+00:00
2018-05-29,14056.43,NSE Indices Ltd / Public Archive,2026-09-05T05:36:32.992306+00:00
2018-05-30,14062.39,NSE Indices Ltd / Public Archive,2026-09-05T05:36:32.992306+00:00
2018-05-31,14258.2,NSE Indices Ltd / Public Archive,2026-09-05T05:36:32.992306+00:00
2018-06-01,13940.22,NSE Indices Ltd / Public Archive,2026-09-05T05:36:32.992306+00:00
2018-06-04,14213.22,NSE Indices Ltd / Public Archive,2026-09-05T05:36:32.992306+00:00
2018-06-05,14179.76,NSE Indices Ltd / Public Archive,2026-09-05T05:36:32.992306+00:00
2018-06-06,14096.82,NSE Indices Ltd / Public Archive,2026-09-05T05:36:32.992306+00:00
2018-06-07,13907.12,NSE Indices Ltd / Public Archive,2026-09-05T05:36:32.992306+00:00
2018-06-08,13603.76,NSE Indices Ltd / Public Archive,2026-09-05T05:36:32.992306+00:00
2018-06-11,13745.25,NSE Indices Ltd / Public Archive,2026-09-05T05:36:32.992306+00:00
2018-06-12,13754.23,NSE Indices Ltd / Public Archive,2026-09-05T05:36:32.992306+00:00
2018-06-13,13519.45,NSE Indices Ltd / Public Archive,2026-09-05T05:36:32.992306+00:00
2018-06-14,13287.78,NSE Indices Ltd / Public Archive,2026-09-05T05:36:32.992306+00:00
2018-06-15,13225.79,NSE Indices Ltd / Public Archive,2026-09-05T05:36:32.992306+00:00
2018-06-18,13508.79,NSE Indices Ltd / Public Archive,2026-09-05T05:36:32.992306+00:00
2018-06-19,13459.15,NSE Indices Ltd / Public Archive,2026-09-05T05:36:32.992306+00:00
2018-06-20,13192.11,NSE Indices Ltd / Public Archive,2026-09-05T05:36:32.992306+00:00
2018-06-21,13146.01,NSE Indices Ltd / Public Archive,2026-09-05T05:36:32.992306+00:00
2018-06-22,13095.45,NSE Indices Ltd / Public Archive,2026-09-05T05:36:32.992306+00:00
2018-06-25,12632.4,NSE Indices Ltd / Public Archive,2026-09-05T05:36:32.992306+00:00
2018-06-26,12619.7,NSE Indices Ltd / Public Archive,2026-09-05T05:36:32.992306+00:00
2018-06-27,12578.03,NSE Indices Ltd / Public Archive,2026-09-05T05:36:32.992306+00:00
2018-06-28,12688.09,NSE Indices Ltd / Public Archive,2026-09-05T05:36:32.992306+00:00
2018-06-29,12989.26,NSE Indices Ltd / Public Archive,2026-09-05T05:36:32.992306+00:00
2018-07-02,13175.6,NSE Indices Ltd / Public Archive,2026-09-05T05:36:32.992306+00:00
2018-07-03,13125.59,NSE Indices Ltd / Public Archive,2026-09-05T05:36:32.992306+00:00
2018-07-04,12932.84,NSE Indices Ltd / Public Archive,2026-09-05T05:36:32.992306+00:00
2018-07-05,13361.61,NSE Indices Ltd / Public Archive,2026-09-05T05:36:32.992306+00:00
2018-07-06,13367.89,NSE Indices Ltd / Public Archive,2026-09-05T05:36:32.992306+00:00
2018-07-09,13366.3,NSE Indices Ltd / Public Archive,2026-09-05T05:36:32.992306+00:00
2018-07-10,13358.1,NSE Indices Ltd / Public Archive,2026-09-05T05:36:32.992306+00:00
2018-07-11,13388.49,NSE Indices Ltd / Public Archive,2026-09-05T05:36:32.992306+00:00
2018-07-12,13359.35,NSE Indices Ltd / Public Archive,2026-09-05T05:36:32.992306+00:00
2018-07-13,13255.71,NSE Indices Ltd / Public Archive,2026-09-05T05:36:32.992306+00:00
2018-07-16,13157.5,NSE Indices Ltd / Public Archive,2026-09-05T05:36:32.992306+00:00
2018-07-17,13147.95,NSE Indices Ltd / Public Archive,2026-09-05T05:36:32.992306+00:00
2018-07-18,13051.12,NSE Indices Ltd / Public Archive,2026-09-05T05:36:32.992306+00:00
2018-07-19,12926.26,NSE Indices Ltd / Public Archive,2026-09-05T05:36:32.992306+00:00
2018-07-20,12940.27,NSE Indices Ltd / Public Archive,2026-09-05T05:36:32.992306+00:00
2018-07-23,12893.49,NSE Indices Ltd / Public Archive,2026-09-05T05:36:32.992306+00:00
2018-07-24,13141.72,NSE Indices Ltd / Public Archive,2026-09-05T05:36:32.992306+00:00
2018-07-25,12684.88,NSE Indices Ltd / Public Archive,2026-09-05T05:36:32.992306+00:00
2018-07-26,12861.06,NSE Indices Ltd / Public Archive,2026-09-05T05:36:32.992306+00:00
2018-07-27,13065.54,NSE Indices Ltd / Public Archive,2026-09-05T05:36:32.992306+00:00
2018-07-30,12709.45,NSE Indices Ltd / Public Archive,2026-09-05T05:36:32.992306+00:00
2018-07-31,12649.02,NSE Indices Ltd / Public Archive,2026-09-05T05:36:32.992306+00:00
2018-08-01,12584.15,NSE Indices Ltd / Public Archive,2026-09-05T05:36:32.992306+00:00
2018-08-02,12350.11,NSE Indices Ltd / Public Archive,2026-09-05T05:36:32.992306+00:00
2018-08-03,12221.53,NSE Indices Ltd / Public Archive,2026-09-05T05:36:32.992306+00:00
2018-08-06,12041.41,NSE Indices Ltd / Public Archive,2026-09-05T05:36:32.992306+00:00
2018-08-07,12312.1,NSE Indices Ltd / Public Archive,2026-09-05T05:36:32.992306+00:00
2018-08-08,12458.17,NSE Indices Ltd / Public Archive,2026-09-05T05:36:32.992306+00:00
2018-08-09,12660.36,NSE Indices Ltd / Public Archive,2026-09-05T05:36:32.992306+00:00
2018-08-10,12775.34,NSE Indices Ltd / Public Archive,2026-09-05T05:36:32.992306+00:00
2018-08-13,12584.0,NSE Indices Ltd / Public Archive,2026-09-05T05:36:32.992306+00:00
2018-08-14,12494.42,NSE Indices Ltd / Public Archive,2026-09-05T05:36:32.992306+00:00
2018-08-15,12570.16,NSE Indices Ltd / Public Archive,2026-09-05T05:36:32.992306+00:00
2018-08-16,12366.67,NSE Indices Ltd / Public Archive,2026-09-05T05:36:32.992306+00:00
2018-08-17,12477.59,NSE Indices Ltd / Public Archive,2026-09-05T05:36:32.992306+00:00
2018-08-20,12434.86,NSE Indices Ltd / Public Archive,2026-09-05T05:36:32.992306+00:00
2018-08-21,12370.54,NSE Indices Ltd / Public Archive,2026-09-05T05:36:32.992306+00:00
2018-08-22,12481.17,NSE Indices Ltd / Public Archive,2026-09-05T05:36:32.992306+00:00
2018-08-23,12549.51,NSE Indices Ltd / Public Archive,2026-09-05T05:36:32.992306+00:00
2018-08-24,12486.85,NSE Indices Ltd / Public Archive,2026-09-05T05:36:32.992306+00:00
2018-08-27,12671.3,NSE Indices Ltd / Public Archive,2026-09-05T05:36:32.992306+00:00
2018-08-28,12489.42,NSE Indices Ltd / Public Archive,2026-09-05T05:36:32.992306+00:00
2018-08-29,12585.67,NSE Indices Ltd / Public Archive,2026-09-05T05:36:32.992306+00:00
2018-08-30,12678.94,NSE Indices Ltd / Public Archive,2026-09-05T05:36:32.992306+00:00
2018-08-31,12624.11,NSE Indices Ltd / Public Archive,2026-09-05T05:36:32.992306+00:00
2018-09-03,12673.85,NSE Indices Ltd / Public Archive,2026-09-05T05:36:32.992306+00:00
2018-09-04,12463.91,NSE Indices Ltd / Public Archive,2026-09-05T05:36:32.992306+00:00
2018-09-05,12609.9,NSE Indices Ltd / Public Archive,2026-09-05T05:36:32.992306+00:00
2018-09-06,12575.8,NSE Indices Ltd / Public Archive,2026-09-05T05:36:32.992306+00:00
2018-09-07,12486.57,NSE Indices Ltd / Public Archive,2026-09-05T05:36:32.992306+00:00
2018-09-10,12653.11,NSE Indices Ltd / Public Archive,2026-09-05T05:36:32.992306+00:00
2018-09-11,12533.45,NSE Indices Ltd / Public Archive,2026-09-05T05:36:32.992306+00:00
2018-09-12,12300.2,NSE Indices Ltd / Public Archive,2026-09-05T05:36:32.992306+00:00
2018-09-13,12047.61,NSE Indices Ltd / Public Archive,2026-09-05T05:36:32.992306+00:00
2018-09-14,12138.9,NSE Indices Ltd / Public Archive,2026-09-05T05:36:32.992306+00:00
2018-09-17,11933.2,NSE Indices Ltd / Public Archive,2026-09-05T05:36:32.992306+00:00
2018-09-18,12201.85,NSE Indices Ltd / Public Archive,2026-09-05T05:36:32.992306+00:00
2018-09-19,11867.94,NSE Indices Ltd / Public Archive,2026-09-05T05:36:32.992306+00:00
2018-09-20,12126.12,NSE Indices Ltd / Public Archive,2026-09-05T05:36:32.992306+00:00
2018-09-21,12155.74,NSE Indices Ltd / Public Archive,2026-09-05T05:36:32.992306+00:00
2018-09-24,12136.81,NSE Indices Ltd / Public Archive,2026-09-05T05:36:32.992306+00:00
2018-09-25,12047.2,NSE Indices Ltd / Public Archive,2026-09-05T05:36:32.992306+00:00
2018-09-26,12106.09,NSE Indices Ltd / Public Archive,2026-09-05T05:36:32.992306+00:00
2018-09-27,12096.54,NSE Indices Ltd / Public Archive,2026-09-05T05:36:32.992306+00:00
2018-09-28,12266.41,NSE Indices Ltd / Public Archive,2026-09-05T05:36:32.992306+00:00
2018-10-01,12280.94,NSE Indices Ltd / Public Archive,2026-09-05T05:36:32.992306+00:00
2018-10-02,12301.26,NSE Indices Ltd / Public Archive,2026-09-05T05:36:32.992306+00:00
2018-10-03,12239.42,NSE Indices Ltd / Public Archive,2026-09-05T05:36:32.992306+00:00
2018-10-04,12226.68,NSE Indices Ltd / Public Archive,2026-09-05T05:36:32.992306+00:00
2018-10-05,12271.94,NSE Indices Ltd / Public Archive,2026-09-05T05:36:32.992306+00:00
2018-10-08,11995.43,NSE Indices Ltd / Public Archive,2026-09-05T05:36:32.992306+00:00
2018-10-09,11781.59,NSE Indices Ltd / Public Archive,2026-09-05T05:36:32.992306+00:00
2018-10-10,11891.9,NSE Indices Ltd / Public Archive,2026-09-05T05:36:32.992306+00:00
2018-10-11,11914.74,NSE Indices Ltd / Public Archive,2026-09-05T05:36:32.992306+00:00
2018-10-12,11882.67,NSE Indices Ltd / Public Archive,2026-09-05T05:36:32.992306+00:00
2018-10-15,11881.95,NSE Indices Ltd / Public Archive,2026-09-05T05:36:32.992306+00:00
2018-10-16,11932.08,NSE Indices Ltd / Public Archive,2026-09-05T05:36:32.992306+00:00
2018-10-17,11844.77,NSE Indices Ltd / Public Archive,2026-09-05T05:36:32.992306+00:00
2018-10-18,11721.38,NSE Indices Ltd / Public Archive,2026-09-05T05:36:32.992306+00:00
2018-10-19,11747.7,NSE Indices Ltd / Public Archive,2026-09-05T05:36:32.992306+00:00
2018-10-22,11594.76,NSE Indices Ltd / Public Archive,2026-09-05T05:36:32.992306+00:00
2018-10-23,11652.82,NSE Indices Ltd / Public Archive,2026-09-05T05:36:32.992306+00:00
2018-10-24,11391.4,NSE Indices Ltd / Public Archive,2026-09-05T05:36:32.992306+00:00
2018-10-25,11540.39,NSE Indices Ltd / Public Archive,2026-09-05T05:36:32.992306+00:00
2018-10-26,11607.83,NSE Indices Ltd / Public Archive,2026-09-05T05:36:32.992306+00:00
2018-10-29,11642.98,NSE Indices Ltd / Public Archive,2026-09-05T05:36:32.992306+00:00
2018-10-30,11788.23,NSE Indices Ltd / Public Archive,2026-09-05T05:36:32.992306+00:00
2018-10-31,12039.92,NSE Indices Ltd / Public Archive,2026-09-05T05:36:32.992306+00:00
2018-11-01,12168.67,NSE Indices Ltd / Public Archive,2026-09-05T05:36:32.992306+00:00
2018-11-02,11951.36,NSE Indices Ltd / Public Archive,2026-09-05T05:36:32.992306+00:00
2018-11-05,11805.0,NSE Indices Ltd / Public Archive,2026-09-05T05:36:32.992306+00:00
2018-11-06,11737.74,NSE Indices Ltd / Public Archive,2026-09-05T05:36:32.992306+00:00
2018-11-07,11747.25,NSE Indices Ltd / Public Archive,2026-09-05T05:36:32.992306+00:00
2018-11-08,11814.53,NSE Indices Ltd / Public Archive,2026-09-05T05:36:32.992306+00:00
2018-11-09,11735.28,NSE Indices Ltd / Public Archive,2026-09-05T05:36:32.992306+00:00
2018-11-12,11763.65,NSE Indices Ltd / Public Archive,2026-09-05T05:36:32.992306+00:00
2018-11-13,11681.26,NSE Indices Ltd / Public Archive,2026-09-05T05:36:32.992306+00:00
2018-11-14,11616.25,NSE Indices Ltd / Public Archive,2026-09-05T05:36:32.992306+00:00
2018-11-15,11459.24,NSE Indices Ltd / Public Archive,2026-09-05T05:36:32.992306+00:00
2018-11-16,11359.75,NSE Indices Ltd / Public Archive,2026-09-05T05:36:32.992306+00:00
2018-11-19,11212.45,NSE Indices Ltd / Public Archive,2026-09-05T05:36:32.992306+00:00
2018-11-20,11109.2,NSE Indices Ltd / Public Archive,2026-09-05T05:36:32.992306+00:00
2018-11-21,11232.36,NSE Indices Ltd / Public Archive,2026-09-05T05:36:32.992306+00:00
2018-11-22,11131.9,NSE Indices Ltd / Public Archive,2026-09-05T05:36:32.992306+00:00
2018-11-23,11431.05,NSE Indices Ltd / Public Archive,2026-09-05T05:36:32.992306+00:00
2018-11-26,11493.73,NSE Indices Ltd / Public Archive,2026-09-05T05:36:32.992306+00:00
2018-11-27,11521.3,NSE Indices Ltd / Public Archive,2026-09-05T05:36:32.992306+00:00
2018-11-28,11428.74,NSE Indices Ltd / Public Archive,2026-09-05T05:36:32.992306+00:00
2018-11-29,11515.06,NSE Indices Ltd / Public Archive,2026-09-05T05:36:32.992306+00:00
2018-11-30,11455.11,NSE Indices Ltd / Public Archive,2026-09-05T05:36:32.992306+00:00
2018-12-03,11475.39,NSE Indices Ltd / Public Archive,2026-09-05T05:36:32.992306+00:00
2018-12-04,11775.48,NSE Indices Ltd / Public Archive,2026-09-05T05:36:32.992306+00:00
2018-12-05,11770.64,NSE Indices Ltd / Public Archive,2026-09-05T05:36:32.992306+00:00
2018-12-06,11912.39,NSE Indices Ltd / Public Archive,2026-09-05T05:36:32.992306+00:00
2018-12-07,11835.18,NSE Indices Ltd / Public Archive,2026-09-05T05:36:32.992306+00:00
2018-12-10,11837.55,NSE Indices Ltd / Public Archive,2026-09-05T05:36:32.992306+00:00
2018-12-11,12053.68,NSE Indices Ltd / Public Archive,2026-09-05T05:36:32.992306+00:00
2018-12-12,11984.74,NSE Indices Ltd / Public Archive,2026-09-05T05:36:32.992306+00:00
2018-12-13,12208.54,NSE Indices Ltd / Public Archive,2026-09-05T05:36:32.992306+00:00
2018-12-14,12301.67,NSE Indices Ltd / Public Archive,2026-09-05T05:36:32.992306+00:00
2018-12-17,12239.24,NSE Indices Ltd / Public Archive,2026-09-05T05:36:32.992306+00:00
2018-12-18,12323.37,NSE Indices Ltd / Public Archive,2026-09-05T05:36:32.992306+00:00
2018-12-19,12450.0,NSE Indices Ltd / Public Archive,2026-09-05T05:36:32.992306+00:00
2018-12-20,12534.26,NSE Indices Ltd / Public Archive,2026-09-05T05:36:32.992306+00:00
2018-12-21,12344.34,NSE Indices Ltd / Public Archive,2026-09-05T05:36:32.992306+00:00
2018-12-24,12261.37,NSE Indices Ltd / Public Archive,2026-09-05T05:36:32.992306+00:00
2018-12-25,12237.77,NSE Indices Ltd / Public Archive,2026-09-05T05:36:32.992306+00:00
2018-12-26,12235.39,NSE Indices Ltd / Public Archive,2026-09-05T05:36:32.992306+00:00
2018-12-27,12318.06,NSE Indices Ltd / Public Archive,2026-09-05T05:36:32.992306+00:00
2018-12-28,12346.72,NSE Indices Ltd / Public Archive,2026-09-05T05:36:32.992306+00:00
2018-12-31,12188.64,NSE Indices Ltd / Public Archive,2026-09-05T05:36:32.992306+00:00
2019-01-01,12241.69,NSE Indices Ltd / Public Archive,2026-09-05T05:36:32.992306+00:00
2019-01-02,12323.17,NSE Indices Ltd / Public Archive,2026-09-05T05:36:32.992306+00:00
2019-01-03,12398.93,NSE Indices Ltd / Public Archive,2026-09-05T05:36:32.992306+00:00
2019-01-04,12539.75,NSE Indices Ltd / Public Archive,2026-09-05T05:36:32.992306+00:00
2019-01-07,12651.22,NSE Indices Ltd / Public Archive,2026-09-05T05:36:32.992306+00:00
2019-01-08,12716.27,NSE Indices Ltd / Public Archive,2026-09-05T05:36:32.992306+00:00
2019-01-09,12714.34,NSE Indices Ltd / Public Archive,2026-09-05T05:36:32.992306+00:00
2019-01-10,12510.15,NSE Indices Ltd / Public Archive,2026-09-05T05:36:32.992306+00:00
2019-01-11,12570.78,NSE Indices Ltd / Public Archive,2026-09-05T05:36:32.992306+00:00
2019-01-14,12603.8,NSE Indices Ltd / Public Archive,2026-09-05T05:36:32.992306+00:00
2019-01-15,12644.96,NSE Indices Ltd / Public Archive,2026-09-05T05:36:32.992306+00:00
2019-01-16,12490.47,NSE Indices Ltd / Public Archive,2026-09-05T05:36:32.992306+00:00
2019-01-17,12362.32,NSE Indices Ltd / Public Archive,2026-09-05T05:36:32.992306+00:00
2019-01-18,12499.31,NSE Indices Ltd / Public Archive,2026-09-05T05:36:32.992306+00:00
2019-01-21,12501.24,NSE Indices Ltd / Public Archive,2026-09-05T05:36:32.992306+00:00
2019-01-22,12593.31,NSE Indices Ltd / Public Archive,2026-09-05T05:36:32.992306+00:00
2019-01-23,12603.8,NSE Indices Ltd / Public Archive,2026-09-05T05:36:32.992306+00:00
2019-01-24,12614.49,NSE Indices Ltd / Public Archive,2026-09-05T05:36:32.992306+00:00
2019-01-25,12739.78,NSE Indices Ltd / Public Archive,2026-09-05T05:36:32.992306+00:00
2019-01-28,12681.05,NSE Indices Ltd / Public Archive,2026-09-05T05:36:32.992306+00:00
2019-01-29,12700.21,NSE Indices Ltd / Public Archive,2026-09-05T05:36:32.992306+00:00
2019-01-30,12648.49,NSE Indices Ltd / Public Archive,2026-09-05T05:36:32.992306+00:00
2019-01-31,12600.49,NSE Indices Ltd / Public Archive,2026-09-05T05:36:32.992306+00:00
2019-02-01,12568.46,NSE Indices Ltd / Public Archive,2026-09-05T05:36:32.992306+00:00
2019-02-04,12603.29,NSE Indices Ltd / Public Archive,2026-09-05T05:36:32.992306+00:00
2019-02-05,12549.88,NSE Indices Ltd / Public Archive,2026-09-05T05:36:32.992306+00:00
2019-02-06,12714.38,NSE Indices Ltd / Public Archive,2026-09-05T05:36:32.992306+00:00
2019-02-07,12607.63,NSE Indices Ltd / Public Archive,2026-09-05T05:36:32.992306+00:00
2019-02-08,12591.01,NSE Indices Ltd / Public Archive,2026-09-05T05:36:32.992306+00:00
2019-02-11,12542.56,NSE Indices Ltd / Public Archive,2026-09-05T05:36:32.992306+00:00
2019-02-12,12730.95,NSE Indices Ltd / Public Archive,2026-09-05T05:36:32.992306+00:00
2019-02-13,12762.98,NSE Indices Ltd / Public Archive,2026-09-05T05:36:32.992306+00:00
2019-02-14,12901.69,NSE Indices Ltd / Public Archive,2026-09-05T05:36:32.992306+00:00
2019-02-15,12717.12,NSE Indices Ltd / Public Archive,2026-09-05T05:36:32.992306+00:00
2019-02-18,12758.08,NSE Indices Ltd / Public Archive,2026-09-05T05:36:32.992306+00:00
2019-02-19,12878.6,NSE Indices Ltd / Public Archive,2026-09-05T05:36:32.992306+00:00
2019-02-20,12896.28,NSE Indices Ltd / Public Archive,2026-09-05T05:36:32.992306+00:00
2019-02-21,13040.78,NSE Indices Ltd / Public Archive,2026-09-05T05:36:32.992306+00:00
2019-02-22,12980.49,NSE Indices Ltd / Public Archive,2026-09-05T05:36:32.992306+00:00
2019-02-25,13170.57,NSE Indices Ltd / Public Archive,2026-09-05T05:36:32.992306+00:00
2019-02-26,13480.59,NSE Indices Ltd / Public Archive,2026-09-05T05:36:32.992306+00:00
2019-02-27,13439.09,NSE Indices Ltd / Public Archive,2026-09-05T05:36:32.992306+00:00
2019-02-28,13386.61,NSE Indices Ltd / Public Archive,2026-09-05T05:36:32.992306+00:00
2019-03-01,13588.53,NSE Indices Ltd / Public Archive,2026-09-05T05:36:32.992306+00:00
2019-03-04,13810.65,NSE Indices Ltd / Public Archive,2026-09-05T05:36:32.992306+00:00
2019-03-05,13746.03,NSE Indices Ltd / Public Archive,2026-09-05T05:36:32.992306+00:00
2019-03-06,13695.84,NSE Indices Ltd / Public Archive,2026-09-05T05:36:32.992306+00:00
2019-03-07,13664.78,NSE Indices Ltd / Public Archive,2026-09-05T05:36:32.992306+00:00
2019-03-08,13488.58,NSE Indices Ltd / Public Archive,2026-09-05T05:36:32.992306+00:00
2019-03-11,13372.08,NSE Indices Ltd / Public Archive,2026-09-05T05:36:32.992306+00:00
2019-03-12,13245.16,NSE Indices Ltd / Public Archive,2026-09-05T05:36:32.992306+00:00
2019-03-13,13150.75,NSE Indices Ltd / Public Archive,2026-09-05T05:36:32.992306+00:00
2019-03-14,13153.42,NSE Indices Ltd / Public Archive,2026-09-05T05:36:32.992306+00:00
2019-03-15,13191.46,NSE Indices Ltd / Public Archive,2026-09-05T05:36:32.992306+00:00
2019-03-18,13403.25,NSE Indices Ltd / Public Archive,2026-09-05T05:36:32.992306+00:00
2019-03-19,13276.81,NSE Indices Ltd / Public Archive,2026-09-05T05:36:32.992306+00:00
2019-03-20,13414.8,NSE Indices Ltd / Public Archive,2026-09-05T05:36:32.992306+00:00
2019-03-21,13393.47,NSE Indices Ltd / Public Archive,2026-09-05T05:36:32.992306+00:00
2019-03-22,13394.21,NSE Indices Ltd / Public Archive,2026-09-05T05:36:32.992306+00:00
2019-03-25,13491.97,NSE Indices Ltd / Public Archive,2026-09-05T05:36:32.992306+00:00
2019-03-26,13347.91,NSE Indices Ltd / Public Archive,2026-09-05T05:36:32.992306+00:00
2019-03-27,13406.3,NSE Indices Ltd / Public Archive,2026-09-05T05:36:32.992306+00:00
2019-03-28,13435.98,NSE Indices Ltd / Public Archive,2026-09-05T05:36:32.992306+00:00
2019-03-29,13509.54,NSE Indices Ltd / Public Archive,2026-09-05T05:36:32.992306+00:00
2019-04-01,13556.04,NSE Indices Ltd / Public Archive,2026-09-05T05:36:32.992306+00:00
2019-04-02,13896.33,NSE Indices Ltd / Public Archive,2026-09-05T05:36:32.992306+00:00
2019-04-03,13815.35,NSE Indices Ltd / Public Archive,2026-09-05T05:36:32.992306+00:00
2019-04-04,13749.59,NSE Indices Ltd / Public Archive,2026-09-05T05:36:32.992306+00:00
2019-04-05,13671.48,NSE Indices Ltd / Public Archive,2026-09-05T05:36:32.992306+00:00
2019-04-08,13603.05,NSE Indices Ltd / Public Archive,2026-09-05T05:36:32.992306+00:00
2019-04-09,13523.83,NSE Indices Ltd / Public Archive,2026-09-05T05:36:32.992306+00:00
2019-04-10,13692.07,NSE Indices Ltd / Public Archive,2026-09-05T05:36:32.992306+00:00
2019-04-11,13894.1,NSE Indices Ltd / Public Archive,2026-09-05T05:36:32.992306+00:00
2019-04-12,13822.44,NSE Indices Ltd / Public Archive,2026-09-05T05:36:32.992306+00:00
2019-04-15,13714.99,NSE Indices Ltd / Public Archive,2026-09-05T05:36:32.992306+00:00
2019-04-16,13787.19,NSE Indices Ltd / Public Archive,2026-09-05T05:36:32.992306+00:00
2019-04-17,13718.63,NSE Indices Ltd / Public Archive,2026-09-05T05:36:32.992306+00:00
2019-04-18,13813.01,NSE Indices Ltd / Public Archive,2026-09-05T05:36:32.992306+00:00
2019-04-19,13848.64,NSE Indices Ltd / Public Archive,2026-09-05T05:36:32.992306+00:00
2019-04-22,13646.34,NSE Indices Ltd / Public Archive,2026-09-05T05:36:32.992306+00:00
2019-04-23,13865.03,NSE Indices Ltd / Public Archive,2026-09-05T05:36:32.992306+00:00
2019-04-24,14121.65,NSE Indices Ltd / Public Archive,2026-09-05T05:36:32.992306+00:00
2019-04-25,14042.88,NSE Indices Ltd / Public Archive,2026-09-05T05:36:32.992306+00:00
2019-04-26,13996.16,NSE Indices Ltd / Public Archive,2026-09-05T05:36:32.992306+00:00
2019-04-29,14043.87,NSE Indices Ltd / Public Archive,2026-09-05T05:36:32.992306+00:00
2019-04-30,14098.56,NSE Indices Ltd / Public Archive,2026-09-05T05:36:32.992306+00:00
2019-05-01,14199.16,NSE Indices Ltd / Public Archive,2026-09-05T05:36:32.992306+00:00
2019-05-02,14492.4,NSE Indices Ltd / Public Archive,2026-09-05T05:36:32.992306+00:00
2019-05-03,14474.73,NSE Indices Ltd / Public Archive,2026-09-05T05:36:32.992306+00:00
2019-05-06,14367.14,NSE Indices Ltd / Public Archive,2026-09-05T05:36:32.992306+00:00
2019-05-07,14176.87,NSE Indices Ltd / Public Archive,2026-09-05T05:36:32.992306+00:00
2019-05-08,14081.05,NSE Indices Ltd / Public Archive,2026-09-05T05:36:32.992306+00:00
2019-05-09,14084.13,NSE Indices Ltd / Public Archive,2026-09-05T05:36:32.992306+00:00
2019-05-10,14344.62,NSE Indices Ltd / Public Archive,2026-09-05T05:36:32.992306+00:00
2019-05-13,14278.26,NSE Indices Ltd / Public Archive,2026-09-05T05:36:32.992306+00:00
2019-05-14,14318.07,NSE Indices Ltd / Public Archive,2026-09-05T05:36:32.992306+00:00
2019-05-15,14323.59,NSE Indices Ltd / Public Archive,2026-09-05T05:36:32.992306+00:00
2019-05-16,14501.69,NSE Indices Ltd / Public Archive,2026-09-05T05:36:32.992306+00:00
2019-05-17,14876.11,NSE Indices Ltd / Public Archive,2026-09-05T05:36:32.992306+00:00
2019-05-20,14805.32,NSE Indices Ltd / Public Archive,2026-09-05T05:36:32.992306+00:00
2019-05-21,14741.0,NSE Indices Ltd / Public Archive,2026-09-05T05:36:32.992306+00:00
2019-05-22,14903.03,NSE Indices Ltd / Public Archive,2026-09-05T05:36:32.992306+00:00
2019-05-23,15012.85,NSE Indices Ltd / Public Archive,2026-09-05T05:36:32.992306+00:00
2019-05-24,15298.35,NSE Indices Ltd / Public Archive,2026-09-05T05:36:32.992306+00:00
2019-05-27,15396.1,NSE Indices Ltd / Public Archive,2026-09-05T05:36:32.992306+00:00
2019-05-28,15349.25,NSE Indices Ltd / Public Archive,2026-09-05T05:36:32.992306+00:00
2019-05-29,15448.35,NSE Indices Ltd / Public Archive,2026-09-05T05:36:32.992306+00:00
2019-05-30,15628.12,NSE Indices Ltd / Public Archive,2026-09-05T05:36:32.992306+00:00
2019-05-31,15764.94,NSE Indices Ltd / Public Archive,2026-09-05T05:36:32.992306+00:00
2019-06-03,15853.59,NSE Indices Ltd / Public Archive,2026-09-05T05:36:32.992306+00:00
2019-06-04,16031.41,NSE Indices Ltd / Public Archive,2026-09-05T05:36:32.992306+00:00
2019-06-05,16227.68,NSE Indices Ltd / Public Archive,2026-09-05T05:36:32.992306+00:00
2019-06-06,16460.9,NSE Indices Ltd / Public Archive,2026-09-05T05:36:32.992306+00:00
2019-06-07,16576.74,NSE Indices Ltd / Public Archive,2026-09-05T05:36:32.992306+00:00
2019-06-10,16558.15,NSE Indices Ltd / Public Archive,2026-09-05T05:36:32.992306+00:00
2019-06-11,16591.55,NSE Indices Ltd / Public Archive,2026-09-05T05:36:32.992306+00:00
2019-06-12,16800.86,NSE Indices Ltd / Public Archive,2026-09-05T05:36:32.992306+00:00
2019-06-13,16672.85,NSE Indices Ltd / Public Archive,2026-09-05T05:36:32.992306+00:00
2019-06-14,16743.48,NSE Indices Ltd / Public Archive,2026-09-05T05:36:32.992306+00:00
2019-06-17,16686.83,NSE Indices Ltd / Public Archive,2026-09-05T05:36:32.992306+00:00
2019-06-18,16700.81,NSE Indices Ltd / Public Archive,2026-09-05T05:36:32.992306+00:00
2019-06-19,16923.51,NSE Indices Ltd / Public Archive,2026-09-05T05:36:32.992306+00:00
2019-06-20,16965.15,NSE Indices Ltd / Public Archive,2026-09-05T05:36:32.992306+00:00
2019-06-21,16982.36,NSE Indices Ltd / Public Archive,2026-09-05T05:36:32.992306+00:00
2019-06-24,16760.77,NSE Indices Ltd / Public Archive,2026-09-05T05:36:32.992306+00:00
2019-06-25,16895.06,NSE Indices Ltd / Public Archive,2026-09-05T05:36:32.992306+00:00
2019-06-26,17013.41,NSE Indices Ltd / Public Archive,2026-09-05T05:36:32.992306+00:00
2019-06-27,17390.81,NSE Indices Ltd / Public Archive,2026-09-05T05:36:32.992306+00:00
2019-06-28,17346.85,NSE Indices Ltd / Public Archive,2026-09-05T05:36:32.992306+00:00
2019-07-01,17394.41,NSE Indices Ltd / Public Archive,2026-09-05T05:36:32.992306+00:00
2019-07-02,17447.35,NSE Indices Ltd / Public Archive,2026-09-05T05:36:32.992306+00:00
2019-07-03,17732.17,NSE Indices Ltd / Public Archive,2026-09-05T05:36:32.992306+00:00
2019-07-04,17725.03,NSE Indices Ltd / Public Archive,2026-09-05T05:36:32.992306+00:00
2019-07-05,17784.23,NSE Indices Ltd / Public Archive,2026-09-05T05:36:32.992306+00:00
2019-07-08,17902.13,NSE Indices Ltd / Public Archive,2026-09-05T05:36:32.992306+00:00
2019-07-09,17945.38,NSE Indices Ltd / Public Archive,2026-09-05T05:36:32.992306+00:00
2019-07-10,17875.13,NSE Indices Ltd / Public Archive,2026-09-05T05:36:32.992306+00:00
2019-07-11,17919.66,NSE Indices Ltd / Public Archive,2026-09-05T05:36:32.992306+00:00
2019-07-12,18121.91,NSE Indices Ltd / Public Archive,2026-09-05T05:36:32.992306+00:00
2019-07-15,17945.85,NSE Indices Ltd / Public Archive,2026-09-05T05:36:32.992306+00:00
2019-07-16,17979.58,NSE Indices Ltd / Public Archive,2026-09-05T05:36:32.992306+00:00
2019-07-17,17863.59,NSE Indices Ltd / Public Archive,2026-09-05T05:36:32.992306+00:00
2019-07-18,18086.9,NSE Indices Ltd / Public Archive,2026-09-05T05:36:32.992306+00:00
2019-07-19,17821.35,NSE Indices Ltd / Public Archive,2026-09-05T05:36:32.992306+00:00
2019-07-22,17731.54,NSE Indices Ltd / Public Archive,2026-09-05T05:36:32.992306+00:00
2019-07-23,17808.18,NSE Indices Ltd / Public Archive,2026-09-05T05:36:32.992306+00:00
2019-07-24,18096.76,NSE Indices Ltd / Public Archive,2026-09-05T05:36:32.992306+00:00
2019-07-25,18094.82,NSE Indices Ltd / Public Archive,2026-09-05T05:36:32.992306+00:00
2019-07-26,18004.31,NSE Indices Ltd / Public Archive,2026-09-05T05:36:32.992306+00:00
2019-07-29,18352.9,NSE Indices Ltd / Public Archive,2026-09-05T05:36:32.992306+00:00
2019-07-30,18097.24,NSE Indices Ltd / Public Archive,2026-09-05T05:36:32.992306+00:00
2019-07-31,17709.27,NSE Indices Ltd / Public Archive,2026-09-05T05:36:32.992306+00:00
2019-08-01,17796.94,NSE Indices Ltd / Public Archive,2026-09-05T05:36:32.992306+00:00
2019-08-02,17717.37,NSE Indices Ltd / Public Archive,2026-09-05T05:36:32.992306+00:00
2019-08-05,17546.18,NSE Indices Ltd / Public Archive,2026-09-05T05:36:32.992306+00:00
2019-08-06,17680.12,NSE Indices Ltd / Public Archive,2026-09-05T05:36:32.992306+00:00
2019-08-07,17732.95,NSE Indices Ltd / Public Archive,2026-09-05T05:36:32.992306+00:00
2019-08-08,17642.68,NSE Indices Ltd / Public Archive,2026-09-05T05:36:32.992306+00:00
2019-08-09,17426.5,NSE Indices Ltd / Public Archive,2026-09-05T05:36:32.992306+00:00
2019-08-12,17588.12,NSE Indices Ltd / Public Archive,2026-09-05T05:36:32.992306+00:00
2019-08-13,17712.15,NSE Indices Ltd / Public Archive,2026-09-05T05:36:32.992306+00:00
2019-08-14,17704.33,NSE Indices Ltd / Public Archive,2026-09-05T05:36:32.992306+00:00
2019-08-15,18041.0,NSE Indices Ltd / Public Archive,2026-09-05T05:36:32.992306+00:00
2019-08-16,17857.87,NSE Indices Ltd / Public Archive,2026-09-05T05:36:32.992306+00:00
2019-08-19,17595.27,NSE Indices Ltd / Public Archive,2026-09-05T05:36:32.992306+00:00
2019-08-20,17483.2,NSE Indices Ltd / Public Archive,2026-09-05T05:36:32.992306+00:00
2019-08-21,17484.85,NSE Indices Ltd / Public Archive,2026-09-05T05:36:32.992306+00:00
2019-08-22,17537.01,NSE Indices Ltd / Public Archive,2026-09-05T05:36:32.992306+00:00
2019-08-23,17504.35,NSE Indices Ltd / Public Archive,2026-09-05T05:36:32.992306+00:00
2019-08-26,17575.6,NSE Indices Ltd / Public Archive,2026-09-05T05:36:32.992306+00:00
2019-08-27,17365.3,NSE Indices Ltd / Public Archive,2026-09-05T05:36:32.992306+00:00
2019-08-28,17625.57,NSE Indices Ltd / Public Archive,2026-09-05T05:36:32.992306+00:00
2019-08-29,17620.78,NSE Indices Ltd / Public Archive,2026-09-05T05:36:32.992306+00:00
2019-08-30,17827.35,NSE Indices Ltd / Public Archive,2026-09-05T05:36:32.992306+00:00
2019-09-02,17898.25,NSE Indices Ltd / Public Archive,2026-09-05T05:36:32.992306+00:00
2019-09-03,17989.85,NSE Indices Ltd / Public Archive,2026-09-05T05:36:32.992306+00:00
2019-09-04,18102.24,NSE Indices Ltd / Public Archive,2026-09-05T05:36:32.992306+00:00
2019-09-05,18193.25,NSE Indices Ltd / Public Archive,2026-09-05T05:36:32.992306+00:00
2019-09-06,18320.18,NSE Indices Ltd / Public Archive,2026-09-05T05:36:32.992306+00:00
2019-09-09,18573.76,NSE Indices Ltd / Public Archive,2026-09-05T05:36:32.992306+00:00
2019-09-10,18620.48,NSE Indices Ltd / Public Archive,2026-09-05T05:36:32.992306+00:00
2019-09-11,18762.74,NSE Indices Ltd / Public Archive,2026-09-05T05:36:32.992306+00:00
2019-09-12,18756.22,NSE Indices Ltd / Public Archive,2026-09-05T05:36:32.992306+00:00
2019-09-13,19036.65,NSE Indices Ltd / Public Archive,2026-09-05T05:36:32.992306+00:00
2019-09-16,18918.36,NSE Indices Ltd / Public Archive,2026-09-05T05:36:32.992306+00:00
2019-09-17,19269.47,NSE Indices Ltd / Public Archive,2026-09-05T05:36:32.992306+00:00
2019-09-18,19272.33,NSE Indices Ltd / Public Archive,2026-09-05T05:36:32.992306+00:00
2019-09-19,19007.19,NSE Indices Ltd / Public Archive,2026-09-05T05:36:32.992306+00:00
2019-09-20,19041.99,NSE Indices Ltd / Public Archive,2026-09-05T05:36:32.992306+00:00
2019-09-23,18922.78,NSE Indices Ltd / Public Archive,2026-09-05T05:36:32.992306+00:00
2019-09-24,19092.26,NSE Indices Ltd / Public Archive,2026-09-05T05:36:32.992306+00:00
2019-09-25,18978.16,NSE Indices Ltd / Public Archive,2026-09-05T05:36:32.992306+00:00
2019-09-26,18903.92,NSE Indices Ltd / Public Archive,2026-09-05T05:36:32.992306+00:00
2019-09-27,18557.12,NSE Indices Ltd / Public Archive,2026-09-05T05:36:32.992306+00:00
2019-09-30,18483.39,NSE Indices Ltd / Public Archive,2026-09-05T05:36:32.992306+00:00
2019-10-01,18045.54,NSE Indices Ltd / Public Archive,2026-09-05T05:36:32.992306+00:00
2019-10-02,17769.64,NSE Indices Ltd / Public Archive,2026-09-05T05:36:32.992306+00:00
2019-10-03,17914.54,NSE Indices Ltd / Public Archive,2026-09-05T05:36:32.992306+00:00
2019-10-04,18065.17,NSE Indices Ltd / Public Archive,2026-09-05T05:36:32.992306+00:00
2019-10-07,18151.96,NSE Indices Ltd / Public Archive,2026-09-05T05:36:32.992306+00:00
2019-10-08,17986.42,NSE Indices Ltd / Public Archive,2026-09-05T05:36:32.992306+00:00
2019-10-09,17987.73,NSE Indices Ltd / Public Archive,2026-09-05T05:36:32.992306+00:00
2019-10-10,17996.98,NSE Indices Ltd / Public Archive,2026-09-05T05:36:32.992306+00:00
2019-10-11,17798.4,NSE Indices Ltd / Public Archive,2026-09-05T05:36:32.992306+00:00
2019-10-14,18075.77,NSE Indices Ltd / Public Archive,2026-09-05T05:36:32.992306+00:00
2019-10-15,18244.31,NSE Indices Ltd / Public Archive,2026-09-05T05:36:32.992306+00:00
2019-10-16,18214.03,NSE Indices Ltd / Public Archive,2026-09-05T05:36:32.992306+00:00
2019-10-17,18228.94,NSE Indices Ltd / Public Archive,2026-09-05T05:36:32.992306+00:00
2019-10-18,18276.95,NSE Indices Ltd / Public Archive,2026-09-05T05:36:32.992306+00:00
2019-10-21,17913.84,NSE Indices Ltd / Public Archive,2026-09-05T05:36:32.992306+00:00
2019-10-22,17879.41,NSE Indices Ltd / Public Archive,2026-09-05T05:36:32.992306+00:00
2019-10-23,17767.31,NSE Indices Ltd / Public Archive,2026-09-05T05:36:32.992306+00:00
2019-10-24,17599.12,NSE Indices Ltd / Public Archive,2026-09-05T05:36:32.992306+00:00
2019-10-25,17559.33,NSE Indices Ltd / Public Archive,2026-09-05T05:36:32.992306+00:00
2019-10-28,17884.65,NSE Indices Ltd / Public Archive,2026-09-05T05:36:32.992306+00:00
2019-10-29,18009.1,NSE Indices Ltd / Public Archive,2026-09-05T05:36:32.992306+00:00
2019-10-30,17916.14,NSE Indices Ltd / Public Archive,2026-09-05T05:36:32.992306+00:00
2019-10-31,18028.58,NSE Indices Ltd / Public Archive,2026-09-05T05:36:32.992306+00:00
2019-11-01,18290.78,NSE Indices Ltd / Public Archive,2026-09-05T05:36:32.992306+00:00
2019-11-04,18469.96,NSE Indices Ltd / Public Archive,2026-09-05T05:36:32.992306+00:00
2019-11-05,18491.13,NSE Indices Ltd / Public Archive,2026-09-05T05:36:32.992306+00:00
2019-11-06,18381.68,NSE Indices Ltd / Public Archive,2026-09-05T05:36:32.992306+00:00
2019-11-07,18520.13,NSE Indices Ltd / Public Archive,2026-09-05T05:36:32.992306+00:00
2019-11-08,18603.19,NSE Indices Ltd / Public Archive,2026-09-05T05:36:32.992306+00:00
2019-11-11,18779.96,NSE Indices Ltd / Public Archive,2026-09-05T05:36:32.992306+00:00
2019-11-12,18909.57,NSE Indices Ltd / Public Archive,2026-09-05T05:36:32.992306+00:00
2019-11-13,19118.44,NSE Indices Ltd / Public Archive,2026-09-05T05:36:32.992306+00:00
2019-11-14,19026.62,NSE Indices Ltd / Public Archive,2026-09-05T05:36:32.992306+00:00
2019-11-15,19287.74,NSE Indices Ltd / Public Archive,2026-09-05T05:36:32.992306+00:00
2019-11-18,19336.47,NSE Indices Ltd / Public Archive,2026-09-05T05:36:32.992306+00:00
2019-11-19,19748.38,NSE Indices Ltd / Public Archive,2026-09-05T05:36:32.992306+00:00
2019-11-20,19623.14,NSE Indices Ltd / Public Archive,2026-09-05T05:36:32.992306+00:00
2019-11-21,19974.58,NSE Indices Ltd / Public Archive,2026-09-05T05:36:32.992306+00:00
2019-11-22,20025.1,NSE Indices Ltd / Public Archive,2026-09-05T05:36:32.992306+00:00
2019-11-25,19905.67,NSE Indices Ltd / Public Archive,2026-09-05T05:36:32.992306+00:00
2019-11-26,19820.3,NSE Indices Ltd / Public Archive,2026-09-05T05:36:32.992306+00:00
2019-11-27,19767.7,NSE Indices Ltd / Public Archive,2026-09-05T05:36:32.992306+00:00
2019-11-28,19862.42,NSE Indices Ltd / Public Archive,2026-09-05T05:36:32.992306+00:00
2019-11-29,19977.2,NSE Indices Ltd / Public Archive,2026-09-05T05:36:32.992306+00:00
2019-12-02,19873.57,NSE Indices Ltd / Public Archive,2026-09-05T05:36:32.992306+00:00
2019-12-03,19879.66,NSE Indices Ltd / Public Archive,2026-09-05T05:36:32.992306+00:00
2019-12-04,20316.47,NSE Indices Ltd / Public Archive,2026-09-05T05:36:32.992306+00:00
2019-12-05,20678.62,NSE Indices Ltd / Public Archive,2026-09-05T05:36:32.992306+00:00
2019-12-06,20780.22,NSE Indices Ltd / Public Archive,2026-09-05T05:36:32.992306+00:00
2019-12-09,20799.55,NSE Indices Ltd / Public Archive,2026-09-05T05:36:32.992306+00:00
2019-12-10,20835.96,NSE Indices Ltd / Public Archive,2026-09-05T05:36:32.992306+00:00
2019-12-11,20975.25,NSE Indices Ltd / Public Archive,2026-09-05T05:36:32.992306+00:00
2019-12-12,20772.25,NSE Indices Ltd / Public Archive,2026-09-05T05:36:32.992306+00:00
2019-12-13,20730.21,NSE Indices Ltd / Public Archive,2026-09-05T05:36:32.992306+00:00
2019-12-16,20395.71,NSE Indices Ltd / Public Archive,2026-09-05T05:36:32.992306+00:00
2019-12-17,20488.36,NSE Indices Ltd / Public Archive,2026-09-05T05:36:32.992306+00:00
2019-12-18,20632.22,NSE Indices Ltd / Public Archive,2026-09-05T05:36:32.992306+00:00
2019-12-19,20543.88,NSE Indices Ltd / Public Archive,2026-09-05T05:36:32.992306+00:00
2019-12-20,20878.54,NSE Indices Ltd / Public Archive,2026-09-05T05:36:32.992306+00:00
2019-12-23,20634.1,NSE Indices Ltd / Public Archive,2026-09-05T05:36:32.992306+00:00
2019-12-24,20343.29,NSE Indices Ltd / Public Archive,2026-09-05T05:36:32.992306+00:00
2019-12-25,20400.14,NSE Indices Ltd / Public Archive,2026-09-05T05:36:32.992306+00:00
2019-12-26,20624.96,NSE Indices Ltd / Public Archive,2026-09-05T05:36:32.992306+00:00
2019-12-27,20983.62,NSE Indices Ltd / Public Archive,2026-09-05T05:36:32.992306+00:00
2019-12-30,20898.87,NSE Indices Ltd / Public Archive,2026-09-05T05:36:32.992306+00:00
2019-12-31,21135.8,NSE Indices Ltd / Public Archive,2026-09-05T05:36:32.992306+00:00
2020-01-01,21139.28,NSE Indices Ltd / Public Archive,2026-09-05T05:36:32.992306+00:00
2020-01-02,21114.42,NSE Indices Ltd / Public Archive,2026-09-05T05:36:32.992306+00:00
2020-01-03,21312.61,NSE Indices Ltd / Public Archive,2026-09-05T05:36:32.992306+00:00
2020-01-06,21463.36,NSE Indices Ltd / Public Archive,2026-09-05T05:36:32.992306+00:00
2020-01-07,21136.81,NSE Indices Ltd / Public Archive,2026-09-05T05:36:32.992306+00:00
2020-01-08,21460.53,NSE Indices Ltd / Public Archive,2026-09-05T05:36:32.992306+00:00
2020-01-09,21768.51,NSE Indices Ltd / Public Archive,2026-09-05T05:36:32.992306+00:00
2020-01-10,21644.31,NSE Indices Ltd / Public Archive,2026-09-05T05:36:32.992306+00:00
2020-01-13,21741.88,NSE Indices Ltd / Public Archive,2026-09-05T05:36:32.992306+00:00
2020-01-14,21861.25,NSE Indices Ltd / Public Archive,2026-09-05T05:36:32.992306+00:00
2020-01-15,21930.26,NSE Indices Ltd / Public Archive,2026-09-05T05:36:32.992306+00:00
2020-01-16,21821.64,NSE Indices Ltd / Public Archive,2026-09-05T05:36:32.992306+00:00
2020-01-17,21687.08,NSE Indices Ltd / Public Archive,2026-09-05T05:36:32.992306+00:00
2020-01-20,21693.47,NSE Indices Ltd / Public Archive,2026-09-05T05:36:32.992306+00:00
2020-01-21,21959.81,NSE Indices Ltd / Public Archive,2026-09-05T05:36:32.992306+00:00
2020-01-22,22091.26,NSE Indices Ltd / Public Archive,2026-09-05T05:36:32.992306+00:00
2020-01-23,22021.53,NSE Indices Ltd / Public Archive,2026-09-05T05:36:32.992306+00:00
2020-01-24,22203.59,NSE Indices Ltd / Public Archive,2026-09-05T05:36:32.992306+00:00
2020-01-27,21583.32,NSE Indices Ltd / Public Archive,2026-09-05T05:36:32.992306+00:00
2020-01-28,21843.13,NSE Indices Ltd / Public Archive,2026-09-05T05:36:32.992306+00:00
2020-01-29,21475.14,NSE Indices Ltd / Public Archive,2026-09-05T05:36:32.992306+00:00
2020-01-30,21409.11,NSE Indices Ltd / Public Archive,2026-09-05T05:36:32.992306+00:00
2020-01-31,21181.18,NSE Indices Ltd / Public Archive,2026-09-05T05:36:32.992306+00:00
2020-02-03,20918.6,NSE Indices Ltd / Public Archive,2026-09-05T05:36:32.992306+00:00
2020-02-04,21172.93,NSE Indices Ltd / Public Archive,2026-09-05T05:36:32.992306+00:00
2020-02-05,21085.55,NSE Indices Ltd / Public Archive,2026-09-05T05:36:32.992306+00:00
2020-02-06,21170.21,NSE Indices Ltd / Public Archive,2026-09-05T05:36:32.992306+00:00
2020-02-07,21171.92,NSE Indices Ltd / Public Archive,2026-09-05T05:36:32.992306+00:00
2020-02-10,21284.56,NSE Indices Ltd / Public Archive,2026-09-05T05:36:32.992306+00:00
2020-02-11,21312.62,NSE Indices Ltd / Public Archive,2026-09-05T05:36:32.992306+00:00
2020-02-12,21050.91,NSE Indices Ltd / Public Archive,2026-09-05T05:36:32.992306+00:00
2020-02-13,21272.21,NSE Indices Ltd / Public Archive,2026-09-05T05:36:32.992306+00:00
2020-02-14,21178.87,NSE Indices Ltd / Public Archive,2026-09-05T05:36:32.992306+00:00
2020-02-17,19544.92,NSE Indices Ltd / Public Archive,2026-09-05T05:36:32.992306+00:00
2020-02-18,18875.15,NSE Indices Ltd / Public Archive,2026-09-05T05:36:32.992306+00:00
2020-02-19,19611.82,NSE Indices Ltd / Public Archive,2026-09-05T05:36:32.992306+00:00
2020-02-20,19892.44,NSE Indices Ltd / Public Archive,2026-09-05T05:36:32.992306+00:00
2020-02-21,19270.82,NSE Indices Ltd / Public Archive,2026-09-05T05:36:32.992306+00:00
2020-02-24,18668.19,NSE Indices Ltd / Public Archive,2026-09-05T05:36:32.992306+00:00
2020-02-25,18104.0,NSE Indices Ltd / Public Archive,2026-09-05T05:36:32.992306+00:00
2020-02-26,19206.83,NSE Indices Ltd / Public Archive,2026-09-05T05:36:32.992306+00:00
2020-02-27,19139.86,NSE Indices Ltd / Public Archive,2026-09-05T05:36:32.992306+00:00
2020-02-28,19108.12,NSE Indices Ltd / Public Archive,2026-09-05T05:36:32.992306+00:00
2020-03-02,19512.27,NSE Indices Ltd / Public Archive,2026-09-05T05:36:32.992306+00:00
2020-03-03,19338.11,NSE Indices Ltd / Public Archive,2026-09-05T05:36:32.992306+00:00
2020-03-04,18799.67,NSE Indices Ltd / Public Archive,2026-09-05T05:36:32.992306+00:00
2020-03-05,18321.0,NSE Indices Ltd / Public Archive,2026-09-05T05:36:32.992306+00:00
2020-03-06,17941.37,NSE Indices Ltd / Public Archive,2026-09-05T05:36:32.992306+00:00
2020-03-09,17593.05,NSE Indices Ltd / Public Archive,2026-09-05T05:36:32.992306+00:00
2020-03-10,17762.82,NSE Indices Ltd / Public Archive,2026-09-05T05:36:32.992306+00:00
2020-03-11,17478.16,NSE Indices Ltd / Public Archive,2026-09-05T05:36:32.992306+00:00
2020-03-12,17650.15,NSE Indices Ltd / Public Archive,2026-09-05T05:36:32.992306+00:00
2020-03-13,17278.31,NSE Indices Ltd / Public Archive,2026-09-05T05:36:32.992306+00:00
2020-03-16,17018.93,NSE Indices Ltd / Public Archive,2026-09-05T05:36:32.992306+00:00
2020-03-17,15420.31,NSE Indices Ltd / Public Archive,2026-09-05T05:36:32.992306+00:00
2020-03-18,15679.69,NSE Indices Ltd / Public Archive,2026-09-05T05:36:32.992306+00:00
2020-03-19,15603.9,NSE Indices Ltd / Public Archive,2026-09-05T05:36:32.992306+00:00
2020-03-20,15914.8,NSE Indices Ltd / Public Archive,2026-09-05T05:36:32.992306+00:00
2020-03-23,13876.79,NSE Indices Ltd / Public Archive,2026-09-05T05:36:32.992306+00:00
2020-03-24,14728.24,NSE Indices Ltd / Public Archive,2026-09-05T05:36:32.992306+00:00
2020-03-25,14736.59,NSE Indices Ltd / Public Archive,2026-09-05T05:36:32.992306+00:00
2020-03-26,15039.14,NSE Indices Ltd / Public Archive,2026-09-05T05:36:32.992306+00:00
2020-03-27,14831.02,NSE Indices Ltd / Public Archive,2026-09-05T05:36:32.992306+00:00
2020-03-30,15017.96,NSE Indices Ltd / Public Archive,2026-09-05T05:36:32.992306+00:00
2020-03-31,14806.89,NSE Indices Ltd / Public Archive,2026-09-05T05:36:32.992306+00:00
2020-04-01,14700.57,NSE Indices Ltd / Public Archive,2026-09-05T05:36:32.992306+00:00
2020-04-02,15191.93,NSE Indices Ltd / Public Archive,2026-09-05T05:36:32.992306+00:00
2020-04-03,15188.12,NSE Indices Ltd / Public Archive,2026-09-05T05:36:32.992306+00:00
2020-04-06,15283.48,NSE Indices Ltd / Public Archive,2026-09-05T05:36:32.992306+00:00
2020-04-07,15539.04,NSE Indices Ltd / Public Archive,2026-09-05T05:36:32.992306+00:00
2020-04-08,15705.79,NSE Indices Ltd / Public Archive,2026-09-05T05:36:32.992306+00:00
2020-04-09,15787.56,NSE Indices Ltd / Public Archive,2026-09-05T05:36:32.992306+00:00
2020-04-10,15923.96,NSE Indices Ltd / Public Archive,2026-09-05T05:36:32.992306+00:00
2020-04-13,16580.89,NSE Indices Ltd / Public Archive,2026-09-05T05:36:32.992306+00:00
2020-04-14,16612.03,NSE Indices Ltd / Public Archive,2026-09-05T05:36:32.992306+00:00
2020-04-15,16712.0,NSE Indices Ltd / Public Archive,2026-09-05T05:36:32.992306+00:00
2020-04-16,17039.73,NSE Indices Ltd / Public Archive,2026-09-05T05:36:32.992306+00:00
2020-04-17,17388.85,NSE Indices Ltd / Public Archive,2026-09-05T05:36:32.992306+00:00
2020-04-20,17767.79,NSE Indices Ltd / Public Archive,2026-09-05T05:36:32.992306+00:00
2020-04-21,17999.12,NSE Indices Ltd / Public Archive,2026-09-05T05:36:32.992306+00:00
2020-04-22,17720.35,NSE Indices Ltd / Public Archive,2026-09-05T05:36:32.992306+00:00
2020-04-23,18233.09,NSE Indices Ltd / Public Archive,2026-09-05T05:36:32.992306+00:00
2020-04-24,17949.72,NSE Indices Ltd / Public Archive,2026-09-05T05:36:32.992306+00:00
2020-04-27,18086.89,NSE Indices Ltd / Public Archive,2026-09-05T05:36:32.992306+00:00
2020-04-28,17919.26,NSE Indices Ltd / Public Archive,2026-09-05T05:36:32.992306+00:00
2020-04-29,17951.04,NSE Indices Ltd / Public Archive,2026-09-05T05:36:32.992306+00:00
2020-04-30,18095.73,NSE Indices Ltd / Public Archive,2026-09-05T05:36:32.992306+00:00
2020-05-01,18239.44,NSE Indices Ltd / Public Archive,2026-09-05T05:36:32.992306+00:00
2020-05-04,18413.64,NSE Indices Ltd / Public Archive,2026-09-05T05:36:32.992306+00:00
2020-05-05,18940.63,NSE Indices Ltd / Public Archive,2026-09-05T05:36:32.992306+00:00
2020-05-06,19131.11,NSE Indices Ltd / Public Archive,2026-09-05T05:36:32.992306+00:00
2020-05-07,19109.94,NSE Indices Ltd / Public Archive,2026-09-05T05:36:32.992306+00:00
2020-05-08,19458.22,NSE Indices Ltd / Public Archive,2026-09-05T05:36:32.992306+00:00
2020-05-11,19883.03,NSE Indices Ltd / Public Archive,2026-09-05T05:36:32.992306+00:00
2020-05-12,19548.16,NSE Indices Ltd / Public Archive,2026-09-05T05:36:32.992306+00:00
2020-05-13,19789.74,NSE Indices Ltd / Public Archive,2026-09-05T05:36:32.992306+00:00
2020-05-14,20067.17,NSE Indices Ltd / Public Archive,2026-09-05T05:36:32.992306+00:00
2020-05-15,20027.82,NSE Indices Ltd / Public Archive,2026-09-05T05:36:32.992306+00:00
2020-05-18,20524.74,NSE Indices Ltd / Public Archive,2026-09-05T05:36:32.992306+00:00
2020-05-19,20532.93,NSE Indices Ltd / Public Archive,2026-09-05T05:36:32.992306+00:00
2020-05-20,20631.68,NSE Indices Ltd / Public Archive,2026-09-05T05:36:32.992306+00:00
2020-05-21,20632.31,NSE Indices Ltd / Public Archive,2026-09-05T05:36:32.992306+00:00
2020-05-22,20695.23,NSE Indices Ltd / Public Archive,2026-09-05T05:36:32.992306+00:00
2020-05-25,20390.17,NSE Indices Ltd / Public Archive,2026-09-05T05:36:32.992306+00:00
2020-05-26,19977.46,NSE Indices Ltd / Public Archive,2026-09-05T05:36:32.992306+00:00
2020-05-27,20543.06,NSE Indices Ltd / Public Archive,2026-09-05T05:36:32.992306+00:00
2020-05-28,20322.19,NSE Indices Ltd / Public Archive,2026-09-05T05:36:32.992306+00:00
2020-05-29,20056.74,NSE Indices Ltd / Public Archive,2026-09-05T05:36:32.992306+00:00
2020-06-01,19421.86,NSE Indices Ltd / Public Archive,2026-09-05T05:36:32.992306+00:00
2020-06-02,19277.68,NSE Indices Ltd / Public Archive,2026-09-05T05:36:32.992306+00:00
2020-06-03,18923.56,NSE Indices Ltd / Public Archive,2026-09-05T05:36:32.992306+00:00
2020-06-04,19473.71,NSE Indices Ltd / Public Archive,2026-09-05T05:36:32.992306+00:00
2020-06-05,19842.88,NSE Indices Ltd / Public Archive,2026-09-05T05:36:32.992306+00:00
2020-06-08,19679.96,NSE Indices Ltd / Public Archive,2026-09-05T05:36:32.992306+00:00
2020-06-09,20444.31,NSE Indices Ltd / Public Archive,2026-09-05T05:36:32.992306+00:00
2020-06-10,20822.7,NSE Indices Ltd / Public Archive,2026-09-05T05:36:32.992306+00:00
2020-06-11,20772.78,NSE Indices Ltd / Public Archive,2026-09-05T05:36:32.992306+00:00
2020-06-12,20000.23,NSE Indices Ltd / Public Archive,2026-09-05T05:36:32.992306+00:00
2020-06-15,20789.34,NSE Indices Ltd / Public Archive,2026-09-05T05:36:32.992306+00:00
2020-06-16,20385.34,NSE Indices Ltd / Public Archive,2026-09-05T05:36:32.992306+00:00
2020-06-17,19905.74,NSE Indices Ltd / Public Archive,2026-09-05T05:36:32.992306+00:00
2020-06-18,20287.16,NSE Indices Ltd / Public Archive,2026-09-05T05:36:32.992306+00:00
2020-06-19,21135.89,NSE Indices Ltd / Public Archive,2026-09-05T05:36:32.992306+00:00
2020-06-22,21663.2,NSE Indices Ltd / Public Archive,2026-09-05T05:36:32.992306+00:00
2020-06-23,21919.31,NSE Indices Ltd / Public Archive,2026-09-05T05:36:32.992306+00:00
2020-06-24,22189.27,NSE Indices Ltd / Public Archive,2026-09-05T05:36:32.992306+00:00
2020-06-25,22554.39,NSE Indices Ltd / Public Archive,2026-09-05T05:36:32.992306+00:00
2020-06-26,22891.42,NSE Indices Ltd / Public Archive,2026-09-05T05:36:32.992306+00:00
2020-06-29,23058.5,NSE Indices Ltd / Public Archive,2026-09-05T05:36:32.992306+00:00
2020-06-30,23161.51,NSE Indices Ltd / Public Archive,2026-09-05T05:36:32.992306+00:00
2020-07-01,23203.17,NSE Indices Ltd / Public Archive,2026-09-05T05:36:32.992306+00:00
2020-07-02,22988.23,NSE Indices Ltd / Public Archive,2026-09-05T05:36:32.992306+00:00
2020-07-03,22949.36,NSE Indices Ltd / Public Archive,2026-09-05T05:36:32.992306+00:00
2020-07-06,22391.98,NSE Indices Ltd / Public Archive,2026-09-05T05:36:32.992306+00:00
2020-07-07,22419.45,NSE Indices Ltd / Public Archive,2026-09-05T05:36:32.992306+00:00
2020-07-08,22127.6,NSE Indices Ltd / Public Archive,2026-09-05T05:36:32.992306+00:00
2020-07-09,21798.84,NSE Indices Ltd / Public Archive,2026-09-05T05:36:32.992306+00:00
2020-07-10,21922.62,NSE Indices Ltd / Public Archive,2026-09-05T05:36:32.992306+00:00
2020-07-13,22472.27,NSE Indices Ltd / Public Archive,2026-09-05T05:36:32.992306+00:00
2020-07-14,22865.38,NSE Indices Ltd / Public Archive,2026-09-05T05:36:32.992306+00:00
2020-07-15,22354.84,NSE Indices Ltd / Public Archive,2026-09-05T05:36:32.992306+00:00
2020-07-16,22063.46,NSE Indices Ltd / Public Archive,2026-09-05T05:36:32.992306+00:00
2020-07-17,22457.35,NSE Indices Ltd / Public Archive,2026-09-05T05:36:32.992306+00:00
2020-07-20,22167.2,NSE Indices Ltd / Public Archive,2026-09-05T05:36:32.992306+00:00
2020-07-21,22149.6,NSE Indices Ltd / Public Archive,2026-09-05T05:36:32.992306+00:00
2020-07-22,22406.55,NSE Indices Ltd / Public Archive,2026-09-05T05:36:32.992306+00:00
2020-07-23,22122.14,NSE Indices Ltd / Public Archive,2026-09-05T05:36:32.992306+00:00
2020-07-24,22221.38,NSE Indices Ltd / Public Archive,2026-09-05T05:36:32.992306+00:00
2020-07-27,21809.29,NSE Indices Ltd / Public Archive,2026-09-05T05:36:32.992306+00:00
2020-07-28,21660.51,NSE Indices Ltd / Public Archive,2026-09-05T05:36:32.992306+00:00
2020-07-29,21831.99,NSE Indices Ltd / Public Archive,2026-09-05T05:36:32.992306+00:00
2020-07-30,21336.67,NSE Indices Ltd / Public Archive,2026-09-05T05:36:32.992306+00:00
2020-07-31,21546.78,NSE Indices Ltd / Public Archive,2026-09-05T05:36:32.992306+00:00
2020-08-03,21600.34,NSE Indices Ltd / Public Archive,2026-09-05T05:36:32.992306+00:00
2020-08-04,21851.77,NSE Indices Ltd / Public Archive,2026-09-05T05:36:32.992306+00:00
2020-08-05,21991.24,NSE Indices Ltd / Public Archive,2026-09-05T05:36:32.992306+00:00
2020-08-06,22532.8,NSE Indices Ltd / Public Archive,2026-09-05T05:36:32.992306+00:00
2020-08-07,22641.04,NSE Indices Ltd / Public Archive,2026-09-05T05:36:32.992306+00:00
2020-08-10,22548.88,NSE Indices Ltd / Public Archive,2026-09-05T05:36:32.992306+00:00
2020-08-11,22656.14,NSE Indices Ltd / Public Archive,2026-09-05T05:36:32.992306+00:00
2020-08-12,22916.52,NSE Indices Ltd / Public Archive,2026-09-05T05:36:32.992306+00:00
2020-08-13,22998.6,NSE Indices Ltd / Public Archive,2026-09-05T05:36:32.992306+00:00
2020-08-14,23077.93,NSE Indices Ltd / Public Archive,2026-09-05T05:36:32.992306+00:00
2020-08-17,22883.34,NSE Indices Ltd / Public Archive,2026-09-05T05:36:32.992306+00:00
2020-08-18,22704.71,NSE Indices Ltd / Public Archive,2026-09-05T05:36:32.992306+00:00
2020-08-19,22258.75,NSE Indices Ltd / Public Archive,2026-09-05T05:36:32.992306+00:00
2020-08-20,22944.17,NSE Indices Ltd / Public Archive,2026-09-05T05:36:32.992306+00:00
2020-08-21,22551.78,NSE Indices Ltd / Public Archive,2026-09-05T05:36:32.992306+00:00
2020-08-24,22364.91,NSE Indices Ltd / Public Archive,2026-09-05T05:36:32.992306+00:00
2020-08-25,22170.45,NSE Indices Ltd / Public Archive,2026-09-05T05:36:32.992306+00:00
2020-08-26,22549.99,NSE Indices Ltd / Public Archive,2026-09-05T05:36:32.992306+00:00
2020-08-27,22506.71,NSE Indices Ltd / Public Archive,2026-09-05T05:36:32.992306+00:00
2020-08-28,23019.05,NSE Indices Ltd / Public Archive,2026-09-05T05:36:32.992306+00:00
2020-08-31,22835.45,NSE Indices Ltd / Public Archive,2026-09-05T05:36:32.992306+00:00
2020-09-01,23001.33,NSE Indices Ltd / Public Archive,2026-09-05T05:36:32.992306+00:00
2020-09-02,22758.3,NSE Indices Ltd / Public Archive,2026-09-05T05:36:32.992306+00:00
2020-09-03,23603.15,NSE Indices Ltd / Public Archive,2026-09-05T05:36:32.992306+00:00
2020-09-04,23220.74,NSE Indices Ltd / Public Archive,2026-09-05T05:36:32.992306+00:00
2020-09-07,23400.86,NSE Indices Ltd / Public Archive,2026-09-05T05:36:32.992306+00:00
2020-09-08,23703.68,NSE Indices Ltd / Public Archive,2026-09-05T05:36:32.992306+00:00
2020-09-09,23926.99,NSE Indices Ltd / Public Archive,2026-09-05T05:36:32.992306+00:00
2020-09-10,23923.05,NSE Indices Ltd / Public Archive,2026-09-05T05:36:32.992306+00:00
2020-09-11,23940.34,NSE Indices Ltd / Public Archive,2026-09-05T05:36:32.992306+00:00
2020-09-14,24024.16,NSE Indices Ltd / Public Archive,2026-09-05T05:36:32.992306+00:00
2020-09-15,24034.92,NSE Indices Ltd / Public Archive,2026-09-05T05:36:32.992306+00:00
2020-09-16,24472.89,NSE Indices Ltd / Public Archive,2026-09-05T05:36:32.992306+00:00
2020-09-17,25406.98,NSE Indices Ltd / Public Archive,2026-09-05T05:36:32.992306+00:00
2020-09-18,25251.49,NSE Indices Ltd / Public Archive,2026-09-05T05:36:32.992306+00:00
2020-09-21,24768.76,NSE Indices Ltd / Public Archive,2026-09-05T05:36:32.992306+00:00
2020-09-22,24803.13,NSE Indices Ltd / Public Archive,2026-09-05T05:36:32.992306+00:00
2020-09-23,25896.33,NSE Indices Ltd / Public Archive,2026-09-05T05:36:32.992306+00:00
2020-09-24,25635.85,NSE Indices Ltd / Public Archive,2026-09-05T05:36:32.992306+00:00
2020-09-25,26379.95,NSE Indices Ltd / Public Archive,2026-09-05T05:36:32.992306+00:00
2020-09-28,27161.94,NSE Indices Ltd / Public Archive,2026-09-05T05:36:32.992306+00:00
2020-09-29,26997.41,NSE Indices Ltd / Public Archive,2026-09-05T05:36:32.992306+00:00
2020-09-30,27318.78,NSE Indices Ltd / Public Archive,2026-09-05T05:36:32.992306+00:00
2020-10-01,28107.04,NSE Indices Ltd / Public Archive,2026-09-05T05:36:32.992306+00:00
2020-10-02,28015.24,NSE Indices Ltd / Public Archive,2026-09-05T05:36:32.992306+00:00
2020-10-05,28002.43,NSE Indices Ltd / Public Archive,2026-09-05T05:36:32.992306+00:00
2020-10-06,27820.22,NSE Indices Ltd / Public Archive,2026-09-05T05:36:32.992306+00:00
2020-10-07,27446.43,NSE Indices Ltd / Public Archive,2026-09-05T05:36:32.992306+00:00
2020-10-08,27238.15,NSE Indices Ltd / Public Archive,2026-09-05T05:36:32.992306+00:00
2020-10-09,26781.01,NSE Indices Ltd / Public Archive,2026-09-05T05:36:32.992306+00:00
2020-10-12,26870.6,NSE Indices Ltd / Public Archive,2026-09-05T05:36:32.992306+00:00
2020-10-13,26614.81,NSE Indices Ltd / Public Archive,2026-09-05T05:36:32.992306+00:00
2020-10-14,26788.88,NSE Indices Ltd / Public Archive,2026-09-05T05:36:32.992306+00:00
2020-10-15,26197.0,NSE Indices Ltd / Public Archive,2026-09-05T05:36:32.992306+00:00
2020-10-16,26409.04,NSE Indices Ltd / Public Archive,2026-09-05T05:36:32.992306+00:00
2020-10-19,26835.19,NSE Indices Ltd / Public Archive,2026-09-05T05:36:32.992306+00:00
2020-10-20,26054.29,NSE Indices Ltd / Public Archive,2026-09-05T05:36:32.992306+00:00
2020-10-21,26283.18,NSE Indices Ltd / Public Archive,2026-09-05T05:36:32.992306+00:00
2020-10-22,26873.04,NSE Indices Ltd / Public Archive,2026-09-05T05:36:32.992306+00:00
2020-10-23,26428.18,NSE Indices Ltd / Public Archive,2026-09-05T05:36:32.992306+00:00
2020-10-26,27209.43,NSE Indices Ltd / Public Archive,2026-09-05T05:36:32.992306+00:00
2020-10-27,27468.03,NSE Indices Ltd / Public Archive,2026-09-05T05:36:32.992306+00:00
2020-10-28,27235.1,NSE Indices Ltd / Public Archive,2026-09-05T05:36:32.992306+00:00
2020-10-29,27287.06,NSE Indices Ltd / Public Archive,2026-09-05T05:36:32.992306+00:00
2020-10-30,27607.22,NSE Indices Ltd / Public Archive,2026-09-05T05:36:32.992306+00:00
2020-11-02,27718.09,NSE Indices Ltd / Public Archive,2026-09-05T05:36:32.992306+00:00
2020-11-03,28034.64,NSE Indices Ltd / Public Archive,2026-09-05T05:36:32.992306+00:00
2020-11-04,27700.16,NSE Indices Ltd / Public Archive,2026-09-05T05:36:32.992306+00:00
2020-11-05,27852.78,NSE Indices Ltd / Public Archive,2026-09-05T05:36:32.992306+00:00
2020-11-06,27300.76,NSE Indices Ltd / Public Archive,2026-09-05T05:36:32.992306+00:00
2020-11-09,27328.61,NSE Indices Ltd / Public Archive,2026-09-05T05:36:32.992306+00:00
2020-11-10,27009.89,NSE Indices Ltd / Public Archive,2026-09-05T05:36:32.992306+00:00
2020-11-11,26767.66,NSE Indices Ltd / Public Archive,2026-09-05T05:36:32.992306+00:00
2020-11-12,27372.0,NSE Indices Ltd / Public Archive,2026-09-05T05:36:32.992306+00:00
2020-11-13,27926.59,NSE Indices Ltd / Public Archive,2026-09-05T05:36:32.992306+00:00
2020-11-16,28276.96,NSE Indices Ltd / Public Archive,2026-09-05T05:36:32.992306+00:00
2020-11-17,27861.94,NSE Indices Ltd / Public Archive,2026-09-05T05:36:32.992306+00:00
2020-11-18,27798.9,NSE Indices Ltd / Public Archive,2026-09-05T05:36:32.992306+00:00
2020-11-19,28416.3,NSE Indices Ltd / Public Archive,2026-09-05T05:36:32.992306+00:00
2020-11-20,28560.3,NSE Indices Ltd / Public Archive,2026-09-05T05:36:32.992306+00:00
2020-11-23,29700.12,NSE Indices Ltd / Public Archive,2026-09-05T05:36:32.992306+00:00
2020-11-24,29970.19,NSE Indices Ltd / Public Archive,2026-09-05T05:36:32.992306+00:00
2020-11-25,30146.19,NSE Indices Ltd / Public Archive,2026-09-05T05:36:32.992306+00:00
2020-11-26,30081.5,NSE Indices Ltd / Public Archive,2026-09-05T05:36:32.992306+00:00
2020-11-27,30230.01,NSE Indices Ltd / Public Archive,2026-09-05T05:36:32.992306+00:00
2020-11-30,30240.9,NSE Indices Ltd / Public Archive,2026-09-05T05:36:32.992306+00:00
2020-12-01,30668.2,NSE Indices Ltd / Public Archive,2026-09-05T05:36:32.992306+00:00
2020-12-02,31223.52,NSE Indices Ltd / Public Archive,2026-09-05T05:36:32.992306+00:00
2020-12-03,30918.28,NSE Indices Ltd / Public Archive,2026-09-05T05:36:32.992306+00:00
2020-12-04,30346.3,NSE Indices Ltd / Public Archive,2026-09-05T05:36:32.992306+00:00
2020-12-07,29539.72,NSE Indices Ltd / Public Archive,2026-09-05T05:36:32.992306+00:00
2020-12-08,29862.52,NSE Indices Ltd / Public Archive,2026-09-05T05:36:32.992306+00:00
2020-12-09,29418.95,NSE Indices Ltd / Public Archive,2026-09-05T05:36:32.992306+00:00
2020-12-10,28487.95,NSE Indices Ltd / Public Archive,2026-09-05T05:36:32.992306+00:00
2020-12-11,28744.83,NSE Indices Ltd / Public Archive,2026-09-05T05:36:32.992306+00:00
2020-12-14,29971.89,NSE Indices Ltd / Public Archive,2026-09-05T05:36:32.992306+00:00
2020-12-15,30052.9,NSE Indices Ltd / Public Archive,2026-09-05T05:36:32.992306+00:00
2020-12-16,30540.24,NSE Indices Ltd / Public Archive,2026-09-05T05:36:32.992306+00:00
2020-12-17,30665.73,NSE Indices Ltd / Public Archive,2026-09-05T05:36:32.992306+00:00
2020-12-18,30703.08,NSE Indices Ltd / Public Archive,2026-09-05T05:36:32.992306+00:00
2020-12-21,31240.54,NSE Indices Ltd / Public Archive,2026-09-05T05:36:32.992306+00:00
2020-12-22,31182.92,NSE Indices Ltd / Public Archive,2026-09-05T05:36:32.992306+00:00
2020-12-23,31403.64,NSE Indices Ltd / Public Archive,2026-09-05T05:36:32.992306+00:00
2020-12-24,31653.21,NSE Indices Ltd / Public Archive,2026-09-05T05:36:32.992306+00:00
2020-12-25,31403.49,NSE Indices Ltd / Public Archive,2026-09-05T05:36:32.992306+00:00
2020-12-28,31989.87,NSE Indices Ltd / Public Archive,2026-09-05T05:36:32.992306+00:00
2020-12-29,31989.89,NSE Indices Ltd / Public Archive,2026-09-05T05:36:32.992306+00:00
2020-12-30,31692.65,NSE Indices Ltd / Public Archive,2026-09-05T05:36:32.992306+00:00
2020-12-31,32053.44,NSE Indices Ltd / Public Archive,2026-09-05T05:36:32.992306+00:00
2021-01-01,31839.13,NSE Indices Ltd / Public Archive,2026-09-05T05:36:32.992306+00:00
2021-01-04,31891.78,NSE Indices Ltd / Public Archive,2026-09-05T05:36:32.992306+00:00
2021-01-05,31933.81,NSE Indices Ltd / Public Archive,2026-09-05T05:36:32.992306+00:00
2021-01-06,32290.6,NSE Indices Ltd / Public Archive,2026-09-05T05:36:32.992306+00:00
2021-01-07,32473.77,NSE Indices Ltd / Public Archive,2026-09-05T05:36:32.992306+00:00
2021-01-08,32511.92,NSE Indices Ltd / Public Archive,2026-09-05T05:36:32.992306+00:00
2021-01-11,32796.72,NSE Indices Ltd / Public Archive,2026-09-05T05:36:32.992306+00:00
2021-01-12,33252.98,NSE Indices Ltd / Public Archive,2026-09-05T05:36:32.992306+00:00
2021-01-13,33466.47,NSE Indices Ltd / Public Archive,2026-09-05T05:36:32.992306+00:00
2021-01-14,33516.44,NSE Indices Ltd / Public Archive,2026-09-05T05:36:32.992306+00:00
2021-01-15,33167.66,NSE Indices Ltd / Public Archive,2026-09-05T05:36:32.992306+00:00
2021-01-18,32896.14,NSE Indices Ltd / Public Archive,2026-09-05T05:36:32.992306+00:00
2021-01-19,32851.83,NSE Indices Ltd / Public Archive,2026-09-05T05:36:32.992306+00:00
2021-01-20,32717.61,NSE Indices Ltd / Public Archive,2026-09-05T05:36:32.992306+00:00
2021-01-21,32708.36,NSE Indices Ltd / Public Archive,2026-09-05T05:36:32.992306+00:00
2021-01-22,32770.83,NSE Indices Ltd / Public Archive,2026-09-05T05:36:32.992306+00:00
2021-01-25,32972.94,NSE Indices Ltd / Public Archive,2026-09-05T05:36:32.992306+00:00
2021-01-26,32998.18,NSE Indices Ltd / Public Archive,2026-09-05T05:36:32.992306+00:00
2021-01-27,33188.86,NSE Indices Ltd / Public Archive,2026-09-05T05:36:32.992306+00:00
2021-01-28,33254.58,NSE Indices Ltd / Public Archive,2026-09-05T05:36:32.992306+00:00
2021-01-29,32709.9,NSE Indices Ltd / Public Archive,2026-09-05T05:36:32.992306+00:00
2021-02-01,32479.16,NSE Indices Ltd / Public Archive,2026-09-05T05:36:32.992306+00:00
2021-02-02,32482.51,NSE Indices Ltd / Public Archive,2026-09-05T05:36:32.992306+00:00
2021-02-03,32174.34,NSE Indices Ltd / Public Archive,2026-09-05T05:36:32.992306+00:00
2021-02-04,32393.11,NSE Indices Ltd / Public Archive,2026-09-05T05:36:32.992306+00:00
2021-02-05,32884.73,NSE Indices Ltd / Public Archive,2026-09-05T05:36:32.992306+00:00
2021-02-08,33291.48,NSE Indices Ltd / Public Archive,2026-09-05T05:36:32.992306+00:00
2021-02-09,33274.13,NSE Indices Ltd / Public Archive,2026-09-05T05:36:32.992306+00:00
2021-02-10,33767.14,NSE Indices Ltd / Public Archive,2026-09-05T05:36:32.992306+00:00
2021-02-11,33859.59,NSE Indices Ltd / Public Archive,2026-09-05T05:36:32.992306+00:00
2021-02-12,33804.27,NSE Indices Ltd / Public Archive,2026-09-05T05:36:32.992306+00:00
2021-02-15,33664.98,NSE Indices Ltd / Public Archive,2026-09-05T05:36:32.992306+00:00
2021-02-16,33620.47,NSE Indices Ltd / Public Archive,2026-09-05T05:36:32.992306+00:00
2021-02-17,33550.08,NSE Indices Ltd / Public Archive,2026-09-05T05:36:32.992306+00:00
2021-02-18,33648.51,NSE Indices Ltd / Public Archive,2026-09-05T05:36:32.992306+00:00
2021-02-19,33744.24,NSE Indices Ltd / Public Archive,2026-09-05T05:36:32.992306+00:00
2021-02-22,33792.41,NSE Indices Ltd / Public Archive,2026-09-05T05:36:32.992306+00:00
2021-02-23,33972.61,NSE Indices Ltd / Public Archive,2026-09-05T05:36:32.992306+00:00
2021-02-24,34384.21,NSE Indices Ltd / Public Archive,2026-09-05T05:36:32.992306+00:00
2021-02-25,34726.2,NSE Indices Ltd / Public Archive,2026-09-05T05:36:32.992306+00:00
2021-02-26,34310.73,NSE Indices Ltd / Public Archive,2026-09-05T05:36:32.992306+00:00
2021-03-01,33570.12,NSE Indices Ltd / Public Archive,2026-09-05T05:36:32.992306+00:00
2021-03-02,33899.41,NSE Indices Ltd / Public Archive,2026-09-05T05:36:32.992306+00:00
2021-03-03,33529.84,NSE Indices Ltd / Public Archive,2026-09-05T05:36:32.992306+00:00
2021-03-04,33508.95,NSE Indices Ltd / Public Archive,2026-09-05T05:36:32.992306+00:00
2021-03-05,33202.98,NSE Indices Ltd / Public Archive,2026-09-05T05:36:32.992306+00:00
2021-03-08,32710.99,NSE Indices Ltd / Public Archive,2026-09-05T05:36:32.992306+00:00
2021-03-09,32916.19,NSE Indices Ltd / Public Archive,2026-09-05T05:36:32.992306+00:00
2021-03-10,33187.17,NSE Indices Ltd / Public Archive,2026-09-05T05:36:32.992306+00:00
2021-03-11,33061.44,NSE Indices Ltd / Public Archive,2026-09-05T05:36:32.992306+00:00
2021-03-12,32336.75,NSE Indices Ltd / Public Archive,2026-09-05T05:36:32.992306+00:00
2021-03-15,32223.05,NSE Indices Ltd / Public Archive,2026-09-05T05:36:32.992306+00:00
2021-03-16,32381.79,NSE Indices Ltd / Public Archive,2026-09-05T05:36:32.992306+00:00
2021-03-17,31996.11,NSE Indices Ltd / Public Archive,2026-09-05T05:36:32.992306+00:00
2021-03-18,32093.71,NSE Indices Ltd / Public Archive,2026-09-05T05:36:32.992306+00:00
2021-03-19,32134.22,NSE Indices Ltd / Public Archive,2026-09-05T05:36:32.992306+00:00
2021-03-22,32346.74,NSE Indices Ltd / Public Archive,2026-09-05T05:36:32.992306+00:00
2021-03-23,32426.84,NSE Indices Ltd / Public Archive,2026-09-05T05:36:32.992306+00:00
2021-03-24,32188.25,NSE Indices Ltd / Public Archive,2026-09-05T05:36:32.992306+00:00
2021-03-25,32579.96,NSE Indices Ltd / Public Archive,2026-09-05T05:36:32.992306+00:00
2021-03-26,32579.08,NSE Indices Ltd / Public Archive,2026-09-05T05:36:32.992306+00:00
2021-03-29,32616.69,NSE Indices Ltd / Public Archive,2026-09-05T05:36:32.992306+00:00
2021-03-30,32388.39,NSE Indices Ltd / Public Archive,2026-09-05T05:36:32.992306+00:00
2021-03-31,32304.52,NSE Indices Ltd / Public Archive,2026-09-05T05:36:32.992306+00:00
2021-04-01,32092.5,NSE Indices Ltd / Public Archive,2026-09-05T05:36:32.992306+00:00
2021-04-02,32087.48,NSE Indices Ltd / Public Archive,2026-09-05T05:36:32.992306+00:00
2021-04-05,32626.72,NSE Indices Ltd / Public Archive,2026-09-05T05:36:32.992306+00:00
2021-04-06,32269.55,NSE Indices Ltd / Public Archive,2026-09-05T05:36:32.992306+00:00
2021-04-07,31846.11,NSE Indices Ltd / Public Archive,2026-09-05T05:36:32.992306+00:00
2021-04-08,32312.35,NSE Indices Ltd / Public Archive,2026-09-05T05:36:32.992306+00:00
2021-04-09,32296.71,NSE Indices Ltd / Public Archive,2026-09-05T05:36:32.992306+00:00
2021-04-12,32147.45,NSE Indices Ltd / Public Archive,2026-09-05T05:36:32.992306+00:00
2021-04-13,32493.33,NSE Indices Ltd / Public Archive,2026-09-05T05:36:32.992306+00:00
2021-04-14,32361.71,NSE Indices Ltd / Public Archive,2026-09-05T05:36:32.992306+00:00
2021-04-15,32938.86,NSE Indices Ltd / Public Archive,2026-09-05T05:36:32.992306+00:00
2021-04-16,33185.94,NSE Indices Ltd / Public Archive,2026-09-05T05:36:32.992306+00:00
2021-04-19,33086.67,NSE Indices Ltd / Public Archive,2026-09-05T05:36:32.992306+00:00
2021-04-20,33775.4,NSE Indices Ltd / Public Archive,2026-09-05T05:36:32.992306+00:00
2021-04-21,33638.56,NSE Indices Ltd / Public Archive,2026-09-05T05:36:32.992306+00:00
2021-04-22,33910.32,NSE Indices Ltd / Public Archive,2026-09-05T05:36:32.992306+00:00
2021-04-23,34049.14,NSE Indices Ltd / Public Archive,2026-09-05T05:36:32.992306+00:00
2021-04-26,34495.72,NSE Indices Ltd / Public Archive,2026-09-05T05:36:32.992306+00:00
2021-04-27,35028.8,NSE Indices Ltd / Public Archive,2026-09-05T05:36:32.992306+00:00
2021-04-28,35087.93,NSE Indices Ltd / Public Archive,2026-09-05T05:36:32.992306+00:00
2021-04-29,34899.13,NSE Indices Ltd / Public Archive,2026-09-05T05:36:32.992306+00:00
2021-04-30,35092.46,NSE Indices Ltd / Public Archive,2026-09-05T05:36:32.992306+00:00
2021-05-03,34927.55,NSE Indices Ltd / Public Archive,2026-09-05T05:36:32.992306+00:00
2021-05-04,35609.35,NSE Indices Ltd / Public Archive,2026-09-05T05:36:32.992306+00:00
2021-05-05,35702.96,NSE Indices Ltd / Public Archive,2026-09-05T05:36:32.992306+00:00
2021-05-06,35635.56,NSE Indices Ltd / Public Archive,2026-09-05T05:36:32.992306+00:00
2021-05-07,35744.68,NSE Indices Ltd / Public Archive,2026-09-05T05:36:32.992306+00:00
2021-05-10,35361.35,NSE Indices Ltd / Public Archive,2026-09-05T05:36:32.992306+00:00
2021-05-11,35101.63,NSE Indices Ltd / Public Archive,2026-09-05T05:36:32.992306+00:00
2021-05-12,35530.0,NSE Indices Ltd / Public Archive,2026-09-05T05:36:32.992306+00:00
2021-05-13,35369.69,NSE Indices Ltd / Public Archive,2026-09-05T05:36:32.992306+00:00
2021-05-14,35085.95,NSE Indices Ltd / Public Archive,2026-09-05T05:36:32.992306+00:00
2021-05-17,35304.53,NSE Indices Ltd / Public Archive,2026-09-05T05:36:32.992306+00:00
2021-05-18,35730.7,NSE Indices Ltd / Public Archive,2026-09-05T05:36:32.992306+00:00
2021-05-19,36011.92,NSE Indices Ltd / Public Archive,2026-09-05T05:36:32.992306+00:00
2021-05-20,36385.17,NSE Indices Ltd / Public Archive,2026-09-05T05:36:32.992306+00:00
2021-05-21,36188.28,NSE Indices Ltd / Public Archive,2026-09-05T05:36:32.992306+00:00
2021-05-24,35775.87,NSE Indices Ltd / Public Archive,2026-09-05T05:36:32.992306+00:00
2021-05-25,36309.36,NSE Indices Ltd / Public Archive,2026-09-05T05:36:32.992306+00:00
2021-05-26,36254.74,NSE Indices Ltd / Public Archive,2026-09-05T05:36:32.992306+00:00
2021-05-27,36223.66,NSE Indices Ltd / Public Archive,2026-09-05T05:36:32.992306+00:00
2021-05-28,36707.38,NSE Indices Ltd / Public Archive,2026-09-05T05:36:32.992306+00:00
2021-05-31,36942.53,NSE Indices Ltd / Public Archive,2026-09-05T05:36:32.992306+00:00
2021-06-01,37145.82,NSE Indices Ltd / Public Archive,2026-09-05T05:36:32.992306+00:00
2021-06-02,37921.61,NSE Indices Ltd / Public Archive,2026-09-05T05:36:32.992306+00:00
2021-06-03,37755.07,NSE Indices Ltd / Public Archive,2026-09-05T05:36:32.992306+00:00
2021-06-04,38123.21,NSE Indices Ltd / Public Archive,2026-09-05T05:36:32.992306+00:00
2021-06-07,38196.14,NSE Indices Ltd / Public Archive,2026-09-05T05:36:32.992306+00:00
2021-06-08,38341.95,NSE Indices Ltd / Public Archive,2026-09-05T05:36:32.992306+00:00
2021-06-09,38923.07,NSE Indices Ltd / Public Archive,2026-09-05T05:36:32.992306+00:00
2021-06-10,39155.46,NSE Indices Ltd / Public Archive,2026-09-05T05:36:32.992306+00:00
2021-06-11,39399.97,NSE Indices Ltd / Public Archive,2026-09-05T05:36:32.992306+00:00
2021-06-14,39835.44,NSE Indices Ltd / Public Archive,2026-09-05T05:36:32.992306+00:00
2021-06-15,39760.37,NSE Indices Ltd / Public Archive,2026-09-05T05:36:32.992306+00:00
2021-06-16,39515.73,NSE Indices Ltd / Public Archive,2026-09-05T05:36:32.992306+00:00
2021-06-17,39199.47,NSE Indices Ltd / Public Archive,2026-09-05T05:36:32.992306+00:00
2021-06-18,38560.63,NSE Indices Ltd / Public Archive,2026-09-05T05:36:32.992306+00:00
2021-06-21,39328.21,NSE Indices Ltd / Public Archive,2026-09-05T05:36:32.992306+00:00
2021-06-22,38992.79,NSE Indices Ltd / Public Archive,2026-09-05T05:36:32.992306+00:00
2021-06-23,38969.73,NSE Indices Ltd / Public Archive,2026-09-05T05:36:32.992306+00:00
2021-06-24,38927.2,NSE Indices Ltd / Public Archive,2026-09-05T05:36:32.992306+00:00
2021-06-25,39089.4,NSE Indices Ltd / Public Archive,2026-09-05T05:36:32.992306+00:00
2021-06-28,39431.11,NSE Indices Ltd / Public Archive,2026-09-05T05:36:32.992306+00:00
2021-06-29,39791.67,NSE Indices Ltd / Public Archive,2026-09-05T05:36:32.992306+00:00
2021-06-30,39638.57,NSE Indices Ltd / Public Archive,2026-09-05T05:36:32.992306+00:00
2021-07-01,39634.44,NSE Indices Ltd / Public Archive,2026-09-05T05:36:32.992306+00:00
2021-07-02,39790.73,NSE Indices Ltd / Public Archive,2026-09-05T05:36:32.992306+00:00
2021-07-05,39757.38,NSE Indices Ltd / Public Archive,2026-09-05T05:36:32.992306+00:00
2021-07-06,40388.17,NSE Indices Ltd / Public Archive,2026-09-05T05:36:32.992306+00:00
2021-07-07,40623.18,NSE Indices Ltd / Public Archive,2026-09-05T05:36:32.992306+00:00
2021-07-08,40948.73,NSE Indices Ltd / Public Archive,2026-09-05T05:36:32.992306+00:00
2021-07-09,41250.36,NSE Indices Ltd / Public Archive,2026-09-05T05:36:32.992306+00:00
2021-07-12,41743.76,NSE Indices Ltd / Public Archive,2026-09-05T05:36:32.992306+00:00
2021-07-13,41870.21,NSE Indices Ltd / Public Archive,2026-09-05T05:36:32.992306+00:00
2021-07-14,41440.14,NSE Indices Ltd / Public Archive,2026-09-05T05:36:32.992306+00:00
2021-07-15,41647.23,NSE Indices Ltd / Public Archive,2026-09-05T05:36:32.992306+00:00
2021-07-16,41461.39,NSE Indices Ltd / Public Archive,2026-09-05T05:36:32.992306+00:00
2021-07-19,41322.18,NSE Indices Ltd / Public Archive,2026-09-05T05:36:32.992306+00:00
2021-07-20,41598.1,NSE Indices Ltd / Public Archive,2026-09-05T05:36:32.992306+00:00
2021-07-21,42119.93,NSE Indices Ltd / Public Archive,2026-09-05T05:36:32.992306+00:00
2021-07-22,42186.96,NSE Indices Ltd / Public Archive,2026-09-05T05:36:32.992306+00:00
2021-07-23,42363.28,NSE Indices Ltd / Public Archive,2026-09-05T05:36:32.992306+00:00
2021-07-26,43071.59,NSE Indices Ltd / Public Archive,2026-09-05T05:36:32.992306+00:00
2021-07-27,43225.22,NSE Indices Ltd / Public Archive,2026-09-05T05:36:32.992306+00:00
2021-07-28,44297.86,NSE Indices Ltd / Public Archive,2026-09-05T05:36:32.992306+00:00
2021-07-29,44585.33,NSE Indices Ltd / Public Archive,2026-09-05T05:36:32.992306+00:00
2021-07-30,43941.22,NSE Indices Ltd / Public Archive,2026-09-05T05:36:32.992306+00:00
2021-08-02,44300.66,NSE Indices Ltd / Public Archive,2026-09-05T05:36:32.992306+00:00
2021-08-03,44514.65,NSE Indices Ltd / Public Archive,2026-09-05T05:36:32.992306+00:00
2021-08-04,45093.69,NSE Indices Ltd / Public Archive,2026-09-05T05:36:32.992306+00:00
2021-08-05,45430.02,NSE Indices Ltd / Public Archive,2026-09-05T05:36:32.992306+00:00
2021-08-06,45437.01,NSE Indices Ltd / Public Archive,2026-09-05T05:36:32.992306+00:00
2021-08-09,44999.97,NSE Indices Ltd / Public Archive,2026-09-05T05:36:32.992306+00:00
2021-08-10,44978.32,NSE Indices Ltd / Public Archive,2026-09-05T05:36:32.992306+00:00
2021-08-11,44696.99,NSE Indices Ltd / Public Archive,2026-09-05T05:36:32.992306+00:00
2021-08-12,44526.04,NSE Indices Ltd / Public Archive,2026-09-05T05:36:32.992306+00:00
2021-08-13,44824.24,NSE Indices Ltd / Public Archive,2026-09-05T05:36:32.992306+00:00
2021-08-16,45560.66,NSE Indices Ltd / Public Archive,2026-09-05T05:36:32.992306+00:00
2021-08-17,45786.28,NSE Indices Ltd / Public Archive,2026-09-05T05:36:32.992306+00:00
2021-08-18,45357.59,NSE Indices Ltd / Public Archive,2026-09-05T05:36:32.992306+00:00
2021-08-19,45602.58,NSE Indices Ltd / Public Archive,2026-09-05T05:36:32.992306+00:00
2021-08-20,46157.55,NSE Indices Ltd / Public Archive,2026-09-05T05:36:32.992306+00:00
2021-08-23,45968.86,NSE Indices Ltd / Public Archive,2026-09-05T05:36:32.992306+00:00
2021-08-24,45977.77,NSE Indices Ltd / Public Archive,2026-09-05T05:36:32.992306+00:00
2021-08-25,46048.21,NSE Indices Ltd / Public Archive,2026-09-05T05:36:32.992306+00:00
2021-08-26,45787.39,NSE Indices Ltd / Public Archive,2026-09-05T05:36:32.992306+00:00
2021-08-27,46118.64,NSE Indices Ltd / Public Archive,2026-09-05T05:36:32.992306+00:00
2021-08-30,46133.01,NSE Indices Ltd / Public Archive,2026-09-05T05:36:32.992306+00:00
2021-08-31,46371.78,NSE Indices Ltd / Public Archive,2026-09-05T05:36:32.992306+00:00
2021-09-01,46066.31,NSE Indices Ltd / Public Archive,2026-09-05T05:36:32.992306+00:00
2021-09-02,45949.43,NSE Indices Ltd / Public Archive,2026-09-05T05:36:32.992306+00:00
2021-09-03,46312.5,NSE Indices Ltd / Public Archive,2026-09-05T05:36:32.992306+00:00
2021-09-06,46221.94,NSE Indices Ltd / Public Archive,2026-09-05T05:36:32.992306+00:00
2021-09-07,47005.06,NSE Indices Ltd / Public Archive,2026-09-05T05:36:32.992306+00:00
2021-09-08,46901.8,NSE Indices Ltd / Public Archive,2026-09-05T05:36:32.992306+00:00
2021-09-09,47062.31,NSE Indices Ltd / Public Archive,2026-09-05T05:36:32.992306+00:00
2021-09-10,47523.2,NSE Indices Ltd / Public Archive,2026-09-05T05:36:32.992306+00:00
2021-09-13,46983.09,NSE Indices Ltd / Public Archive,2026-09-05T05:36:32.992306+00:00
2021-09-14,46304.31,NSE Indices Ltd / Public Archive,2026-09-05T05:36:32.992306+00:00
2021-09-15,45733.34,NSE Indices Ltd / Public Archive,2026-09-05T05:36:32.992306+00:00
2021-09-16,46317.04,NSE Indices Ltd / Public Archive,2026-09-05T05:36:32.992306+00:00
2021-09-17,46151.84,NSE Indices Ltd / Public Archive,2026-09-05T05:36:32.992306+00:00
2021-09-20,47279.05,NSE Indices Ltd / Public Archive,2026-09-05T05:36:32.992306+00:00
2021-09-21,47105.14,NSE Indices Ltd / Public Archive,2026-09-05T05:36:32.992306+00:00
2021-09-22,47249.33,NSE Indices Ltd / Public Archive,2026-09-05T05:36:32.992306+00:00
2021-09-23,47971.25,NSE Indices Ltd / Public Archive,2026-09-05T05:36:32.992306+00:00
2021-09-24,48904.53,NSE Indices Ltd / Public Archive,2026-09-05T05:36:32.992306+00:00
2021-09-27,49880.34,NSE Indices Ltd / Public Archive,2026-09-05T05:36:32.992306+00:00
2021-09-28,50492.64,NSE Indices Ltd / Public Archive,2026-09-05T05:36:32.992306+00:00
2021-09-29,51028.7,NSE Indices Ltd / Public Archive,2026-09-05T05:36:32.992306+00:00
2021-09-30,51372.26,NSE Indices Ltd / Public Archive,2026-09-05T05:36:32.992306+00:00
2021-10-01,51804.06,NSE Indices Ltd / Public Archive,2026-09-05T05:36:32.992306+00:00
2021-10-04,51619.6,NSE Indices Ltd / Public Archive,2026-09-05T05:36:32.992306+00:00
2021-10-05,51311.75,NSE Indices Ltd / Public Archive,2026-09-05T05:36:32.992306+00:00
2021-10-06,51382.03,NSE Indices Ltd / Public Archive,2026-09-05T05:36:32.992306+00:00
2021-10-07,51375.27,NSE Indices Ltd / Public Archive,2026-09-05T05:36:32.992306+00:00
2021-10-08,51237.63,NSE Indices Ltd / Public Archive,2026-09-05T05:36:32.992306+00:00
2021-10-11,51630.49,NSE Indices Ltd / Public Archive,2026-09-05T05:36:32.992306+00:00
2021-10-12,52146.68,NSE Indices Ltd / Public Archive,2026-09-05T05:36:32.992306+00:00
2021-10-13,52261.18,NSE Indices Ltd / Public Archive,2026-09-05T05:36:32.992306+00:00
2021-10-14,53029.3,NSE Indices Ltd / Public Archive,2026-09-05T05:36:32.992306+00:00
2021-10-15,52558.65,NSE Indices Ltd / Public Archive,2026-09-05T05:36:32.992306+00:00
2021-10-18,52540.63,NSE Indices Ltd / Public Archive,2026-09-05T05:36:32.992306+00:00
2021-10-19,51971.33,NSE Indices Ltd / Public Archive,2026-09-05T05:36:32.992306+00:00
2021-10-20,50571.66,NSE Indices Ltd / Public Archive,2026-09-05T05:36:32.992306+00:00
2021-10-21,50472.66,NSE Indices Ltd / Public Archive,2026-09-05T05:36:32.992306+00:00
2021-10-22,50346.26,NSE Indices Ltd / Public Archive,2026-09-05T05:36:32.992306+00:00
2021-10-25,51372.73,NSE Indices Ltd / Public Archive,2026-09-05T05:36:32.992306+00:00
2021-10-26,51785.32,NSE Indices Ltd / Public Archive,2026-09-05T05:36:32.992306+00:00
2021-10-27,51001.37,NSE Indices Ltd / Public Archive,2026-09-05T05:36:32.992306+00:00
2021-10-28,52284.42,NSE Indices Ltd / Public Archive,2026-09-05T05:36:32.992306+00:00
2021-10-29,53136.37,NSE Indices Ltd / Public Archive,2026-09-05T05:36:32.992306+00:00
2021-11-01,53526.89,NSE Indices Ltd / Public Archive,2026-09-05T05:36:32.992306+00:00
2021-11-02,53314.34,NSE Indices Ltd / Public Archive,2026-09-05T05:36:32.992306+00:00
2021-11-03,52555.57,NSE Indices Ltd / Public Archive,2026-09-05T05:36:32.992306+00:00
2021-11-04,52239.66,NSE Indices Ltd / Public Archive,2026-09-05T05:36:32.992306+00:00
2021-11-05,52994.13,NSE Indices Ltd / Public Archive,2026-09-05T05:36:32.992306+00:00
2021-11-08,54349.94,NSE Indices Ltd / Public Archive,2026-09-05T05:36:32.992306+00:00
2021-11-09,55480.72,NSE Indices Ltd / Public Archive,2026-09-05T05:36:32.992306+00:00
2021-11-10,55056.63,NSE Indices Ltd / Public Archive,2026-09-05T05:36:32.992306+00:00
2021-11-11,54149.59,NSE Indices Ltd / Public Archive,2026-09-05T05:36:32.992306+00:00
2021-11-12,54213.08,NSE Indices Ltd / Public Archive,2026-09-05T05:36:32.992306+00:00
2021-11-15,52827.49,NSE Indices Ltd / Public Archive,2026-09-05T05:36:32.992306+00:00
2021-11-16,53024.24,NSE Indices Ltd / Public Archive,2026-09-05T05:36:32.992306+00:00
2021-11-17,52872.25,NSE Indices Ltd / Public Archive,2026-09-05T05:36:32.992306+00:00
2021-11-18,52484.98,NSE Indices Ltd / Public Archive,2026-09-05T05:36:32.992306+00:00
2021-11-19,51271.22,NSE Indices Ltd / Public Archive,2026-09-05T05:36:32.992306+00:00
2021-11-22,51598.87,NSE Indices Ltd / Public Archive,2026-09-05T05:36:32.992306+00:00
2021-11-23,51172.77,NSE Indices Ltd / Public Archive,2026-09-05T05:36:32.992306+00:00
2021-11-24,50293.69,NSE Indices Ltd / Public Archive,2026-09-05T05:36:32.992306+00:00
2021-11-25,48231.06,NSE Indices Ltd / Public Archive,2026-09-05T05:36:32.992306+00:00
2021-11-26,48173.89,NSE Indices Ltd / Public Archive,2026-09-05T05:36:32.992306+00:00
2021-11-29,49330.62,NSE Indices Ltd / Public Archive,2026-09-05T05:36:32.992306+00:00
2021-11-30,50438.47,NSE Indices Ltd / Public Archive,2026-09-05T05:36:32.992306+00:00
2021-12-01,50075.35,NSE Indices Ltd / Public Archive,2026-09-05T05:36:32.992306+00:00
2021-12-02,49613.1,NSE Indices Ltd / Public Archive,2026-09-05T05:36:32.992306+00:00
2021-12-03,49899.01,NSE Indices Ltd / Public Archive,2026-09-05T05:36:32.992306+00:00
2021-12-06,49161.64,NSE Indices Ltd / Public Archive,2026-09-05T05:36:32.992306+00:00
2021-12-07,49330.02,NSE Indices Ltd / Public Archive,2026-09-05T05:36:32.992306+00:00
2021-12-08,49819.63,NSE Indices Ltd / Public Archive,2026-09-05T05:36:32.992306+00:00
2021-12-09,50635.53,NSE Indices Ltd / Public Archive,2026-09-05T05:36:32.992306+00:00
2021-12-10,50524.02,NSE Indices Ltd / Public Archive,2026-09-05T05:36:32.992306+00:00
2021-12-13,50339.53,NSE Indices Ltd / Public Archive,2026-09-05T05:36:32.992306+00:00
2021-12-14,49680.5,NSE Indices Ltd / Public Archive,2026-09-05T05:36:32.992306+00:00
2021-12-15,49065.64,NSE Indices Ltd / Public Archive,2026-09-05T05:36:32.992306+00:00
2021-12-16,48870.81,NSE Indices Ltd / Public Archive,2026-09-05T05:36:32.992306+00:00
2021-12-17,49083.07,NSE Indices Ltd / Public Archive,2026-09-05T05:36:32.992306+00:00
2021-12-20,49671.58,NSE Indices Ltd / Public Archive,2026-09-05T05:36:32.992306+00:00
2021-12-21,49073.31,NSE Indices Ltd / Public Archive,2026-09-05T05:36:32.992306+00:00
2021-12-22,50059.57,NSE Indices Ltd / Public Archive,2026-09-05T05:36:32.992306+00:00
2021-12-23,49829.51,NSE Indices Ltd / Public Archive,2026-09-05T05:36:32.992306+00:00
2021-12-24,49774.74,NSE Indices Ltd / Public Archive,2026-09-05T05:36:32.992306+00:00
2021-12-27,49214.23,NSE Indices Ltd / Public Archive,2026-09-05T05:36:32.992306+00:00
2021-12-28,47504.56,NSE Indices Ltd / Public Archive,2026-09-05T05:36:32.992306+00:00
2021-12-29,48054.5,NSE Indices Ltd / Public Archive,2026-09-05T05:36:32.992306+00:00
2021-12-30,48511.78,NSE Indices Ltd / Public Archive,2026-09-05T05:36:32.992306+00:00
2021-12-31,48281.9,NSE Indices Ltd / Public Archive,2026-09-05T05:36:32.992306+00:00
2022-01-03,48288.56,NSE Indices Ltd / Public Archive,2026-09-05T05:36:32.992306+00:00
2022-01-04,48598.72,NSE Indices Ltd / Public Archive,2026-09-05T05:36:32.992306+00:00
2022-01-05,47496.71,NSE Indices Ltd / Public Archive,2026-09-05T05:36:32.992306+00:00
2022-01-06,47106.92,NSE Indices Ltd / Public Archive,2026-09-05T05:36:32.992306+00:00
2022-01-07,47593.05,NSE Indices Ltd / Public Archive,2026-09-05T05:36:32.992306+00:00
2022-01-10,46719.24,NSE Indices Ltd / Public Archive,2026-09-05T05:36:32.992306+00:00
2022-01-11,46873.87,NSE Indices Ltd / Public Archive,2026-09-05T05:36:32.992306+00:00
2022-01-12,45946.14,NSE Indices Ltd / Public Archive,2026-09-05T05:36:32.992306+00:00
2022-01-13,46209.41,NSE Indices Ltd / Public Archive,2026-09-05T05:36:32.992306+00:00
2022-01-14,46149.38,NSE Indices Ltd / Public Archive,2026-09-05T05:36:32.992306+00:00
2022-01-17,45068.94,NSE Indices Ltd / Public Archive,2026-09-05T05:36:32.992306+00:00
2022-01-18,45767.8,NSE Indices Ltd / Public Archive,2026-09-05T05:36:32.992306+00:00
2022-01-19,45260.49,NSE Indices Ltd / Public Archive,2026-09-05T05:36:32.992306+00:00
2022-01-20,44710.87,NSE Indices Ltd / Public Archive,2026-09-05T05:36:32.992306+00:00
2022-01-21,44800.65,NSE Indices Ltd / Public Archive,2026-09-05T05:36:32.992306+00:00
2022-01-24,45485.24,NSE Indices Ltd / Public Archive,2026-09-05T05:36:32.992306+00:00
2022-01-25,44801.99,NSE Indices Ltd / Public Archive,2026-09-05T05:36:32.992306+00:00
2022-01-26,44804.83,NSE Indices Ltd / Public Archive,2026-09-05T05:36:32.992306+00:00
2022-01-27,45037.97,NSE Indices Ltd / Public Archive,2026-09-05T05:36:32.992306+00:00
2022-01-28,45438.97,NSE Indices Ltd / Public Archive,2026-09-05T05:36:32.992306+00:00
2022-01-31,45514.86,NSE Indices Ltd / Public Archive,2026-09-05T05:36:32.992306+00:00
2022-02-01,45244.57,NSE Indices Ltd / Public Archive,2026-09-05T05:36:32.992306+00:00
2022-02-02,44684.16,NSE Indices Ltd / Public Archive,2026-09-05T05:36:32.992306+00:00
2022-02-03,44702.3,NSE Indices Ltd / Public Archive,2026-09-05T05:36:32.992306+00:00
2022-02-04,43995.56,NSE Indices Ltd / Public Archive,2026-09-05T05:36:32.992306+00:00
2022-02-07,42161.0,NSE Indices Ltd / Public Archive,2026-09-05T05:36:32.992306+00:00
2022-02-08,42384.95,NSE Indices Ltd / Public Archive,2026-09-05T05:36:32.992306+00:00
2022-02-09,42887.43,NSE Indices Ltd / Public Archive,2026-09-05T05:36:32.992306+00:00
2022-02-10,41434.35,NSE Indices Ltd / Public Archive,2026-09-05T05:36:32.992306+00:00
2022-02-11,40815.48,NSE Indices Ltd / Public Archive,2026-09-05T05:36:32.992306+00:00
2022-02-14,41136.62,NSE Indices Ltd / Public Archive,2026-09-05T05:36:32.992306+00:00
2022-02-15,42288.65,NSE Indices Ltd / Public Archive,2026-09-05T05:36:32.992306+00:00
2022-02-16,42267.13,NSE Indices Ltd / Public Archive,2026-09-05T05:36:32.992306+00:00
2022-02-17,41802.53,NSE Indices Ltd / Public Archive,2026-09-05T05:36:32.992306+00:00
2022-02-18,41662.05,NSE Indices Ltd / Public Archive,2026-09-05T05:36:32.992306+00:00
2022-02-21,42430.64,NSE Indices Ltd / Public Archive,2026-09-05T05:36:32.992306+00:00
2022-02-22,42012.98,NSE Indices Ltd / Public Archive,2026-09-05T05:36:32.992306+00:00
2022-02-23,41509.3,NSE Indices Ltd / Public Archive,2026-09-05T05:36:32.992306+00:00
2022-02-24,41195.55,NSE Indices Ltd / Public Archive,2026-09-05T05:36:32.992306+00:00
2022-02-25,40612.78,NSE Indices Ltd / Public Archive,2026-09-05T05:36:32.992306+00:00
2022-02-28,40650.03,NSE Indices Ltd / Public Archive,2026-09-05T05:36:32.992306+00:00
2022-03-01,41542.12,NSE Indices Ltd / Public Archive,2026-09-05T05:36:32.992306+00:00
2022-03-02,41696.78,NSE Indices Ltd / Public Archive,2026-09-05T05:36:32.992306+00:00
2022-03-03,41516.11,NSE Indices Ltd / Public Archive,2026-09-05T05:36:32.992306+00:00
2022-03-04,41313.29,NSE Indices Ltd / Public Archive,2026-09-05T05:36:32.992306+00:00
2022-03-07,40376.11,NSE Indices Ltd / Public Archive,2026-09-05T05:36:32.992306+00:00
2022-03-08,40843.01,NSE Indices Ltd / Public Archive,2026-09-05T05:36:32.992306+00:00
2022-03-09,40765.82,NSE Indices Ltd / Public Archive,2026-09-05T05:36:32.992306+00:00
2022-03-10,40630.21,NSE Indices Ltd / Public Archive,2026-09-05T05:36:32.992306+00:00
2022-03-11,42414.02,NSE Indices Ltd / Public Archive,2026-09-05T05:36:32.992306+00:00
2022-03-14,42557.48,NSE Indices Ltd / Public Archive,2026-09-05T05:36:32.992306+00:00
2022-03-15,42075.52,NSE Indices Ltd / Public Archive,2026-09-05T05:36:32.992306+00:00
2022-03-16,41790.71,NSE Indices Ltd / Public Archive,2026-09-05T05:36:32.992306+00:00
2022-03-17,42429.2,NSE Indices Ltd / Public Archive,2026-09-05T05:36:32.992306+00:00
2022-03-18,42462.54,NSE Indices Ltd / Public Archive,2026-09-05T05:36:32.992306+00:00
2022-03-21,41573.54,NSE Indices Ltd / Public Archive,2026-09-05T05:36:32.992306+00:00
2022-03-22,42075.3,NSE Indices Ltd / Public Archive,2026-09-05T05:36:32.992306+00:00
2022-03-23,41648.07,NSE Indices Ltd / Public Archive,2026-09-05T05:36:32.992306+00:00
2022-03-24,42707.02,NSE Indices Ltd / Public Archive,2026-09-05T05:36:32.992306+00:00
2022-03-25,43318.61,NSE Indices Ltd / Public Archive,2026-09-05T05:36:32.992306+00:00
2022-03-28,43012.68,NSE Indices Ltd / Public Archive,2026-09-05T05:36:32.992306+00:00
2022-03-29,43749.67,NSE Indices Ltd / Public Archive,2026-09-05T05:36:32.992306+00:00
2022-03-30,43756.23,NSE Indices Ltd / Public Archive,2026-09-05T05:36:32.992306+00:00
2022-03-31,44243.62,NSE Indices Ltd / Public Archive,2026-09-05T05:36:32.992306+00:00
2022-04-01,44508.47,NSE Indices Ltd / Public Archive,2026-09-05T05:36:32.992306+00:00
2022-04-04,43945.49,NSE Indices Ltd / Public Archive,2026-09-05T05:36:32.992306+00:00
2022-04-05,43514.4,NSE Indices Ltd / Public Archive,2026-09-05T05:36:32.992306+00:00
2022-04-06,44107.04,NSE Indices Ltd / Public Archive,2026-09-05T05:36:32.992306+00:00
2022-04-07,43865.03,NSE Indices Ltd / Public Archive,2026-09-05T05:36:32.992306+00:00
2022-04-08,43582.05,NSE Indices Ltd / Public Archive,2026-09-05T05:36:32.992306+00:00
2022-04-11,42964.42,NSE Indices Ltd / Public Archive,2026-09-05T05:36:32.992306+00:00
2022-04-12,43184.84,NSE Indices Ltd / Public Archive,2026-09-05T05:36:32.992306+00:00
2022-04-13,44397.27,NSE Indices Ltd / Public Archive,2026-09-05T05:36:32.992306+00:00
2022-04-14,43698.22,NSE Indices Ltd / Public Archive,2026-09-05T05:36:32.992306+00:00
2022-04-15,43678.08,NSE Indices Ltd / Public Archive,2026-09-05T05:36:32.992306+00:00
2022-04-18,44506.7,NSE Indices Ltd / Public Archive,2026-09-05T05:36:32.992306+00:00
2022-04-19,44421.47,NSE Indices Ltd / Public Archive,2026-09-05T05:36:32.992306+00:00
2022-04-20,44667.26,NSE Indices Ltd / Public Archive,2026-09-05T05:36:32.992306+00:00
2022-04-21,43967.17,NSE Indices Ltd / Public Archive,2026-09-05T05:36:32.992306+00:00
2022-04-22,44195.63,NSE Indices Ltd / Public Archive,2026-09-05T05:36:32.992306+00:00
2022-04-25,44044.48,NSE Indices Ltd / Public Archive,2026-09-05T05:36:32.992306+00:00
2022-04-26,44617.07,NSE Indices Ltd / Public Archive,2026-09-05T05:36:32.992306+00:00
2022-04-27,45323.07,NSE Indices Ltd / Public Archive,2026-09-05T05:36:32.992306+00:00
2022-04-28,46929.94,NSE Indices Ltd / Public Archive,2026-09-05T05:36:32.992306+00:00
2022-04-29,47273.23,NSE Indices Ltd / Public Archive,2026-09-05T05:36:32.992306+00:00
2022-05-02,47451.03,NSE Indices Ltd / Public Archive,2026-09-05T05:36:32.992306+00:00
2022-05-03,47542.2,NSE Indices Ltd / Public Archive,2026-09-05T05:36:32.992306+00:00
2022-05-04,47269.11,NSE Indices Ltd / Public Archive,2026-09-05T05:36:32.992306+00:00
2022-05-05,47455.29,NSE Indices Ltd / Public Archive,2026-09-05T05:36:32.992306+00:00
2022-05-06,47221.07,NSE Indices Ltd / Public Archive,2026-09-05T05:36:32.992306+00:00
2022-05-09,47294.66,NSE Indices Ltd / Public Archive,2026-09-05T05:36:32.992306+00:00
2022-05-10,48129.24,NSE Indices Ltd / Public Archive,2026-09-05T05:36:32.992306+00:00
2022-05-11,47412.52,NSE Indices Ltd / Public Archive,2026-09-05T05:36:32.992306+00:00
2022-05-12,48131.21,NSE Indices Ltd / Public Archive,2026-09-05T05:36:32.992306+00:00
2022-05-13,48980.23,NSE Indices Ltd / Public Archive,2026-09-05T05:36:32.992306+00:00
2022-05-16,48860.08,NSE Indices Ltd / Public Archive,2026-09-05T05:36:32.992306+00:00
2022-05-17,47369.56,NSE Indices Ltd / Public Archive,2026-09-05T05:36:32.992306+00:00
2022-05-18,46928.57,NSE Indices Ltd / Public Archive,2026-09-05T05:36:32.992306+00:00
2022-05-19,47743.15,NSE Indices Ltd / Public Archive,2026-09-05T05:36:32.992306+00:00
2022-05-20,47689.67,NSE Indices Ltd / Public Archive,2026-09-05T05:36:32.992306+00:00
2022-05-23,46984.33,NSE Indices Ltd / Public Archive,2026-09-05T05:36:32.992306+00:00
2022-05-24,46614.71,NSE Indices Ltd / Public Archive,2026-09-05T05:36:32.992306+00:00
2022-05-25,47126.01,NSE Indices Ltd / Public Archive,2026-09-05T05:36:32.992306+00:00
2022-05-26,47449.03,NSE Indices Ltd / Public Archive,2026-09-05T05:36:32.992306+00:00
2022-05-27,47252.35,NSE Indices Ltd / Public Archive,2026-09-05T05:36:32.992306+00:00
2022-05-30,46971.88,NSE Indices Ltd / Public Archive,2026-09-05T05:36:32.992306+00:00
2022-05-31,46676.68,NSE Indices Ltd / Public Archive,2026-09-05T05:36:32.992306+00:00
2022-06-01,46036.57,NSE Indices Ltd / Public Archive,2026-09-05T05:36:32.992306+00:00
2022-06-02,47040.87,NSE Indices Ltd / Public Archive,2026-09-05T05:36:32.992306+00:00
2022-06-03,46790.96,NSE Indices Ltd / Public Archive,2026-09-05T05:36:32.992306+00:00
2022-06-06,47550.86,NSE Indices Ltd / Public Archive,2026-09-05T05:36:32.992306+00:00
2022-06-07,48525.58,NSE Indices Ltd / Public Archive,2026-09-05T05:36:32.992306+00:00
2022-06-08,49164.97,NSE Indices Ltd / Public Archive,2026-09-05T05:36:32.992306+00:00
2022-06-09,48828.55,NSE Indices Ltd / Public Archive,2026-09-05T05:36:32.992306+00:00
2022-06-10,49065.47,NSE Indices Ltd / Public Archive,2026-09-05T05:36:32.992306+00:00
2022-06-13,49009.6,NSE Indices Ltd / Public Archive,2026-09-05T05:36:32.992306+00:00
2022-06-14,48350.33,NSE Indices Ltd / Public Archive,2026-09-05T05:36:32.992306+00:00
2022-06-15,48531.21,NSE Indices Ltd / Public Archive,2026-09-05T05:36:32.992306+00:00
2022-06-16,47691.3,NSE Indices Ltd / Public Archive,2026-09-05T05:36:32.992306+00:00
2022-06-17,48446.14,NSE Indices Ltd / Public Archive,2026-09-05T05:36:32.992306+00:00
2022-06-20,48092.26,NSE Indices Ltd / Public Archive,2026-09-05T05:36:32.992306+00:00
2022-06-21,48215.45,NSE Indices Ltd / Public Archive,2026-09-05T05:36:32.992306+00:00
2022-06-22,48378.56,NSE Indices Ltd / Public Archive,2026-09-05T05:36:32.992306+00:00
2022-06-23,48279.91,NSE Indices Ltd / Public Archive,2026-09-05T05:36:32.992306+00:00
2022-06-24,48589.72,NSE Indices Ltd / Public Archive,2026-09-05T05:36:32.992306+00:00
2022-06-27,48385.69,NSE Indices Ltd / Public Archive,2026-09-05T05:36:32.992306+00:00
2022-06-28,48833.89,NSE Indices Ltd / Public Archive,2026-09-05T05:36:32.992306+00:00
2022-06-29,48203.45,NSE Indices Ltd / Public Archive,2026-09-05T05:36:32.992306+00:00
2022-06-30,48290.88,NSE Indices Ltd / Public Archive,2026-09-05T05:36:32.992306+00:00
2022-07-01,49253.77,NSE Indices Ltd / Public Archive,2026-09-05T05:36:32.992306+00:00
2022-07-04,48788.16,NSE Indices Ltd / Public Archive,2026-09-05T05:36:32.992306+00:00
2022-07-05,48484.33,NSE Indices Ltd / Public Archive,2026-09-05T05:36:32.992306+00:00
2022-07-06,48760.16,NSE Indices Ltd / Public Archive,2026-09-05T05:36:32.992306+00:00
2022-07-07,48874.54,NSE Indices Ltd / Public Archive,2026-09-05T05:36:32.992306+00:00
2022-07-08,49072.79,NSE Indices Ltd / Public Archive,2026-09-05T05:36:32.992306+00:00
2022-07-11,49339.84,NSE Indices Ltd / Public Archive,2026-09-05T05:36:32.992306+00:00
2022-07-12,49680.15,NSE Indices Ltd / Public Archive,2026-09-05T05:36:32.992306+00:00
2022-07-13,50258.77,NSE Indices Ltd / Public Archive,2026-09-05T05:36:32.992306+00:00
2022-07-14,50492.39,NSE Indices Ltd / Public Archive,2026-09-05T05:36:32.992306+00:00
2022-07-15,50398.34,NSE Indices Ltd / Public Archive,2026-09-05T05:36:32.992306+00:00
2022-07-18,50765.02,NSE Indices Ltd / Public Archive,2026-09-05T05:36:32.992306+00:00
2022-07-19,51757.42,NSE Indices Ltd / Public Archive,2026-09-05T05:36:32.992306+00:00
2022-07-20,51717.24,NSE Indices Ltd / Public Archive,2026-09-05T05:36:32.992306+00:00
2022-07-21,51241.68,NSE Indices Ltd / Public Archive,2026-09-05T05:36:32.992306+00:00
2022-07-22,51837.15,NSE Indices Ltd / Public Archive,2026-09-05T05:36:32.992306+00:00
2022-07-25,51803.26,NSE Indices Ltd / Public Archive,2026-09-05T05:36:32.992306+00:00
2022-07-26,50706.24,NSE Indices Ltd / Public Archive,2026-09-05T05:36:32.992306+00:00
2022-07-27,51163.82,NSE Indices Ltd / Public Archive,2026-09-05T05:36:32.992306+00:00
2022-07-28,50918.07,NSE Indices Ltd / Public Archive,2026-09-05T05:36:32.992306+00:00
2022-07-29,50899.98,NSE Indices Ltd / Public Archive,2026-09-05T05:36:32.992306+00:00
2022-08-01,51096.95,NSE Indices Ltd / Public Archive,2026-09-05T05:36:32.992306+00:00
2022-08-02,51222.39,NSE Indices Ltd / Public Archive,2026-09-05T05:36:32.992306+00:00
2022-08-03,51613.96,NSE Indices Ltd / Public Archive,2026-09-05T05:36:32.992306+00:00
2022-08-04,51417.58,NSE Indices Ltd / Public Archive,2026-09-05T05:36:32.992306+00:00
2022-08-05,51709.69,NSE Indices Ltd / Public Archive,2026-09-05T05:36:32.992306+00:00
2022-08-08,51603.92,NSE Indices Ltd / Public Archive,2026-09-05T05:36:32.992306+00:00
2022-08-09,52013.55,NSE Indices Ltd / Public Archive,2026-09-05T05:36:32.992306+00:00
2022-08-10,52362.23,NSE Indices Ltd / Public Archive,2026-09-05T05:36:32.992306+00:00
2022-08-11,51901.22,NSE Indices Ltd / Public Archive,2026-09-05T05:36:32.992306+00:00
2022-08-12,52493.4,NSE Indices Ltd / Public Archive,2026-09-05T05:36:32.992306+00:00
2022-08-15,52240.93,NSE Indices Ltd / Public Archive,2026-09-05T05:36:32.992306+00:00
2022-08-16,52691.8,NSE Indices Ltd / Public Archive,2026-09-05T05:36:32.992306+00:00
2022-08-17,52914.31,NSE Indices Ltd / Public Archive,2026-09-05T05:36:32.992306+00:00
2022-08-18,53916.07,NSE Indices Ltd / Public Archive,2026-09-05T05:36:32.992306+00:00
2022-08-19,53825.24,NSE Indices Ltd / Public Archive,2026-09-05T05:36:32.992306+00:00
2022-08-22,53666.83,NSE Indices Ltd / Public Archive,2026-09-05T05:36:32.992306+00:00
2022-08-23,53685.92,NSE Indices Ltd / Public Archive,2026-09-05T05:36:32.992306+00:00
2022-08-24,53552.68,NSE Indices Ltd / Public Archive,2026-09-05T05:36:32.992306+00:00
2022-08-25,54010.53,NSE Indices Ltd / Public Archive,2026-09-05T05:36:32.992306+00:00
2022-08-26,53167.25,NSE Indices Ltd / Public Archive,2026-09-05T05:36:32.992306+00:00
2022-08-29,52636.28,NSE Indices Ltd / Public Archive,2026-09-05T05:36:32.992306+00:00
2022-08-30,52103.18,NSE Indices Ltd / Public Archive,2026-09-05T05:36:32.992306+00:00
2022-08-31,52626.98,NSE Indices Ltd / Public Archive,2026-09-05T05:36:32.992306+00:00
2022-09-01,53556.17,NSE Indices Ltd / Public Archive,2026-09-05T05:36:32.992306+00:00
2022-09-02,53529.68,NSE Indices Ltd / Public Archive,2026-09-05T05:36:32.992306+00:00
2022-09-05,53468.76,NSE Indices Ltd / Public Archive,2026-09-05T05:36:32.992306+00:00
2022-09-06,53535.62,NSE Indices Ltd / Public Archive,2026-09-05T05:36:32.992306+00:00
2022-09-07,54187.08,NSE Indices Ltd / Public Archive,2026-09-05T05:36:32.992306+00:00
2022-09-08,53714.38,NSE Indices Ltd / Public Archive,2026-09-05T05:36:32.992306+00:00
2022-09-09,53871.96,NSE Indices Ltd / Public Archive,2026-09-05T05:36:32.992306+00:00
2022-09-12,54426.95,NSE Indices Ltd / Public Archive,2026-09-05T05:36:32.992306+00:00
2022-09-13,54729.61,NSE Indices Ltd / Public Archive,2026-09-05T05:36:32.992306+00:00
2022-09-14,54863.47,NSE Indices Ltd / Public Archive,2026-09-05T05:36:32.992306+00:00
2022-09-15,55442.86,NSE Indices Ltd / Public Archive,2026-09-05T05:36:32.992306+00:00
2022-09-16,53974.6,NSE Indices Ltd / Public Archive,2026-09-05T05:36:32.992306+00:00
2022-09-19,54370.17,NSE Indices Ltd / Public Archive,2026-09-05T05:36:32.992306+00:00
2022-09-20,54044.45,NSE Indices Ltd / Public Archive,2026-09-05T05:36:32.992306+00:00
2022-09-21,53084.82,NSE Indices Ltd / Public Archive,2026-09-05T05:36:32.992306+00:00
2022-09-22,53385.39,NSE Indices Ltd / Public Archive,2026-09-05T05:36:32.992306+00:00
2022-09-23,54148.08,NSE Indices Ltd / Public Archive,2026-09-05T05:36:32.992306+00:00
2022-09-26,54103.44,NSE Indices Ltd / Public Archive,2026-09-05T05:36:32.992306+00:00
2022-09-27,54648.73,NSE Indices Ltd / Public Archive,2026-09-05T05:36:32.992306+00:00
2022-09-28,55559.88,NSE Indices Ltd / Public Archive,2026-09-05T05:36:32.992306+00:00
2022-09-29,56321.0,NSE Indices Ltd / Public Archive,2026-09-05T05:36:32.992306+00:00
2022-09-30,57275.62,NSE Indices Ltd / Public Archive,2026-09-05T05:36:32.992306+00:00
2022-10-03,57732.18,NSE Indices Ltd / Public Archive,2026-09-05T05:36:32.992306+00:00
2022-10-04,57807.48,NSE Indices Ltd / Public Archive,2026-09-05T05:36:32.992306+00:00
2022-10-05,56913.22,NSE Indices Ltd / Public Archive,2026-09-05T05:36:32.992306+00:00
2022-10-06,56804.48,NSE Indices Ltd / Public Archive,2026-09-05T05:36:32.992306+00:00
2022-10-07,56356.72,NSE Indices Ltd / Public Archive,2026-09-05T05:36:32.992306+00:00
2022-10-10,57611.19,NSE Indices Ltd / Public Archive,2026-09-05T05:36:32.992306+00:00
2022-10-11,57541.55,NSE Indices Ltd / Public Archive,2026-09-05T05:36:32.992306+00:00
2022-10-12,57644.09,NSE Indices Ltd / Public Archive,2026-09-05T05:36:32.992306+00:00
2022-10-13,57993.69,NSE Indices Ltd / Public Archive,2026-09-05T05:36:32.992306+00:00
2022-10-14,58050.87,NSE Indices Ltd / Public Archive,2026-09-05T05:36:32.992306+00:00
2022-10-17,59066.79,NSE Indices Ltd / Public Archive,2026-09-05T05:36:32.992306+00:00
2022-10-18,58731.5,NSE Indices Ltd / Public Archive,2026-09-05T05:36:32.992306+00:00
2022-10-19,58878.1,NSE Indices Ltd / Public Archive,2026-09-05T05:36:32.992306+00:00
2022-10-20,58473.33,NSE Indices Ltd / Public Archive,2026-09-05T05:36:32.992306+00:00
2022-10-21,57733.63,NSE Indices Ltd / Public Archive,2026-09-05T05:36:32.992306+00:00
2022-10-24,57412.19,NSE Indices Ltd / Public Archive,2026-09-05T05:36:32.992306+00:00
2022-10-25,57422.5,NSE Indices Ltd / Public Archive,2026-09-05T05:36:32.992306+00:00
2022-10-26,57207.57,NSE Indices Ltd / Public Archive,2026-09-05T05:36:32.992306+00:00
2022-10-27,56842.91,NSE Indices Ltd / Public Archive,2026-09-05T05:36:32.992306+00:00
2022-10-28,56074.78,NSE Indices Ltd / Public Archive,2026-09-05T05:36:32.992306+00:00
2022-10-31,56059.02,NSE Indices Ltd / Public Archive,2026-09-05T05:36:32.992306+00:00
2022-11-01,55246.33,NSE Indices Ltd / Public Archive,2026-09-05T05:36:32.992306+00:00
2022-11-02,55696.61,NSE Indices Ltd / Public Archive,2026-09-05T05:36:32.992306+00:00
2022-11-03,55773.16,NSE Indices Ltd / Public Archive,2026-09-05T05:36:32.992306+00:00
2022-11-04,54990.92,NSE Indices Ltd / Public Archive,2026-09-05T05:36:32.992306+00:00
2022-11-07,54851.12,NSE Indices Ltd / Public Archive,2026-09-05T05:36:32.992306+00:00
2022-11-08,54468.73,NSE Indices Ltd / Public Archive,2026-09-05T05:36:32.992306+00:00
2022-11-09,54672.53,NSE Indices Ltd / Public Archive,2026-09-05T05:36:32.992306+00:00
2022-11-10,55435.46,NSE Indices Ltd / Public Archive,2026-09-05T05:36:32.992306+00:00
2022-11-11,54426.44,NSE Indices Ltd / Public Archive,2026-09-05T05:36:32.992306+00:00
2022-11-14,54518.98,NSE Indices Ltd / Public Archive,2026-09-05T05:36:32.992306+00:00
2022-11-15,54461.66,NSE Indices Ltd / Public Archive,2026-09-05T05:36:32.992306+00:00
2022-11-16,54857.24,NSE Indices Ltd / Public Archive,2026-09-05T05:36:32.992306+00:00
2022-11-17,55004.36,NSE Indices Ltd / Public Archive,2026-09-05T05:36:32.992306+00:00
2022-11-18,54621.0,NSE Indices Ltd / Public Archive,2026-09-05T05:36:32.992306+00:00
2022-11-21,54476.77,NSE Indices Ltd / Public Archive,2026-09-05T05:36:32.992306+00:00
2022-11-22,54073.09,NSE Indices Ltd / Public Archive,2026-09-05T05:36:32.992306+00:00
2022-11-23,54684.66,NSE Indices Ltd / Public Archive,2026-09-05T05:36:32.992306+00:00
2022-11-24,54726.39,NSE Indices Ltd / Public Archive,2026-09-05T05:36:32.992306+00:00
2022-11-25,55796.94,NSE Indices Ltd / Public Archive,2026-09-05T05:36:32.992306+00:00
2022-11-28,55793.78,NSE Indices Ltd / Public Archive,2026-09-05T05:36:32.992306+00:00
2022-11-29,55429.22,NSE Indices Ltd / Public Archive,2026-09-05T05:36:32.992306+00:00
2022-11-30,54620.67,NSE Indices Ltd / Public Archive,2026-09-05T05:36:32.992306+00:00
2022-12-01,53665.82,NSE Indices Ltd / Public Archive,2026-09-05T05:36:32.992306+00:00
2022-12-02,52845.2,NSE Indices Ltd / Public Archive,2026-09-05T05:36:32.992306+00:00
2022-12-05,53015.43,NSE Indices Ltd / Public Archive,2026-09-05T05:36:32.992306+00:00
2022-12-06,53314.29,NSE Indices Ltd / Public Archive,2026-09-05T05:36:32.992306+00:00
2022-12-07,52500.61,NSE Indices Ltd / Public Archive,2026-09-05T05:36:32.992306+00:00
2022-12-08,52999.39,NSE Indices Ltd / Public Archive,2026-09-05T05:36:32.992306+00:00
2022-12-09,52772.52,NSE Indices Ltd / Public Archive,2026-09-05T05:36:32.992306+00:00
2022-12-12,52879.01,NSE Indices Ltd / Public Archive,2026-09-05T05:36:32.992306+00:00
2022-12-13,53760.62,NSE Indices Ltd / Public Archive,2026-09-05T05:36:32.992306+00:00
2022-12-14,54272.33,NSE Indices Ltd / Public Archive,2026-09-05T05:36:32.992306+00:00
2022-12-15,54156.44,NSE Indices Ltd / Public Archive,2026-09-05T05:36:32.992306+00:00
2022-12-16,53703.59,NSE Indices Ltd / Public Archive,2026-09-05T05:36:32.992306+00:00
2022-12-19,52577.53,NSE Indices Ltd / Public Archive,2026-09-05T05:36:32.992306+00:00
2022-12-20,52228.33,NSE Indices Ltd / Public Archive,2026-09-05T05:36:32.992306+00:00
2022-12-21,52146.79,NSE Indices Ltd / Public Archive,2026-09-05T05:36:32.992306+00:00
2022-12-22,51660.68,NSE Indices Ltd / Public Archive,2026-09-05T05:36:32.992306+00:00
2022-12-23,51621.29,NSE Indices Ltd / Public Archive,2026-09-05T05:36:32.992306+00:00
2022-12-26,51689.35,NSE Indices Ltd / Public Archive,2026-09-05T05:36:32.992306+00:00
2022-12-27,51601.56,NSE Indices Ltd / Public Archive,2026-09-05T05:36:32.992306+00:00
2022-12-28,51294.53,NSE Indices Ltd / Public Archive,2026-09-05T05:36:32.992306+00:00
2022-12-29,51409.25,NSE Indices Ltd / Public Archive,2026-09-05T05:36:32.992306+00:00
2022-12-30,51664.72,NSE Indices Ltd / Public Archive,2026-09-05T05:36:32.992306+00:00
2023-01-02,51129.79,NSE Indices Ltd / Public Archive,2026-09-05T05:36:32.992306+00:00
2023-01-03,51879.31,NSE Indices Ltd / Public Archive,2026-09-05T05:36:32.992306+00:00
2023-01-04,51856.7,NSE Indices Ltd / Public Archive,2026-09-05T05:36:32.992306+00:00
2023-01-05,51895.0,NSE Indices Ltd / Public Archive,2026-09-05T05:36:32.992306+00:00
2023-01-06,52291.07,NSE Indices Ltd / Public Archive,2026-09-05T05:36:32.992306+00:00
2023-01-09,52441.78,NSE Indices Ltd / Public Archive,2026-09-05T05:36:32.992306+00:00
2023-01-10,52970.46,NSE Indices Ltd / Public Archive,2026-09-05T05:36:32.992306+00:00
2023-01-11,53151.69,NSE Indices Ltd / Public Archive,2026-09-05T05:36:32.992306+00:00
2023-01-12,52855.4,NSE Indices Ltd / Public Archive,2026-09-05T05:36:32.992306+00:00
2023-01-13,53075.54,NSE Indices Ltd / Public Archive,2026-09-05T05:36:32.992306+00:00
2023-01-16,52497.7,NSE Indices Ltd / Public Archive,2026-09-05T05:36:32.992306+00:00
2023-01-17,52583.56,NSE Indices Ltd / Public Archive,2026-09-05T05:36:32.992306+00:00
2023-01-18,52595.01,NSE Indices Ltd / Public Archive,2026-09-05T05:36:32.992306+00:00
2023-01-19,52514.48,NSE Indices Ltd / Public Archive,2026-09-05T05:36:32.992306+00:00
2023-01-20,52475.86,NSE Indices Ltd / Public Archive,2026-09-05T05:36:32.992306+00:00
2023-01-23,51517.21,NSE Indices Ltd / Public Archive,2026-09-05T05:36:32.992306+00:00
2023-01-24,51262.85,NSE Indices Ltd / Public Archive,2026-09-05T05:36:32.992306+00:00
2023-01-25,51338.64,NSE Indices Ltd / Public Archive,2026-09-05T05:36:32.992306+00:00
2023-01-26,51448.95,NSE Indices Ltd / Public Archive,2026-09-05T05:36:32.992306+00:00
2023-01-27,50948.51,NSE Indices Ltd / Public Archive,2026-09-05T05:36:32.992306+00:00
2023-01-30,51621.4,NSE Indices Ltd / Public Archive,2026-09-05T05:36:32.992306+00:00
2023-01-31,51202.66,NSE Indices Ltd / Public Archive,2026-09-05T05:36:32.992306+00:00
2023-02-01,51727.21,NSE Indices Ltd / Public Archive,2026-09-05T05:36:32.992306+00:00
2023-02-02,51976.63,NSE Indices Ltd / Public Archive,2026-09-05T05:36:32.992306+00:00
2023-02-03,51669.33,NSE Indices Ltd / Public Archive,2026-09-05T05:36:32.992306+00:00
2023-02-06,52615.04,NSE Indices Ltd / Public Archive,2026-09-05T05:36:32.992306+00:00
2023-02-07,52015.95,NSE Indices Ltd / Public Archive,2026-09-05T05:36:32.992306+00:00
2023-02-08,52522.66,NSE Indices Ltd / Public Archive,2026-09-05T05:36:32.992306+00:00
2023-02-09,53077.08,NSE Indices Ltd / Public Archive,2026-09-05T05:36:32.992306+00:00
2023-02-10,52750.33,NSE Indices Ltd / Public Archive,2026-09-05T05:36:32.992306+00:00
2023-02-13,53513.87,NSE Indices Ltd / Public Archive,2026-09-05T05:36:32.992306+00:00
2023-02-14,53409.49,NSE Indices Ltd / Public Archive,2026-09-05T05:36:32.992306+00:00
2023-02-15,53593.06,NSE Indices Ltd / Public Archive,2026-09-05T05:36:32.992306+00:00
2023-02-16,53762.05,NSE Indices Ltd / Public Archive,2026-09-05T05:36:32.992306+00:00
2023-02-17,53719.41,NSE Indices Ltd / Public Archive,2026-09-05T05:36:32.992306+00:00
2023-02-20,54184.52,NSE Indices Ltd / Public Archive,2026-09-05T05:36:32.992306+00:00
2023-02-21,54644.27,NSE Indices Ltd / Public Archive,2026-09-05T05:36:32.992306+00:00
2023-02-22,53718.85,NSE Indices Ltd / Public Archive,2026-09-05T05:36:32.992306+00:00
2023-02-23,54449.07,NSE Indices Ltd / Public Archive,2026-09-05T05:36:32.992306+00:00
2023-02-24,53573.81,NSE Indices Ltd / Public Archive,2026-09-05T05:36:32.992306+00:00
2023-02-27,54156.45,NSE Indices Ltd / Public Archive,2026-09-05T05:36:32.992306+00:00
2023-02-28,54796.42,NSE Indices Ltd / Public Archive,2026-09-05T05:36:32.992306+00:00
2023-03-01,54228.74,NSE Indices Ltd / Public Archive,2026-09-05T05:36:32.992306+00:00
2023-03-02,54035.79,NSE Indices Ltd / Public Archive,2026-09-05T05:36:32.992306+00:00
2023-03-03,53468.03,NSE Indices Ltd / Public Archive,2026-09-05T05:36:32.992306+00:00
2023-03-06,53382.53,NSE Indices Ltd / Public Archive,2026-09-05T05:36:32.992306+00:00
2023-03-07,53247.45,NSE Indices Ltd / Public Archive,2026-09-05T05:36:32.992306+00:00
2023-03-08,53691.89,NSE Indices Ltd / Public Archive,2026-09-05T05:36:32.992306+00:00
2023-03-09,54424.95,NSE Indices Ltd / Public Archive,2026-09-05T05:36:32.992306+00:00
2023-03-10,55214.48,NSE Indices Ltd / Public Archive,2026-09-05T05:36:32.992306+00:00
2023-03-13,54934.45,NSE Indices Ltd / Public Archive,2026-09-05T05:36:32.992306+00:00
2023-03-14,54849.73,NSE Indices Ltd / Public Archive,2026-09-05T05:36:32.992306+00:00
2023-03-15,53956.54,NSE Indices Ltd / Public Archive,2026-09-05T05:36:32.992306+00:00
2023-03-16,53551.39,NSE Indices Ltd / Public Archive,2026-09-05T05:36:32.992306+00:00
2023-03-17,54097.54,NSE Indices Ltd / Public Archive,2026-09-05T05:36:32.992306+00:00
2023-03-20,55001.28,NSE Indices Ltd / Public Archive,2026-09-05T05:36:32.992306+00:00
2023-03-21,54352.62,NSE Indices Ltd / Public Archive,2026-09-05T05:36:32.992306+00:00
2023-03-22,54060.5,NSE Indices Ltd / Public Archive,2026-09-05T05:36:32.992306+00:00
2023-03-23,54075.96,NSE Indices Ltd / Public Archive,2026-09-05T05:36:32.992306+00:00
2023-03-24,54257.2,NSE Indices Ltd / Public Archive,2026-09-05T05:36:32.992306+00:00
2023-03-27,53847.77,NSE Indices Ltd / Public Archive,2026-09-05T05:36:32.992306+00:00
2023-03-28,54105.74,NSE Indices Ltd / Public Archive,2026-09-05T05:36:32.992306+00:00
2023-03-29,53879.12,NSE Indices Ltd / Public Archive,2026-09-05T05:36:32.992306+00:00
2023-03-30,53900.97,NSE Indices Ltd / Public Archive,2026-09-05T05:36:32.992306+00:00
2023-03-31,54225.06,NSE Indices Ltd / Public Archive,2026-09-05T05:36:32.992306+00:00
2023-04-03,54282.25,NSE Indices Ltd / Public Archive,2026-09-05T05:36:32.992306+00:00
2023-04-04,54135.18,NSE Indices Ltd / Public Archive,2026-09-05T05:36:32.992306+00:00
2023-04-05,54138.88,NSE Indices Ltd / Public Archive,2026-09-05T05:36:32.992306+00:00
2023-04-06,54152.36,NSE Indices Ltd / Public Archive,2026-09-05T05:36:32.992306+00:00
2023-04-07,54036.2,NSE Indices Ltd / Public Archive,2026-09-05T05:36:32.992306+00:00
2023-04-10,53971.36,NSE Indices Ltd / Public Archive,2026-09-05T05:36:32.992306+00:00
2023-04-11,54758.73,NSE Indices Ltd / Public Archive,2026-09-05T05:36:32.992306+00:00
2023-04-12,55074.56,NSE Indices Ltd / Public Archive,2026-09-05T05:36:32.992306+00:00
2023-04-13,54991.31,NSE Indices Ltd / Public Archive,2026-09-05T05:36:32.992306+00:00
2023-04-14,55372.08,NSE Indices Ltd / Public Archive,2026-09-05T05:36:32.992306+00:00
2023-04-17,55270.34,NSE Indices Ltd / Public Archive,2026-09-05T05:36:32.992306+00:00
2023-04-18,55876.74,NSE Indices Ltd / Public Archive,2026-09-05T05:36:32.992306+00:00
2023-04-19,56108.18,NSE Indices Ltd / Public Archive,2026-09-05T05:36:32.992306+00:00
2023-04-20,56113.11,NSE Indices Ltd / Public Archive,2026-09-05T05:36:32.992306+00:00
2023-04-21,56382.77,NSE Indices Ltd / Public Archive,2026-09-05T05:36:32.992306+00:00
2023-04-24,55686.3,NSE Indices Ltd / Public Archive,2026-09-05T05:36:32.992306+00:00
2023-04-25,55208.65,NSE Indices Ltd / Public Archive,2026-09-05T05:36:32.992306+00:00
2023-04-26,54703.58,NSE Indices Ltd / Public Archive,2026-09-05T05:36:32.992306+00:00
2023-04-27,54824.75,NSE Indices Ltd / Public Archive,2026-09-05T05:36:32.992306+00:00
2023-04-28,55686.95,NSE Indices Ltd / Public Archive,2026-09-05T05:36:32.992306+00:00
2023-05-01,56798.8,NSE Indices Ltd / Public Archive,2026-09-05T05:36:32.992306+00:00
2023-05-02,57163.64,NSE Indices Ltd / Public Archive,2026-09-05T05:36:32.992306+00:00
2023-05-03,57464.16,NSE Indices Ltd / Public Archive,2026-09-05T05:36:32.992306+00:00
2023-05-04,56641.9,NSE Indices Ltd / Public Archive,2026-09-05T05:36:32.992306+00:00
2023-05-05,56437.27,NSE Indices Ltd / Public Archive,2026-09-05T05:36:32.992306+00:00
2023-05-08,56115.8,NSE Indices Ltd / Public Archive,2026-09-05T05:36:32.992306+00:00
2023-05-09,55875.78,NSE Indices Ltd / Public Archive,2026-09-05T05:36:32.992306+00:00
2023-05-10,55851.79,NSE Indices Ltd / Public Archive,2026-09-05T05:36:32.992306+00:00
2023-05-11,55683.53,NSE Indices Ltd / Public Archive,2026-09-05T05:36:32.992306+00:00
2023-05-12,54802.39,NSE Indices Ltd / Public Archive,2026-09-05T05:36:32.992306+00:00
2023-05-15,55205.58,NSE Indices Ltd / Public Archive,2026-09-05T05:36:32.992306+00:00
2023-05-16,54757.41,NSE Indices Ltd / Public Archive,2026-09-05T05:36:32.992306+00:00
2023-05-17,54923.52,NSE Indices Ltd / Public Archive,2026-09-05T05:36:32.992306+00:00
2023-05-18,55946.73,NSE Indices Ltd / Public Archive,2026-09-05T05:36:32.992306+00:00
2023-05-19,55565.46,NSE Indices Ltd / Public Archive,2026-09-05T05:36:32.992306+00:00
2023-05-22,54425.96,NSE Indices Ltd / Public Archive,2026-09-05T05:36:32.992306+00:00
2023-05-23,54348.07,NSE Indices Ltd / Public Archive,2026-09-05T05:36:32.992306+00:00
2023-05-24,54911.02,NSE Indices Ltd / Public Archive,2026-09-05T05:36:32.992306+00:00
2023-05-25,55879.97,NSE Indices Ltd / Public Archive,2026-09-05T05:36:32.992306+00:00
2023-05-26,55351.84,NSE Indices Ltd / Public Archive,2026-09-05T05:36:32.992306+00:00
2023-05-29,55640.89,NSE Indices Ltd / Public Archive,2026-09-05T05:36:32.992306+00:00
2023-05-30,55476.46,NSE Indices Ltd / Public Archive,2026-09-05T05:36:32.992306+00:00
2023-05-31,55481.98,NSE Indices Ltd / Public Archive,2026-09-05T05:36:32.992306+00:00
2023-06-01,56784.52,NSE Indices Ltd / Public Archive,2026-09-05T05:36:32.992306+00:00
2023-06-02,56115.87,NSE Indices Ltd / Public Archive,2026-09-05T05:36:32.992306+00:00
2023-06-05,56293.02,NSE Indices Ltd / Public Archive,2026-09-05T05:36:32.992306+00:00
2023-06-06,56573.1,NSE Indices Ltd / Public Archive,2026-09-05T05:36:32.992306+00:00
2023-06-07,57151.79,NSE Indices Ltd / Public Archive,2026-09-05T05:36:32.992306+00:00
2023-06-08,57256.54,NSE Indices Ltd / Public Archive,2026-09-05T05:36:32.992306+00:00
2023-06-09,57463.72,NSE Indices Ltd / Public Archive,2026-09-05T05:36:32.992306+00:00
2023-06-12,57329.89,NSE Indices Ltd / Public Archive,2026-09-05T05:36:32.992306+00:00
2023-06-13,57518.37,NSE Indices Ltd / Public Archive,2026-09-05T05:36:32.992306+00:00
2023-06-14,57408.1,NSE Indices Ltd / Public Archive,2026-09-05T05:36:32.992306+00:00
2023-06-15,57768.81,NSE Indices Ltd / Public Archive,2026-09-05T05:36:32.992306+00:00
2023-06-16,57645.09,NSE Indices Ltd / Public Archive,2026-09-05T05:36:32.992306+00:00
2023-06-19,57887.51,NSE Indices Ltd / Public Archive,2026-09-05T05:36:32.992306+00:00
2023-06-20,57931.0,NSE Indices Ltd / Public Archive,2026-09-05T05:36:32.992306+00:00
2023-06-21,58543.41,NSE Indices Ltd / Public Archive,2026-09-05T05:36:32.992306+00:00
2023-06-22,58576.38,NSE Indices Ltd / Public Archive,2026-09-05T05:36:32.992306+00:00
2023-06-23,57752.16,NSE Indices Ltd / Public Archive,2026-09-05T05:36:32.992306+00:00
2023-06-26,58429.38,NSE Indices Ltd / Public Archive,2026-09-05T05:36:32.992306+00:00
2023-06-27,58037.98,NSE Indices Ltd / Public Archive,2026-09-05T05:36:32.992306+00:00
2023-06-28,57773.5,NSE Indices Ltd / Public Archive,2026-09-05T05:36:32.992306+00:00
2023-06-29,57538.76,NSE Indices Ltd / Public Archive,2026-09-05T05:36:32.992306+00:00
2023-06-30,58268.51,NSE Indices Ltd / Public Archive,2026-09-05T05:36:32.992306+00:00
2023-07-03,57269.02,NSE Indices Ltd / Public Archive,2026-09-05T05:36:32.992306+00:00
2023-07-04,58853.7,NSE Indices Ltd / Public Archive,2026-09-05T05:36:32.992306+00:00
2023-07-05,59440.85,NSE Indices Ltd / Public Archive,2026-09-05T05:36:32.992306+00:00
2023-07-06,59613.08,NSE Indices Ltd / Public Archive,2026-09-05T05:36:32.992306+00:00
2023-07-07,59644.88,NSE Indices Ltd / Public Archive,2026-09-05T05:36:32.992306+00:00
2023-07-10,59849.3,NSE Indices Ltd / Public Archive,2026-09-05T05:36:32.992306+00:00
2023-07-11,60174.25,NSE Indices Ltd / Public Archive,2026-09-05T05:36:32.992306+00:00
2023-07-12,60564.44,NSE Indices Ltd / Public Archive,2026-09-05T05:36:32.992306+00:00
2023-07-13,60911.03,NSE Indices Ltd / Public Archive,2026-09-05T05:36:32.992306+00:00
2023-07-14,61018.32,NSE Indices Ltd / Public Archive,2026-09-05T05:36:32.992306+00:00
2023-07-17,60976.99,NSE Indices Ltd / Public Archive,2026-09-05T05:36:32.992306+00:00
2023-07-18,60959.56,NSE Indices Ltd / Public Archive,2026-09-05T05:36:32.992306+00:00
2023-07-19,60919.53,NSE Indices Ltd / Public Archive,2026-09-05T05:36:32.992306+00:00
2023-07-20,61567.53,NSE Indices Ltd / Public Archive,2026-09-05T05:36:32.992306+00:00
2023-07-21,61939.72,NSE Indices Ltd / Public Archive,2026-09-05T05:36:32.992306+00:00
2023-07-24,60453.58,NSE Indices Ltd / Public Archive,2026-09-05T05:36:32.992306+00:00
2023-07-25,60851.07,NSE Indices Ltd / Public Archive,2026-09-05T05:36:32.992306+00:00
2023-07-26,61012.65,NSE Indices Ltd / Public Archive,2026-09-05T05:36:32.992306+00:00
2023-07-27,61063.96,NSE Indices Ltd / Public Archive,2026-09-05T05:36:32.992306+00:00
2023-07-28,60923.36,NSE Indices Ltd / Public Archive,2026-09-05T05:36:32.992306+00:00
2023-07-31,61566.41,NSE Indices Ltd / Public Archive,2026-09-05T05:36:32.992306+00:00
2023-08-01,62123.83,NSE Indices Ltd / Public Archive,2026-09-05T05:36:32.992306+00:00
2023-08-02,61777.83,NSE Indices Ltd / Public Archive,2026-09-05T05:36:32.992306+00:00
2023-08-03,62053.36,NSE Indices Ltd / Public Archive,2026-09-05T05:36:32.992306+00:00
2023-08-04,61602.91,NSE Indices Ltd / Public Archive,2026-09-05T05:36:32.992306+00:00
2023-08-07,60942.11,NSE Indices Ltd / Public Archive,2026-09-05T05:36:32.992306+00:00
2023-08-08,60678.41,NSE Indices Ltd / Public Archive,2026-09-05T05:36:32.992306+00:00
2023-08-09,61183.88,NSE Indices Ltd / Public Archive,2026-09-05T05:36:32.992306+00:00
2023-08-10,61740.75,NSE Indices Ltd / Public Archive,2026-09-05T05:36:32.992306+00:00
2023-08-11,62071.75,NSE Indices Ltd / Public Archive,2026-09-05T05:36:32.992306+00:00
2023-08-14,62516.39,NSE Indices Ltd / Public Archive,2026-09-05T05:36:32.992306+00:00
2023-08-15,62853.2,NSE Indices Ltd / Public Archive,2026-09-05T05:36:32.992306+00:00
2023-08-16,62573.34,NSE Indices Ltd / Public Archive,2026-09-05T05:36:32.992306+00:00
2023-08-17,62865.64,NSE Indices Ltd / Public Archive,2026-09-05T05:36:32.992306+00:00
2023-08-18,63356.21,NSE Indices Ltd / Public Archive,2026-09-05T05:36:32.992306+00:00
2023-08-21,63825.78,NSE Indices Ltd / Public Archive,2026-09-05T05:36:32.992306+00:00
2023-08-22,64534.61,NSE Indices Ltd / Public Archive,2026-09-05T05:36:32.992306+00:00
2023-08-23,64987.68,NSE Indices Ltd / Public Archive,2026-09-05T05:36:32.992306+00:00
2023-08-24,65246.81,NSE Indices Ltd / Public Archive,2026-09-05T05:36:32.992306+00:00
2023-08-25,65905.56,NSE Indices Ltd / Public Archive,2026-09-05T05:36:32.992306+00:00
2023-08-28,65956.6,NSE Indices Ltd / Public Archive,2026-09-05T05:36:32.992306+00:00
2023-08-29,65528.15,NSE Indices Ltd / Public Archive,2026-09-05T05:36:32.992306+00:00
2023-08-30,65502.86,NSE Indices Ltd / Public Archive,2026-09-05T05:36:32.992306+00:00
2023-08-31,65153.62,NSE Indices Ltd / Public Archive,2026-09-05T05:36:32.992306+00:00
2023-09-01,64844.85,NSE Indices Ltd / Public Archive,2026-09-05T05:36:32.992306+00:00
2023-09-04,64830.04,NSE Indices Ltd / Public Archive,2026-09-05T05:36:32.992306+00:00
2023-09-05,64458.2,NSE Indices Ltd / Public Archive,2026-09-05T05:36:32.992306+00:00
2023-09-06,64353.93,NSE Indices Ltd / Public Archive,2026-09-05T05:36:32.992306+00:00
2023-09-07,63382.46,NSE Indices Ltd / Public Archive,2026-09-05T05:36:32.992306+00:00
2023-09-08,63560.76,NSE Indices Ltd / Public Archive,2026-09-05T05:36:32.992306+00:00
2023-09-11,63624.97,NSE Indices Ltd / Public Archive,2026-09-05T05:36:32.992306+00:00
2023-09-12,63246.7,NSE Indices Ltd / Public Archive,2026-09-05T05:36:32.992306+00:00
2023-09-13,63664.36,NSE Indices Ltd / Public Archive,2026-09-05T05:36:32.992306+00:00
2023-09-14,64235.39,NSE Indices Ltd / Public Archive,2026-09-05T05:36:32.992306+00:00
2023-09-15,63421.89,NSE Indices Ltd / Public Archive,2026-09-05T05:36:32.992306+00:00
2023-09-18,63074.14,NSE Indices Ltd / Public Archive,2026-09-05T05:36:32.992306+00:00
2023-09-19,62724.85,NSE Indices Ltd / Public Archive,2026-09-05T05:36:32.992306+00:00
2023-09-20,62286.46,NSE Indices Ltd / Public Archive,2026-09-05T05:36:32.992306+00:00
2023-09-21,62787.9,NSE Indices Ltd / Public Archive,2026-09-05T05:36:32.992306+00:00
2023-09-22,62747.24,NSE Indices Ltd / Public Archive,2026-09-05T05:36:32.992306+00:00
2023-09-25,62668.91,NSE Indices Ltd / Public Archive,2026-09-05T05:36:32.992306+00:00
2023-09-26,61664.15,NSE Indices Ltd / Public Archive,2026-09-05T05:36:32.992306+00:00
2023-09-27,62058.86,NSE Indices Ltd / Public Archive,2026-09-05T05:36:32.992306+00:00
2023-09-28,61467.21,NSE Indices Ltd / Public Archive,2026-09-05T05:36:32.992306+00:00
2023-09-29,61559.99,NSE Indices Ltd / Public Archive,2026-09-05T05:36:32.992306+00:00
2023-10-02,61766.69,NSE Indices Ltd / Public Archive,2026-09-05T05:36:32.992306+00:00
2023-10-03,62542.83,NSE Indices Ltd / Public Archive,2026-09-05T05:36:32.992306+00:00
2023-10-04,61909.59,NSE Indices Ltd / Public Archive,2026-09-05T05:36:32.992306+00:00
2023-10-05,60382.53,NSE Indices Ltd / Public Archive,2026-09-05T05:36:32.992306+00:00
2023-10-06,60537.28,NSE Indices Ltd / Public Archive,2026-09-05T05:36:32.992306+00:00
2023-10-09,61524.3,NSE Indices Ltd / Public Archive,2026-09-05T05:36:32.992306+00:00
2023-10-10,62233.74,NSE Indices Ltd / Public Archive,2026-09-05T05:36:32.992306+00:00
2023-10-11,62406.88,NSE Indices Ltd / Public Archive,2026-09-05T05:36:32.992306+00:00
2023-10-12,62208.49,NSE Indices Ltd / Public Archive,2026-09-05T05:36:32.992306+00:00
2023-10-13,62697.48,NSE Indices Ltd / Public Archive,2026-09-05T05:36:32.992306+00:00
2023-10-16,62241.35,NSE Indices Ltd / Public Archive,2026-09-05T05:36:32.992306+00:00
2023-10-17,62555.61,NSE Indices Ltd / Public Archive,2026-09-05T05:36:32.992306+00:00
2023-10-18,62886.94,NSE Indices Ltd / Public Archive,2026-09-05T05:36:32.992306+00:00
2023-10-19,63516.55,NSE Indices Ltd / Public Archive,2026-09-05T05:36:32.992306+00:00
2023-10-20,65069.98,NSE Indices Ltd / Public Archive,2026-09-05T05:36:32.992306+00:00
2023-10-23,65352.09,NSE Indices Ltd / Public Archive,2026-09-05T05:36:32.992306+00:00
2023-10-24,65134.72,NSE Indices Ltd / Public Archive,2026-09-05T05:36:32.992306+00:00
2023-10-25,65185.69,NSE Indices Ltd / Public Archive,2026-09-05T05:36:32.992306+00:00
2023-10-26,64270.67,NSE Indices Ltd / Public Archive,2026-09-05T05:36:32.992306+00:00
2023-10-27,63955.42,NSE Indices Ltd / Public Archive,2026-09-05T05:36:32.992306+00:00
2023-10-30,63796.88,NSE Indices Ltd / Public Archive,2026-09-05T05:36:32.992306+00:00
2023-10-31,63576.48,NSE Indices Ltd / Public Archive,2026-09-05T05:36:32.992306+00:00
2023-11-01,63722.39,NSE Indices Ltd / Public Archive,2026-09-05T05:36:32.992306+00:00
2023-11-02,63340.65,NSE Indices Ltd / Public Archive,2026-09-05T05:36:32.992306+00:00
2023-11-03,64007.55,NSE Indices Ltd / Public Archive,2026-09-05T05:36:32.992306+00:00
2023-11-06,64071.67,NSE Indices Ltd / Public Archive,2026-09-05T05:36:32.992306+00:00
2023-11-07,64130.68,NSE Indices Ltd / Public Archive,2026-09-05T05:36:32.992306+00:00
2023-11-08,64016.07,NSE Indices Ltd / Public Archive,2026-09-05T05:36:32.992306+00:00
2023-11-09,64164.53,NSE Indices Ltd / Public Archive,2026-09-05T05:36:32.992306+00:00
2023-11-10,64678.7,NSE Indices Ltd / Public Archive,2026-09-05T05:36:32.992306+00:00
2023-11-13,64266.66,NSE Indices Ltd / Public Archive,2026-09-05T05:36:32.992306+00:00
2023-11-14,63971.42,NSE Indices Ltd / Public Archive,2026-09-05T05:36:32.992306+00:00
2023-11-15,63870.24,NSE Indices Ltd / Public Archive,2026-09-05T05:36:32.992306+00:00
2023-11-16,63203.44,NSE Indices Ltd / Public Archive,2026-09-05T05:36:32.992306+00:00
2023-11-17,62826.51,NSE Indices Ltd / Public Archive,2026-09-05T05:36:32.992306+00:00
2023-11-20,62635.03,NSE Indices Ltd / Public Archive,2026-09-05T05:36:32.992306+00:00
2023-11-21,63163.18,NSE Indices Ltd / Public Archive,2026-09-05T05:36:32.992306+00:00
2023-11-22,63367.31,NSE Indices Ltd / Public Archive,2026-09-05T05:36:32.992306+00:00
2023-11-23,63534.95,NSE Indices Ltd / Public Archive,2026-09-05T05:36:32.992306+00:00
2023-11-24,64058.01,NSE Indices Ltd / Public Archive,2026-09-05T05:36:32.992306+00:00
2023-11-27,64047.27,NSE Indices Ltd / Public Archive,2026-09-05T05:36:32.992306+00:00
2023-11-28,64323.89,NSE Indices Ltd / Public Archive,2026-09-05T05:36:32.992306+00:00
2023-11-29,64331.78,NSE Indices Ltd / Public Archive,2026-09-05T05:36:32.992306+00:00
2023-11-30,64541.21,NSE Indices Ltd / Public Archive,2026-09-05T05:36:32.992306+00:00
2023-12-01,64286.05,NSE Indices Ltd / Public Archive,2026-09-05T05:36:32.992306+00:00
2023-12-04,63017.69,NSE Indices Ltd / Public Archive,2026-09-05T05:36:32.992306+00:00
2023-12-05,63008.78,NSE Indices Ltd / Public Archive,2026-09-05T05:36:32.992306+00:00
2023-12-06,63833.78,NSE Indices Ltd / Public Archive,2026-09-05T05:36:32.992306+00:00
2023-12-07,64400.17,NSE Indices Ltd / Public Archive,2026-09-05T05:36:32.992306+00:00
2023-12-08,64993.03,NSE Indices Ltd / Public Archive,2026-09-05T05:36:32.992306+00:00
2023-12-11,65740.91,NSE Indices Ltd / Public Archive,2026-09-05T05:36:32.992306+00:00
2023-12-12,65856.19,NSE Indices Ltd / Public Archive,2026-09-05T05:36:32.992306+00:00
2023-12-13,66032.5,NSE Indices Ltd / Public Archive,2026-09-05T05:36:32.992306+00:00
2023-12-14,65751.86,NSE Indices Ltd / Public Archive,2026-09-05T05:36:32.992306+00:00
2023-12-15,65640.96,NSE Indices Ltd / Public Archive,2026-09-05T05:36:32.992306+00:00
2023-12-18,66050.17,NSE Indices Ltd / Public Archive,2026-09-05T05:36:32.992306+00:00
2023-12-19,66792.11,NSE Indices Ltd / Public Archive,2026-09-05T05:36:32.992306+00:00
2023-12-20,66779.74,NSE Indices Ltd / Public Archive,2026-09-05T05:36:32.992306+00:00
2023-12-21,66590.98,NSE Indices Ltd / Public Archive,2026-09-05T05:36:32.992306+00:00
2023-12-22,66657.87,NSE Indices Ltd / Public Archive,2026-09-05T05:36:32.992306+00:00
2023-12-25,67065.16,NSE Indices Ltd / Public Archive,2026-09-05T05:36:32.992306+00:00
2023-12-26,66309.15,NSE Indices Ltd / Public Archive,2026-09-05T05:36:32.992306+00:00
2023-12-27,65081.27,NSE Indices Ltd / Public Archive,2026-09-05T05:36:32.992306+00:00
2023-12-28,64841.8,NSE Indices Ltd / Public Archive,2026-09-05T05:36:32.992306+00:00
2023-12-29,64233.84,NSE Indices Ltd / Public Archive,2026-09-05T05:36:32.992306+00:00
2024-01-01,64020.64,NSE Indices Ltd / Public Archive,2026-09-05T05:36:32.992306+00:00
2024-01-02,64004.24,NSE Indices Ltd / Public Archive,2026-09-05T05:36:32.992306+00:00
2024-01-03,63821.66,NSE Indices Ltd / Public Archive,2026-09-05T05:36:32.992306+00:00
2024-01-04,64673.42,NSE Indices Ltd / Public Archive,2026-09-05T05:36:32.992306+00:00
2024-01-05,64917.71,NSE Indices Ltd / Public Archive,2026-09-05T05:36:32.992306+00:00
2024-01-08,65148.43,NSE Indices Ltd / Public Archive,2026-09-05T05:36:32.992306+00:00
2024-01-09,65558.14,NSE Indices Ltd / Public Archive,2026-09-05T05:36:32.992306+00:00
2024-01-10,64989.09,NSE Indices Ltd / Public Archive,2026-09-05T05:36:32.992306+00:00
2024-01-11,65628.09,NSE Indices Ltd / Public Archive,2026-09-05T05:36:32.992306+00:00
2024-01-12,65651.45,NSE Indices Ltd / Public Archive,2026-09-05T05:36:32.992306+00:00
2024-01-15,66091.26,NSE Indices Ltd / Public Archive,2026-09-05T05:36:32.992306+00:00
2024-01-16,65555.21,NSE Indices Ltd / Public Archive,2026-09-05T05:36:32.992306+00:00
2024-01-17,64754.98,NSE Indices Ltd / Public Archive,2026-09-05T05:36:32.992306+00:00
2024-01-18,65269.91,NSE Indices Ltd / Public Archive,2026-09-05T05:36:32.992306+00:00
2024-01-19,65544.01,NSE Indices Ltd / Public Archive,2026-09-05T05:36:32.992306+00:00
2024-01-22,65107.0,NSE Indices Ltd / Public Archive,2026-09-05T05:36:32.992306+00:00
2024-01-23,64690.83,NSE Indices Ltd / Public Archive,2026-09-05T05:36:32.992306+00:00
2024-01-24,65374.36,NSE Indices Ltd / Public Archive,2026-09-05T05:36:32.992306+00:00
2024-01-25,64778.8,NSE Indices Ltd / Public Archive,2026-09-05T05:36:32.992306+00:00
2024-01-26,65748.07,NSE Indices Ltd / Public Archive,2026-09-05T05:36:32.992306+00:00
2024-01-29,65310.5,NSE Indices Ltd / Public Archive,2026-09-05T05:36:32.992306+00:00
2024-01-30,65730.21,NSE Indices Ltd / Public Archive,2026-09-05T05:36:32.992306+00:00
2024-01-31,65612.34,NSE Indices Ltd / Public Archive,2026-09-05T05:36:32.992306+00:00
2024-02-01,66014.35,NSE Indices Ltd / Public Archive,2026-09-05T05:36:32.992306+00:00
2024-02-02,65775.05,NSE Indices Ltd / Public Archive,2026-09-05T05:36:32.992306+00:00
2024-02-05,65749.81,NSE Indices Ltd / Public Archive,2026-09-05T05:36:32.992306+00:00
2024-02-06,65838.43,NSE Indices Ltd / Public Archive,2026-09-05T05:36:32.992306+00:00
2024-02-07,65343.41,NSE Indices Ltd / Public Archive,2026-09-05T05:36:32.992306+00:00
2024-02-08,65820.23,NSE Indices Ltd / Public Archive,2026-09-05T05:36:32.992306+00:00
2024-02-09,65598.92,NSE Indices Ltd / Public Archive,2026-09-05T05:36:32.992306+00:00
2024-02-12,65537.05,NSE Indices Ltd / Public Archive,2026-09-05T05:36:32.992306+00:00
2024-02-13,65048.67,NSE Indices Ltd / Public Archive,2026-09-05T05:36:32.992306+00:00
2024-02-14,63696.97,NSE Indices Ltd / Public Archive,2026-09-05T05:36:32.992306+00:00
2024-02-15,63657.24,NSE Indices Ltd / Public Archive,2026-09-05T05:36:32.992306+00:00
2024-02-16,65026.33,NSE Indices Ltd / Public Archive,2026-09-05T05:36:32.992306+00:00
2024-02-19,65525.03,NSE Indices Ltd / Public Archive,2026-09-05T05:36:32.992306+00:00
2024-02-20,65579.82,NSE Indices Ltd / Public Archive,2026-09-05T05:36:32.992306+00:00
2024-02-21,65498.86,NSE Indices Ltd / Public Archive,2026-09-05T05:36:32.992306+00:00
2024-02-22,65576.87,NSE Indices Ltd / Public Archive,2026-09-05T05:36:32.992306+00:00
2024-02-23,65947.41,NSE Indices Ltd / Public Archive,2026-09-05T05:36:32.992306+00:00
2024-02-26,65351.45,NSE Indices Ltd / Public Archive,2026-09-05T05:36:32.992306+00:00
2024-02-27,66035.79,NSE Indices Ltd / Public Archive,2026-09-05T05:36:32.992306+00:00
2024-02-28,66503.38,NSE Indices Ltd / Public Archive,2026-09-05T05:36:32.992306+00:00
2024-02-29,66975.85,NSE Indices Ltd / Public Archive,2026-09-05T05:36:32.992306+00:00
2024-03-01,67292.45,NSE Indices Ltd / Public Archive,2026-09-05T05:36:32.992306+00:00
2024-03-04,67370.96,NSE Indices Ltd / Public Archive,2026-09-05T05:36:32.992306+00:00
2024-03-05,67823.65,NSE Indices Ltd / Public Archive,2026-09-05T05:36:32.992306+00:00
2024-03-06,68232.66,NSE Indices Ltd / Public Archive,2026-09-05T05:36:32.992306+00:00
2024-03-07,68095.55,NSE Indices Ltd / Public Archive,2026-09-05T05:36:32.992306+00:00
2024-03-08,67831.64,NSE Indices Ltd / Public Archive,2026-09-05T05:36:32.992306+00:00
2024-03-11,67958.2,NSE Indices Ltd / Public Archive,2026-09-05T05:36:32.992306+00:00
2024-03-12,68920.94,NSE Indices Ltd / Public Archive,2026-09-05T05:36:32.992306+00:00
2024-03-13,68263.96,NSE Indices Ltd / Public Archive,2026-09-05T05:36:32.992306+00:00
2024-03-14,67480.7,NSE Indices Ltd / Public Archive,2026-09-05T05:36:32.992306+00:00
2024-03-15,67642.69,NSE Indices Ltd / Public Archive,2026-09-05T05:36:32.992306+00:00
2024-03-18,67739.59,NSE Indices Ltd / Public Archive,2026-09-05T05:36:32.992306+00:00
2024-03-19,67907.13,NSE Indices Ltd / Public Archive,2026-09-05T05:36:32.992306+00:00
2024-03-20,68115.85,NSE Indices Ltd / Public Archive,2026-09-05T05:36:32.992306+00:00
2024-03-21,68054.74,NSE Indices Ltd / Public Archive,2026-09-05T05:36:32.992306+00:00
2024-03-22,68984.63,NSE Indices Ltd / Public Archive,2026-09-05T05:36:32.992306+00:00
2024-03-25,68114.89,NSE Indices Ltd / Public Archive,2026-09-05T05:36:32.992306+00:00
2024-03-26,67703.33,NSE Indices Ltd / Public Archive,2026-09-05T05:36:32.992306+00:00
2024-03-27,67711.61,NSE Indices Ltd / Public Archive,2026-09-05T05:36:32.992306+00:00
2024-03-28,66833.59,NSE Indices Ltd / Public Archive,2026-09-05T05:36:32.992306+00:00
2024-03-29,66800.52,NSE Indices Ltd / Public Archive,2026-09-05T05:36:32.992306+00:00
2024-04-01,67810.71,NSE Indices Ltd / Public Archive,2026-09-05T05:36:32.992306+00:00
2024-04-02,67890.56,NSE Indices Ltd / Public Archive,2026-09-05T05:36:32.992306+00:00
2024-04-03,68091.58,NSE Indices Ltd / Public Archive,2026-09-05T05:36:32.992306+00:00
2024-04-04,67430.32,NSE Indices Ltd / Public Archive,2026-09-05T05:36:32.992306+00:00
2024-04-05,67144.47,NSE Indices Ltd / Public Archive,2026-09-05T05:36:32.992306+00:00
2024-04-08,66997.48,NSE Indices Ltd / Public Archive,2026-09-05T05:36:32.992306+00:00
2024-04-09,66883.55,NSE Indices Ltd / Public Archive,2026-09-05T05:36:32.992306+00:00
2024-04-10,67679.06,NSE Indices Ltd / Public Archive,2026-09-05T05:36:32.992306+00:00
2024-04-11,68067.56,NSE Indices Ltd / Public Archive,2026-09-05T05:36:32.992306+00:00
2024-04-12,67492.57,NSE Indices Ltd / Public Archive,2026-09-05T05:36:32.992306+00:00
2024-04-15,67701.48,NSE Indices Ltd / Public Archive,2026-09-05T05:36:32.992306+00:00
2024-04-16,68055.89,NSE Indices Ltd / Public Archive,2026-09-05T05:36:32.992306+00:00
2024-04-17,68783.49,NSE Indices Ltd / Public Archive,2026-09-05T05:36:32.992306+00:00
2024-04-18,69776.35,NSE Indices Ltd / Public Archive,2026-09-05T05:36:32.992306+00:00
2024-04-19,69244.08,NSE Indices Ltd / Public Archive,2026-09-05T05:36:32.992306+00:00
2024-04-22,68836.07,NSE Indices Ltd / Public Archive,2026-09-05T05:36:32.992306+00:00
2024-04-23,68169.09,NSE Indices Ltd / Public Archive,2026-09-05T05:36:32.992306+00:00
2024-04-24,68101.66,NSE Indices Ltd / Public Archive,2026-09-05T05:36:32.992306+00:00
2024-04-25,68439.72,NSE Indices Ltd / Public Archive,2026-09-05T05:36:32.992306+00:00
2024-04-26,69082.53,NSE Indices Ltd / Public Archive,2026-09-05T05:36:32.992306+00:00
2024-04-29,69107.01,NSE Indices Ltd / Public Archive,2026-09-05T05:36:32.992306+00:00
2024-04-30,68988.24,NSE Indices Ltd / Public Archive,2026-09-05T05:36:32.992306+00:00
2024-05-01,69146.22,NSE Indices Ltd / Public Archive,2026-09-05T05:36:32.992306+00:00
2024-05-02,68724.51,NSE Indices Ltd / Public Archive,2026-09-05T05:36:32.992306+00:00
2024-05-03,70013.86,NSE Indices Ltd / Public Archive,2026-09-05T05:36:32.992306+00:00
2024-05-06,69127.13,NSE Indices Ltd / Public Archive,2026-09-05T05:36:32.992306+00:00
2024-05-07,69304.8,NSE Indices Ltd / Public Archive,2026-09-05T05:36:32.992306+00:00
2024-05-08,70566.2,NSE Indices Ltd / Public Archive,2026-09-05T05:36:32.992306+00:00
2024-05-09,70640.84,NSE Indices Ltd / Public Archive,2026-09-05T05:36:32.992306+00:00
2024-05-10,70597.37,NSE Indices Ltd / Public Archive,2026-09-05T05:36:32.992306+00:00
2024-05-13,70453.48,NSE Indices Ltd / Public Archive,2026-09-05T05:36:32.992306+00:00
2024-05-14,70415.9,NSE Indices Ltd / Public Archive,2026-09-05T05:36:32.992306+00:00
2024-05-15,71308.02,NSE Indices Ltd / Public Archive,2026-09-05T05:36:32.992306+00:00
2024-05-16,70038.67,NSE Indices Ltd / Public Archive,2026-09-05T05:36:32.992306+00:00
2024-05-17,71021.61,NSE Indices Ltd / Public Archive,2026-09-05T05:36:32.992306+00:00
2024-05-20,70233.01,NSE Indices Ltd / Public Archive,2026-09-05T05:36:32.992306+00:00
2024-05-21,70144.06,NSE Indices Ltd / Public Archive,2026-09-05T05:36:32.992306+00:00
2024-05-22,69958.28,NSE Indices Ltd / Public Archive,2026-09-05T05:36:32.992306+00:00
2024-05-23,70378.21,NSE Indices Ltd / Public Archive,2026-09-05T05:36:32.992306+00:00
2024-05-24,69492.57,NSE Indices Ltd / Public Archive,2026-09-05T05:36:32.992306+00:00
2024-05-27,69835.06,NSE Indices Ltd / Public Archive,2026-09-05T05:36:32.992306+00:00
2024-05-28,71106.52,NSE Indices Ltd / Public Archive,2026-09-05T05:36:32.992306+00:00
2024-05-29,70353.72,NSE Indices Ltd / Public Archive,2026-09-05T05:36:32.992306+00:00
2024-05-30,70537.52,NSE Indices Ltd / Public Archive,2026-09-05T05:36:32.992306+00:00
2024-05-31,70211.15,NSE Indices Ltd / Public Archive,2026-09-05T05:36:32.992306+00:00
2024-06-03,70535.53,NSE Indices Ltd / Public Archive,2026-09-05T05:36:32.992306+00:00
2024-06-04,70617.55,NSE Indices Ltd / Public Archive,2026-09-05T05:36:32.992306+00:00
2024-06-05,70303.11,NSE Indices Ltd / Public Archive,2026-09-05T05:36:32.992306+00:00
2024-06-06,70664.96,NSE Indices Ltd / Public Archive,2026-09-05T05:36:32.992306+00:00
2024-06-07,71819.41,NSE Indices Ltd / Public Archive,2026-09-05T05:36:32.992306+00:00
2024-06-10,71774.69,NSE Indices Ltd / Public Archive,2026-09-05T05:36:32.992306+00:00
2024-06-11,72285.58,NSE Indices Ltd / Public Archive,2026-09-05T05:36:32.992306+00:00
2024-06-12,71563.24,NSE Indices Ltd / Public Archive,2026-09-05T05:36:32.992306+00:00
2024-06-13,71053.01,NSE Indices Ltd / Public Archive,2026-09-05T05:36:32.992306+00:00
2024-06-14,71409.38,NSE Indices Ltd / Public Archive,2026-09-05T05:36:32.992306+00:00
2024-06-17,72381.61,NSE Indices Ltd / Public Archive,2026-09-05T05:36:32.992306+00:00
2024-06-18,72672.79,NSE Indices Ltd / Public Archive,2026-09-05T05:36:32.992306+00:00
2024-06-19,72552.08,NSE Indices Ltd / Public Archive,2026-09-05T05:36:32.992306+00:00
2024-06-20,72624.19,NSE Indices Ltd / Public Archive,2026-09-05T05:36:32.992306+00:00
2024-06-21,71924.93,NSE Indices Ltd / Public Archive,2026-09-05T05:36:32.992306+00:00
2024-06-24,72366.43,NSE Indices Ltd / Public Archive,2026-09-05T05:36:32.992306+00:00
2024-06-25,72981.54,NSE Indices Ltd / Public Archive,2026-09-05T05:36:32.992306+00:00
2024-06-26,72774.07,NSE Indices Ltd / Public Archive,2026-09-05T05:36:32.992306+00:00
2024-06-27,72556.08,NSE Indices Ltd / Public Archive,2026-09-05T05:36:32.992306+00:00
2024-06-28,72792.61,NSE Indices Ltd / Public Archive,2026-09-05T05:36:32.992306+00:00
2024-07-01,72595.19,NSE Indices Ltd / Public Archive,2026-09-05T05:36:32.992306+00:00
2024-07-02,72626.98,NSE Indices Ltd / Public Archive,2026-09-05T05:36:32.992306+00:00
2024-07-03,73995.83,NSE Indices Ltd / Public Archive,2026-09-05T05:36:32.992306+00:00
2024-07-04,73914.45,NSE Indices Ltd / Public Archive,2026-09-05T05:36:32.992306+00:00
2024-07-05,73763.23,NSE Indices Ltd / Public Archive,2026-09-05T05:36:32.992306+00:00
2024-07-08,73430.99,NSE Indices Ltd / Public Archive,2026-09-05T05:36:32.992306+00:00
2024-07-09,73968.92,NSE Indices Ltd / Public Archive,2026-09-05T05:36:32.992306+00:00
2024-07-10,73928.95,NSE Indices Ltd / Public Archive,2026-09-05T05:36:32.992306+00:00
2024-07-11,73594.81,NSE Indices Ltd / Public Archive,2026-09-05T05:36:32.992306+00:00
2024-07-12,74494.96,NSE Indices Ltd / Public Archive,2026-09-05T05:36:32.992306+00:00
2024-07-15,75468.36,NSE Indices Ltd / Public Archive,2026-09-05T05:36:32.992306+00:00
2024-07-16,75158.66,NSE Indices Ltd / Public Archive,2026-09-05T05:36:32.992306+00:00
2024-07-17,74041.39,NSE Indices Ltd / Public Archive,2026-09-05T05:36:32.992306+00:00
2024-07-18,74749.51,NSE Indices Ltd / Public Archive,2026-09-05T05:36:32.992306+00:00
2024-07-19,74389.26,NSE Indices Ltd / Public Archive,2026-09-05T05:36:32.992306+00:00
2024-07-22,74963.57,NSE Indices Ltd / Public Archive,2026-09-05T05:36:32.992306+00:00
2024-07-23,73783.2,NSE Indices Ltd / Public Archive,2026-09-05T05:36:32.992306+00:00
2024-07-24,74416.79,NSE Indices Ltd / Public Archive,2026-09-05T05:36:32.992306+00:00
2024-07-25,73725.09,NSE Indices Ltd / Public Archive,2026-09-05T05:36:32.992306+00:00
2024-07-26,74256.75,NSE Indices Ltd / Public Archive,2026-09-05T05:36:32.992306+00:00
2024-07-29,74340.02,NSE Indices Ltd / Public Archive,2026-09-05T05:36:32.992306+00:00
2024-07-30,73811.57,NSE Indices Ltd / Public Archive,2026-09-05T05:36:32.992306+00:00
2024-07-31,73630.01,NSE Indices Ltd / Public Archive,2026-09-05T05:36:32.992306+00:00
2024-08-01,74133.18,NSE Indices Ltd / Public Archive,2026-09-05T05:36:32.992306+00:00
2024-08-02,74274.04,NSE Indices Ltd / Public Archive,2026-09-05T05:36:32.992306+00:00
2024-08-05,74717.27,NSE Indices Ltd / Public Archive,2026-09-05T05:36:32.992306+00:00
2024-08-06,76047.22,NSE Indices Ltd / Public Archive,2026-09-05T05:36:32.992306+00:00
2024-08-07,75112.14,NSE Indices Ltd / Public Archive,2026-09-05T05:36:32.992306+00:00
2024-08-08,76219.76,NSE Indices Ltd / Public Archive,2026-09-05T05:36:32.992306+00:00
2024-08-09,76363.59,NSE Indices Ltd / Public Archive,2026-09-05T05:36:32.992306+00:00
2024-08-12,75856.56,NSE Indices Ltd / Public Archive,2026-09-05T05:36:32.992306+00:00
2024-08-13,75074.66,NSE Indices Ltd / Public Archive,2026-09-05T05:36:32.992306+00:00
2024-08-14,75029.05,NSE Indices Ltd / Public Archive,2026-09-05T05:36:32.992306+00:00
2024-08-15,75691.86,NSE Indices Ltd / Public Archive,2026-09-05T05:36:32.992306+00:00
2024-08-16,75685.49,NSE Indices Ltd / Public Archive,2026-09-05T05:36:32.992306+00:00
2024-08-19,76733.34,NSE Indices Ltd / Public Archive,2026-09-05T05:36:32.992306+00:00
2024-08-20,75863.57,NSE Indices Ltd / Public Archive,2026-09-05T05:36:32.992306+00:00
2024-08-21,75931.64,NSE Indices Ltd / Public Archive,2026-09-05T05:36:32.992306+00:00
2024-08-22,75199.25,NSE Indices Ltd / Public Archive,2026-09-05T05:36:32.992306+00:00
2024-08-23,75506.88,NSE Indices Ltd / Public Archive,2026-09-05T05:36:32.992306+00:00
2024-08-26,76151.6,NSE Indices Ltd / Public Archive,2026-09-05T05:36:32.992306+00:00
2024-08-27,75955.4,NSE Indices Ltd / Public Archive,2026-09-05T05:36:32.992306+00:00
2024-08-28,74350.02,NSE Indices Ltd / Public Archive,2026-09-05T05:36:32.992306+00:00
2024-08-29,74550.1,NSE Indices Ltd / Public Archive,2026-09-05T05:36:32.992306+00:00
2024-08-30,74901.4,NSE Indices Ltd / Public Archive,2026-09-05T05:36:32.992306+00:00
