date,nav,source,retrieval_date
2016-01-01,28.6316,portal.amfiindia.com / AMFI Historical NAV,2026-09-05T05:36:33.013846+00:00
2016-01-04,28.2227,portal.amfiindia.com / AMFI Historical NAV,2026-09-05T05:36:33.013846+00:00
2016-01-05,28.8097,portal.amfiindia.com / AMFI Historical NAV,2026-09-05T05:36:33.013846+00:00
2016-01-06,29.3896,portal.amfiindia.com / AMFI Historical NAV,2026-09-05T05:36:33.013846+00:00
2016-01-07,29.2747,portal.amfiindia.com / AMFI Historical NAV,2026-09-05T05:36:33.013846+00:00
2016-01-08,29.4475,portal.amfiindia.com / AMFI Historical NAV,2026-09-05T05:36:33.013846+00:00
2016-01-11,30.1897,portal.amfiindia.com / AMFI Historical NAV,2026-09-05T05:36:33.013846+00:00
2016-01-12,30.2107,portal.amfiindia.com / AMFI Historical NAV,2026-09-05T05:36:33.013846+00:00
2016-01-13,30.0334,portal.amfiindia.com / AMFI Historical NAV,2026-09-05T05:36:33.013846+00:00
2016-01-14,30.181,portal.amfiindia.com / AMFI Historical NAV,2026-09-05T05:36:33.013846+00:00
2016-01-15,29.5517,portal.amfiindia.com / AMFI Historical NAV,2026-09-05T05:36:33.013846+00:00
2016-01-18,29.215,portal.amfiindia.com / AMFI Historical NAV,2026-09-05T05:36:33.013846+00:00
2016-01-19,29.2842,portal.amfiindia.com / AMFI Historical NAV,2026-09-05T05:36:33.013846+00:00
2016-01-20,28.5512,portal.amfiindia.com / AMFI Historical NAV,2026-09-05T05:36:33.013846+00:00
2016-01-21,27.5551,portal.amfiindia.com / AMFI Historical NAV,2026-09-05T05:36:33.013846+00:00
2016-01-22,27.6634,portal.amfiindia.com / AMFI Historical NAV,2026-09-05T05:36:33.013846+00:00
2016-01-25,27.2979,portal.amfiindia.com / AMFI Historical NAV,2026-09-05T05:36:33.013846+00:00
2016-01-26,27.4425,portal.amfiindia.com / AMFI Historical NAV,2026-09-05T05:36:33.013846+00:00
2016-01-27,27.2416,portal.amfiindia.com / AMFI Historical NAV,2026-09-05T05:36:33.013846+00:00
2016-01-28,26.572,portal.amfiindia.com / AMFI Historical NAV,2026-09-05T05:36:33.013846+00:00
2016-01-29,27.2107,portal.amfiindia.com / AMFI Historical NAV,2026-09-05T05:36:33.013846+00:00
2016-02-01,27.0647,portal.amfiindia.com / AMFI Historical NAV,2026-09-05T05:36:33.013846+00:00
2016-02-02,26.8938,portal.amfiindia.com / AMFI Historical NAV,2026-09-05T05:36:33.013846+00:00
2016-02-03,26.558,portal.amfiindia.com / AMFI Historical NAV,2026-09-05T05:36:33.013846+00:00
2016-02-04,26.7498,portal.amfiindia.com / AMFI Historical NAV,2026-09-05T05:36:33.013846+00:00
2016-02-05,26.9863,portal.amfiindia.com / AMFI Historical NAV,2026-09-05T05:36:33.013846+00:00
2016-02-08,26.8303,portal.amfiindia.com / AMFI Historical NAV,2026-09-05T05:36:33.013846+00:00
2016-02-09,26.8591,portal.amfiindia.com / AMFI Historical NAV,2026-09-05T05:36:33.013846+00:00
2016-02-10,26.2867,portal.amfiindia.com / AMFI Historical NAV,2026-09-05T05:36:33.013846+00:00
2016-02-11,26.5625,portal.amfiindia.com / AMFI Historical NAV,2026-09-05T05:36:33.013846+00:00
2016-02-12,26.8692,portal.amfiindia.com / AMFI Historical NAV,2026-09-05T05:36:33.013846+00:00
2016-02-15,27.9128,portal.amfiindia.com / AMFI Historical NAV,2026-09-05T05:36:33.013846+00:00
2016-02-16,27.8479,portal.amfiindia.com / AMFI Historical NAV,2026-09-05T05:36:33.013846+00:00
2016-02-17,27.2,portal.amfiindia.com / AMFI Historical NAV,2026-09-05T05:36:33.013846+00:00
2016-02-18,27.2538,portal.amfiindia.com / AMFI Historical NAV,2026-09-05T05:36:33.013846+00:00
2016-02-19,26.4321,portal.amfiindia.com / AMFI Historical NAV,2026-09-05T05:36:33.013846+00:00
2016-02-22,26.5014,portal.amfiindia.com / AMFI Historical NAV,2026-09-05T05:36:33.013846+00:00
2016-02-23,26.2325,portal.amfiindia.com / AMFI Historical NAV,2026-09-05T05:36:33.013846+00:00
2016-02-24,25.769,portal.amfiindia.com / AMFI Historical NAV,2026-09-05T05:36:33.013846+00:00
2016-02-25,25.9276,portal.amfiindia.com / AMFI Historical NAV,2026-09-05T05:36:33.013846+00:00
2016-02-26,26.5202,portal.amfiindia.com / AMFI Historical NAV,2026-09-05T05:36:33.013846+00:00
2016-02-29,26.5061,portal.amfiindia.com / AMFI Historical NAV,2026-09-05T05:36:33.013846+00:00
2016-03-01,26.975,portal.amfiindia.com / AMFI Historical NAV,2026-09-05T05:36:33.013846+00:00
2016-03-02,27.3766,portal.amfiindia.com / AMFI Historical NAV,2026-09-05T05:36:33.013846+00:00
2016-03-03,26.8421,portal.amfiindia.com / AMFI Historical NAV,2026-09-05T05:36:33.013846+00:00
2016-03-04,26.4749,portal.amfiindia.com / AMFI Historical NAV,2026-09-05T05:36:33.013846+00:00
2016-03-07,26.5056,portal.amfiindia.com / AMFI Historical NAV,2026-09-05T05:36:33.013846+00:00
2016-03-08,26.8102,portal.amfiindia.com / AMFI Historical NAV,2026-09-05T05:36:33.013846+00:00
2016-03-09,26.6743,portal.amfiindia.com / AMFI Historical NAV,2026-09-05T05:36:33.013846+00:00
2016-03-10,26.3939,portal.amfiindia.com / AMFI Historical NAV,2026-09-05T05:36:33.013846+00:00
2016-03-11,26.8171,portal.amfiindia.com / AMFI Historical NAV,2026-09-05T05:36:33.013846+00:00
2016-03-14,26.7439,portal.amfiindia.com / AMFI Historical NAV,2026-09-05T05:36:33.013846+00:00
2016-03-15,26.228,portal.amfiindia.com / AMFI Historical NAV,2026-09-05T05:36:33.013846+00:00
2016-03-16,26.1693,portal.amfiindia.com / AMFI Historical NAV,2026-09-05T05:36:33.013846+00:00
2016-03-17,26.5682,portal.amfiindia.com / AMFI Historical NAV,2026-09-05T05:36:33.013846+00:00
2016-03-18,26.7935,portal.amfiindia.com / AMFI Historical NAV,2026-09-05T05:36:33.013846+00:00
2016-03-21,26.4424,portal.amfiindia.com / AMFI Historical NAV,2026-09-05T05:36:33.013846+00:00
2016-03-22,26.6025,portal.amfiindia.com / AMFI Historical NAV,2026-09-05T05:36:33.013846+00:00
2016-03-23,26.9158,portal.amfiindia.com / AMFI Historical NAV,2026-09-05T05:36:33.013846+00:00
2016-03-24,27.6146,portal.amfiindia.com / AMFI Historical NAV,2026-09-05T05:36:33.013846+00:00
2016-03-25,27.2205,portal.amfiindia.com / AMFI Historical NAV,2026-09-05T05:36:33.013846+00:00
2016-03-28,27.0946,portal.amfiindia.com / AMFI Historical NAV,2026-09-05T05:36:33.013846+00:00
2016-03-29,26.9137,portal.amfiindia.com / AMFI Historical NAV,2026-09-05T05:36:33.013846+00:00
2016-03-30,26.6272,portal.amfiindia.com / AMFI Historical NAV,2026-09-05T05:36:33.013846+00:00
2016-03-31,27.299,portal.amfiindia.com / AMFI Historical NAV,2026-09-05T05:36:33.013846+00:00
2016-04-01,27.9075,portal.amfiindia.com / AMFI Historical NAV,2026-09-05T05:36:33.013846+00:00
2016-04-04,28.37,portal.amfiindia.com / AMFI Historical NAV,2026-09-05T05:36:33.013846+00:00
2016-04-05,28.9028,portal.amfiindia.com / AMFI Historical NAV,2026-09-05T05:36:33.013846+00:00
2016-04-06,29.3403,portal.amfiindia.com / AMFI Historical NAV,2026-09-05T05:36:33.013846+00:00
2016-04-07,29.0345,portal.amfiindia.com / AMFI Historical NAV,2026-09-05T05:36:33.013846+00:00
2016-04-08,29.2,portal.amfiindia.com / AMFI Historical NAV,2026-09-05T05:36:33.013846+00:00
2016-04-11,30.0488,portal.amfiindia.com / AMFI Historical NAV,2026-09-05T05:36:33.013846+00:00
2016-04-12,30.4973,portal.amfiindia.com / AMFI Historical NAV,2026-09-05T05:36:33.013846+00:00
2016-04-13,31.3445,portal.amfiindia.com / AMFI Historical NAV,2026-09-05T05:36:33.013846+00:00
2016-04-14,30.281,portal.amfiindia.com / AMFI Historical NAV,2026-09-05T05:36:33.013846+00:00
2016-04-15,31.0064,portal.amfiindia.com / AMFI Historical NAV,2026-09-05T05:36:33.013846+00:00
2016-04-18,30.4569,portal.amfiindia.com / AMFI Historical NAV,2026-09-05T05:36:33.013846+00:00
2016-04-19,29.9753,portal.amfiindia.com / AMFI Historical NAV,2026-09-05T05:36:33.013846+00:00
2016-04-20,30.2212,portal.amfiindia.com / AMFI Historical NAV,2026-09-05T05:36:33.013846+00:00
2016-04-21,29.4706,portal.amfiindia.com / AMFI Historical NAV,2026-09-05T05:36:33.013846+00:00
2016-04-22,29.5728,portal.amfiindia.com / AMFI Historical NAV,2026-09-05T05:36:33.013846+00:00
2016-04-25,29.7531,portal.amfiindia.com / AMFI Historical NAV,2026-09-05T05:36:33.013846+00:00
2016-04-26,30.5037,portal.amfiindia.com / AMFI Historical NAV,2026-09-05T05:36:33.013846+00:00
2016-04-27,30.1013,portal.amfiindia.com / AMFI Historical NAV,2026-09-05T05:36:33.013846+00:00
2016-04-28,29.9658,portal.amfiindia.com / AMFI Historical NAV,2026-09-05T05:36:33.013846+00:00
2016-04-29,30.0647,portal.amfiindia.com / AMFI Historical NAV,2026-09-05T05:36:33.013846+00:00
2016-05-02,30.7791,portal.amfiindia.com / AMFI Historical NAV,2026-09-05T05:36:33.013846+00:00
2016-05-03,31.4953,portal.amfiindia.com / AMFI Historical NAV,2026-09-05T05:36:33.013846+00:00
2016-05-04,31.3752,portal.amfiindia.com / AMFI Historical NAV,2026-09-05T05:36:33.013846+00:00
2016-05-05,31.6893,portal.amfiindia.com / AMFI Historical NAV,2026-09-05T05:36:33.013846+00:00
2016-05-06,31.3226,portal.amfiindia.com / AMFI Historical NAV,2026-09-05T05:36:33.013846+00:00
2016-05-09,31.5947,portal.amfiindia.com / AMFI Historical NAV,2026-09-05T05:36:33.013846+00:00
2016-05-10,31.2791,portal.amfiindia.com / AMFI Historical NAV,2026-09-05T05:36:33.013846+00:00
2016-05-11,31.4689,portal.amfiindia.com / AMFI Historical NAV,2026-09-05T05:36:33.013846+00:00
2016-05-12,31.1629,portal.amfiindia.com / AMFI Historical NAV,2026-09-05T05:36:33.013846+00:00
2016-05-13,30.8207,portal.amfiindia.com / AMFI Historical NAV,2026-09-05T05:36:33.013846+00:00
2016-05-16,30.9658,portal.amfiindia.com / AMFI Historical NAV,2026-09-05T05:36:33.013846+00:00
2016-05-17,31.0486,portal.amfiindia.com / AMFI Historical NAV,2026-09-05T05:36:33.013846+00:00
2016-05-18,31.1474,portal.amfiindia.com / AMFI Historical NAV,2026-09-05T05:36:33.013846+00:00
2016-05-19,30.97,portal.amfiindia.com / AMFI Historical NAV,2026-09-05T05:36:33.013846+00:00
2016-05-20,30.3077,portal.amfiindia.com / AMFI Historical NAV,2026-09-05T05:36:33.013846+00:00
2016-05-23,29.7035,portal.amfiindia.com / AMFI Historical NAV,2026-09-05T05:36:33.013846+00:00
2016-05-24,29.5308,portal.amfiindia.com / AMFI Historical NAV,2026-09-05T05:36:33.013846+00:00
2016-05-25,29.1211,portal.amfiindia.com / AMFI Historical NAV,2026-09-05T05:36:33.013846+00:00
2016-05-26,28.9503,portal.amfiindia.com / AMFI Historical NAV,2026-09-05T05:36:33.013846+00:00
2016-05-27,29.2363,portal.amfiindia.com / AMFI Historical NAV,2026-09-05T05:36:33.013846+00:00
2016-05-30,30.1521,portal.amfiindia.com / AMFI Historical NAV,2026-09-05T05:36:33.013846+00:00
2016-05-31,30.3099,portal.amfiindia.com / AMFI Historical NAV,2026-09-05T05:36:33.013846+00:00
2016-06-01,30.7095,portal.amfiindia.com / AMFI Historical NAV,2026-09-05T05:36:33.013846+00:00
2016-06-02,30.8657,portal.amfiindia.com / AMFI Historical NAV,2026-09-05T05:36:33.013846+00:00
2016-06-03,30.0408,portal.amfiindia.com / AMFI Historical NAV,2026-09-05T05:36:33.013846+00:00
2016-06-06,29.9316,portal.amfiindia.com / AMFI Historical NAV,2026-09-05T05:36:33.013846+00:00
2016-06-07,30.0655,portal.amfiindia.com / AMFI Historical NAV,2026-09-05T05:36:33.013846+00:00
2016-06-08,31.2098,portal.amfiindia.com / AMFI Historical NAV,2026-09-05T05:36:33.013846+00:00
2016-06-09,31.5517,portal.amfiindia.com / AMFI Historical NAV,2026-09-05T05:36:33.013846+00:00
2016-06-10,32.0413,portal.amfiindia.com / AMFI Historical NAV,2026-09-05T05:36:33.013846+00:00
2016-06-13,31.8987,portal.amfiindia.com / AMFI Historical NAV,2026-09-05T05:36:33.013846+00:00
2016-06-14,31.4127,portal.amfiindia.com / AMFI Historical NAV,2026-09-05T05:36:33.013846+00:00
2016-06-15,32.0966,portal.amfiindia.com / AMFI Historical NAV,2026-09-05T05:36:33.013846+00:00
2016-06-16,32.7469,portal.amfiindia.com / AMFI Historical NAV,2026-09-05T05:36:33.013846+00:00
2016-06-17,33.3891,portal.amfiindia.com / AMFI Historical NAV,2026-09-05T05:36:33.013846+00:00
2016-06-20,33.0044,portal.amfiindia.com / AMFI Historical NAV,2026-09-05T05:36:33.013846+00:00
2016-06-21,33.2626,portal.amfiindia.com / AMFI Historical NAV,2026-09-05T05:36:33.013846+00:00
2016-06-22,32.3865,portal.amfiindia.com / AMFI Historical NAV,2026-09-05T05:36:33.013846+00:00
2016-06-23,32.7414,portal.amfiindia.com / AMFI Historical NAV,2026-09-05T05:36:33.013846+00:00
2016-06-24,33.8032,portal.amfiindia.com / AMFI Historical NAV,2026-09-05T05:36:33.013846+00:00
2016-06-27,33.0633,portal.amfiindia.com / AMFI Historical NAV,2026-09-05T05:36:33.013846+00:00
2016-06-28,32.8621,portal.amfiindia.com / AMFI Historical NAV,2026-09-05T05:36:33.013846+00:00
2016-06-29,33.1201,portal.amfiindia.com / AMFI Historical NAV,2026-09-05T05:36:33.013846+00:00
2016-06-30,32.5891,portal.amfiindia.com / AMFI Historical NAV,2026-09-05T05:36:33.013846+00:00
2016-07-01,32.2848,portal.amfiindia.com / AMFI Historical NAV,2026-09-05T05:36:33.013846+00:00
2016-07-04,32.2321,portal.amfiindia.com / AMFI Historical NAV,2026-09-05T05:36:33.013846+00:00
2016-07-05,32.18,portal.amfiindia.com / AMFI Historical NAV,2026-09-05T05:36:33.013846+00:00
2016-07-06,32.2518,portal.amfiindia.com / AMFI Historical NAV,2026-09-05T05:36:33.013846+00:00
2016-07-07,31.5965,portal.amfiindia.com / AMFI Historical NAV,2026-09-05T05:36:33.013846+00:00
2016-07-08,32.1305,portal.amfiindia.com / AMFI Historical NAV,2026-09-05T05:36:33.013846+00:00
2016-07-11,31.804,portal.amfiindia.com / AMFI Historical NAV,2026-09-05T05:36:33.013846+00:00
2016-07-12,31.5874,portal.amfiindia.com / AMFI Historical NAV,2026-09-05T05:36:33.013846+00:00
2016-07-13,31.8877,portal.amfiindia.com / AMFI Historical NAV,2026-09-05T05:36:33.013846+00:00
2016-07-14,31.5012,portal.amfiindia.com / AMFI Historical NAV,2026-09-05T05:36:33.013846+00:00
2016-07-15,31.5734,portal.amfiindia.com / AMFI Historical NAV,2026-09-05T05:36:33.013846+00:00
2016-07-18,32.1188,portal.amfiindia.com / AMFI Historical NAV,2026-09-05T05:36:33.013846+00:00
2016-07-19,30.9816,portal.amfiindia.com / AMFI Historical NAV,2026-09-05T05:36:33.013846+00:00
2016-07-20,31.1923,portal.amfiindia.com / AMFI Historical NAV,2026-09-05T05:36:33.013846+00:00
2016-07-21,31.2999,portal.amfiindia.com / AMFI Historical NAV,2026-09-05T05:36:33.013846+00:00
2016-07-22,32.0991,portal.amfiindia.com / AMFI Historical NAV,2026-09-05T05:36:33.013846+00:00
2016-07-25,31.3395,portal.amfiindia.com / AMFI Historical NAV,2026-09-05T05:36:33.013846+00:00
2016-07-26,30.319,portal.amfiindia.com / AMFI Historical NAV,2026-09-05T05:36:33.013846+00:00
2016-07-27,30.7199,portal.amfiindia.com / AMFI Historical NAV,2026-09-05T05:36:33.013846+00:00
2016-07-28,30.9612,portal.amfiindia.com / AMFI Historical NAV,2026-09-05T05:36:33.013846+00:00
2016-07-29,30.8081,portal.amfiindia.com / AMFI Historical NAV,2026-09-05T05:36:33.013846+00:00
2016-08-01,30.5496,portal.amfiindia.com / AMFI Historical NAV,2026-09-05T05:36:33.013846+00:00
2016-08-02,30.729,portal.amfiindia.com / AMFI Historical NAV,2026-09-05T05:36:33.013846+00:00
2016-08-03,31.2397,portal.amfiindia.com / AMFI Historical NAV,2026-09-05T05:36:33.013846+00:00
2016-08-04,30.6867,portal.amfiindia.com / AMFI Historical NAV,2026-09-05T05:36:33.013846+00:00
2016-08-05,30.3021,portal.amfiindia.com / AMFI Historical NAV,2026-09-05T05:36:33.013846+00:00
2016-08-08,31.5174,portal.amfiindia.com / AMFI Historical NAV,2026-09-05T05:36:33.013846+00:00
2016-08-09,31.6041,portal.amfiindia.com / AMFI Historical NAV,2026-09-05T05:36:33.013846+00:00
2016-08-10,31.0027,portal.amfiindia.com / AMFI Historical NAV,2026-09-05T05:36:33.013846+00:00
2016-08-11,31.2156,portal.amfiindia.com / AMFI Historical NAV,2026-09-05T05:36:33.013846+00:00
2016-08-12,30.5325,portal.amfiindia.com / AMFI Historical NAV,2026-09-05T05:36:33.013846+00:00
2016-08-15,30.4031,portal.amfiindia.com / AMFI Historical NAV,2026-09-05T05:36:33.013846+00:00
2016-08-16,31.1757,portal.amfiindia.com / AMFI Historical NAV,2026-09-05T05:36:33.013846+00:00
2016-08-17,30.3532,portal.amfiindia.com / AMFI Historical NAV,2026-09-05T05:36:33.013846+00:00
2016-08-18,30.8275,portal.amfiindia.com / AMFI Historical NAV,2026-09-05T05:36:33.013846+00:00
2016-08-19,31.2659,portal.amfiindia.com / AMFI Historical NAV,2026-09-05T05:36:33.013846+00:00
2016-08-22,31.219,portal.amfiindia.com / AMFI Historical NAV,2026-09-05T05:36:33.013846+00:00
2016-08-23,31.7564,portal.amfiindia.com / AMFI Historical NAV,2026-09-05T05:36:33.013846+00:00
2016-08-24,32.0296,portal.amfiindia.com / AMFI Historical NAV,2026-09-05T05:36:33.013846+00:00
2016-08-25,31.8974,portal.amfiindia.com / AMFI Historical NAV,2026-09-05T05:36:33.013846+00:00
2016-08-26,31.3793,portal.amfiindia.com / AMFI Historical NAV,2026-09-05T05:36:33.013846+00:00
2016-08-29,31.4135,portal.amfiindia.com / AMFI Historical NAV,2026-09-05T05:36:33.013846+00:00
2016-08-30,31.7506,portal.amfiindia.com / AMFI Historical NAV,2026-09-05T05:36:33.013846+00:00
2016-08-31,31.9961,portal.amfiindia.com / AMFI Historical NAV,2026-09-05T05:36:33.013846+00:00
2016-09-01,31.8799,portal.amfiindia.com / AMFI Historical NAV,2026-09-05T05:36:33.013846+00:00
2016-09-02,32.132,portal.amfiindia.com / AMFI Historical NAV,2026-09-05T05:36:33.013846+00:00
2016-09-05,32.2484,portal.amfiindia.com / AMFI Historical NAV,2026-09-05T05:36:33.013846+00:00
2016-09-06,32.8312,portal.amfiindia.com / AMFI Historical NAV,2026-09-05T05:36:33.013846+00:00
2016-09-07,33.0245,portal.amfiindia.com / AMFI Historical NAV,2026-09-05T05:36:33.013846+00:00
2016-09-08,33.7665,portal.amfiindia.com / AMFI Historical NAV,2026-09-05T05:36:33.013846+00:00
2016-09-09,33.6166,portal.amfiindia.com / AMFI Historical NAV,2026-09-05T05:36:33.013846+00:00
2016-09-12,33.3261,portal.amfiindia.com / AMFI Historical NAV,2026-09-05T05:36:33.013846+00:00
2016-09-13,32.7439,portal.amfiindia.com / AMFI Historical NAV,2026-09-05T05:36:33.013846+00:00
2016-09-14,32.7931,portal.amfiindia.com / AMFI Historical NAV,2026-09-05T05:36:33.013846+00:00
2016-09-15,32.2047,portal.amfiindia.com / AMFI Historical NAV,2026-09-05T05:36:33.013846+00:00
2016-09-16,32.5375,portal.amfiindia.com / AMFI Historical NAV,2026-09-05T05:36:33.013846+00:00
2016-09-19,32.7507,portal.amfiindia.com / AMFI Historical NAV,2026-09-05T05:36:33.013846+00:00
2016-09-20,32.941,portal.amfiindia.com / AMFI Historical NAV,2026-09-05T05:36:33.013846+00:00
2016-09-21,32.6276,portal.amfiindia.com / AMFI Historical NAV,2026-09-05T05:36:33.013846+00:00
2016-09-22,31.9747,portal.amfiindia.com / AMFI Historical NAV,2026-09-05T05:36:33.013846+00:00
2016-09-23,32.1558,portal.amfiindia.com / AMFI Historical NAV,2026-09-05T05:36:33.013846+00:00
2016-09-26,32.1621,portal.amfiindia.com / AMFI Historical NAV,2026-09-05T05:36:33.013846+00:00
2016-09-27,32.435,portal.amfiindia.com / AMFI Historical NAV,2026-09-05T05:36:33.013846+00:00
2016-09-28,31.4503,portal.amfiindia.com / AMFI Historical NAV,2026-09-05T05:36:33.013846+00:00
2016-09-29,31.3113,portal.amfiindia.com / AMFI Historical NAV,2026-09-05T05:36:33.013846+00:00
2016-09-30,31.1538,portal.amfiindia.com / AMFI Historical NAV,2026-09-05T05:36:33.013846+00:00
2016-10-03,31.0423,portal.amfiindia.com / AMFI Historical NAV,2026-09-05T05:36:33.013846+00:00
2016-10-04,31.1133,portal.amfiindia.com / AMFI Historical NAV,2026-09-05T05:36:33.013846+00:00
2016-10-05,31.1602,portal.amfiindia.com / AMFI Historical NAV,2026-09-05T05:36:33.013846+00:00
2016-10-06,30.4141,portal.amfiindia.com / AMFI Historical NAV,2026-09-05T05:36:33.013846+00:00
2016-10-07,30.5002,portal.amfiindia.com / AMFI Historical NAV,2026-09-05T05:36:33.013846+00:00
2016-10-10,30.5396,portal.amfiindia.com / AMFI Historical NAV,2026-09-05T05:36:33.013846+00:00
2016-10-11,31.1017,portal.amfiindia.com / AMFI Historical NAV,2026-09-05T05:36:33.013846+00:00
2016-10-12,31.2776,portal.amfiindia.com / AMFI Historical NAV,2026-09-05T05:36:33.013846+00:00
2016-10-13,31.1191,portal.amfiindia.com / AMFI Historical NAV,2026-09-05T05:36:33.013846+00:00
2016-10-14,30.2977,portal.amfiindia.com / AMFI Historical NAV,2026-09-05T05:36:33.013846+00:00
2016-10-17,30.3071,portal.amfiindia.com / AMFI Historical NAV,2026-09-05T05:36:33.013846+00:00
2016-10-18,30.9936,portal.amfiindia.com / AMFI Historical NAV,2026-09-05T05:36:33.013846+00:00
2016-10-19,31.1068,portal.amfiindia.com / AMFI Historical NAV,2026-09-05T05:36:33.013846+00:00
2016-10-20,32.3239,portal.amfiindia.com / AMFI Historical NAV,2026-09-05T05:36:33.013846+00:00
2016-10-21,32.6558,portal.amfiindia.com / AMFI Historical NAV,2026-09-05T05:36:33.013846+00:00
2016-10-24,33.0268,portal.amfiindia.com / AMFI Historical NAV,2026-09-05T05:36:33.013846+00:00
2016-10-25,33.2168,portal.amfiindia.com / AMFI Historical NAV,2026-09-05T05:36:33.013846+00:00
2016-10-26,33.1996,portal.amfiindia.com / AMFI Historical NAV,2026-09-05T05:36:33.013846+00:00
2016-10-27,33.9197,portal.amfiindia.com / AMFI Historical NAV,2026-09-05T05:36:33.013846+00:00
2016-10-28,34.2073,portal.amfiindia.com / AMFI Historical NAV,2026-09-05T05:36:33.013846+00:00
2016-10-31,33.3007,portal.amfiindia.com / AMFI Historical NAV,2026-09-05T05:36:33.013846+00:00
2016-11-01,33.675,portal.amfiindia.com / AMFI Historical NAV,2026-09-05T05:36:33.013846+00:00
2016-11-02,33.6772,portal.amfiindia.com / AMFI Historical NAV,2026-09-05T05:36:33.013846+00:00
2016-11-03,33.5102,portal.amfiindia.com / AMFI Historical NAV,2026-09-05T05:36:33.013846+00:00
2016-11-04,34.2664,portal.amfiindia.com / AMFI Historical NAV,2026-09-05T05:36:33.013846+00:00
2016-11-07,33.6723,portal.amfiindia.com / AMFI Historical NAV,2026-09-05T05:36:33.013846+00:00
2016-11-08,33.9878,portal.amfiindia.com / AMFI Historical NAV,2026-09-05T05:36:33.013846+00:00
2016-11-09,32.269,portal.amfiindia.com / AMFI Historical NAV,2026-09-05T05:36:33.013846+00:00
2016-11-10,32.4333,portal.amfiindia.com / AMFI Historical NAV,2026-09-05T05:36:33.013846+00:00
2016-11-11,32.9373,portal.amfiindia.com / AMFI Historical NAV,2026-09-05T05:36:33.013846+00:00
2016-11-14,33.363,portal.amfiindia.com / AMFI Historical NAV,2026-09-05T05:36:33.013846+00:00
2016-11-15,32.986,portal.amfiindia.com / AMFI Historical NAV,2026-09-05T05:36:33.013846+00:00
2016-11-16,32.1696,portal.amfiindia.com / AMFI Historical NAV,2026-09-05T05:36:33.013846+00:00
2016-11-17,32.8375,portal.amfiindia.com / AMFI Historical NAV,2026-09-05T05:36:33.013846+00:00
2016-11-18,32.1185,portal.amfiindia.com / AMFI Historical NAV,2026-09-05T05:36:33.013846+00:00
2016-11-21,31.657,portal.amfiindia.com / AMFI Historical NAV,2026-09-05T05:36:33.013846+00:00
2016-11-22,31.5075,portal.amfiindia.com / AMFI Historical NAV,2026-09-05T05:36:33.013846+00:00
2016-11-23,31.1635,portal.amfiindia.com / AMFI Historical NAV,2026-09-05T05:36:33.013846+00:00
2016-11-24,32.2808,portal.amfiindia.com / AMFI Historical NAV,2026-09-05T05:36:33.013846+00:00
2016-11-25,32.5328,portal.amfiindia.com / AMFI Historical NAV,2026-09-05T05:36:33.013846+00:00
2016-11-28,31.5247,portal.amfiindia.com / AMFI Historical NAV,2026-09-05T05:36:33.013846+00:00
2016-11-29,31.6131,portal.amfiindia.com / AMFI Historical NAV,2026-09-05T05:36:33.013846+00:00
2016-11-30,30.9086,portal.amfiindia.com / AMFI Historical NAV,2026-09-05T05:36:33.013846+00:00
2016-12-01,31.5624,portal.amfiindia.com / AMFI Historical NAV,2026-09-05T05:36:33.013846+00:00
2016-12-02,31.0743,portal.amfiindia.com / AMFI Historical NAV,2026-09-05T05:36:33.013846+00:00
2016-12-05,30.2439,portal.amfiindia.com / AMFI Historical NAV,2026-09-05T05:36:33.013846+00:00
2016-12-06,30.6042,portal.amfiindia.com / AMFI Historical NAV,2026-09-05T05:36:33.013846+00:00
2016-12-07,31.174,portal.amfiindia.com / AMFI Historical NAV,2026-09-05T05:36:33.013846+00:00
2016-12-08,30.3942,portal.amfiindia.com / AMFI Historical NAV,2026-09-05T05:36:33.013846+00:00
2016-12-09,30.3854,portal.amfiindia.com / AMFI Historical NAV,2026-09-05T05:36:33.013846+00:00
2016-12-12,29.8658,portal.amfiindia.com / AMFI Historical NAV,2026-09-05T05:36:33.013846+00:00
2016-12-13,29.5223,portal.amfiindia.com / AMFI Historical NAV,2026-09-05T05:36:33.013846+00:00
2016-12-14,30.0694,portal.amfiindia.com / AMFI Historical NAV,2026-09-05T05:36:33.013846+00:00
2016-12-15,30.3632,portal.amfiindia.com / AMFI Historical NAV,2026-09-05T05:36:33.013846+00:00
2016-12-16,30.096,portal.amfiindia.com / AMFI Historical NAV,2026-09-05T05:36:33.013846+00:00
2016-12-19,30.3114,portal.amfiindia.com / AMFI Historical NAV,2026-09-05T05:36:33.013846+00:00
2016-12-20,31.3042,portal.amfiindia.com / AMFI Historical NAV,2026-09-05T05:36:33.013846+00:00
2016-12-21,31.6784,portal.amfiindia.com / AMFI Historical NAV,2026-09-05T05:36:33.013846+00:00
2016-12-22,30.7202,portal.amfiindia.com / AMFI Historical NAV,2026-09-05T05:36:33.013846+00:00
2016-12-23,30.0812,portal.amfiindia.com / AMFI Historical NAV,2026-09-05T05:36:33.013846+00:00
2016-12-26,30.8845,portal.amfiindia.com / AMFI Historical NAV,2026-09-05T05:36:33.013846+00:00
2016-12-27,30.6384,portal.amfiindia.com / AMFI Historical NAV,2026-09-05T05:36:33.013846+00:00
2016-12-28,30.9961,portal.amfiindia.com / AMFI Historical NAV,2026-09-05T05:36:33.013846+00:00
2016-12-29,30.9155,portal.amfiindia.com / AMFI Historical NAV,2026-09-05T05:36:33.013846+00:00
2016-12-30,30.5783,portal.amfiindia.com / AMFI Historical NAV,2026-09-05T05:36:33.013846+00:00
2017-01-02,30.8683,portal.amfiindia.com / AMFI Historical NAV,2026-09-05T05:36:33.013846+00:00
2017-01-03,30.2375,portal.amfiindia.com / AMFI Historical NAV,2026-09-05T05:36:33.013846+00:00
2017-01-04,30.1052,portal.amfiindia.com / AMFI Historical NAV,2026-09-05T05:36:33.013846+00:00
2017-01-05,30.1435,portal.amfiindia.com / AMFI Historical NAV,2026-09-05T05:36:33.013846+00:00
2017-01-06,30.1292,portal.amfiindia.com / AMFI Historical NAV,2026-09-05T05:36:33.013846+00:00
2017-01-09,31.1463,portal.amfiindia.com / AMFI Historical NAV,2026-09-05T05:36:33.013846+00:00
2017-01-10,30.5233,portal.amfiindia.com / AMFI Historical NAV,2026-09-05T05:36:33.013846+00:00
2017-01-11,30.7458,portal.amfiindia.com / AMFI Historical NAV,2026-09-05T05:36:33.013846+00:00
2017-01-12,30.8074,portal.amfiindia.com / AMFI Historical NAV,2026-09-05T05:36:33.013846+00:00
2017-01-13,31.2245,portal.amfiindia.com / AMFI Historical NAV,2026-09-05T05:36:33.013846+00:00
2017-01-16,30.4344,portal.amfiindia.com / AMFI Historical NAV,2026-09-05T05:36:33.013846+00:00
2017-01-17,30.7269,portal.amfiindia.com / AMFI Historical NAV,2026-09-05T05:36:33.013846+00:00
2017-01-18,30.5028,portal.amfiindia.com / AMFI Historical NAV,2026-09-05T05:36:33.013846+00:00
2017-01-19,30.1515,portal.amfiindia.com / AMFI Historical NAV,2026-09-05T05:36:33.013846+00:00
2017-01-20,30.0283,portal.amfiindia.com / AMFI Historical NAV,2026-09-05T05:36:33.013846+00:00
2017-01-23,30.0091,portal.amfiindia.com / AMFI Historical NAV,2026-09-05T05:36:33.013846+00:00
2017-01-24,29.7832,portal.amfiindia.com / AMFI Historical NAV,2026-09-05T05:36:33.013846+00:00
2017-01-25,29.8754,portal.amfiindia.com / AMFI Historical NAV,2026-09-05T05:36:33.013846+00:00
2017-01-26,29.384,portal.amfiindia.com / AMFI Historical NAV,2026-09-05T05:36:33.013846+00:00
2017-01-27,29.0788,portal.amfiindia.com / AMFI Historical NAV,2026-09-05T05:36:33.013846+00:00
2017-01-30,29.395,portal.amfiindia.com / AMFI Historical NAV,2026-09-05T05:36:33.013846+00:00
2017-01-31,29.655,portal.amfiindia.com / AMFI Historical NAV,2026-09-05T05:36:33.013846+00:00
2017-02-01,29.6549,portal.amfiindia.com / AMFI Historical NAV,2026-09-05T05:36:33.013846+00:00
2017-02-02,30.3378,portal.amfiindia.com / AMFI Historical NAV,2026-09-05T05:36:33.013846+00:00
2017-02-03,30.0128,portal.amfiindia.com / AMFI Historical NAV,2026-09-05T05:36:33.013846+00:00
2017-02-06,30.4001,portal.amfiindia.com / AMFI Historical NAV,2026-09-05T05:36:33.013846+00:00
2017-02-07,30.5264,portal.amfiindia.com / AMFI Historical NAV,2026-09-05T05:36:33.013846+00:00
2017-02-08,30.4952,portal.amfiindia.com / AMFI Historical NAV,2026-09-05T05:36:33.013846+00:00
2017-02-09,30.6101,portal.amfiindia.com / AMFI Historical NAV,2026-09-05T05:36:33.013846+00:00
2017-02-10,30.7412,portal.amfiindia.com / AMFI Historical NAV,2026-09-05T05:36:33.013846+00:00
2017-02-13,30.6003,portal.amfiindia.com / AMFI Historical NAV,2026-09-05T05:36:33.013846+00:00
2017-02-14,30.8681,portal.amfiindia.com / AMFI Historical NAV,2026-09-05T05:36:33.013846+00:00
2017-02-15,31.0968,portal.amfiindia.com / AMFI Historical NAV,2026-09-05T05:36:33.013846+00:00
2017-02-16,31.2565,portal.amfiindia.com / AMFI Historical NAV,2026-09-05T05:36:33.013846+00:00
2017-02-17,31.1151,portal.amfiindia.com / AMFI Historical NAV,2026-09-05T05:36:33.013846+00:00
2017-02-20,31.1575,portal.amfiindia.com / AMFI Historical NAV,2026-09-05T05:36:33.013846+00:00
2017-02-21,31.316,portal.amfiindia.com / AMFI Historical NAV,2026-09-05T05:36:33.013846+00:00
2017-02-22,31.9911,portal.amfiindia.com / AMFI Historical NAV,2026-09-05T05:36:33.013846+00:00
2017-02-23,32.3533,portal.amfiindia.com / AMFI Historical NAV,2026-09-05T05:36:33.013846+00:00
2017-02-24,32.1698,portal.amfiindia.com / AMFI Historical NAV,2026-09-05T05:36:33.013846+00:00
2017-02-27,32.0101,portal.amfiindia.com / AMFI Historical NAV,2026-09-05T05:36:33.013846+00:00
2017-02-28,32.374,portal.amfiindia.com / AMFI Historical NAV,2026-09-05T05:36:33.013846+00:00
2017-03-01,32.8237,portal.amfiindia.com / AMFI Historical NAV,2026-09-05T05:36:33.013846+00:00
2017-03-02,33.0496,portal.amfiindia.com / AMFI Historical NAV,2026-09-05T05:36:33.013846+00:00
2017-03-03,33.0388,portal.amfiindia.com / AMFI Historical NAV,2026-09-05T05:36:33.013846+00:00
2017-03-06,33.572,portal.amfiindia.com / AMFI Historical NAV,2026-09-05T05:36:33.013846+00:00
2017-03-07,33.5897,portal.amfiindia.com / AMFI Historical NAV,2026-09-05T05:36:33.013846+00:00
2017-03-08,33.5058,portal.amfiindia.com / AMFI Historical NAV,2026-09-05T05:36:33.013846+00:00
2017-03-09,33.5482,portal.amfiindia.com / AMFI Historical NAV,2026-09-05T05:36:33.013846+00:00
2017-03-10,32.8825,portal.amfiindia.com / AMFI Historical NAV,2026-09-05T05:36:33.013846+00:00
2017-03-13,33.4064,portal.amfiindia.com / AMFI Historical NAV,2026-09-05T05:36:33.013846+00:00
2017-03-14,33.9089,portal.amfiindia.com / AMFI Historical NAV,2026-09-05T05:36:33.013846+00:00
2017-03-15,34.442,portal.amfiindia.com / AMFI Historical NAV,2026-09-05T05:36:33.013846+00:00
2017-03-16,34.7835,portal.amfiindia.com / AMFI Historical NAV,2026-09-05T05:36:33.013846+00:00
2017-03-17,34.9422,portal.amfiindia.com / AMFI Historical NAV,2026-09-05T05:36:33.013846+00:00
2017-03-20,35.6624,portal.amfiindia.com / AMFI Historical NAV,2026-09-05T05:36:33.013846+00:00
2017-03-21,36.0722,portal.amfiindia.com / AMFI Historical NAV,2026-09-05T05:36:33.013846+00:00
2017-03-22,36.2265,portal.amfiindia.com / AMFI Historical NAV,2026-09-05T05:36:33.013846+00:00
2017-03-23,36.2866,portal.amfiindia.com / AMFI Historical NAV,2026-09-05T05:36:33.013846+00:00
2017-03-24,36.7391,portal.amfiindia.com / AMFI Historical NAV,2026-09-05T05:36:33.013846+00:00
2017-03-27,36.5003,portal.amfiindia.com / AMFI Historical NAV,2026-09-05T05:36:33.013846+00:00
2017-03-28,36.1804,portal.amfiindia.com / AMFI Historical NAV,2026-09-05T05:36:33.013846+00:00
2017-03-29,37.3617,portal.amfiindia.com / AMFI Historical NAV,2026-09-05T05:36:33.013846+00:00
2017-03-30,37.407,portal.amfiindia.com / AMFI Historical NAV,2026-09-05T05:36:33.013846+00:00
2017-03-31,37.1775,portal.amfiindia.com / AMFI Historical NAV,2026-09-05T05:36:33.013846+00:00
2017-04-03,37.1246,portal.amfiindia.com / AMFI Historical NAV,2026-09-05T05:36:33.013846+00:00
2017-04-04,37.4344,portal.amfiindia.com / AMFI Historical NAV,2026-09-05T05:36:33.013846+00:00
2017-04-05,37.5077,portal.amfiindia.com / AMFI Historical NAV,2026-09-05T05:36:33.013846+00:00
2017-04-06,37.8936,portal.amfiindia.com / AMFI Historical NAV,2026-09-05T05:36:33.013846+00:00
2017-04-07,37.6736,portal.amfiindia.com / AMFI Historical NAV,2026-09-05T05:36:33.013846+00:00
2017-04-10,37.0781,portal.amfiindia.com / AMFI Historical NAV,2026-09-05T05:36:33.013846+00:00
2017-04-11,36.4736,portal.amfiindia.com / AMFI Historical NAV,2026-09-05T05:36:33.013846+00:00
2017-04-12,36.7079,portal.amfiindia.com / AMFI Historical NAV,2026-09-05T05:36:33.013846+00:00
2017-04-13,36.9599,portal.amfiindia.com / AMFI Historical NAV,2026-09-05T05:36:33.013846+00:00
2017-04-14,37.0215,portal.amfiindia.com / AMFI Historical NAV,2026-09-05T05:36:33.013846+00:00
2017-04-17,36.8015,portal.amfiindia.com / AMFI Historical NAV,2026-09-05T05:36:33.013846+00:00
2017-04-18,36.3989,portal.amfiindia.com / AMFI Historical NAV,2026-09-05T05:36:33.013846+00:00
2017-04-19,36.181,portal.amfiindia.com / AMFI Historical NAV,2026-09-05T05:36:33.013846+00:00
2017-04-20,35.7256,portal.amfiindia.com / AMFI Historical NAV,2026-09-05T05:36:33.013846+00:00
2017-04-21,35.2826,portal.amfiindia.com / AMFI Historical NAV,2026-09-05T05:36:33.013846+00:00
2017-04-24,35.5333,portal.amfiindia.com / AMFI Historical NAV,2026-09-05T05:36:33.013846+00:00
2017-04-25,35.4146,portal.amfiindia.com / AMFI Historical NAV,2026-09-05T05:36:33.013846+00:00
2017-04-26,35.8642,portal.amfiindia.com / AMFI Historical NAV,2026-09-05T05:36:33.013846+00:00
2017-04-27,36.099,portal.amfiindia.com / AMFI Historical NAV,2026-09-05T05:36:33.013846+00:00
2017-04-28,36.4953,portal.amfiindia.com / AMFI Historical NAV,2026-09-05T05:36:33.013846+00:00
2017-05-01,36.0331,portal.amfiindia.com / AMFI Historical NAV,2026-09-05T05:36:33.013846+00:00
2017-05-02,36.1199,portal.amfiindia.com / AMFI Historical NAV,2026-09-05T05:36:33.013846+00:00
2017-05-03,35.8703,portal.amfiindia.com / AMFI Historical NAV,2026-09-05T05:36:33.013846+00:00
2017-05-04,35.8476,portal.amfiindia.com / AMFI Historical NAV,2026-09-05T05:36:33.013846+00:00
2017-05-05,36.0609,portal.amfiindia.com / AMFI Historical NAV,2026-09-05T05:36:33.013846+00:00
2017-05-08,36.8301,portal.amfiindia.com / AMFI Historical NAV,2026-09-05T05:36:33.013846+00:00
2017-05-09,37.3873,portal.amfiindia.com / AMFI Historical NAV,2026-09-05T05:36:33.013846+00:00
2017-05-10,37.2324,portal.amfiindia.com / AMFI Historical NAV,2026-09-05T05:36:33.013846+00:00
2017-05-11,37.1066,portal.amfiindia.com / AMFI Historical NAV,2026-09-05T05:36:33.013846+00:00
2017-05-12,37.0407,portal.amfiindia.com / AMFI Historical NAV,2026-09-05T05:36:33.013846+00:00
2017-05-15,37.3318,portal.amfiindia.com / AMFI Historical NAV,2026-09-05T05:36:33.013846+00:00
2017-05-16,37.161,portal.amfiindia.com / AMFI Historical NAV,2026-09-05T05:36:33.013846+00:00
2017-05-17,36.7984,portal.amfiindia.com / AMFI Historical NAV,2026-09-05T05:36:33.013846+00:00
2017-05-18,36.5112,portal.amfiindia.com / AMFI Historical NAV,2026-09-05T05:36:33.013846+00:00
2017-05-19,36.9467,portal.amfiindia.com / AMFI Historical NAV,2026-09-05T05:36:33.013846+00:00
2017-05-22,38.1211,portal.amfiindia.com / AMFI Historical NAV,2026-09-05T05:36:33.013846+00:00
2017-05-23,37.733,portal.amfiindia.com / AMFI Historical NAV,2026-09-05T05:36:33.013846+00:00
2017-05-24,37.786,portal.amfiindia.com / AMFI Historical NAV,2026-09-05T05:36:33.013846+00:00
2017-05-25,37.951,portal.amfiindia.com / AMFI Historical NAV,2026-09-05T05:36:33.013846+00:00
2017-05-26,38.3359,portal.amfiindia.com / AMFI Historical NAV,2026-09-05T05:36:33.013846+00:00
2017-05-29,38.4629,portal.amfiindia.com / AMFI Historical NAV,2026-09-05T05:36:33.013846+00:00
2017-05-30,38.2144,portal.amfiindia.com / AMFI Historical NAV,2026-09-05T05:36:33.013846+00:00
2017-05-31,38.5013,portal.amfiindia.com / AMFI Historical NAV,2026-09-05T05:36:33.013846+00:00
2017-06-01,38.1515,portal.amfiindia.com / AMFI Historical NAV,2026-09-05T05:36:33.013846+00:00
2017-06-02,37.8002,portal.amfiindia.com / AMFI Historical NAV,2026-09-05T05:36:33.013846+00:00
2017-06-05,37.7279,portal.amfiindia.com / AMFI Historical NAV,2026-09-05T05:36:33.013846+00:00
2017-06-06,38.8749,portal.amfiindia.com / AMFI Historical NAV,2026-09-05T05:36:33.013846+00:00
2017-06-07,39.4105,portal.amfiindia.com / AMFI Historical NAV,2026-09-05T05:36:33.013846+00:00
2017-06-08,40.2836,portal.amfiindia.com / AMFI Historical NAV,2026-09-05T05:36:33.013846+00:00
2017-06-09,39.9758,portal.amfiindia.com / AMFI Historical NAV,2026-09-05T05:36:33.013846+00:00
2017-06-12,40.4618,portal.amfiindia.com / AMFI Historical NAV,2026-09-05T05:36:33.013846+00:00
2017-06-13,40.6956,portal.amfiindia.com / AMFI Historical NAV,2026-09-05T05:36:33.013846+00:00
2017-06-14,41.6783,portal.amfiindia.com / AMFI Historical NAV,2026-09-05T05:36:33.013846+00:00
2017-06-15,41.4811,portal.amfiindia.com / AMFI Historical NAV,2026-09-05T05:36:33.013846+00:00
2017-06-16,41.5544,portal.amfiindia.com / AMFI Historical NAV,2026-09-05T05:36:33.013846+00:00
2017-06-19,41.4025,portal.amfiindia.com / AMFI Historical NAV,2026-09-05T05:36:33.013846+00:00
2017-06-20,40.3037,portal.amfiindia.com / AMFI Historical NAV,2026-09-05T05:36:33.013846+00:00
2017-06-21,39.9528,portal.amfiindia.com / AMFI Historical NAV,2026-09-05T05:36:33.013846+00:00
2017-06-22,39.0287,portal.amfiindia.com / AMFI Historical NAV,2026-09-05T05:36:33.013846+00:00
2017-06-23,39.8561,portal.amfiindia.com / AMFI Historical NAV,2026-09-05T05:36:33.013846+00:00
2017-06-26,40.3529,portal.amfiindia.com / AMFI Historical NAV,2026-09-05T05:36:33.013846+00:00
2017-06-27,40.8046,portal.amfiindia.com / AMFI Historical NAV,2026-09-05T05:36:33.013846+00:00
2017-06-28,41.1189,portal.amfiindia.com / AMFI Historical NAV,2026-09-05T05:36:33.013846+00:00
2017-06-29,40.7327,portal.amfiindia.com / AMFI Historical NAV,2026-09-05T05:36:33.013846+00:00
2017-06-30,41.0299,portal.amfiindia.com / AMFI Historical NAV,2026-09-05T05:36:33.013846+00:00
2017-07-03,40.7545,portal.amfiindia.com / AMFI Historical NAV,2026-09-05T05:36:33.013846+00:00
2017-07-04,40.3717,portal.amfiindia.com / AMFI Historical NAV,2026-09-05T05:36:33.013846+00:00
2017-07-05,41.0693,portal.amfiindia.com / AMFI Historical NAV,2026-09-05T05:36:33.013846+00:00
2017-07-06,41.881,portal.amfiindia.com / AMFI Historical NAV,2026-09-05T05:36:33.013846+00:00
2017-07-07,41.7296,portal.amfiindia.com / AMFI Historical NAV,2026-09-05T05:36:33.013846+00:00
2017-07-10,40.4851,portal.amfiindia.com / AMFI Historical NAV,2026-09-05T05:36:33.013846+00:00
2017-07-11,40.9567,portal.amfiindia.com / AMFI Historical NAV,2026-09-05T05:36:33.013846+00:00
2017-07-12,40.6208,portal.amfiindia.com / AMFI Historical NAV,2026-09-05T05:36:33.013846+00:00
2017-07-13,41.172,portal.amfiindia.com / AMFI Historical NAV,2026-09-05T05:36:33.013846+00:00
2017-07-14,41.1716,portal.amfiindia.com / AMFI Historical NAV,2026-09-05T05:36:33.013846+00:00
2017-07-17,40.3679,portal.amfiindia.com / AMFI Historical NAV,2026-09-05T05:36:33.013846+00:00
2017-07-18,40.1433,portal.amfiindia.com / AMFI Historical NAV,2026-09-05T05:36:33.013846+00:00
2017-07-19,40.0246,portal.amfiindia.com / AMFI Historical NAV,2026-09-05T05:36:33.013846+00:00
2017-07-20,39.7869,portal.amfiindia.com / AMFI Historical NAV,2026-09-05T05:36:33.013846+00:00
2017-07-21,40.3407,portal.amfiindia.com / AMFI Historical NAV,2026-09-05T05:36:33.013846+00:00
2017-07-24,39.9499,portal.amfiindia.com / AMFI Historical NAV,2026-09-05T05:36:33.013846+00:00
2017-07-25,40.1111,portal.amfiindia.com / AMFI Historical NAV,2026-09-05T05:36:33.013846+00:00
2017-07-26,39.9929,portal.amfiindia.com / AMFI Historical NAV,2026-09-05T05:36:33.013846+00:00
2017-07-27,40.3265,portal.amfiindia.com / AMFI Historical NAV,2026-09-05T05:36:33.013846+00:00
2017-07-28,40.934,portal.amfiindia.com / AMFI Historical NAV,2026-09-05T05:36:33.013846+00:00
2017-07-31,40.3104,portal.amfiindia.com / AMFI Historical NAV,2026-09-05T05:36:33.013846+00:00
2017-08-01,40.0952,portal.amfiindia.com / AMFI Historical NAV,2026-09-05T05:36:33.013846+00:00
2017-08-02,40.644,portal.amfiindia.com / AMFI Historical NAV,2026-09-05T05:36:33.013846+00:00
2017-08-03,41.214,portal.amfiindia.com / AMFI Historical NAV,2026-09-05T05:36:33.013846+00:00
2017-08-04,40.9241,portal.amfiindia.com / AMFI Historical NAV,2026-09-05T05:36:33.013846+00:00
2017-08-07,41.7073,portal.amfiindia.com / AMFI Historical NAV,2026-09-05T05:36:33.013846+00:00
2017-08-08,41.8022,portal.amfiindia.com / AMFI Historical NAV,2026-09-05T05:36:33.013846+00:00
2017-08-09,42.2811,portal.amfiindia.com / AMFI Historical NAV,2026-09-05T05:36:33.013846+00:00
2017-08-10,42.4728,portal.amfiindia.com / AMFI Historical NAV,2026-09-05T05:36:33.013846+00:00
2017-08-11,43.5421,portal.amfiindia.com / AMFI Historical NAV,2026-09-05T05:36:33.013846+00:00
2017-08-14,43.8171,portal.amfiindia.com / AMFI Historical NAV,2026-09-05T05:36:33.013846+00:00
2017-08-15,44.3529,portal.amfiindia.com / AMFI Historical NAV,2026-09-05T05:36:33.013846+00:00
2017-08-16,44.0732,portal.amfiindia.com / AMFI Historical NAV,2026-09-05T05:36:33.013846+00:00
2017-08-17,44.1305,portal.amfiindia.com / AMFI Historical NAV,2026-09-05T05:36:33.013846+00:00
2017-08-18,44.7128,portal.amfiindia.com / AMFI Historical NAV,2026-09-05T05:36:33.013846+00:00
2017-08-21,44.5573,portal.amfiindia.com / AMFI Historical NAV,2026-09-05T05:36:33.013846+00:00
2017-08-22,45.5384,portal.amfiindia.com / AMFI Historical NAV,2026-09-05T05:36:33.013846+00:00
2017-08-23,45.2878,portal.amfiindia.com / AMFI Historical NAV,2026-09-05T05:36:33.013846+00:00
2017-08-24,44.428,portal.amfiindia.com / AMFI Historical NAV,2026-09-05T05:36:33.013846+00:00
2017-08-25,43.1699,portal.amfiindia.com / AMFI Historical NAV,2026-09-05T05:36:33.013846+00:00
2017-08-28,42.4497,portal.amfiindia.com / AMFI Historical NAV,2026-09-05T05:36:33.013846+00:00
2017-08-29,42.5169,portal.amfiindia.com / AMFI Historical NAV,2026-09-05T05:36:33.013846+00:00
2017-08-30,43.4708,portal.amfiindia.com / AMFI Historical NAV,2026-09-05T05:36:33.013846+00:00
2017-08-31,44.1815,portal.amfiindia.com / AMFI Historical NAV,2026-09-05T05:36:33.013846+00:00
2017-09-01,44.6966,portal.amfiindia.com / AMFI Historical NAV,2026-09-05T05:36:33.013846+00:00
2017-09-04,45.665,portal.amfiindia.com / AMFI Historical NAV,2026-09-05T05:36:33.013846+00:00
2017-09-05,44.9852,portal.amfiindia.com / AMFI Historical NAV,2026-09-05T05:36:33.013846+00:00
2017-09-06,43.789,portal.amfiindia.com / AMFI Historical NAV,2026-09-05T05:36:33.013846+00:00
2017-09-07,43.9449,portal.amfiindia.com / AMFI Historical NAV,2026-09-05T05:36:33.013846+00:00
2017-09-08,43.5782,portal.amfiindia.com / AMFI Historical NAV,2026-09-05T05:36:33.013846+00:00
2017-09-11,44.1425,portal.amfiindia.com / AMFI Historical NAV,2026-09-05T05:36:33.013846+00:00
2017-09-12,43.3178,portal.amfiindia.com / AMFI Historical NAV,2026-09-05T05:36:33.013846+00:00
2017-09-13,43.8175,portal.amfiindia.com / AMFI Historical NAV,2026-09-05T05:36:33.013846+00:00
2017-09-14,43.1777,portal.amfiindia.com / AMFI Historical NAV,2026-09-05T05:36:33.013846+00:00
2017-09-15,43.6139,portal.amfiindia.com / AMFI Historical NAV,2026-09-05T05:36:33.013846+00:00
2017-09-18,43.9109,portal.amfiindia.com / AMFI Historical NAV,2026-09-05T05:36:33.013846+00:00
2017-09-19,43.5874,portal.amfiindia.com / AMFI Historical NAV,2026-09-05T05:36:33.013846+00:00
2017-09-20,43.2831,portal.amfiindia.com / AMFI Historical NAV,2026-09-05T05:36:33.013846+00:00
2017-09-21,43.0876,portal.amfiindia.com / AMFI Historical NAV,2026-09-05T05:36:33.013846+00:00
2017-09-22,42.7724,portal.amfiindia.com / AMFI Historical NAV,2026-09-05T05:36:33.013846+00:00
2017-09-25,42.7466,portal.amfiindia.com / AMFI Historical NAV,2026-09-05T05:36:33.013846+00:00
2017-09-26,42.9093,portal.amfiindia.com / AMFI Historical NAV,2026-09-05T05:36:33.013846+00:00
2017-09-27,43.4552,portal.amfiindia.com / AMFI Historical NAV,2026-09-05T05:36:33.013846+00:00
2017-09-28,43.3403,portal.amfiindia.com / AMFI Historical NAV,2026-09-05T05:36:33.013846+00:00
2017-09-29,43.7461,portal.amfiindia.com / AMFI Historical NAV,2026-09-05T05:36:33.013846+00:00
2017-10-02,43.6676,portal.amfiindia.com / AMFI Historical NAV,2026-09-05T05:36:33.013846+00:00
2017-10-03,43.8455,portal.amfiindia.com / AMFI Historical NAV,2026-09-05T05:36:33.013846+00:00
2017-10-04,43.7636,portal.amfiindia.com / AMFI Historical NAV,2026-09-05T05:36:33.013846+00:00
2017-10-05,42.9525,portal.amfiindia.com / AMFI Historical NAV,2026-09-05T05:36:33.013846+00:00
2017-10-06,44.5031,portal.amfiindia.com / AMFI Historical NAV,2026-09-05T05:36:33.013846+00:00
2017-10-09,44.985,portal.amfiindia.com / AMFI Historical NAV,2026-09-05T05:36:33.013846+00:00
2017-10-10,44.721,portal.amfiindia.com / AMFI Historical NAV,2026-09-05T05:36:33.013846+00:00
2017-10-11,45.1719,portal.amfiindia.com / AMFI Historical NAV,2026-09-05T05:36:33.013846+00:00
2017-10-12,45.0334,portal.amfiindia.com / AMFI Historical NAV,2026-09-05T05:36:33.013846+00:00
2017-10-13,45.3505,portal.amfiindia.com / AMFI Historical NAV,2026-09-05T05:36:33.013846+00:00
2017-10-16,44.7002,portal.amfiindia.com / AMFI Historical NAV,2026-09-05T05:36:33.013846+00:00
2017-10-17,44.6691,portal.amfiindia.com / AMFI Historical NAV,2026-09-05T05:36:33.013846+00:00
2017-10-18,44.9182,portal.amfiindia.com / AMFI Historical NAV,2026-09-05T05:36:33.013846+00:00
2017-10-19,44.6533,portal.amfiindia.com / AMFI Historical NAV,2026-09-05T05:36:33.013846+00:00
2017-10-20,44.6959,portal.amfiindia.com / AMFI Historical NAV,2026-09-05T05:36:33.013846+00:00
2017-10-23,43.289,portal.amfiindia.com / AMFI Historical NAV,2026-09-05T05:36:33.013846+00:00
2017-10-24,43.4809,portal.amfiindia.com / AMFI Historical NAV,2026-09-05T05:36:33.013846+00:00
2017-10-25,44.5567,portal.amfiindia.com / AMFI Historical NAV,2026-09-05T05:36:33.013846+00:00
2017-10-26,45.2141,portal.amfiindia.com / AMFI Historical NAV,2026-09-05T05:36:33.013846+00:00
2017-10-27,45.0188,portal.amfiindia.com / AMFI Historical NAV,2026-09-05T05:36:33.013846+00:00
2017-10-30,45.7438,portal.amfiindia.com / AMFI Historical NAV,2026-09-05T05:36:33.013846+00:00
2017-10-31,46.7622,portal.amfiindia.com / AMFI Historical NAV,2026-09-05T05:36:33.013846+00:00
2017-11-01,48.5482,portal.amfiindia.com / AMFI Historical NAV,2026-09-05T05:36:33.013846+00:00
2017-11-02,50.0689,portal.amfiindia.com / AMFI Historical NAV,2026-09-05T05:36:33.013846+00:00
2017-11-03,49.6746,portal.amfiindia.com / AMFI Historical NAV,2026-09-05T05:36:33.013846+00:00
2017-11-06,48.9553,portal.amfiindia.com / AMFI Historical NAV,2026-09-05T05:36:33.013846+00:00
2017-11-07,47.7936,portal.amfiindia.com / AMFI Historical NAV,2026-09-05T05:36:33.013846+00:00
2017-11-08,48.1481,portal.amfiindia.com / AMFI Historical NAV,2026-09-05T05:36:33.013846+00:00
2017-11-09,47.9694,portal.amfiindia.com / AMFI Historical NAV,2026-09-05T05:36:33.013846+00:00
2017-11-10,47.3592,portal.amfiindia.com / AMFI Historical NAV,2026-09-05T05:36:33.013846+00:00
2017-11-13,47.5008,portal.amfiindia.com / AMFI Historical NAV,2026-09-05T05:36:33.013846+00:00
2017-11-14,47.6357,portal.amfiindia.com / AMFI Historical NAV,2026-09-05T05:36:33.013846+00:00
2017-11-15,47.7887,portal.amfiindia.com / AMFI Historical NAV,2026-09-05T05:36:33.013846+00:00
2017-11-16,47.9913,portal.amfiindia.com / AMFI Historical NAV,2026-09-05T05:36:33.013846+00:00
2017-11-17,48.4184,portal.amfiindia.com / AMFI Historical NAV,2026-09-05T05:36:33.013846+00:00
2017-11-20,48.9436,portal.amfiindia.com / AMFI Historical NAV,2026-09-05T05:36:33.013846+00:00
2017-11-21,48.7043,portal.amfiindia.com / AMFI Historical NAV,2026-09-05T05:36:33.013846+00:00
2017-11-22,48.8464,portal.amfiindia.com / AMFI Historical NAV,2026-09-05T05:36:33.013846+00:00
2017-11-23,49.0343,portal.amfiindia.com / AMFI Historical NAV,2026-09-05T05:36:33.013846+00:00
2017-11-24,49.2196,portal.amfiindia.com / AMFI Historical NAV,2026-09-05T05:36:33.013846+00:00
2017-11-27,48.9789,portal.amfiindia.com / AMFI Historical NAV,2026-09-05T05:36:33.013846+00:00
2017-11-28,48.7189,portal.amfiindia.com / AMFI Historical NAV,2026-09-05T05:36:33.013846+00:00
2017-11-29,48.7516,portal.amfiindia.com / AMFI Historical NAV,2026-09-05T05:36:33.013846+00:00
2017-11-30,47.9661,portal.amfiindia.com / AMFI Historical NAV,2026-09-05T05:36:33.013846+00:00
2017-12-01,49.0547,portal.amfiindia.com / AMFI Historical NAV,2026-09-05T05:36:33.013846+00:00
2017-12-04,49.9295,portal.amfiindia.com / AMFI Historical NAV,2026-09-05T05:36:33.013846+00:00
2017-12-05,49.6751,portal.amfiindia.com / AMFI Historical NAV,2026-09-05T05:36:33.013846+00:00
2017-12-06,50.3421,portal.amfiindia.com / AMFI Historical NAV,2026-09-05T05:36:33.013846+00:00
2017-12-07,49.8398,portal.amfiindia.com / AMFI Historical NAV,2026-09-05T05:36:33.013846+00:00
2017-12-08,48.777,portal.amfiindia.com / AMFI Historical NAV,2026-09-05T05:36:33.013846+00:00
2017-12-11,48.7499,portal.amfiindia.com / AMFI Historical NAV,2026-09-05T05:36:33.013846+00:00
2017-12-12,48.4759,portal.amfiindia.com / AMFI Historical NAV,2026-09-05T05:36:33.013846+00:00
2017-12-13,48.8169,portal.amfiindia.com / AMFI Historical NAV,2026-09-05T05:36:33.013846+00:00
2017-12-14,48.4258,portal.amfiindia.com / AMFI Historical NAV,2026-09-05T05:36:33.013846+00:00
2017-12-15,48.4344,portal.amfiindia.com / AMFI Historical NAV,2026-09-05T05:36:33.013846+00:00
2017-12-18,49.3648,portal.amfiindia.com / AMFI Historical NAV,2026-09-05T05:36:33.013846+00:00
2017-12-19,48.6818,portal.amfiindia.com / AMFI Historical NAV,2026-09-05T05:36:33.013846+00:00
2017-12-20,48.6787,portal.amfiindia.com / AMFI Historical NAV,2026-09-05T05:36:33.013846+00:00
2017-12-21,48.2489,portal.amfiindia.com / AMFI Historical NAV,2026-09-05T05:36:33.013846+00:00
2017-12-22,48.5114,portal.amfiindia.com / AMFI Historical NAV,2026-09-05T05:36:33.013846+00:00
2017-12-25,48.6713,portal.amfiindia.com / AMFI Historical NAV,2026-09-05T05:36:33.013846+00:00
2017-12-26,47.9637,portal.amfiindia.com / AMFI Historical NAV,2026-09-05T05:36:33.013846+00:00
2017-12-27,48.3299,portal.amfiindia.com / AMFI Historical NAV,2026-09-05T05:36:33.013846+00:00
2017-12-28,49.3421,portal.amfiindia.com / AMFI Historical NAV,2026-09-05T05:36:33.013846+00:00
2017-12-29,48.8797,portal.amfiindia.com / AMFI Historical NAV,2026-09-05T05:36:33.013846+00:00
2018-01-01,49.3133,portal.amfiindia.com / AMFI Historical NAV,2026-09-05T05:36:33.013846+00:00
2018-01-02,48.4938,portal.amfiindia.com / AMFI Historical NAV,2026-09-05T05:36:33.013846+00:00
2018-01-03,49.1215,portal.amfiindia.com / AMFI Historical NAV,2026-09-05T05:36:33.013846+00:00
2018-01-04,49.6304,portal.amfiindia.com / AMFI Historical NAV,2026-09-05T05:36:33.013846+00:00
2018-01-05,48.3393,portal.amfiindia.com / AMFI Historical NAV,2026-09-05T05:36:33.013846+00:00
2018-01-08,47.1953,portal.amfiindia.com / AMFI Historical NAV,2026-09-05T05:36:33.013846+00:00
2018-01-09,47.0277,portal.amfiindia.com / AMFI Historical NAV,2026-09-05T05:36:33.013846+00:00
2018-01-10,47.0205,portal.amfiindia.com / AMFI Historical NAV,2026-09-05T05:36:33.013846+00:00
2018-01-11,45.3471,portal.amfiindia.com / AMFI Historical NAV,2026-09-05T05:36:33.013846+00:00
2018-01-12,45.9285,portal.amfiindia.com / AMFI Historical NAV,2026-09-05T05:36:33.013846+00:00
2018-01-15,44.6272,portal.amfiindia.com / AMFI Historical NAV,2026-09-05T05:36:33.013846+00:00
2018-01-16,43.9811,portal.amfiindia.com / AMFI Historical NAV,2026-09-05T05:36:33.013846+00:00
2018-01-17,43.6253,portal.amfiindia.com / AMFI Historical NAV,2026-09-05T05:36:33.013846+00:00
2018-01-18,42.869,portal.amfiindia.com / AMFI Historical NAV,2026-09-05T05:36:33.013846+00:00
2018-01-19,42.8023,portal.amfiindia.com / AMFI Historical NAV,2026-09-05T05:36:33.013846+00:00
2018-01-22,42.9259,portal.amfiindia.com / AMFI Historical NAV,2026-09-05T05:36:33.013846+00:00
2018-01-23,42.2044,portal.amfiindia.com / AMFI Historical NAV,2026-09-05T05:36:33.013846+00:00
2018-01-24,42.2113,portal.amfiindia.com / AMFI Historical NAV,2026-09-05T05:36:33.013846+00:00
2018-01-25,42.034,portal.amfiindia.com / AMFI Historical NAV,2026-09-05T05:36:33.013846+00:00
2018-01-26,42.9623,portal.amfiindia.com / AMFI Historical NAV,2026-09-05T05:36:33.013846+00:00
2018-01-29,41.7602,portal.amfiindia.com / AMFI Historical NAV,2026-09-05T05:36:33.013846+00:00
2018-01-30,42.2376,portal.amfiindia.com / AMFI Historical NAV,2026-09-05T05:36:33.013846+00:00
2018-01-31,43.2869,portal.amfiindia.com / AMFI Historical NAV,2026-09-05T05:36:33.013846+00:00
2018-02-01,40.6666,portal.amfiindia.com / AMFI Historical NAV,2026-09-05T05:36:33.013846+00:00
2018-02-02,40.4019,portal.amfiindia.com / AMFI Historical NAV,2026-09-05T05:36:33.013846+00:00
2018-02-05,41.1053,portal.amfiindia.com / AMFI Historical NAV,2026-09-05T05:36:33.013846+00:00
2018-02-06,40.8395,portal.amfiindia.com / AMFI Historical NAV,2026-09-05T05:36:33.013846+00:00
2018-02-07,41.5466,portal.amfiindia.com / AMFI Historical NAV,2026-09-05T05:36:33.013846+00:00
2018-02-08,41.5379,portal.amfiindia.com / AMFI Historical NAV,2026-09-05T05:36:33.013846+00:00
2018-02-09,41.6276,portal.amfiindia.com / AMFI Historical NAV,2026-09-05T05:36:33.013846+00:00
2018-02-12,41.3394,portal.amfiindia.com / AMFI Historical NAV,2026-09-05T05:36:33.013846+00:00
2018-02-13,41.7838,portal.amfiindia.com / AMFI Historical NAV,2026-09-05T05:36:33.013846+00:00
2018-02-14,41.9397,portal.amfiindia.com / AMFI Historical NAV,2026-09-05T05:36:33.013846+00:00
2018-02-15,42.3844,portal.amfiindia.com / AMFI Historical NAV,2026-09-05T05:36:33.013846+00:00
2018-02-16,41.956,portal.amfiindia.com / AMFI Historical NAV,2026-09-05T05:36:33.013846+00:00
2018-02-19,40.7708,portal.amfiindia.com / AMFI Historical NAV,2026-09-05T05:36:33.013846+00:00
2018-02-20,40.9289,portal.amfiindia.com / AMFI Historical NAV,2026-09-05T05:36:33.013846+00:00
2018-02-21,41.2624,portal.amfiindia.com / AMFI Historical NAV,2026-09-05T05:36:33.013846+00:00
2018-02-22,40.8184,portal.amfiindia.com / AMFI Historical NAV,2026-09-05T05:36:33.013846+00:00
2018-02-23,41.3238,portal.amfiindia.com / AMFI Historical NAV,2026-09-05T05:36:33.013846+00:00
2018-02-26,43.3307,portal.amfiindia.com / AMFI Historical NAV,2026-09-05T05:36:33.013846+00:00
2018-02-27,42.866,portal.amfiindia.com / AMFI Historical NAV,2026-09-05T05:36:33.013846+00:00
2018-02-28,42.7875,portal.amfiindia.com / AMFI Historical NAV,2026-09-05T05:36:33.013846+00:00
2018-03-01,43.0969,portal.amfiindia.com / AMFI Historical NAV,2026-09-05T05:36:33.013846+00:00
2018-03-02,42.9833,portal.amfiindia.com / AMFI Historical NAV,2026-09-05T05:36:33.013846+00:00
2018-03-05,41.5424,portal.amfiindia.com / AMFI Historical NAV,2026-09-05T05:36:33.013846+00:00
2018-03-06,41.0628,portal.amfiindia.com / AMFI Historical NAV,2026-09-05T05:36:33.013846+00:00
2018-03-07,39.5706,portal.amfiindia.com / AMFI Historical NAV,2026-09-05T05:36:33.013846+00:00
2018-03-08,38.6593,portal.amfiindia.com / AMFI Historical NAV,2026-09-05T05:36:33.013846+00:00
2018-03-09,38.5057,portal.amfiindia.com / AMFI Historical NAV,2026-09-05T05:36:33.013846+00:00
2018-03-12,39.7288,portal.amfiindia.com / AMFI Historical NAV,2026-09-05T05:36:33.013846+00:00
2018-03-13,40.3022,portal.amfiindia.com / AMFI Historical NAV,2026-09-05T05:36:33.013846+00:00
2018-03-14,39.7187,portal.amfiindia.com / AMFI Historical NAV,2026-09-05T05:36:33.013846+00:00
2018-03-15,40.6334,portal.amfiindia.com / AMFI Historical NAV,2026-09-05T05:36:33.013846+00:00
2018-03-16,38.8688,portal.amfiindia.com / AMFI Historical NAV,2026-09-05T05:36:33.013846+00:00
2018-03-19,39.1414,portal.amfiindia.com / AMFI Historical NAV,2026-09-05T05:36:33.013846+00:00
2018-03-20,39.4627,portal.amfiindia.com / AMFI Historical NAV,2026-09-05T05:36:33.013846+00:00
2018-03-21,38.5322,portal.amfiindia.com / AMFI Historical NAV,2026-09-05T05:36:33.013846+00:00
2018-03-22,39.5775,portal.amfiindia.com / AMFI Historical NAV,2026-09-05T05:36:33.013846+00:00
2018-03-23,39.3577,portal.amfiindia.com / AMFI Historical NAV,2026-09-05T05:36:33.013846+00:00
2018-03-26,38.8316,portal.amfiindia.com / AMFI Historical NAV,2026-09-05T05:36:33.013846+00:00
2018-03-27,39.3026,portal.amfiindia.com / AMFI Historical NAV,2026-09-05T05:36:33.013846+00:00
2018-03-28,41.6512,portal.amfiindia.com / AMFI Historical NAV,2026-09-05T05:36:33.013846+00:00
2018-03-29,41.4461,portal.amfiindia.com / AMFI Historical NAV,2026-09-05T05:36:33.013846+00:00
2018-03-30,42.3714,portal.amfiindia.com / AMFI Historical NAV,2026-09-05T05:36:33.013846+00:00
2018-04-02,42.7971,portal.amfiindia.com / AMFI Historical NAV,2026-09-05T05:36:33.013846+00:00
2018-04-03,42.1351,portal.amfiindia.com / AMFI Historical NAV,2026-09-05T05:36:33.013846+00:00
2018-04-04,42.6036,portal.amfiindia.com / AMFI Historical NAV,2026-09-05T05:36:33.013846+00:00
2018-04-05,41.7121,portal.amfiindia.com / AMFI Historical NAV,2026-09-05T05:36:33.013846+00:00
2018-04-06,41.7274,portal.amfiindia.com / AMFI Historical NAV,2026-09-05T05:36:33.013846+00:00
2018-04-09,40.8526,portal.amfiindia.com / AMFI Historical NAV,2026-09-05T05:36:33.013846+00:00
2018-04-10,41.1459,portal.amfiindia.com / AMFI Historical NAV,2026-09-05T05:36:33.013846+00:00
2018-04-11,41.9228,portal.amfiindia.com / AMFI Historical NAV,2026-09-05T05:36:33.013846+00:00
2018-04-12,42.4176,portal.amfiindia.com / AMFI Historical NAV,2026-09-05T05:36:33.013846+00:00
2018-04-13,41.9504,portal.amfiindia.com / AMFI Historical NAV,2026-09-05T05:36:33.013846+00:00
2018-04-16,41.1071,portal.amfiindia.com / AMFI Historical NAV,2026-09-05T05:36:33.013846+00:00
2018-04-17,40.5561,portal.amfiindia.com / AMFI Historical NAV,2026-09-05T05:36:33.013846+00:00
2018-04-18,40.3388,portal.amfiindia.com / AMFI Historical NAV,2026-09-05T05:36:33.013846+00:00
2018-04-19,40.6099,portal.amfiindia.com / AMFI Historical NAV,2026-09-05T05:36:33.013846+00:00
2018-04-20,41.0408,portal.amfiindia.com / AMFI Historical NAV,2026-09-05T05:36:33.013846+00:00
2018-04-23,40.2836,portal.amfiindia.com / AMFI Historical NAV,2026-09-05T05:36:33.013846+00:00
2018-04-24,41.0483,portal.amfiindia.com / AMFI Historical NAV,2026-09-05T05:36:33.013846+00:00
2018-04-25,41.9687,portal.amfiindia.com / AMFI Historical NAV,2026-09-05T05:36:33.013846+00:00
2018-04-26,42.3712,portal.amfiindia.com / AMFI Historical NAV,2026-09-05T05:36:33.013846+00:00
2018-04-27,43.7874,portal.amfiindia.com / AMFI Historical NAV,2026-09-05T05:36:33.013846+00:00
2018-04-30,43.6474,portal.amfiindia.com / AMFI Historical NAV,2026-09-05T05:36:33.013846+00:00
2018-05-01,42.9852,portal.amfiindia.com / AMFI Historical NAV,2026-09-05T05:36:33.013846+00:00
2018-05-02,41.7578,portal.amfiindia.com / AMFI Historical NAV,2026-09-05T05:36:33.013846+00:00
2018-05-03,43.3746,portal.amfiindia.com / AMFI Historical NAV,2026-09-05T05:36:33.013846+00:00
2018-05-04,44.0084,portal.amfiindia.com / AMFI Historical NAV,2026-09-05T05:36:33.013846+00:00
2018-05-07,44.4738,portal.amfiindia.com / AMFI Historical NAV,2026-09-05T05:36:33.013846+00:00
2018-05-08,44.9169,portal.amfiindia.com / AMFI Historical NAV,2026-09-05T05:36:33.013846+00:00
2018-05-09,43.3076,portal.amfiindia.com / AMFI Historical NAV,2026-09-05T05:36:33.013846+00:00
2018-05-10,45.5963,portal.amfiindia.com / AMFI Historical NAV,2026-09-05T05:36:33.013846+00:00
2018-05-11,45.7409,portal.amfiindia.com / AMFI Historical NAV,2026-09-05T05:36:33.013846+00:00
2018-05-14,45.7935,portal.amfiindia.com / AMFI Historical NAV,2026-09-05T05:36:33.013846+00:00
2018-05-15,46.4606,portal.amfiindia.com / AMFI Historical NAV,2026-09-05T05:36:33.013846+00:00
2018-05-16,46.6834,portal.amfiindia.com / AMFI Historical NAV,2026-09-05T05:36:33.013846+00:00
2018-05-17,46.9446,portal.amfiindia.com / AMFI Historical NAV,2026-09-05T05:36:33.013846+00:00
2018-05-18,46.0566,portal.amfiindia.com / AMFI Historical NAV,2026-09-05T05:36:33.013846+00:00
2018-05-21,46.9412,portal.amfiindia.com / AMFI Historical NAV,2026-09-05T05:36:33.013846+00:00
2018-05-22,48.3755,portal.amfiindia.com / AMFI Historical NAV,2026-09-05T05:36:33.013846+00:00
2018-05-23,49.2977,portal.amfiindia.com / AMFI Historical NAV,2026-09-05T05:36:33.013846+00:00
2018-05-24,50.2033,portal.amfiindia.com / AMFI Historical NAV,2026-09-05T05:36:33.013846+00:00
2018-05-25,49.8795,portal.amfiindia.com / AMFI Historical NAV,2026-09-05T05:36:33.013846+00:00
2018-05-28,49.1178,portal.amfiindia.com / AMFI Historical NAV,2026-09-05T05:36:33.013846+00:00
2018-05-29,49.1738,portal.amfiindia.com / AMFI Historical NAV,2026-09-05T05:36:33.013846+00:00
2018-05-30,48.7542,portal.amfiindia.com / AMFI Historical NAV,2026-09-05T05:36:33.013846+00:00
2018-05-31,48.9419,portal.amfiindia.com / AMFI Historical NAV,2026-09-05T05:36:33.013846+00:00
2018-06-01,47.8064,portal.amfiindia.com / AMFI Historical NAV,2026-09-05T05:36:33.013846+00:00
2018-06-04,49.6699,portal.amfiindia.com / AMFI Historical NAV,2026-09-05T05:36:33.013846+00:00
2018-06-05,49.0671,portal.amfiindia.com / AMFI Historical NAV,2026-09-05T05:36:33.013846+00:00
2018-06-06,49.4037,portal.amfiindia.com / AMFI Historical NAV,2026-09-05T05:36:33.013846+00:00
2018-06-07,48.6735,portal.amfiindia.com / AMFI Historical NAV,2026-09-05T05:36:33.013846+00:00
2018-06-08,47.298,portal.amfiindia.com / AMFI Historical NAV,2026-09-05T05:36:33.013846+00:00
2018-06-11,47.7759,portal.amfiindia.com / AMFI Historical NAV,2026-09-05T05:36:33.013846+00:00
2018-06-12,47.2288,portal.amfiindia.com / AMFI Historical NAV,2026-09-05T05:36:33.013846+00:00
2018-06-13,46.6081,portal.amfiindia.com / AMFI Historical NAV,2026-09-05T05:36:33.013846+00:00
2018-06-14,45.252,portal.amfiindia.com / AMFI Historical NAV,2026-09-05T05:36:33.013846+00:00
2018-06-15,44.6672,portal.amfiindia.com / AMFI Historical NAV,2026-09-05T05:36:33.013846+00:00
2018-06-18,46.3156,portal.amfiindia.com / AMFI Historical NAV,2026-09-05T05:36:33.013846+00:00
2018-06-19,45.3168,portal.amfiindia.com / AMFI Historical NAV,2026-09-05T05:36:33.013846+00:00
2018-06-20,43.5338,portal.amfiindia.com / AMFI Historical NAV,2026-09-05T05:36:33.013846+00:00
2018-06-21,43.3359,portal.amfiindia.com / AMFI Historical NAV,2026-09-05T05:36:33.013846+00:00
2018-06-22,43.2406,portal.amfiindia.com / AMFI Historical NAV,2026-09-05T05:36:33.013846+00:00
2018-06-25,41.4485,portal.amfiindia.com / AMFI Historical NAV,2026-09-05T05:36:33.013846+00:00
2018-06-26,41.2883,portal.amfiindia.com / AMFI Historical NAV,2026-09-05T05:36:33.013846+00:00
2018-06-27,42.058,portal.amfiindia.com / AMFI Historical NAV,2026-09-05T05:36:33.013846+00:00
2018-06-28,42.4569,portal.amfiindia.com / AMFI Historical NAV,2026-09-05T05:36:33.013846+00:00
2018-06-29,43.6856,portal.amfiindia.com / AMFI Historical NAV,2026-09-05T05:36:33.013846+00:00
2018-07-02,44.1939,portal.amfiindia.com / AMFI Historical NAV,2026-09-05T05:36:33.013846+00:00
2018-07-03,44.0322,portal.amfiindia.com / AMFI Historical NAV,2026-09-05T05:36:33.013846+00:00
2018-07-04,43.4424,portal.amfiindia.com / AMFI Historical NAV,2026-09-05T05:36:33.013846+00:00
2018-07-05,45.7923,portal.amfiindia.com / AMFI Historical NAV,2026-09-05T05:36:33.013846+00:00
2018-07-06,45.2138,portal.amfiindia.com / AMFI Historical NAV,2026-09-05T05:36:33.013846+00:00
2018-07-09,45.1139,portal.amfiindia.com / AMFI Historical NAV,2026-09-05T05:36:33.013846+00:00
2018-07-10,45.2665,portal.amfiindia.com / AMFI Historical NAV,2026-09-05T05:36:33.013846+00:00
2018-07-11,45.6468,portal.amfiindia.com / AMFI Historical NAV,2026-09-05T05:36:33.013846+00:00
2018-07-12,45.5276,portal.amfiindia.com / AMFI Historical NAV,2026-09-05T05:36:33.013846+00:00
2018-07-13,45.298,portal.amfiindia.com / AMFI Historical NAV,2026-09-05T05:36:33.013846+00:00
2018-07-16,44.5392,portal.amfiindia.com / AMFI Historical NAV,2026-09-05T05:36:33.013846+00:00
2018-07-17,45.1288,portal.amfiindia.com / AMFI Historical NAV,2026-09-05T05:36:33.013846+00:00
2018-07-18,45.1071,portal.amfiindia.com / AMFI Historical NAV,2026-09-05T05:36:33.013846+00:00
2018-07-19,44.0073,portal.amfiindia.com / AMFI Historical NAV,2026-09-05T05:36:33.013846+00:00
2018-07-20,43.6505,portal.amfiindia.com / AMFI Historical NAV,2026-09-05T05:36:33.013846+00:00
2018-07-23,43.0411,portal.amfiindia.com / AMFI Historical NAV,2026-09-05T05:36:33.013846+00:00
2018-07-24,44.3878,portal.amfiindia.com / AMFI Historical NAV,2026-09-05T05:36:33.013846+00:00
2018-07-25,41.8758,portal.amfiindia.com / AMFI Historical NAV,2026-09-05T05:36:33.013846+00:00
2018-07-26,42.5138,portal.amfiindia.com / AMFI Historical NAV,2026-09-05T05:36:33.013846+00:00
2018-07-27,43.5733,portal.amfiindia.com / AMFI Historical NAV,2026-09-05T05:36:33.013846+00:00
2018-07-30,42.0105,portal.amfiindia.com / AMFI Historical NAV,2026-09-05T05:36:33.013846+00:00
2018-07-31,41.8555,portal.amfiindia.com / AMFI Historical NAV,2026-09-05T05:36:33.013846+00:00
2018-08-01,41.1816,portal.amfiindia.com / AMFI Historical NAV,2026-09-05T05:36:33.013846+00:00
2018-08-02,40.413,portal.amfiindia.com / AMFI Historical NAV,2026-09-05T05:36:33.013846+00:00
2018-08-03,39.6495,portal.amfiindia.com / AMFI Historical NAV,2026-09-05T05:36:33.013846+00:00
2018-08-06,38.7803,portal.amfiindia.com / AMFI Historical NAV,2026-09-05T05:36:33.013846+00:00
2018-08-07,40.0028,portal.amfiindia.com / AMFI Historical NAV,2026-09-05T05:36:33.013846+00:00
2018-08-08,40.6633,portal.amfiindia.com / AMFI Historical NAV,2026-09-05T05:36:33.013846+00:00
2018-08-09,41.5365,portal.amfiindia.com / AMFI Historical NAV,2026-09-05T05:36:33.013846+00:00
2018-08-10,41.753,portal.amfiindia.com / AMFI Historical NAV,2026-09-05T05:36:33.013846+00:00
2018-08-13,40.8341,portal.amfiindia.com / AMFI Historical NAV,2026-09-05T05:36:33.013846+00:00
2018-08-14,40.4635,portal.amfiindia.com / AMFI Historical NAV,2026-09-05T05:36:33.013846+00:00
2018-08-15,40.2881,portal.amfiindia.com / AMFI Historical NAV,2026-09-05T05:36:33.013846+00:00
2018-08-16,39.279,portal.amfiindia.com / AMFI Historical NAV,2026-09-05T05:36:33.013846+00:00
2018-08-17,39.8803,portal.amfiindia.com / AMFI Historical NAV,2026-09-05T05:36:33.013846+00:00
2018-08-20,39.2507,portal.amfiindia.com / AMFI Historical NAV,2026-09-05T05:36:33.013846+00:00
2018-08-21,39.4016,portal.amfiindia.com / AMFI Historical NAV,2026-09-05T05:36:33.013846+00:00
2018-08-22,40.3162,portal.amfiindia.com / AMFI Historical NAV,2026-09-05T05:36:33.013846+00:00
2018-08-23,40.1578,portal.amfiindia.com / AMFI Historical NAV,2026-09-05T05:36:33.013846+00:00
2018-08-24,40.3943,portal.amfiindia.com / AMFI Historical NAV,2026-09-05T05:36:33.013846+00:00
2018-08-27,41.1242,portal.amfiindia.com / AMFI Historical NAV,2026-09-05T05:36:33.013846+00:00
2018-08-28,40.5183,portal.amfiindia.com / AMFI Historical NAV,2026-09-05T05:36:33.013846+00:00
2018-08-29,40.7497,portal.amfiindia.com / AMFI Historical NAV,2026-09-05T05:36:33.013846+00:00
2018-08-30,41.4873,portal.amfiindia.com / AMFI Historical NAV,2026-09-05T05:36:33.013846+00:00
2018-08-31,41.4123,portal.amfiindia.com / AMFI Historical NAV,2026-09-05T05:36:33.013846+00:00
2018-09-03,41.3276,portal.amfiindia.com / AMFI Historical NAV,2026-09-05T05:36:33.013846+00:00
2018-09-04,40.0109,portal.amfiindia.com / AMFI Historical NAV,2026-09-05T05:36:33.013846+00:00
2018-09-05,40.1006,portal.amfiindia.com / AMFI Historical NAV,2026-09-05T05:36:33.013846+00:00
2018-09-06,40.0339,portal.amfiindia.com / AMFI Historical NAV,2026-09-05T05:36:33.013846+00:00
2018-09-07,39.8773,portal.amfiindia.com / AMFI Historical NAV,2026-09-05T05:36:33.013846+00:00
2018-09-10,40.8087,portal.amfiindia.com / AMFI Historical NAV,2026-09-05T05:36:33.013846+00:00
2018-09-11,40.2703,portal.amfiindia.com / AMFI Historical NAV,2026-09-05T05:36:33.013846+00:00
2018-09-12,38.8831,portal.amfiindia.com / AMFI Historical NAV,2026-09-05T05:36:33.013846+00:00
2018-09-13,37.6126,portal.amfiindia.com / AMFI Historical NAV,2026-09-05T05:36:33.013846+00:00
2018-09-14,38.3792,portal.amfiindia.com / AMFI Historical NAV,2026-09-05T05:36:33.013846+00:00
2018-09-17,37.3725,portal.amfiindia.com / AMFI Historical NAV,2026-09-05T05:36:33.013846+00:00
2018-09-18,38.5205,portal.amfiindia.com / AMFI Historical NAV,2026-09-05T05:36:33.013846+00:00
2018-09-19,36.7834,portal.amfiindia.com / AMFI Historical NAV,2026-09-05T05:36:33.013846+00:00
2018-09-20,37.9409,portal.amfiindia.com / AMFI Historical NAV,2026-09-05T05:36:33.013846+00:00
2018-09-21,37.9112,portal.amfiindia.com / AMFI Historical NAV,2026-09-05T05:36:33.013846+00:00
2018-09-24,38.1977,portal.amfiindia.com / AMFI Historical NAV,2026-09-05T05:36:33.013846+00:00
2018-09-25,38.103,portal.amfiindia.com / AMFI Historical NAV,2026-09-05T05:36:33.013846+00:00
2018-09-26,38.1813,portal.amfiindia.com / AMFI Historical NAV,2026-09-05T05:36:33.013846+00:00
2018-09-27,38.1047,portal.amfiindia.com / AMFI Historical NAV,2026-09-05T05:36:33.013846+00:00
2018-09-28,38.6174,portal.amfiindia.com / AMFI Historical NAV,2026-09-05T05:36:33.013846+00:00
2018-10-01,38.1898,portal.amfiindia.com / AMFI Historical NAV,2026-09-05T05:36:33.013846+00:00
2018-10-02,37.9833,portal.amfiindia.com / AMFI Historical NAV,2026-09-05T05:36:33.013846+00:00
2018-10-03,37.8089,portal.amfiindia.com / AMFI Historical NAV,2026-09-05T05:36:33.013846+00:00
2018-10-04,37.8745,portal.amfiindia.com / AMFI Historical NAV,2026-09-05T05:36:33.013846+00:00
2018-10-05,38.1134,portal.amfiindia.com / AMFI Historical NAV,2026-09-05T05:36:33.013846+00:00
2018-10-08,36.8996,portal.amfiindia.com / AMFI Historical NAV,2026-09-05T05:36:33.013846+00:00
2018-10-09,36.3603,portal.amfiindia.com / AMFI Historical NAV,2026-09-05T05:36:33.013846+00:00
2018-10-10,36.8294,portal.amfiindia.com / AMFI Historical NAV,2026-09-05T05:36:33.013846+00:00
2018-10-11,37.1604,portal.amfiindia.com / AMFI Historical NAV,2026-09-05T05:36:33.013846+00:00
2018-10-12,36.4431,portal.amfiindia.com / AMFI Historical NAV,2026-09-05T05:36:33.013846+00:00
2018-10-15,35.1596,portal.amfiindia.com / AMFI Historical NAV,2026-09-05T05:36:33.013846+00:00
2018-10-16,35.4478,portal.amfiindia.com / AMFI Historical NAV,2026-09-05T05:36:33.013846+00:00
2018-10-17,34.6618,portal.amfiindia.com / AMFI Historical NAV,2026-09-05T05:36:33.013846+00:00
2018-10-18,34.1316,portal.amfiindia.com / AMFI Historical NAV,2026-09-05T05:36:33.013846+00:00
2018-10-19,34.1439,portal.amfiindia.com / AMFI Historical NAV,2026-09-05T05:36:33.013846+00:00
2018-10-22,34.0593,portal.amfiindia.com / AMFI Historical NAV,2026-09-05T05:36:33.013846+00:00
2018-10-23,34.4091,portal.amfiindia.com / AMFI Historical NAV,2026-09-05T05:36:33.013846+00:00
2018-10-24,33.4625,portal.amfiindia.com / AMFI Historical NAV,2026-09-05T05:36:33.013846+00:00
2018-10-25,34.2888,portal.amfiindia.com / AMFI Historical NAV,2026-09-05T05:36:33.013846+00:00
2018-10-26,34.6685,portal.amfiindia.com / AMFI Historical NAV,2026-09-05T05:36:33.013846+00:00
2018-10-29,34.6678,portal.amfiindia.com / AMFI Historical NAV,2026-09-05T05:36:33.013846+00:00
2018-10-30,35.5698,portal.amfiindia.com / AMFI Historical NAV,2026-09-05T05:36:33.013846+00:00
2018-10-31,36.2076,portal.amfiindia.com / AMFI Historical NAV,2026-09-05T05:36:33.013846+00:00
2018-11-01,36.822,portal.amfiindia.com / AMFI Historical NAV,2026-09-05T05:36:33.013846+00:00
2018-11-02,35.4602,portal.amfiindia.com / AMFI Historical NAV,2026-09-05T05:36:33.013846+00:00
2018-11-05,34.9664,portal.amfiindia.com / AMFI Historical NAV,2026-09-05T05:36:33.013846+00:00
2018-11-06,34.7738,portal.amfiindia.com / AMFI Historical NAV,2026-09-05T05:36:33.013846+00:00
2018-11-07,35.3406,portal.amfiindia.com / AMFI Historical NAV,2026-09-05T05:36:33.013846+00:00
2018-11-08,35.1116,portal.amfiindia.com / AMFI Historical NAV,2026-09-05T05:36:33.013846+00:00
2018-11-09,34.6212,portal.amfiindia.com / AMFI Historical NAV,2026-09-05T05:36:33.013846+00:00
2018-11-12,34.9919,portal.amfiindia.com / AMFI Historical NAV,2026-09-05T05:36:33.013846+00:00
2018-11-13,34.7845,portal.amfiindia.com / AMFI Historical NAV,2026-09-05T05:36:33.013846+00:00
2018-11-14,34.5949,portal.amfiindia.com / AMFI Historical NAV,2026-09-05T05:36:33.013846+00:00
2018-11-15,33.6948,portal.amfiindia.com / AMFI Historical NAV,2026-09-05T05:36:33.013846+00:00
2018-11-16,33.1407,portal.amfiindia.com / AMFI Historical NAV,2026-09-05T05:36:33.013846+00:00
2018-11-19,32.9587,portal.amfiindia.com / AMFI Historical NAV,2026-09-05T05:36:33.013846+00:00
2018-11-20,32.5542,portal.amfiindia.com / AMFI Historical NAV,2026-09-05T05:36:33.013846+00:00
2018-11-21,33.1385,portal.amfiindia.com / AMFI Historical NAV,2026-09-05T05:36:33.013846+00:00
2018-11-22,32.7242,portal.amfiindia.com / AMFI Historical NAV,2026-09-05T05:36:33.013846+00:00
2018-11-23,33.5242,portal.amfiindia.com / AMFI Historical NAV,2026-09-05T05:36:33.013846+00:00
2018-11-26,34.0503,portal.amfiindia.com / AMFI Historical NAV,2026-09-05T05:36:33.013846+00:00
2018-11-27,34.3161,portal.amfiindia.com / AMFI Historical NAV,2026-09-05T05:36:33.013846+00:00
2018-11-28,34.6753,portal.amfiindia.com / AMFI Historical NAV,2026-09-05T05:36:33.013846+00:00
2018-11-29,34.7044,portal.amfiindia.com / AMFI Historical NAV,2026-09-05T05:36:33.013846+00:00
2018-11-30,34.732,portal.amfiindia.com / AMFI Historical NAV,2026-09-05T05:36:33.013846+00:00
2018-12-03,34.4075,portal.amfiindia.com / AMFI Historical NAV,2026-09-05T05:36:33.013846+00:00
2018-12-04,35.6314,portal.amfiindia.com / AMFI Historical NAV,2026-09-05T05:36:33.013846+00:00
2018-12-05,35.9313,portal.amfiindia.com / AMFI Historical NAV,2026-09-05T05:36:33.013846+00:00
2018-12-06,35.8294,portal.amfiindia.com / AMFI Historical NAV,2026-09-05T05:36:33.013846+00:00
2018-12-07,35.4672,portal.amfiindia.com / AMFI Historical NAV,2026-09-05T05:36:33.013846+00:00
2018-12-10,35.3023,portal.amfiindia.com / AMFI Historical NAV,2026-09-05T05:36:33.013846+00:00
2018-12-11,35.9228,portal.amfiindia.com / AMFI Historical NAV,2026-09-05T05:36:33.013846+00:00
2018-12-12,35.786,portal.amfiindia.com / AMFI Historical NAV,2026-09-05T05:36:33.013846+00:00
2018-12-13,37.0215,portal.amfiindia.com / AMFI Historical NAV,2026-09-05T05:36:33.013846+00:00
2018-12-14,37.3501,portal.amfiindia.com / AMFI Historical NAV,2026-09-05T05:36:33.013846+00:00
2018-12-17,37.1787,portal.amfiindia.com / AMFI Historical NAV,2026-09-05T05:36:33.013846+00:00
2018-12-18,37.5552,portal.amfiindia.com / AMFI Historical NAV,2026-09-05T05:36:33.013846+00:00
2018-12-19,38.0635,portal.amfiindia.com / AMFI Historical NAV,2026-09-05T05:36:33.013846+00:00
2018-12-20,38.0313,portal.amfiindia.com / AMFI Historical NAV,2026-09-05T05:36:33.013846+00:00
2018-12-21,37.6676,portal.amfiindia.com / AMFI Historical NAV,2026-09-05T05:36:33.013846+00:00
2018-12-24,37.4446,portal.amfiindia.com / AMFI Historical NAV,2026-09-05T05:36:33.013846+00:00
2018-12-25,37.4899,portal.amfiindia.com / AMFI Historical NAV,2026-09-05T05:36:33.013846+00:00
2018-12-26,37.2143,portal.amfiindia.com / AMFI Historical NAV,2026-09-05T05:36:33.013846+00:00
2018-12-27,37.3934,portal.amfiindia.com / AMFI Historical NAV,2026-09-05T05:36:33.013846+00:00
2018-12-28,37.4532,portal.amfiindia.com / AMFI Historical NAV,2026-09-05T05:36:33.013846+00:00
2018-12-31,36.3187,portal.amfiindia.com / AMFI Historical NAV,2026-09-05T05:36:33.013846+00:00
2019-01-01,35.9782,portal.amfiindia.com / AMFI Historical NAV,2026-09-05T05:36:33.013846+00:00
2019-01-02,36.1007,portal.amfiindia.com / AMFI Historical NAV,2026-09-05T05:36:33.013846+00:00
2019-01-03,36.5648,portal.amfiindia.com / AMFI Historical NAV,2026-09-05T05:36:33.013846+00:00
2019-01-04,36.8956,portal.amfiindia.com / AMFI Historical NAV,2026-09-05T05:36:33.013846+00:00
2019-01-07,36.9896,portal.amfiindia.com / AMFI Historical NAV,2026-09-05T05:36:33.013846+00:00
2019-01-08,36.9715,portal.amfiindia.com / AMFI Historical NAV,2026-09-05T05:36:33.013846+00:00
2019-01-09,36.8186,portal.amfiindia.com / AMFI Historical NAV,2026-09-05T05:36:33.013846+00:00
2019-01-10,35.9386,portal.amfiindia.com / AMFI Historical NAV,2026-09-05T05:36:33.013846+00:00
2019-01-11,36.8712,portal.amfiindia.com / AMFI Historical NAV,2026-09-05T05:36:33.013846+00:00
2019-01-14,37.353,portal.amfiindia.com / AMFI Historical NAV,2026-09-05T05:36:33.013846+00:00
2019-01-15,37.862,portal.amfiindia.com / AMFI Historical NAV,2026-09-05T05:36:33.013846+00:00
2019-01-16,37.6649,portal.amfiindia.com / AMFI Historical NAV,2026-09-05T05:36:33.013846+00:00
2019-01-17,36.83,portal.amfiindia.com / AMFI Historical NAV,2026-09-05T05:36:33.013846+00:00
2019-01-18,36.9613,portal.amfiindia.com / AMFI Historical NAV,2026-09-05T05:36:33.013846+00:00
2019-01-21,36.6064,portal.amfiindia.com / AMFI Historical NAV,2026-09-05T05:36:33.013846+00:00
2019-01-22,37.4024,portal.amfiindia.com / AMFI Historical NAV,2026-09-05T05:36:33.013846+00:00
2019-01-23,37.2647,portal.amfiindia.com / AMFI Historical NAV,2026-09-05T05:36:33.013846+00:00
2019-01-24,36.8921,portal.amfiindia.com / AMFI Historical NAV,2026-09-05T05:36:33.013846+00:00
2019-01-25,37.2312,portal.amfiindia.com / AMFI Historical NAV,2026-09-05T05:36:33.013846+00:00
2019-01-28,36.9341,portal.amfiindia.com / AMFI Historical NAV,2026-09-05T05:36:33.013846+00:00
2019-01-29,37.1018,portal.amfiindia.com / AMFI Historical NAV,2026-09-05T05:36:33.013846+00:00
2019-01-30,36.9951,portal.amfiindia.com / AMFI Historical NAV,2026-09-05T05:36:33.013846+00:00
2019-01-31,36.5427,portal.amfiindia.com / AMFI Historical NAV,2026-09-05T05:36:33.013846+00:00
2019-02-01,36.6533,portal.amfiindia.com / AMFI Historical NAV,2026-09-05T05:36:33.013846+00:00
2019-02-04,36.5804,portal.amfiindia.com / AMFI Historical NAV,2026-09-05T05:36:33.013846+00:00
2019-02-05,36.3333,portal.amfiindia.com / AMFI Historical NAV,2026-09-05T05:36:33.013846+00:00
2019-02-06,37.1828,portal.amfiindia.com / AMFI Historical NAV,2026-09-05T05:36:33.013846+00:00
2019-02-07,36.5681,portal.amfiindia.com / AMFI Historical NAV,2026-09-05T05:36:33.013846+00:00
2019-02-08,36.3239,portal.amfiindia.com / AMFI Historical NAV,2026-09-05T05:36:33.013846+00:00
2019-02-11,36.3414,portal.amfiindia.com / AMFI Historical NAV,2026-09-05T05:36:33.013846+00:00
2019-02-12,36.7763,portal.amfiindia.com / AMFI Historical NAV,2026-09-05T05:36:33.013846+00:00
2019-02-13,36.7751,portal.amfiindia.com / AMFI Historical NAV,2026-09-05T05:36:33.013846+00:00
2019-02-14,37.4845,portal.amfiindia.com / AMFI Historical NAV,2026-09-05T05:36:33.013846+00:00
2019-02-15,37.4864,portal.amfiindia.com / AMFI Historical NAV,2026-09-05T05:36:33.013846+00:00
2019-02-18,37.8536,portal.amfiindia.com / AMFI Historical NAV,2026-09-05T05:36:33.013846+00:00
2019-02-19,38.4855,portal.amfiindia.com / AMFI Historical NAV,2026-09-05T05:36:33.013846+00:00
2019-02-20,38.7442,portal.amfiindia.com / AMFI Historical NAV,2026-09-05T05:36:33.013846+00:00
2019-02-21,38.9405,portal.amfiindia.com / AMFI Historical NAV,2026-09-05T05:36:33.013846+00:00
2019-02-22,38.7532,portal.amfiindia.com / AMFI Historical NAV,2026-09-05T05:36:33.013846+00:00
2019-02-25,39.4868,portal.amfiindia.com / AMFI Historical NAV,2026-09-05T05:36:33.013846+00:00
2019-02-26,40.8157,portal.amfiindia.com / AMFI Historical NAV,2026-09-05T05:36:33.013846+00:00
2019-02-27,40.7017,portal.amfiindia.com / AMFI Historical NAV,2026-09-05T05:36:33.013846+00:00
2019-02-28,40.6407,portal.amfiindia.com / AMFI Historical NAV,2026-09-05T05:36:33.013846+00:00
2019-03-01,41.3302,portal.amfiindia.com / AMFI Historical NAV,2026-09-05T05:36:33.013846+00:00
2019-03-04,42.2368,portal.amfiindia.com / AMFI Historical NAV,2026-09-05T05:36:33.013846+00:00
2019-03-05,41.52,portal.amfiindia.com / AMFI Historical NAV,2026-09-05T05:36:33.013846+00:00
2019-03-06,41.21,portal.amfiindia.com / AMFI Historical NAV,2026-09-05T05:36:33.013846+00:00
2019-03-07,41.6109,portal.amfiindia.com / AMFI Historical NAV,2026-09-05T05:36:33.013846+00:00
2019-03-08,41.0394,portal.amfiindia.com / AMFI Historical NAV,2026-09-05T05:36:33.013846+00:00
2019-03-11,40.5775,portal.amfiindia.com / AMFI Historical NAV,2026-09-05T05:36:33.013846+00:00
2019-03-12,40.7758,portal.amfiindia.com / AMFI Historical NAV,2026-09-05T05:36:33.013846+00:00
2019-03-13,39.9051,portal.amfiindia.com / AMFI Historical NAV,2026-09-05T05:36:33.013846+00:00
2019-03-14,39.5235,portal.amfiindia.com / AMFI Historical NAV,2026-09-05T05:36:33.013846+00:00
2019-03-15,40.2877,portal.amfiindia.com / AMFI Historical NAV,2026-09-05T05:36:33.013846+00:00
2019-03-18,41.1517,portal.amfiindia.com / AMFI Historical NAV,2026-09-05T05:36:33.013846+00:00
2019-03-19,40.5637,portal.amfiindia.com / AMFI Historical NAV,2026-09-05T05:36:33.013846+00:00
2019-03-20,40.6805,portal.amfiindia.com / AMFI Historical NAV,2026-09-05T05:36:33.013846+00:00
2019-03-21,40.7668,portal.amfiindia.com / AMFI Historical NAV,2026-09-05T05:36:33.013846+00:00
2019-03-22,40.976,portal.amfiindia.com / AMFI Historical NAV,2026-09-05T05:36:33.013846+00:00
2019-03-25,40.9677,portal.amfiindia.com / AMFI Historical NAV,2026-09-05T05:36:33.013846+00:00
2019-03-26,40.3539,portal.amfiindia.com / AMFI Historical NAV,2026-09-05T05:36:33.013846+00:00
2019-03-27,40.468,portal.amfiindia.com / AMFI Historical NAV,2026-09-05T05:36:33.013846+00:00
2019-03-28,40.6842,portal.amfiindia.com / AMFI Historical NAV,2026-09-05T05:36:33.013846+00:00
2019-03-29,40.5704,portal.amfiindia.com / AMFI Historical NAV,2026-09-05T05:36:33.013846+00:00
2019-04-01,41.2156,portal.amfiindia.com / AMFI Historical NAV,2026-09-05T05:36:33.013846+00:00
2019-04-02,42.9069,portal.amfiindia.com / AMFI Historical NAV,2026-09-05T05:36:33.013846+00:00
2019-04-03,42.4485,portal.amfiindia.com / AMFI Historical NAV,2026-09-05T05:36:33.013846+00:00
2019-04-04,42.1099,portal.amfiindia.com / AMFI Historical NAV,2026-09-05T05:36:33.013846+00:00
2019-04-05,41.7539,portal.amfiindia.com / AMFI Historical NAV,2026-09-05T05:36:33.013846+00:00
2019-04-08,41.1965,portal.amfiindia.com / AMFI Historical NAV,2026-09-05T05:36:33.013846+00:00
2019-04-09,40.7268,portal.amfiindia.com / AMFI Historical NAV,2026-09-05T05:36:33.013846+00:00
2019-04-10,41.2929,portal.amfiindia.com / AMFI Historical NAV,2026-09-05T05:36:33.013846+00:00
2019-04-11,42.6909,portal.amfiindia.com / AMFI Historical NAV,2026-09-05T05:36:33.013846+00:00
2019-04-12,42.7752,portal.amfiindia.com / AMFI Historical NAV,2026-09-05T05:36:33.013846+00:00
2019-04-15,42.7096,portal.amfiindia.com / AMFI Historical NAV,2026-09-05T05:36:33.013846+00:00
2019-04-16,43.1509,portal.amfiindia.com / AMFI Historical NAV,2026-09-05T05:36:33.013846+00:00
2019-04-17,42.445,portal.amfiindia.com / AMFI Historical NAV,2026-09-05T05:36:33.013846+00:00
2019-04-18,42.8155,portal.amfiindia.com / AMFI Historical NAV,2026-09-05T05:36:33.013846+00:00
2019-04-19,43.3399,portal.amfiindia.com / AMFI Historical NAV,2026-09-05T05:36:33.013846+00:00
2019-04-22,42.033,portal.amfiindia.com / AMFI Historical NAV,2026-09-05T05:36:33.013846+00:00
2019-04-23,43.1562,portal.amfiindia.com / AMFI Historical NAV,2026-09-05T05:36:33.013846+00:00
2019-04-24,45.1036,portal.amfiindia.com / AMFI Historical NAV,2026-09-05T05:36:33.013846+00:00
2019-04-25,45.2148,portal.amfiindia.com / AMFI Historical NAV,2026-09-05T05:36:33.013846+00:00
2019-04-26,45.6019,portal.amfiindia.com / AMFI Historical NAV,2026-09-05T05:36:33.013846+00:00
2019-04-29,45.9009,portal.amfiindia.com / AMFI Historical NAV,2026-09-05T05:36:33.013846+00:00
2019-04-30,46.5405,portal.amfiindia.com / AMFI Historical NAV,2026-09-05T05:36:33.013846+00:00
2019-05-01,46.679,portal.amfiindia.com / AMFI Historical NAV,2026-09-05T05:36:33.013846+00:00
2019-05-02,48.274,portal.amfiindia.com / AMFI Historical NAV,2026-09-05T05:36:33.013846+00:00
2019-05-03,48.4895,portal.amfiindia.com / AMFI Historical NAV,2026-09-05T05:36:33.013846+00:00
2019-05-06,48.1552,portal.amfiindia.com / AMFI Historical NAV,2026-09-05T05:36:33.013846+00:00
2019-05-07,47.9043,portal.amfiindia.com / AMFI Historical NAV,2026-09-05T05:36:33.013846+00:00
2019-05-08,47.2587,portal.amfiindia.com / AMFI Historical NAV,2026-09-05T05:36:33.013846+00:00
2019-05-09,47.2001,portal.amfiindia.com / AMFI Historical NAV,2026-09-05T05:36:33.013846+00:00
2019-05-10,48.3831,portal.amfiindia.com / AMFI Historical NAV,2026-09-05T05:36:33.013846+00:00
2019-05-13,47.6515,portal.amfiindia.com / AMFI Historical NAV,2026-09-05T05:36:33.013846+00:00
2019-05-14,47.9292,portal.amfiindia.com / AMFI Historical NAV,2026-09-05T05:36:33.013846+00:00
2019-05-15,47.2194,portal.amfiindia.com / AMFI Historical NAV,2026-09-05T05:36:33.013846+00:00
2019-05-16,48.4352,portal.amfiindia.com / AMFI Historical NAV,2026-09-05T05:36:33.013846+00:00
2019-05-17,50.089,portal.amfiindia.com / AMFI Historical NAV,2026-09-05T05:36:33.013846+00:00
2019-05-20,49.5523,portal.amfiindia.com / AMFI Historical NAV,2026-09-05T05:36:33.013846+00:00
2019-05-21,48.9083,portal.amfiindia.com / AMFI Historical NAV,2026-09-05T05:36:33.013846+00:00
2019-05-22,49.5117,portal.amfiindia.com / AMFI Historical NAV,2026-09-05T05:36:33.013846+00:00
2019-05-23,50.3006,portal.amfiindia.com / AMFI Historical NAV,2026-09-05T05:36:33.013846+00:00
2019-05-24,51.8002,portal.amfiindia.com / AMFI Historical NAV,2026-09-05T05:36:33.013846+00:00
2019-05-27,51.9098,portal.amfiindia.com / AMFI Historical NAV,2026-09-05T05:36:33.013846+00:00
2019-05-28,51.3175,portal.amfiindia.com / AMFI Historical NAV,2026-09-05T05:36:33.013846+00:00
2019-05-29,52.0598,portal.amfiindia.com / AMFI Historical NAV,2026-09-05T05:36:33.013846+00:00
2019-05-30,52.5173,portal.amfiindia.com / AMFI Historical NAV,2026-09-05T05:36:33.013846+00:00
2019-05-31,53.1517,portal.amfiindia.com / AMFI Historical NAV,2026-09-05T05:36:33.013846+00:00
2019-06-03,53.6079,portal.amfiindia.com / AMFI Historical NAV,2026-09-05T05:36:33.013846+00:00
2019-06-04,54.5488,portal.amfiindia.com / AMFI Historical NAV,2026-09-05T05:36:33.013846+00:00
2019-06-05,55.847,portal.amfiindia.com / AMFI Historical NAV,2026-09-05T05:36:33.013846+00:00
2019-06-06,56.2646,portal.amfiindia.com / AMFI Historical NAV,2026-09-05T05:36:33.013846+00:00
2019-06-07,55.8205,portal.amfiindia.com / AMFI Historical NAV,2026-09-05T05:36:33.013846+00:00
2019-06-10,55.463,portal.amfiindia.com / AMFI Historical NAV,2026-09-05T05:36:33.013846+00:00
2019-06-11,56.5166,portal.amfiindia.com / AMFI Historical NAV,2026-09-05T05:36:33.013846+00:00
2019-06-12,58.4811,portal.amfiindia.com / AMFI Historical NAV,2026-09-05T05:36:33.013846+00:00
2019-06-13,58.875,portal.amfiindia.com / AMFI Historical NAV,2026-09-05T05:36:33.013846+00:00
2019-06-14,59.1064,portal.amfiindia.com / AMFI Historical NAV,2026-09-05T05:36:33.013846+00:00
2019-06-17,57.9079,portal.amfiindia.com / AMFI Historical NAV,2026-09-05T05:36:33.013846+00:00
2019-06-18,56.759,portal.amfiindia.com / AMFI Historical NAV,2026-09-05T05:36:33.013846+00:00
2019-06-19,57.4384,portal.amfiindia.com / AMFI Historical NAV,2026-09-05T05:36:33.013846+00:00
2019-06-20,57.5289,portal.amfiindia.com / AMFI Historical NAV,2026-09-05T05:36:33.013846+00:00
2019-06-21,58.2874,portal.amfiindia.com / AMFI Historical NAV,2026-09-05T05:36:33.013846+00:00
2019-06-24,57.7632,portal.amfiindia.com / AMFI Historical NAV,2026-09-05T05:36:33.013846+00:00
2019-06-25,58.4924,portal.amfiindia.com / AMFI Historical NAV,2026-09-05T05:36:33.013846+00:00
2019-06-26,58.5659,portal.amfiindia.com / AMFI Historical NAV,2026-09-05T05:36:33.013846+00:00
2019-06-27,59.7578,portal.amfiindia.com / AMFI Historical NAV,2026-09-05T05:36:33.013846+00:00
2019-06-28,59.7076,portal.amfiindia.com / AMFI Historical NAV,2026-09-05T05:36:33.013846+00:00
2019-07-01,60.3046,portal.amfiindia.com / AMFI Historical NAV,2026-09-05T05:36:33.013846+00:00
2019-07-02,60.7655,portal.amfiindia.com / AMFI Historical NAV,2026-09-05T05:36:33.013846+00:00
2019-07-03,61.499,portal.amfiindia.com / AMFI Historical NAV,2026-09-05T05:36:33.013846+00:00
2019-07-04,61.8368,portal.amfiindia.com / AMFI Historical NAV,2026-09-05T05:36:33.013846+00:00
2019-07-05,62.3522,portal.amfiindia.com / AMFI Historical NAV,2026-09-05T05:36:33.013846+00:00
2019-07-08,62.2987,portal.amfiindia.com / AMFI Historical NAV,2026-09-05T05:36:33.013846+00:00
2019-07-09,62.0646,portal.amfiindia.com / AMFI Historical NAV,2026-09-05T05:36:33.013846+00:00
2019-07-10,62.1433,portal.amfiindia.com / AMFI Historical NAV,2026-09-05T05:36:33.013846+00:00
2019-07-11,62.2233,portal.amfiindia.com / AMFI Historical NAV,2026-09-05T05:36:33.013846+00:00
2019-07-12,64.0361,portal.amfiindia.com / AMFI Historical NAV,2026-09-05T05:36:33.013846+00:00
2019-07-15,63.5264,portal.amfiindia.com / AMFI Historical NAV,2026-09-05T05:36:33.013846+00:00
2019-07-16,63.4136,portal.amfiindia.com / AMFI Historical NAV,2026-09-05T05:36:33.013846+00:00
2019-07-17,62.8861,portal.amfiindia.com / AMFI Historical NAV,2026-09-05T05:36:33.013846+00:00
2019-07-18,63.954,portal.amfiindia.com / AMFI Historical NAV,2026-09-05T05:36:33.013846+00:00
2019-07-19,62.3243,portal.amfiindia.com / AMFI Historical NAV,2026-09-05T05:36:33.013846+00:00
2019-07-22,61.4141,portal.amfiindia.com / AMFI Historical NAV,2026-09-05T05:36:33.013846+00:00
2019-07-23,62.1567,portal.amfiindia.com / AMFI Historical NAV,2026-09-05T05:36:33.013846+00:00
2019-07-24,63.9489,portal.amfiindia.com / AMFI Historical NAV,2026-09-05T05:36:33.013846+00:00
2019-07-25,64.2977,portal.amfiindia.com / AMFI Historical NAV,2026-09-05T05:36:33.013846+00:00
2019-07-26,64.7668,portal.amfiindia.com / AMFI Historical NAV,2026-09-05T05:36:33.013846+00:00
2019-07-29,66.0915,portal.amfiindia.com / AMFI Historical NAV,2026-09-05T05:36:33.013846+00:00
2019-07-30,65.9011,portal.amfiindia.com / AMFI Historical NAV,2026-09-05T05:36:33.013846+00:00
2019-07-31,63.5407,portal.amfiindia.com / AMFI Historical NAV,2026-09-05T05:36:33.013846+00:00
2019-08-01,63.3806,portal.amfiindia.com / AMFI Historical NAV,2026-09-05T05:36:33.013846+00:00
2019-08-02,62.0185,portal.amfiindia.com / AMFI Historical NAV,2026-09-05T05:36:33.013846+00:00
2019-08-05,61.0006,portal.amfiindia.com / AMFI Historical NAV,2026-09-05T05:36:33.013846+00:00
2019-08-06,61.3391,portal.amfiindia.com / AMFI Historical NAV,2026-09-05T05:36:33.013846+00:00
2019-08-07,61.8776,portal.amfiindia.com / AMFI Historical NAV,2026-09-05T05:36:33.013846+00:00
2019-08-08,61.6138,portal.amfiindia.com / AMFI Historical NAV,2026-09-05T05:36:33.013846+00:00
2019-08-09,59.9807,portal.amfiindia.com / AMFI Historical NAV,2026-09-05T05:36:33.013846+00:00
2019-08-12,60.5014,portal.amfiindia.com / AMFI Historical NAV,2026-09-05T05:36:33.013846+00:00
2019-08-13,60.8635,portal.amfiindia.com / AMFI Historical NAV,2026-09-05T05:36:33.013846+00:00
2019-08-14,59.8655,portal.amfiindia.com / AMFI Historical NAV,2026-09-05T05:36:33.013846+00:00
2019-08-15,60.8265,portal.amfiindia.com / AMFI Historical NAV,2026-09-05T05:36:33.013846+00:00
2019-08-16,59.6116,portal.amfiindia.com / AMFI Historical NAV,2026-09-05T05:36:33.013846+00:00
2019-08-19,59.2507,portal.amfiindia.com / AMFI Historical NAV,2026-09-05T05:36:33.013846+00:00
2019-08-20,58.8716,portal.amfiindia.com / AMFI Historical NAV,2026-09-05T05:36:33.013846+00:00
2019-08-21,59.2391,portal.amfiindia.com / AMFI Historical NAV,2026-09-05T05:36:33.013846+00:00
2019-08-22,58.6793,portal.amfiindia.com / AMFI Historical NAV,2026-09-05T05:36:33.013846+00:00
2019-08-23,59.1773,portal.amfiindia.com / AMFI Historical NAV,2026-09-05T05:36:33.013846+00:00
2019-08-26,60.1929,portal.amfiindia.com / AMFI Historical NAV,2026-09-05T05:36:33.013846+00:00
2019-08-27,58.1837,portal.amfiindia.com / AMFI Historical NAV,2026-09-05T05:36:33.013846+00:00
2019-08-28,58.9573,portal.amfiindia.com / AMFI Historical NAV,2026-09-05T05:36:33.013846+00:00
2019-08-29,59.209,portal.amfiindia.com / AMFI Historical NAV,2026-09-05T05:36:33.013846+00:00
2019-08-30,60.4642,portal.amfiindia.com / AMFI Historical NAV,2026-09-05T05:36:33.013846+00:00
2019-09-02,60.4172,portal.amfiindia.com / AMFI Historical NAV,2026-09-05T05:36:33.013846+00:00
2019-09-03,60.6627,portal.amfiindia.com / AMFI Historical NAV,2026-09-05T05:36:33.013846+00:00
2019-09-04,60.839,portal.amfiindia.com / AMFI Historical NAV,2026-09-05T05:36:33.013846+00:00
2019-09-05,61.3068,portal.amfiindia.com / AMFI Historical NAV,2026-09-05T05:36:33.013846+00:00
2019-09-06,62.5332,portal.amfiindia.com / AMFI Historical NAV,2026-09-05T05:36:33.013846+00:00
2019-09-09,63.2345,portal.amfiindia.com / AMFI Historical NAV,2026-09-05T05:36:33.013846+00:00
2019-09-10,64.021,portal.amfiindia.com / AMFI Historical NAV,2026-09-05T05:36:33.013846+00:00
2019-09-11,64.2167,portal.amfiindia.com / AMFI Historical NAV,2026-09-05T05:36:33.013846+00:00
2019-09-12,63.7081,portal.amfiindia.com / AMFI Historical NAV,2026-09-05T05:36:33.013846+00:00
2019-09-13,65.4259,portal.amfiindia.com / AMFI Historical NAV,2026-09-05T05:36:33.013846+00:00
2019-09-16,65.4507,portal.amfiindia.com / AMFI Historical NAV,2026-09-05T05:36:33.013846+00:00
2019-09-17,67.5419,portal.amfiindia.com / AMFI Historical NAV,2026-09-05T05:36:33.013846+00:00
2019-09-18,66.7659,portal.amfiindia.com / AMFI Historical NAV,2026-09-05T05:36:33.013846+00:00
2019-09-19,65.3024,portal.amfiindia.com / AMFI Historical NAV,2026-09-05T05:36:33.013846+00:00
2019-09-20,65.952,portal.amfiindia.com / AMFI Historical NAV,2026-09-05T05:36:33.013846+00:00
2019-09-23,65.4505,portal.amfiindia.com / AMFI Historical NAV,2026-09-05T05:36:33.013846+00:00
2019-09-24,65.5905,portal.amfiindia.com / AMFI Historical NAV,2026-09-05T05:36:33.013846+00:00
2019-09-25,65.362,portal.amfiindia.com / AMFI Historical NAV,2026-09-05T05:36:33.013846+00:00
2019-09-26,64.6196,portal.amfiindia.com / AMFI Historical NAV,2026-09-05T05:36:33.013846+00:00
2019-09-27,64.1325,portal.amfiindia.com / AMFI Historical NAV,2026-09-05T05:36:33.013846+00:00
2019-09-30,64.7031,portal.amfiindia.com / AMFI Historical NAV,2026-09-05T05:36:33.013846+00:00
2019-10-01,63.0727,portal.amfiindia.com / AMFI Historical NAV,2026-09-05T05:36:33.013846+00:00
2019-10-02,62.6018,portal.amfiindia.com / AMFI Historical NAV,2026-09-05T05:36:33.013846+00:00
2019-10-03,63.3119,portal.amfiindia.com / AMFI Historical NAV,2026-09-05T05:36:33.013846+00:00
2019-10-04,64.4502,portal.amfiindia.com / AMFI Historical NAV,2026-09-05T05:36:33.013846+00:00
2019-10-07,65.7202,portal.amfiindia.com / AMFI Historical NAV,2026-09-05T05:36:33.013846+00:00
2019-10-08,65.0968,portal.amfiindia.com / AMFI Historical NAV,2026-09-05T05:36:33.013846+00:00
2019-10-09,64.9639,portal.amfiindia.com / AMFI Historical NAV,2026-09-05T05:36:33.013846+00:00
2019-10-10,64.021,portal.amfiindia.com / AMFI Historical NAV,2026-09-05T05:36:33.013846+00:00
2019-10-11,63.0651,portal.amfiindia.com / AMFI Historical NAV,2026-09-05T05:36:33.013846+00:00
2019-10-14,64.8202,portal.amfiindia.com / AMFI Historical NAV,2026-09-05T05:36:33.013846+00:00
2019-10-15,66.1679,portal.amfiindia.com / AMFI Historical NAV,2026-09-05T05:36:33.013846+00:00
2019-10-16,66.336,portal.amfiindia.com / AMFI Historical NAV,2026-09-05T05:36:33.013846+00:00
2019-10-17,66.0941,portal.amfiindia.com / AMFI Historical NAV,2026-09-05T05:36:33.013846+00:00
2019-10-18,65.1551,portal.amfiindia.com / AMFI Historical NAV,2026-09-05T05:36:33.013846+00:00
2019-10-21,63.1923,portal.amfiindia.com / AMFI Historical NAV,2026-09-05T05:36:33.013846+00:00
2019-10-22,62.8715,portal.amfiindia.com / AMFI Historical NAV,2026-09-05T05:36:33.013846+00:00
2019-10-23,62.192,portal.amfiindia.com / AMFI Historical NAV,2026-09-05T05:36:33.013846+00:00
2019-10-24,61.7828,portal.amfiindia.com / AMFI Historical NAV,2026-09-05T05:36:33.013846+00:00
2019-10-25,62.7153,portal.amfiindia.com / AMFI Historical NAV,2026-09-05T05:36:33.013846+00:00
2019-10-28,64.3055,portal.amfiindia.com / AMFI Historical NAV,2026-09-05T05:36:33.013846+00:00
2019-10-29,64.7721,portal.amfiindia.com / AMFI Historical NAV,2026-09-05T05:36:33.013846+00:00
2019-10-30,64.1967,portal.amfiindia.com / AMFI Historical NAV,2026-09-05T05:36:33.013846+00:00
2019-10-31,64.8026,portal.amfiindia.com / AMFI Historical NAV,2026-09-05T05:36:33.013846+00:00
2019-11-01,65.555,portal.amfiindia.com / AMFI Historical NAV,2026-09-05T05:36:33.013846+00:00
2019-11-04,66.4713,portal.amfiindia.com / AMFI Historical NAV,2026-09-05T05:36:33.013846+00:00
2019-11-05,66.8507,portal.amfiindia.com / AMFI Historical NAV,2026-09-05T05:36:33.013846+00:00
2019-11-06,66.4731,portal.amfiindia.com / AMFI Historical NAV,2026-09-05T05:36:33.013846+00:00
2019-11-07,67.4084,portal.amfiindia.com / AMFI Historical NAV,2026-09-05T05:36:33.013846+00:00
2019-11-08,68.0753,portal.amfiindia.com / AMFI Historical NAV,2026-09-05T05:36:33.013846+00:00
2019-11-11,67.8415,portal.amfiindia.com / AMFI Historical NAV,2026-09-05T05:36:33.013846+00:00
2019-11-12,68.8499,portal.amfiindia.com / AMFI Historical NAV,2026-09-05T05:36:33.013846+00:00
2019-11-13,69.4338,portal.amfiindia.com / AMFI Historical NAV,2026-09-05T05:36:33.013846+00:00
2019-11-14,68.3266,portal.amfiindia.com / AMFI Historical NAV,2026-09-05T05:36:33.013846+00:00
2019-11-15,68.8774,portal.amfiindia.com / AMFI Historical NAV,2026-09-05T05:36:33.013846+00:00
2019-11-18,69.3833,portal.amfiindia.com / AMFI Historical NAV,2026-09-05T05:36:33.013846+00:00
2019-11-19,71.1769,portal.amfiindia.com / AMFI Historical NAV,2026-09-05T05:36:33.013846+00:00
2019-11-20,69.524,portal.amfiindia.com / AMFI Historical NAV,2026-09-05T05:36:33.013846+00:00
2019-11-21,71.453,portal.amfiindia.com / AMFI Historical NAV,2026-09-05T05:36:33.013846+00:00
2019-11-22,70.7735,portal.amfiindia.com / AMFI Historical NAV,2026-09-05T05:36:33.013846+00:00
2019-11-25,70.3252,portal.amfiindia.com / AMFI Historical NAV,2026-09-05T05:36:33.013846+00:00
2019-11-26,70.0953,portal.amfiindia.com / AMFI Historical NAV,2026-09-05T05:36:33.013846+00:00
2019-11-27,70.4234,portal.amfiindia.com / AMFI Historical NAV,2026-09-05T05:36:33.013846+00:00
2019-11-28,72.0026,portal.amfiindia.com / AMFI Historical NAV,2026-09-05T05:36:33.013846+00:00
2019-11-29,71.6706,portal.amfiindia.com / AMFI Historical NAV,2026-09-05T05:36:33.013846+00:00
2019-12-02,71.165,portal.amfiindia.com / AMFI Historical NAV,2026-09-05T05:36:33.013846+00:00
2019-12-03,71.0277,portal.amfiindia.com / AMFI Historical NAV,2026-09-05T05:36:33.013846+00:00
2019-12-04,73.3452,portal.amfiindia.com / AMFI Historical NAV,2026-09-05T05:36:33.013846+00:00
2019-12-05,75.199,portal.amfiindia.com / AMFI Historical NAV,2026-09-05T05:36:33.013846+00:00
2019-12-06,75.4527,portal.amfiindia.com / AMFI Historical NAV,2026-09-05T05:36:33.013846+00:00
2019-12-09,75.2566,portal.amfiindia.com / AMFI Historical NAV,2026-09-05T05:36:33.013846+00:00
2019-12-10,74.6837,portal.amfiindia.com / AMFI Historical NAV,2026-09-05T05:36:33.013846+00:00
2019-12-11,76.0087,portal.amfiindia.com / AMFI Historical NAV,2026-09-05T05:36:33.013846+00:00
2019-12-12,75.3787,portal.amfiindia.com / AMFI Historical NAV,2026-09-05T05:36:33.013846+00:00
2019-12-13,75.8151,portal.amfiindia.com / AMFI Historical NAV,2026-09-05T05:36:33.013846+00:00
2019-12-16,74.0251,portal.amfiindia.com / AMFI Historical NAV,2026-09-05T05:36:33.013846+00:00
2019-12-17,74.0364,portal.amfiindia.com / AMFI Historical NAV,2026-09-05T05:36:33.013846+00:00
2019-12-18,74.0056,portal.amfiindia.com / AMFI Historical NAV,2026-09-05T05:36:33.013846+00:00
2019-12-19,73.8446,portal.amfiindia.com / AMFI Historical NAV,2026-09-05T05:36:33.013846+00:00
2019-12-20,74.7291,portal.amfiindia.com / AMFI Historical NAV,2026-09-05T05:36:33.013846+00:00
2019-12-23,74.847,portal.amfiindia.com / AMFI Historical NAV,2026-09-05T05:36:33.013846+00:00
2019-12-24,72.6068,portal.amfiindia.com / AMFI Historical NAV,2026-09-05T05:36:33.013846+00:00
2019-12-25,73.061,portal.amfiindia.com / AMFI Historical NAV,2026-09-05T05:36:33.013846+00:00
2019-12-26,75.1498,portal.amfiindia.com / AMFI Historical NAV,2026-09-05T05:36:33.013846+00:00
2019-12-27,77.2658,portal.amfiindia.com / AMFI Historical NAV,2026-09-05T05:36:33.013846+00:00
2019-12-30,76.9947,portal.amfiindia.com / AMFI Historical NAV,2026-09-05T05:36:33.013846+00:00
2019-12-31,77.4706,portal.amfiindia.com / AMFI Historical NAV,2026-09-05T05:36:33.013846+00:00
2020-01-01,76.5362,portal.amfiindia.com / AMFI Historical NAV,2026-09-05T05:36:33.013846+00:00
2020-01-02,76.9618,portal.amfiindia.com / AMFI Historical NAV,2026-09-05T05:36:33.013846+00:00
2020-01-03,78.9565,portal.amfiindia.com / AMFI Historical NAV,2026-09-05T05:36:33.013846+00:00
2020-01-06,79.3833,portal.amfiindia.com / AMFI Historical NAV,2026-09-05T05:36:33.013846+00:00
2020-01-07,77.0122,portal.amfiindia.com / AMFI Historical NAV,2026-09-05T05:36:33.013846+00:00
2020-01-08,76.854,portal.amfiindia.com / AMFI Historical NAV,2026-09-05T05:36:33.013846+00:00
2020-01-09,77.6218,portal.amfiindia.com / AMFI Historical NAV,2026-09-05T05:36:33.013846+00:00
2020-01-10,76.979,portal.amfiindia.com / AMFI Historical NAV,2026-09-05T05:36:33.013846+00:00
2020-01-13,78.5504,portal.amfiindia.com / AMFI Historical NAV,2026-09-05T05:36:33.013846+00:00
2020-01-14,79.5995,portal.amfiindia.com / AMFI Historical NAV,2026-09-05T05:36:33.013846+00:00
2020-01-15,80.1574,portal.amfiindia.com / AMFI Historical NAV,2026-09-05T05:36:33.013846+00:00
2020-01-16,79.3655,portal.amfiindia.com / AMFI Historical NAV,2026-09-05T05:36:33.013846+00:00
2020-01-17,78.3254,portal.amfiindia.com / AMFI Historical NAV,2026-09-05T05:36:33.013846+00:00
2020-01-20,79.3588,portal.amfiindia.com / AMFI Historical NAV,2026-09-05T05:36:33.013846+00:00
2020-01-21,80.7815,portal.amfiindia.com / AMFI Historical NAV,2026-09-05T05:36:33.013846+00:00
2020-01-22,79.8944,portal.amfiindia.com / AMFI Historical NAV,2026-09-05T05:36:33.013846+00:00
2020-01-23,79.095,portal.amfiindia.com / AMFI Historical NAV,2026-09-05T05:36:33.013846+00:00
2020-01-24,79.3468,portal.amfiindia.com / AMFI Historical NAV,2026-09-05T05:36:33.013846+00:00
2020-01-27,76.0878,portal.amfiindia.com / AMFI Historical NAV,2026-09-05T05:36:33.013846+00:00
2020-01-28,77.6762,portal.amfiindia.com / AMFI Historical NAV,2026-09-05T05:36:33.013846+00:00
2020-01-29,75.9123,portal.amfiindia.com / AMFI Historical NAV,2026-09-05T05:36:33.013846+00:00
2020-01-30,75.5685,portal.amfiindia.com / AMFI Historical NAV,2026-09-05T05:36:33.013846+00:00
2020-01-31,75.428,portal.amfiindia.com / AMFI Historical NAV,2026-09-05T05:36:33.013846+00:00
2020-02-03,73.7517,portal.amfiindia.com / AMFI Historical NAV,2026-09-05T05:36:33.013846+00:00
2020-02-04,76.1666,portal.amfiindia.com / AMFI Historical NAV,2026-09-05T05:36:33.013846+00:00
2020-02-05,75.3099,portal.amfiindia.com / AMFI Historical NAV,2026-09-05T05:36:33.013846+00:00
2020-02-06,75.7755,portal.amfiindia.com / AMFI Historical NAV,2026-09-05T05:36:33.013846+00:00
2020-02-07,75.6038,portal.amfiindia.com / AMFI Historical NAV,2026-09-05T05:36:33.013846+00:00
2020-02-10,76.2228,portal.amfiindia.com / AMFI Historical NAV,2026-09-05T05:36:33.013846+00:00
2020-02-11,76.6706,portal.amfiindia.com / AMFI Historical NAV,2026-09-05T05:36:33.013846+00:00
2020-02-12,75.7583,portal.amfiindia.com / AMFI Historical NAV,2026-09-05T05:36:33.013846+00:00
2020-02-13,76.2923,portal.amfiindia.com / AMFI Historical NAV,2026-09-05T05:36:33.013846+00:00
2020-02-14,75.0983,portal.amfiindia.com / AMFI Historical NAV,2026-09-05T05:36:33.013846+00:00
2020-02-17,69.2702,portal.amfiindia.com / AMFI Historical NAV,2026-09-05T05:36:33.013846+00:00
2020-02-18,65.8936,portal.amfiindia.com / AMFI Historical NAV,2026-09-05T05:36:33.013846+00:00
2020-02-19,69.6621,portal.amfiindia.com / AMFI Historical NAV,2026-09-05T05:36:33.013846+00:00
2020-02-20,69.9611,portal.amfiindia.com / AMFI Historical NAV,2026-09-05T05:36:33.013846+00:00
2020-02-21,66.9542,portal.amfiindia.com / AMFI Historical NAV,2026-09-05T05:36:33.013846+00:00
2020-02-24,64.1663,portal.amfiindia.com / AMFI Historical NAV,2026-09-05T05:36:33.013846+00:00
2020-02-25,61.9286,portal.amfiindia.com / AMFI Historical NAV,2026-09-05T05:36:33.013846+00:00
2020-02-26,65.3254,portal.amfiindia.com / AMFI Historical NAV,2026-09-05T05:36:33.013846+00:00
2020-02-27,65.1374,portal.amfiindia.com / AMFI Historical NAV,2026-09-05T05:36:33.013846+00:00
2020-02-28,64.3334,portal.amfiindia.com / AMFI Historical NAV,2026-09-05T05:36:33.013846+00:00
2020-03-02,66.3004,portal.amfiindia.com / AMFI Historical NAV,2026-09-05T05:36:33.013846+00:00
2020-03-03,64.9233,portal.amfiindia.com / AMFI Historical NAV,2026-09-05T05:36:33.013846+00:00
2020-03-04,62.0838,portal.amfiindia.com / AMFI Historical NAV,2026-09-05T05:36:33.013846+00:00
2020-03-05,59.8859,portal.amfiindia.com / AMFI Historical NAV,2026-09-05T05:36:33.013846+00:00
2020-03-06,57.7151,portal.amfiindia.com / AMFI Historical NAV,2026-09-05T05:36:33.013846+00:00
2020-03-09,56.0207,portal.amfiindia.com / AMFI Historical NAV,2026-09-05T05:36:33.013846+00:00
2020-03-10,56.1308,portal.amfiindia.com / AMFI Historical NAV,2026-09-05T05:36:33.013846+00:00
2020-03-11,54.0443,portal.amfiindia.com / AMFI Historical NAV,2026-09-05T05:36:33.013846+00:00
2020-03-12,55.2394,portal.amfiindia.com / AMFI Historical NAV,2026-09-05T05:36:33.013846+00:00
2020-03-13,53.091,portal.amfiindia.com / AMFI Historical NAV,2026-09-05T05:36:33.013846+00:00
2020-03-16,51.978,portal.amfiindia.com / AMFI Historical NAV,2026-09-05T05:36:33.013846+00:00
2020-03-17,45.9915,portal.amfiindia.com / AMFI Historical NAV,2026-09-05T05:36:33.013846+00:00
2020-03-18,46.75,portal.amfiindia.com / AMFI Historical NAV,2026-09-05T05:36:33.013846+00:00
2020-03-19,46.1165,portal.amfiindia.com / AMFI Historical NAV,2026-09-05T05:36:33.013846+00:00
2020-03-20,47.4123,portal.amfiindia.com / AMFI Historical NAV,2026-09-05T05:36:33.013846+00:00
2020-03-23,40.0039,portal.amfiindia.com / AMFI Historical NAV,2026-09-05T05:36:33.013846+00:00
2020-03-24,42.7803,portal.amfiindia.com / AMFI Historical NAV,2026-09-05T05:36:33.013846+00:00
2020-03-25,42.7608,portal.amfiindia.com / AMFI Historical NAV,2026-09-05T05:36:33.013846+00:00
2020-03-26,43.2422,portal.amfiindia.com / AMFI Historical NAV,2026-09-05T05:36:33.013846+00:00
2020-03-27,42.3182,portal.amfiindia.com / AMFI Historical NAV,2026-09-05T05:36:33.013846+00:00
2020-03-30,43.0314,portal.amfiindia.com / AMFI Historical NAV,2026-09-05T05:36:33.013846+00:00
2020-03-31,41.9211,portal.amfiindia.com / AMFI Historical NAV,2026-09-05T05:36:33.013846+00:00
2020-04-01,41.3641,portal.amfiindia.com / AMFI Historical NAV,2026-09-05T05:36:33.013846+00:00
2020-04-02,42.6438,portal.amfiindia.com / AMFI Historical NAV,2026-09-05T05:36:33.013846+00:00
2020-04-03,42.6663,portal.amfiindia.com / AMFI Historical NAV,2026-09-05T05:36:33.013846+00:00
2020-04-06,43.4267,portal.amfiindia.com / AMFI Historical NAV,2026-09-05T05:36:33.013846+00:00
2020-04-07,43.9489,portal.amfiindia.com / AMFI Historical NAV,2026-09-05T05:36:33.013846+00:00
2020-04-08,44.3227,portal.amfiindia.com / AMFI Historical NAV,2026-09-05T05:36:33.013846+00:00
2020-04-09,44.8303,portal.amfiindia.com / AMFI Historical NAV,2026-09-05T05:36:33.013846+00:00
2020-04-10,45.83,portal.amfiindia.com / AMFI Historical NAV,2026-09-05T05:36:33.013846+00:00
2020-04-13,47.6793,portal.amfiindia.com / AMFI Historical NAV,2026-09-05T05:36:33.013846+00:00
2020-04-14,47.7309,portal.amfiindia.com / AMFI Historical NAV,2026-09-05T05:36:33.013846+00:00
2020-04-15,48.2336,portal.amfiindia.com / AMFI Historical NAV,2026-09-05T05:36:33.013846+00:00
2020-04-16,49.4267,portal.amfiindia.com / AMFI Historical NAV,2026-09-05T05:36:33.013846+00:00
2020-04-17,49.6493,portal.amfiindia.com / AMFI Historical NAV,2026-09-05T05:36:33.013846+00:00
2020-04-20,51.2877,portal.amfiindia.com / AMFI Historical NAV,2026-09-05T05:36:33.013846+00:00
2020-04-21,52.8653,portal.amfiindia.com / AMFI Historical NAV,2026-09-05T05:36:33.013846+00:00
2020-04-22,51.8648,portal.amfiindia.com / AMFI Historical NAV,2026-09-05T05:36:33.013846+00:00
2020-04-23,53.3427,portal.amfiindia.com / AMFI Historical NAV,2026-09-05T05:36:33.013846+00:00
2020-04-24,52.0272,portal.amfiindia.com / AMFI Historical NAV,2026-09-05T05:36:33.013846+00:00
2020-04-27,53.3812,portal.amfiindia.com / AMFI Historical NAV,2026-09-05T05:36:33.013846+00:00
2020-04-28,53.1837,portal.amfiindia.com / AMFI Historical NAV,2026-09-05T05:36:33.013846+00:00
2020-04-29,53.6212,portal.amfiindia.com / AMFI Historical NAV,2026-09-05T05:36:33.013846+00:00
2020-04-30,54.3636,portal.amfiindia.com / AMFI Historical NAV,2026-09-05T05:36:33.013846+00:00
2020-05-01,54.6101,portal.amfiindia.com / AMFI Historical NAV,2026-09-05T05:36:33.013846+00:00
2020-05-04,55.1983,portal.amfiindia.com / AMFI Historical NAV,2026-09-05T05:36:33.013846+00:00
2020-05-05,57.2221,portal.amfiindia.com / AMFI Historical NAV,2026-09-05T05:36:33.013846+00:00
2020-05-06,58.2624,portal.amfiindia.com / AMFI Historical NAV,2026-09-05T05:36:33.013846+00:00
2020-05-07,58.9791,portal.amfiindia.com / AMFI Historical NAV,2026-09-05T05:36:33.013846+00:00
2020-05-08,60.9796,portal.amfiindia.com / AMFI Historical NAV,2026-09-05T05:36:33.013846+00:00
2020-05-11,61.941,portal.amfiindia.com / AMFI Historical NAV,2026-09-05T05:36:33.013846+00:00
2020-05-12,60.7196,portal.amfiindia.com / AMFI Historical NAV,2026-09-05T05:36:33.013846+00:00
2020-05-13,62.1075,portal.amfiindia.com / AMFI Historical NAV,2026-09-05T05:36:33.013846+00:00
2020-05-14,63.5952,portal.amfiindia.com / AMFI Historical NAV,2026-09-05T05:36:33.013846+00:00
2020-05-15,63.0831,portal.amfiindia.com / AMFI Historical NAV,2026-09-05T05:36:33.013846+00:00
2020-05-18,66.7824,portal.amfiindia.com / AMFI Historical NAV,2026-09-05T05:36:33.013846+00:00
2020-05-19,66.0602,portal.amfiindia.com / AMFI Historical NAV,2026-09-05T05:36:33.013846+00:00
2020-05-20,65.8397,portal.amfiindia.com / AMFI Historical NAV,2026-09-05T05:36:33.013846+00:00
2020-05-21,65.9913,portal.amfiindia.com / AMFI Historical NAV,2026-09-05T05:36:33.013846+00:00
2020-05-22,67.5207,portal.amfiindia.com / AMFI Historical NAV,2026-09-05T05:36:33.013846+00:00
2020-05-25,65.7295,portal.amfiindia.com / AMFI Historical NAV,2026-09-05T05:36:33.013846+00:00
2020-05-26,63.8532,portal.amfiindia.com / AMFI Historical NAV,2026-09-05T05:36:33.013846+00:00
2020-05-27,66.8327,portal.amfiindia.com / AMFI Historical NAV,2026-09-05T05:36:33.013846+00:00
2020-05-28,65.8985,portal.amfiindia.com / AMFI Historical NAV,2026-09-05T05:36:33.013846+00:00
2020-05-29,64.5916,portal.amfiindia.com / AMFI Historical NAV,2026-09-05T05:36:33.013846+00:00
2020-06-01,62.2728,portal.amfiindia.com / AMFI Historical NAV,2026-09-05T05:36:33.013846+00:00
2020-06-02,61.8345,portal.amfiindia.com / AMFI Historical NAV,2026-09-05T05:36:33.013846+00:00
2020-06-03,60.9412,portal.amfiindia.com / AMFI Historical NAV,2026-09-05T05:36:33.013846+00:00
2020-06-04,63.9625,portal.amfiindia.com / AMFI Historical NAV,2026-09-05T05:36:33.013846+00:00
2020-06-05,65.7258,portal.amfiindia.com / AMFI Historical NAV,2026-09-05T05:36:33.013846+00:00
2020-06-08,65.2074,portal.amfiindia.com / AMFI Historical NAV,2026-09-05T05:36:33.013846+00:00
2020-06-09,68.6358,portal.amfiindia.com / AMFI Historical NAV,2026-09-05T05:36:33.013846+00:00
2020-06-10,70.6004,portal.amfiindia.com / AMFI Historical NAV,2026-09-05T05:36:33.013846+00:00
2020-06-11,70.4267,portal.amfiindia.com / AMFI Historical NAV,2026-09-05T05:36:33.013846+00:00
2020-06-12,67.0326,portal.amfiindia.com / AMFI Historical NAV,2026-09-05T05:36:33.013846+00:00
2020-06-15,71.2035,portal.amfiindia.com / AMFI Historical NAV,2026-09-05T05:36:33.013846+00:00
2020-06-16,70.3876,portal.amfiindia.com / AMFI Historical NAV,2026-09-05T05:36:33.013846+00:00
2020-06-17,67.2911,portal.amfiindia.com / AMFI Historical NAV,2026-09-05T05:36:33.013846+00:00
2020-06-18,68.9841,portal.amfiindia.com / AMFI Historical NAV,2026-09-05T05:36:33.013846+00:00
2020-06-19,72.3194,portal.amfiindia.com / AMFI Historical NAV,2026-09-05T05:36:33.013846+00:00
2020-06-22,74.4741,portal.amfiindia.com / AMFI Historical NAV,2026-09-05T05:36:33.013846+00:00
2020-06-23,75.9004,portal.amfiindia.com / AMFI Historical NAV,2026-09-05T05:36:33.013846+00:00
2020-06-24,77.5851,portal.amfiindia.com / AMFI Historical NAV,2026-09-05T05:36:33.013846+00:00
2020-06-25,79.1788,portal.amfiindia.com / AMFI Historical NAV,2026-09-05T05:36:33.013846+00:00
2020-06-26,79.3662,portal.amfiindia.com / AMFI Historical NAV,2026-09-05T05:36:33.013846+00:00
2020-06-29,79.4426,portal.amfiindia.com / AMFI Historical NAV,2026-09-05T05:36:33.013846+00:00
2020-06-30,80.5577,portal.amfiindia.com / AMFI Historical NAV,2026-09-05T05:36:33.013846+00:00
2020-07-01,78.772,portal.amfiindia.com / AMFI Historical NAV,2026-09-05T05:36:33.013846+00:00
2020-07-02,78.6779,portal.amfiindia.com / AMFI Historical NAV,2026-09-05T05:36:33.013846+00:00
2020-07-03,78.8866,portal.amfiindia.com / AMFI Historical NAV,2026-09-05T05:36:33.013846+00:00
2020-07-06,77.3429,portal.amfiindia.com / AMFI Historical NAV,2026-09-05T05:36:33.013846+00:00
2020-07-07,77.3404,portal.amfiindia.com / AMFI Historical NAV,2026-09-05T05:36:33.013846+00:00
2020-07-08,74.6091,portal.amfiindia.com / AMFI Historical NAV,2026-09-05T05:36:33.013846+00:00
2020-07-09,73.469,portal.amfiindia.com / AMFI Historical NAV,2026-09-05T05:36:33.013846+00:00
2020-07-10,74.8659,portal.amfiindia.com / AMFI Historical NAV,2026-09-05T05:36:33.013846+00:00
2020-07-13,77.9411,portal.amfiindia.com / AMFI Historical NAV,2026-09-05T05:36:33.013846+00:00
2020-07-14,79.2612,portal.amfiindia.com / AMFI Historical NAV,2026-09-05T05:36:33.013846+00:00
2020-07-15,77.0351,portal.amfiindia.com / AMFI Historical NAV,2026-09-05T05:36:33.013846+00:00
2020-07-16,75.3727,portal.amfiindia.com / AMFI Historical NAV,2026-09-05T05:36:33.013846+00:00
2020-07-17,76.5782,portal.amfiindia.com / AMFI Historical NAV,2026-09-05T05:36:33.013846+00:00
2020-07-20,75.9628,portal.amfiindia.com / AMFI Historical NAV,2026-09-05T05:36:33.013846+00:00
2020-07-21,75.0778,portal.amfiindia.com / AMFI Historical NAV,2026-09-05T05:36:33.013846+00:00
2020-07-22,75.6181,portal.amfiindia.com / AMFI Historical NAV,2026-09-05T05:36:33.013846+00:00
2020-07-23,73.631,portal.amfiindia.com / AMFI Historical NAV,2026-09-05T05:36:33.013846+00:00
2020-07-24,73.0846,portal.amfiindia.com / AMFI Historical NAV,2026-09-05T05:36:33.013846+00:00
2020-07-27,71.4307,portal.amfiindia.com / AMFI Historical NAV,2026-09-05T05:36:33.013846+00:00
2020-07-28,71.5554,portal.amfiindia.com / AMFI Historical NAV,2026-09-05T05:36:33.013846+00:00
2020-07-29,72.1842,portal.amfiindia.com / AMFI Historical NAV,2026-09-05T05:36:33.013846+00:00
2020-07-30,69.0885,portal.amfiindia.com / AMFI Historical NAV,2026-09-05T05:36:33.013846+00:00
2020-07-31,70.5063,portal.amfiindia.com / AMFI Historical NAV,2026-09-05T05:36:33.013846+00:00
2020-08-03,71.8151,portal.amfiindia.com / AMFI Historical NAV,2026-09-05T05:36:33.013846+00:00
2020-08-04,72.4956,portal.amfiindia.com / AMFI Historical NAV,2026-09-05T05:36:33.013846+00:00
2020-08-05,72.7965,portal.amfiindia.com / AMFI Historical NAV,2026-09-05T05:36:33.013846+00:00
2020-08-06,75.4765,portal.amfiindia.com / AMFI Historical NAV,2026-09-05T05:36:33.013846+00:00
2020-08-07,77.0616,portal.amfiindia.com / AMFI Historical NAV,2026-09-05T05:36:33.013846+00:00
2020-08-10,76.3056,portal.amfiindia.com / AMFI Historical NAV,2026-09-05T05:36:33.013846+00:00
2020-08-11,75.8746,portal.amfiindia.com / AMFI Historical NAV,2026-09-05T05:36:33.013846+00:00
2020-08-12,77.4515,portal.amfiindia.com / AMFI Historical NAV,2026-09-05T05:36:33.013846+00:00
2020-08-13,78.3816,portal.amfiindia.com / AMFI Historical NAV,2026-09-05T05:36:33.013846+00:00
2020-08-14,78.7499,portal.amfiindia.com / AMFI Historical NAV,2026-09-05T05:36:33.013846+00:00
2020-08-17,77.5037,portal.amfiindia.com / AMFI Historical NAV,2026-09-05T05:36:33.013846+00:00
2020-08-18,77.4232,portal.amfiindia.com / AMFI Historical NAV,2026-09-05T05:36:33.013846+00:00
2020-08-19,75.8266,portal.amfiindia.com / AMFI Historical NAV,2026-09-05T05:36:33.013846+00:00
2020-08-20,78.3498,portal.amfiindia.com / AMFI Historical NAV,2026-09-05T05:36:33.013846+00:00
2020-08-21,76.655,portal.amfiindia.com / AMFI Historical NAV,2026-09-05T05:36:33.013846+00:00
2020-08-24,74.909,portal.amfiindia.com / AMFI Historical NAV,2026-09-05T05:36:33.013846+00:00
2020-08-25,74.5367,portal.amfiindia.com / AMFI Historical NAV,2026-09-05T05:36:33.013846+00:00
2020-08-26,76.0315,portal.amfiindia.com / AMFI Historical NAV,2026-09-05T05:36:33.013846+00:00
2020-08-27,75.5558,portal.amfiindia.com / AMFI Historical NAV,2026-09-05T05:36:33.013846+00:00
2020-08-28,77.7815,portal.amfiindia.com / AMFI Historical NAV,2026-09-05T05:36:33.013846+00:00
2020-08-31,77.0156,portal.amfiindia.com / AMFI Historical NAV,2026-09-05T05:36:33.013846+00:00
2020-09-01,78.3755,portal.amfiindia.com / AMFI Historical NAV,2026-09-05T05:36:33.013846+00:00
2020-09-02,77.7285,portal.amfiindia.com / AMFI Historical NAV,2026-09-05T05:36:33.013846+00:00
2020-09-03,81.3826,portal.amfiindia.com / AMFI Historical NAV,2026-09-05T05:36:33.013846+00:00
2020-09-04,80.2409,portal.amfiindia.com / AMFI Historical NAV,2026-09-05T05:36:33.013846+00:00
2020-09-07,81.3523,portal.amfiindia.com / AMFI Historical NAV,2026-09-05T05:36:33.013846+00:00
2020-09-08,82.4216,portal.amfiindia.com / AMFI Historical NAV,2026-09-05T05:36:33.013846+00:00
2020-09-09,83.3517,portal.amfiindia.com / AMFI Historical NAV,2026-09-05T05:36:33.013846+00:00
2020-09-10,83.236,portal.amfiindia.com / AMFI Historical NAV,2026-09-05T05:36:33.013846+00:00
2020-09-11,83.706,portal.amfiindia.com / AMFI Historical NAV,2026-09-05T05:36:33.013846+00:00
2020-09-14,83.8239,portal.amfiindia.com / AMFI Historical NAV,2026-09-05T05:36:33.013846+00:00
2020-09-15,83.5916,portal.amfiindia.com / AMFI Historical NAV,2026-09-05T05:36:33.013846+00:00
2020-09-16,87.0663,portal.amfiindia.com / AMFI Historical NAV,2026-09-05T05:36:33.013846+00:00
2020-09-17,92.1367,portal.amfiindia.com / AMFI Historical NAV,2026-09-05T05:36:33.013846+00:00
2020-09-18,90.7877,portal.amfiindia.com / AMFI Historical NAV,2026-09-05T05:36:33.013846+00:00
2020-09-21,89.0125,portal.amfiindia.com / AMFI Historical NAV,2026-09-05T05:36:33.013846+00:00
2020-09-22,89.2821,portal.amfiindia.com / AMFI Historical NAV,2026-09-05T05:36:33.013846+00:00
2020-09-23,94.7267,portal.amfiindia.com / AMFI Historical NAV,2026-09-05T05:36:33.013846+00:00
2020-09-24,93.6202,portal.amfiindia.com / AMFI Historical NAV,2026-09-05T05:36:33.013846+00:00
2020-09-25,98.1702,portal.amfiindia.com / AMFI Historical NAV,2026-09-05T05:36:33.013846+00:00
2020-09-28,102.2744,portal.amfiindia.com / AMFI Historical NAV,2026-09-05T05:36:33.013846+00:00
2020-09-29,101.4282,portal.amfiindia.com / AMFI Historical NAV,2026-09-05T05:36:33.013846+00:00
2020-09-30,103.9654,portal.amfiindia.com / AMFI Historical NAV,2026-09-05T05:36:33.013846+00:00
2020-10-01,108.1002,portal.amfiindia.com / AMFI Historical NAV,2026-09-05T05:36:33.013846+00:00
2020-10-02,107.7767,portal.amfiindia.com / AMFI Historical NAV,2026-09-05T05:36:33.013846+00:00
2020-10-05,108.0344,portal.amfiindia.com / AMFI Historical NAV,2026-09-05T05:36:33.013846+00:00
2020-10-06,107.0468,portal.amfiindia.com / AMFI Historical NAV,2026-09-05T05:36:33.013846+00:00
2020-10-07,105.2031,portal.amfiindia.com / AMFI Historical NAV,2026-09-05T05:36:33.013846+00:00
2020-10-08,103.6266,portal.amfiindia.com / AMFI Historical NAV,2026-09-05T05:36:33.013846+00:00
2020-10-09,100.6817,portal.amfiindia.com / AMFI Historical NAV,2026-09-05T05:36:33.013846+00:00
2020-10-12,100.2308,portal.amfiindia.com / AMFI Historical NAV,2026-09-05T05:36:33.013846+00:00
2020-10-13,97.7508,portal.amfiindia.com / AMFI Historical NAV,2026-09-05T05:36:33.013846+00:00
2020-10-14,97.8236,portal.amfiindia.com / AMFI Historical NAV,2026-09-05T05:36:33.013846+00:00
2020-10-15,94.8761,portal.amfiindia.com / AMFI Historical NAV,2026-09-05T05:36:33.013846+00:00
2020-10-16,95.9776,portal.amfiindia.com / AMFI Historical NAV,2026-09-05T05:36:33.013846+00:00
2020-10-19,97.772,portal.amfiindia.com / AMFI Historical NAV,2026-09-05T05:36:33.013846+00:00
2020-10-20,92.0161,portal.amfiindia.com / AMFI Historical NAV,2026-09-05T05:36:33.013846+00:00
2020-10-21,94.3856,portal.amfiindia.com / AMFI Historical NAV,2026-09-05T05:36:33.013846+00:00
2020-10-22,98.0774,portal.amfiindia.com / AMFI Historical NAV,2026-09-05T05:36:33.013846+00:00
2020-10-23,96.3759,portal.amfiindia.com / AMFI Historical NAV,2026-09-05T05:36:33.013846+00:00
2020-10-26,101.7495,portal.amfiindia.com / AMFI Historical NAV,2026-09-05T05:36:33.013846+00:00
2020-10-27,102.128,portal.amfiindia.com / AMFI Historical NAV,2026-09-05T05:36:33.013846+00:00
2020-10-28,102.7534,portal.amfiindia.com / AMFI Historical NAV,2026-09-05T05:36:33.013846+00:00
2020-10-29,102.1321,portal.amfiindia.com / AMFI Historical NAV,2026-09-05T05:36:33.013846+00:00
2020-10-30,103.9257,portal.amfiindia.com / AMFI Historical NAV,2026-09-05T05:36:33.013846+00:00
2020-11-02,103.2935,portal.amfiindia.com / AMFI Historical NAV,2026-09-05T05:36:33.013846+00:00
2020-11-03,104.8572,portal.amfiindia.com / AMFI Historical NAV,2026-09-05T05:36:33.013846+00:00
2020-11-04,103.612,portal.amfiindia.com / AMFI Historical NAV,2026-09-05T05:36:33.013846+00:00
2020-11-05,104.2265,portal.amfiindia.com / AMFI Historical NAV,2026-09-05T05:36:33.013846+00:00
2020-11-06,102.2274,portal.amfiindia.com / AMFI Historical NAV,2026-09-05T05:36:33.013846+00:00
2020-11-09,102.4705,portal.amfiindia.com / AMFI Historical NAV,2026-09-05T05:36:33.013846+00:00
2020-11-10,100.4515,portal.amfiindia.com / AMFI Historical NAV,2026-09-05T05:36:33.013846+00:00
2020-11-11,98.784,portal.amfiindia.com / AMFI Historical NAV,2026-09-05T05:36:33.013846+00:00
2020-11-12,102.4201,portal.amfiindia.com / AMFI Historical NAV,2026-09-05T05:36:33.013846+00:00
2020-11-13,104.5316,portal.amfiindia.com / AMFI Historical NAV,2026-09-05T05:36:33.013846+00:00
2020-11-16,107.1144,portal.amfiindia.com / AMFI Historical NAV,2026-09-05T05:36:33.013846+00:00
2020-11-17,106.2665,portal.amfiindia.com / AMFI Historical NAV,2026-09-05T05:36:33.013846+00:00
2020-11-18,104.375,portal.amfiindia.com / AMFI Historical NAV,2026-09-05T05:36:33.013846+00:00
2020-11-19,108.4695,portal.amfiindia.com / AMFI Historical NAV,2026-09-05T05:36:33.013846+00:00
2020-11-20,111.2128,portal.amfiindia.com / AMFI Historical NAV,2026-09-05T05:36:33.013846+00:00
2020-11-23,117.2528,portal.amfiindia.com / AMFI Historical NAV,2026-09-05T05:36:33.013846+00:00
2020-11-24,119.2898,portal.amfiindia.com / AMFI Historical NAV,2026-09-05T05:36:33.013846+00:00
2020-11-25,121.333,portal.amfiindia.com / AMFI Historical NAV,2026-09-05T05:36:33.013846+00:00
2020-11-26,120.7131,portal.amfiindia.com / AMFI Historical NAV,2026-09-05T05:36:33.013846+00:00
2020-11-27,121.7051,portal.amfiindia.com / AMFI Historical NAV,2026-09-05T05:36:33.013846+00:00
2020-11-30,120.3422,portal.amfiindia.com / AMFI Historical NAV,2026-09-05T05:36:33.013846+00:00
2020-12-01,122.7221,portal.amfiindia.com / AMFI Historical NAV,2026-09-05T05:36:33.013846+00:00
2020-12-02,126.1807,portal.amfiindia.com / AMFI Historical NAV,2026-09-05T05:36:33.013846+00:00
2020-12-03,125.1835,portal.amfiindia.com / AMFI Historical NAV,2026-09-05T05:36:33.013846+00:00
2020-12-04,123.3932,portal.amfiindia.com / AMFI Historical NAV,2026-09-05T05:36:33.013846+00:00
2020-12-07,118.2889,portal.amfiindia.com / AMFI Historical NAV,2026-09-05T05:36:33.013846+00:00
2020-12-08,119.4213,portal.amfiindia.com / AMFI Historical NAV,2026-09-05T05:36:33.013846+00:00
2020-12-09,119.1716,portal.amfiindia.com / AMFI Historical NAV,2026-09-05T05:36:33.013846+00:00
2020-12-10,114.1267,portal.amfiindia.com / AMFI Historical NAV,2026-09-05T05:36:33.013846+00:00
2020-12-11,115.6883,portal.amfiindia.com / AMFI Historical NAV,2026-09-05T05:36:33.013846+00:00
2020-12-14,122.0571,portal.amfiindia.com / AMFI Historical NAV,2026-09-05T05:36:33.013846+00:00
2020-12-15,121.6029,portal.amfiindia.com / AMFI Historical NAV,2026-09-05T05:36:33.013846+00:00
2020-12-16,125.9626,portal.amfiindia.com / AMFI Historical NAV,2026-09-05T05:36:33.013846+00:00
2020-12-17,126.0574,portal.amfiindia.com / AMFI Historical NAV,2026-09-05T05:36:33.013846+00:00
2020-12-18,124.9982,portal.amfiindia.com / AMFI Historical NAV,2026-09-05T05:36:33.013846+00:00
2020-12-21,127.3557,portal.amfiindia.com / AMFI Historical NAV,2026-09-05T05:36:33.013846+00:00
2020-12-22,124.7764,portal.amfiindia.com / AMFI Historical NAV,2026-09-05T05:36:33.013846+00:00
2020-12-23,125.2131,portal.amfiindia.com / AMFI Historical NAV,2026-09-05T05:36:33.013846+00:00
2020-12-24,125.4358,portal.amfiindia.com / AMFI Historical NAV,2026-09-05T05:36:33.013846+00:00
2020-12-25,124.8664,portal.amfiindia.com / AMFI Historical NAV,2026-09-05T05:36:33.013846+00:00
2020-12-28,127.1606,portal.amfiindia.com / AMFI Historical NAV,2026-09-05T05:36:33.013846+00:00
2020-12-29,128.1971,portal.amfiindia.com / AMFI Historical NAV,2026-09-05T05:36:33.013846+00:00
2020-12-30,128.2826,portal.amfiindia.com / AMFI Historical NAV,2026-09-05T05:36:33.013846+00:00
2020-12-31,131.1035,portal.amfiindia.com / AMFI Historical NAV,2026-09-05T05:36:33.013846+00:00
2021-01-01,129.7308,portal.amfiindia.com / AMFI Historical NAV,2026-09-05T05:36:33.013846+00:00
2021-01-04,130.1952,portal.amfiindia.com / AMFI Historical NAV,2026-09-05T05:36:33.013846+00:00
2021-01-05,128.6522,portal.amfiindia.com / AMFI Historical NAV,2026-09-05T05:36:33.013846+00:00
2021-01-06,130.3865,portal.amfiindia.com / AMFI Historical NAV,2026-09-05T05:36:33.013846+00:00
2021-01-07,130.3592,portal.amfiindia.com / AMFI Historical NAV,2026-09-05T05:36:33.013846+00:00
2021-01-08,131.3937,portal.amfiindia.com / AMFI Historical NAV,2026-09-05T05:36:33.013846+00:00
2021-01-11,135.9534,portal.amfiindia.com / AMFI Historical NAV,2026-09-05T05:36:33.013846+00:00
2021-01-12,139.0455,portal.amfiindia.com / AMFI Historical NAV,2026-09-05T05:36:33.013846+00:00
2021-01-13,137.7366,portal.amfiindia.com / AMFI Historical NAV,2026-09-05T05:36:33.013846+00:00
2021-01-14,137.5782,portal.amfiindia.com / AMFI Historical NAV,2026-09-05T05:36:33.013846+00:00
2021-01-15,135.8906,portal.amfiindia.com / AMFI Historical NAV,2026-09-05T05:36:33.013846+00:00
2021-01-18,134.5731,portal.amfiindia.com / AMFI Historical NAV,2026-09-05T05:36:33.013846+00:00
2021-01-19,133.4738,portal.amfiindia.com / AMFI Historical NAV,2026-09-05T05:36:33.013846+00:00
2021-01-20,133.0809,portal.amfiindia.com / AMFI Historical NAV,2026-09-05T05:36:33.013846+00:00
2021-01-21,131.5651,portal.amfiindia.com / AMFI Historical NAV,2026-09-05T05:36:33.013846+00:00
2021-01-22,130.794,portal.amfiindia.com / AMFI Historical NAV,2026-09-05T05:36:33.013846+00:00
2021-01-25,132.6237,portal.amfiindia.com / AMFI Historical NAV,2026-09-05T05:36:33.013846+00:00
2021-01-26,131.5646,portal.amfiindia.com / AMFI Historical NAV,2026-09-05T05:36:33.013846+00:00
2021-01-27,133.2113,portal.amfiindia.com / AMFI Historical NAV,2026-09-05T05:36:33.013846+00:00
2021-01-28,131.9337,portal.amfiindia.com / AMFI Historical NAV,2026-09-05T05:36:33.013846+00:00
2021-01-29,131.2411,portal.amfiindia.com / AMFI Historical NAV,2026-09-05T05:36:33.013846+00:00
2021-02-01,129.144,portal.amfiindia.com / AMFI Historical NAV,2026-09-05T05:36:33.013846+00:00
2021-02-02,128.9221,portal.amfiindia.com / AMFI Historical NAV,2026-09-05T05:36:33.013846+00:00
2021-02-03,127.7362,portal.amfiindia.com / AMFI Historical NAV,2026-09-05T05:36:33.013846+00:00
2021-02-04,128.2358,portal.amfiindia.com / AMFI Historical NAV,2026-09-05T05:36:33.013846+00:00
2021-02-05,130.9519,portal.amfiindia.com / AMFI Historical NAV,2026-09-05T05:36:33.013846+00:00
2021-02-08,133.7566,portal.amfiindia.com / AMFI Historical NAV,2026-09-05T05:36:33.013846+00:00
2021-02-09,134.8438,portal.amfiindia.com / AMFI Historical NAV,2026-09-05T05:36:33.013846+00:00
2021-02-10,138.4232,portal.amfiindia.com / AMFI Historical NAV,2026-09-05T05:36:33.013846+00:00
2021-02-11,138.724,portal.amfiindia.com / AMFI Historical NAV,2026-09-05T05:36:33.013846+00:00
2021-02-12,138.2685,portal.amfiindia.com / AMFI Historical NAV,2026-09-05T05:36:33.013846+00:00
2021-02-15,140.4732,portal.amfiindia.com / AMFI Historical NAV,2026-09-05T05:36:33.013846+00:00
2021-02-16,141.4552,portal.amfiindia.com / AMFI Historical NAV,2026-09-05T05:36:33.013846+00:00
2021-02-17,139.9192,portal.amfiindia.com / AMFI Historical NAV,2026-09-05T05:36:33.013846+00:00
2021-02-18,140.6012,portal.amfiindia.com / AMFI Historical NAV,2026-09-05T05:36:33.013846+00:00
2021-02-19,140.7196,portal.amfiindia.com / AMFI Historical NAV,2026-09-05T05:36:33.013846+00:00
2021-02-22,140.8319,portal.amfiindia.com / AMFI Historical NAV,2026-09-05T05:36:33.013846+00:00
2021-02-23,140.2723,portal.amfiindia.com / AMFI Historical NAV,2026-09-05T05:36:33.013846+00:00
2021-02-24,141.9841,portal.amfiindia.com / AMFI Historical NAV,2026-09-05T05:36:33.013846+00:00
2021-02-25,146.1575,portal.amfiindia.com / AMFI Historical NAV,2026-09-05T05:36:33.013846+00:00
2021-02-26,144.6694,portal.amfiindia.com / AMFI Historical NAV,2026-09-05T05:36:33.013846+00:00
2021-03-01,137.3894,portal.amfiindia.com / AMFI Historical NAV,2026-09-05T05:36:33.013846+00:00
2021-03-02,140.6678,portal.amfiindia.com / AMFI Historical NAV,2026-09-05T05:36:33.013846+00:00
2021-03-03,140.0762,portal.amfiindia.com / AMFI Historical NAV,2026-09-05T05:36:33.013846+00:00
2021-03-04,139.5323,portal.amfiindia.com / AMFI Historical NAV,2026-09-05T05:36:33.013846+00:00
2021-03-05,138.799,portal.amfiindia.com / AMFI Historical NAV,2026-09-05T05:36:33.013846+00:00
2021-03-08,135.074,portal.amfiindia.com / AMFI Historical NAV,2026-09-05T05:36:33.013846+00:00
2021-03-09,135.6254,portal.amfiindia.com / AMFI Historical NAV,2026-09-05T05:36:33.013846+00:00
2021-03-10,138.9278,portal.amfiindia.com / AMFI Historical NAV,2026-09-05T05:36:33.013846+00:00
2021-03-11,137.926,portal.amfiindia.com / AMFI Historical NAV,2026-09-05T05:36:33.013846+00:00
2021-03-12,131.6969,portal.amfiindia.com / AMFI Historical NAV,2026-09-05T05:36:33.013846+00:00
2021-03-15,131.0409,portal.amfiindia.com / AMFI Historical NAV,2026-09-05T05:36:33.013846+00:00
2021-03-16,131.8084,portal.amfiindia.com / AMFI Historical NAV,2026-09-05T05:36:33.013846+00:00
2021-03-17,131.2103,portal.amfiindia.com / AMFI Historical NAV,2026-09-05T05:36:33.013846+00:00
2021-03-18,131.7685,portal.amfiindia.com / AMFI Historical NAV,2026-09-05T05:36:33.013846+00:00
2021-03-19,131.5058,portal.amfiindia.com / AMFI Historical NAV,2026-09-05T05:36:33.013846+00:00
2021-03-22,133.8944,portal.amfiindia.com / AMFI Historical NAV,2026-09-05T05:36:33.013846+00:00
2021-03-23,134.4924,portal.amfiindia.com / AMFI Historical NAV,2026-09-05T05:36:33.013846+00:00
2021-03-24,132.3197,portal.amfiindia.com / AMFI Historical NAV,2026-09-05T05:36:33.013846+00:00
2021-03-25,135.8096,portal.amfiindia.com / AMFI Historical NAV,2026-09-05T05:36:33.013846+00:00
2021-03-26,136.0633,portal.amfiindia.com / AMFI Historical NAV,2026-09-05T05:36:33.013846+00:00
2021-03-29,136.2928,portal.amfiindia.com / AMFI Historical NAV,2026-09-05T05:36:33.013846+00:00
2021-03-30,135.2927,portal.amfiindia.com / AMFI Historical NAV,2026-09-05T05:36:33.013846+00:00
2021-03-31,133.5552,portal.amfiindia.com / AMFI Historical NAV,2026-09-05T05:36:33.013846+00:00
2021-04-01,131.8028,portal.amfiindia.com / AMFI Historical NAV,2026-09-05T05:36:33.013846+00:00
2021-04-02,131.8013,portal.amfiindia.com / AMFI Historical NAV,2026-09-05T05:36:33.013846+00:00
2021-04-05,134.471,portal.amfiindia.com / AMFI Historical NAV,2026-09-05T05:36:33.013846+00:00
2021-04-06,134.1187,portal.amfiindia.com / AMFI Historical NAV,2026-09-05T05:36:33.013846+00:00
2021-04-07,132.1147,portal.amfiindia.com / AMFI Historical NAV,2026-09-05T05:36:33.013846+00:00
2021-04-08,135.6669,portal.amfiindia.com / AMFI Historical NAV,2026-09-05T05:36:33.013846+00:00
2021-04-09,135.6147,portal.amfiindia.com / AMFI Historical NAV,2026-09-05T05:36:33.013846+00:00
2021-04-12,136.1109,portal.amfiindia.com / AMFI Historical NAV,2026-09-05T05:36:33.013846+00:00
2021-04-13,138.5234,portal.amfiindia.com / AMFI Historical NAV,2026-09-05T05:36:33.013846+00:00
2021-04-14,137.8328,portal.amfiindia.com / AMFI Historical NAV,2026-09-05T05:36:33.013846+00:00
2021-04-15,141.034,portal.amfiindia.com / AMFI Historical NAV,2026-09-05T05:36:33.013846+00:00
2021-04-16,141.2204,portal.amfiindia.com / AMFI Historical NAV,2026-09-05T05:36:33.013846+00:00
2021-04-19,141.3381,portal.amfiindia.com / AMFI Historical NAV,2026-09-05T05:36:33.013846+00:00
2021-04-20,145.1343,portal.amfiindia.com / AMFI Historical NAV,2026-09-05T05:36:33.013846+00:00
2021-04-21,143.7374,portal.amfiindia.com / AMFI Historical NAV,2026-09-05T05:36:33.013846+00:00
2021-04-22,146.7014,portal.amfiindia.com / AMFI Historical NAV,2026-09-05T05:36:33.013846+00:00
2021-04-23,145.8549,portal.amfiindia.com / AMFI Historical NAV,2026-09-05T05:36:33.013846+00:00
2021-04-26,147.8105,portal.amfiindia.com / AMFI Historical NAV,2026-09-05T05:36:33.013846+00:00
2021-04-27,152.1708,portal.amfiindia.com / AMFI Historical NAV,2026-09-05T05:36:33.013846+00:00
2021-04-28,152.9612,portal.amfiindia.com / AMFI Historical NAV,2026-09-05T05:36:33.013846+00:00
2021-04-29,151.8498,portal.amfiindia.com / AMFI Historical NAV,2026-09-05T05:36:33.013846+00:00
2021-04-30,153.3107,portal.amfiindia.com / AMFI Historical NAV,2026-09-05T05:36:33.013846+00:00
2021-05-03,152.6461,portal.amfiindia.com / AMFI Historical NAV,2026-09-05T05:36:33.013846+00:00
2021-05-04,154.4606,portal.amfiindia.com / AMFI Historical NAV,2026-09-05T05:36:33.013846+00:00
2021-05-05,154.5277,portal.amfiindia.com / AMFI Historical NAV,2026-09-05T05:36:33.013846+00:00
2021-05-06,156.4213,portal.amfiindia.com / AMFI Historical NAV,2026-09-05T05:36:33.013846+00:00
2021-05-07,156.1408,portal.amfiindia.com / AMFI Historical NAV,2026-09-05T05:36:33.013846+00:00
2021-05-10,153.5417,portal.amfiindia.com / AMFI Historical NAV,2026-09-05T05:36:33.013846+00:00
2021-05-11,151.3518,portal.amfiindia.com / AMFI Historical NAV,2026-09-05T05:36:33.013846+00:00
2021-05-12,153.6587,portal.amfiindia.com / AMFI Historical NAV,2026-09-05T05:36:33.013846+00:00
2021-05-13,151.9755,portal.amfiindia.com / AMFI Historical NAV,2026-09-05T05:36:33.013846+00:00
2021-05-14,151.0807,portal.amfiindia.com / AMFI Historical NAV,2026-09-05T05:36:33.013846+00:00
2021-05-17,152.5967,portal.amfiindia.com / AMFI Historical NAV,2026-09-05T05:36:33.013846+00:00
2021-05-18,156.0781,portal.amfiindia.com / AMFI Historical NAV,2026-09-05T05:36:33.013846+00:00
2021-05-19,156.2238,portal.amfiindia.com / AMFI Historical NAV,2026-09-05T05:36:33.013846+00:00
2021-05-20,157.8752,portal.amfiindia.com / AMFI Historical NAV,2026-09-05T05:36:33.013846+00:00
2021-05-21,156.4692,portal.amfiindia.com / AMFI Historical NAV,2026-09-05T05:36:33.013846+00:00
2021-05-24,154.8177,portal.amfiindia.com / AMFI Historical NAV,2026-09-05T05:36:33.013846+00:00
2021-05-25,156.7385,portal.amfiindia.com / AMFI Historical NAV,2026-09-05T05:36:33.013846+00:00
2021-05-26,157.7488,portal.amfiindia.com / AMFI Historical NAV,2026-09-05T05:36:33.013846+00:00
2021-05-27,159.2825,portal.amfiindia.com / AMFI Historical NAV,2026-09-05T05:36:33.013846+00:00
2021-05-28,160.6556,portal.amfiindia.com / AMFI Historical NAV,2026-09-05T05:36:33.013846+00:00
2021-05-31,161.3094,portal.amfiindia.com / AMFI Historical NAV,2026-09-05T05:36:33.013846+00:00
2021-06-01,161.717,portal.amfiindia.com / AMFI Historical NAV,2026-09-05T05:36:33.013846+00:00
2021-06-02,169.9649,portal.amfiindia.com / AMFI Historical NAV,2026-09-05T05:36:33.013846+00:00
2021-06-03,168.3641,portal.amfiindia.com / AMFI Historical NAV,2026-09-05T05:36:33.013846+00:00
2021-06-04,173.0673,portal.amfiindia.com / AMFI Historical NAV,2026-09-05T05:36:33.013846+00:00
2021-06-07,171.5525,portal.amfiindia.com / AMFI Historical NAV,2026-09-05T05:36:33.013846+00:00
2021-06-08,170.9032,portal.amfiindia.com / AMFI Historical NAV,2026-09-05T05:36:33.013846+00:00
2021-06-09,173.2418,portal.amfiindia.com / AMFI Historical NAV,2026-09-05T05:36:33.013846+00:00
2021-06-10,173.2956,portal.amfiindia.com / AMFI Historical NAV,2026-09-05T05:36:33.013846+00:00
2021-06-11,174.3123,portal.amfiindia.com / AMFI Historical NAV,2026-09-05T05:36:33.013846+00:00
2021-06-14,175.7329,portal.amfiindia.com / AMFI Historical NAV,2026-09-05T05:36:33.013846+00:00
2021-06-15,174.0346,portal.amfiindia.com / AMFI Historical NAV,2026-09-05T05:36:33.013846+00:00
2021-06-16,174.4849,portal.amfiindia.com / AMFI Historical NAV,2026-09-05T05:36:33.013846+00:00
2021-06-17,174.6192,portal.amfiindia.com / AMFI Historical NAV,2026-09-05T05:36:33.013846+00:00
2021-06-18,172.4395,portal.amfiindia.com / AMFI Historical NAV,2026-09-05T05:36:33.013846+00:00
2021-06-21,177.7426,portal.amfiindia.com / AMFI Historical NAV,2026-09-05T05:36:33.013846+00:00
2021-06-22,175.9487,portal.amfiindia.com / AMFI Historical NAV,2026-09-05T05:36:33.013846+00:00
2021-06-23,175.0545,portal.amfiindia.com / AMFI Historical NAV,2026-09-05T05:36:33.013846+00:00
2021-06-24,173.3325,portal.amfiindia.com / AMFI Historical NAV,2026-09-05T05:36:33.013846+00:00
2021-06-25,174.8654,portal.amfiindia.com / AMFI Historical NAV,2026-09-05T05:36:33.013846+00:00
2021-06-28,175.0335,portal.amfiindia.com / AMFI Historical NAV,2026-09-05T05:36:33.013846+00:00
2021-06-29,175.5765,portal.amfiindia.com / AMFI Historical NAV,2026-09-05T05:36:33.013846+00:00
2021-06-30,176.5482,portal.amfiindia.com / AMFI Historical NAV,2026-09-05T05:36:33.013846+00:00
2021-07-01,179.5726,portal.amfiindia.com / AMFI Historical NAV,2026-09-05T05:36:33.013846+00:00
2021-07-02,181.1574,portal.amfiindia.com / AMFI Historical NAV,2026-09-05T05:36:33.013846+00:00
2021-07-05,182.793,portal.amfiindia.com / AMFI Historical NAV,2026-09-05T05:36:33.013846+00:00
2021-07-06,186.1881,portal.amfiindia.com / AMFI Historical NAV,2026-09-05T05:36:33.013846+00:00
2021-07-07,185.3847,portal.amfiindia.com / AMFI Historical NAV,2026-09-05T05:36:33.013846+00:00
2021-07-08,188.3671,portal.amfiindia.com / AMFI Historical NAV,2026-09-05T05:36:33.013846+00:00
2021-07-09,191.1661,portal.amfiindia.com / AMFI Historical NAV,2026-09-05T05:36:33.013846+00:00
2021-07-12,194.2926,portal.amfiindia.com / AMFI Historical NAV,2026-09-05T05:36:33.013846+00:00
2021-07-13,194.665,portal.amfiindia.com / AMFI Historical NAV,2026-09-05T05:36:33.013846+00:00
2021-07-14,193.7826,portal.amfiindia.com / AMFI Historical NAV,2026-09-05T05:36:33.013846+00:00
2021-07-15,193.3533,portal.amfiindia.com / AMFI Historical NAV,2026-09-05T05:36:33.013846+00:00
2021-07-16,190.9161,portal.amfiindia.com / AMFI Historical NAV,2026-09-05T05:36:33.013846+00:00
2021-07-19,188.3811,portal.amfiindia.com / AMFI Historical NAV,2026-09-05T05:36:33.013846+00:00
2021-07-20,190.1906,portal.amfiindia.com / AMFI Historical NAV,2026-09-05T05:36:33.013846+00:00
2021-07-21,191.4605,portal.amfiindia.com / AMFI Historical NAV,2026-09-05T05:36:33.013846+00:00
2021-07-22,190.7082,portal.amfiindia.com / AMFI Historical NAV,2026-09-05T05:36:33.013846+00:00
2021-07-23,190.5635,portal.amfiindia.com / AMFI Historical NAV,2026-09-05T05:36:33.013846+00:00
2021-07-26,194.2891,portal.amfiindia.com / AMFI Historical NAV,2026-09-05T05:36:33.013846+00:00
2021-07-27,192.6203,portal.amfiindia.com / AMFI Historical NAV,2026-09-05T05:36:33.013846+00:00
2021-07-28,199.0161,portal.amfiindia.com / AMFI Historical NAV,2026-09-05T05:36:33.013846+00:00
2021-07-29,202.9611,portal.amfiindia.com / AMFI Historical NAV,2026-09-05T05:36:33.013846+00:00
2021-07-30,199.4292,portal.amfiindia.com / AMFI Historical NAV,2026-09-05T05:36:33.013846+00:00
2021-08-02,204.3483,portal.amfiindia.com / AMFI Historical NAV,2026-09-05T05:36:33.013846+00:00
2021-08-03,208.1177,portal.amfiindia.com / AMFI Historical NAV,2026-09-05T05:36:33.013846+00:00
2021-08-04,213.127,portal.amfiindia.com / AMFI Historical NAV,2026-09-05T05:36:33.013846+00:00
2021-08-05,215.3709,portal.amfiindia.com / AMFI Historical NAV,2026-09-05T05:36:33.013846+00:00
2021-08-06,215.492,portal.amfiindia.com / AMFI Historical NAV,2026-09-05T05:36:33.013846+00:00
2021-08-09,214.3133,portal.amfiindia.com / AMFI Historical NAV,2026-09-05T05:36:33.013846+00:00
2021-08-10,213.458,portal.amfiindia.com / AMFI Historical NAV,2026-09-05T05:36:33.013846+00:00
2021-08-11,208.14,portal.amfiindia.com / AMFI Historical NAV,2026-09-05T05:36:33.013846+00:00
2021-08-12,208.06,portal.amfiindia.com / AMFI Historical NAV,2026-09-05T05:36:33.013846+00:00
2021-08-13,207.7868,portal.amfiindia.com / AMFI Historical NAV,2026-09-05T05:36:33.013846+00:00
2021-08-16,210.4587,portal.amfiindia.com / AMFI Historical NAV,2026-09-05T05:36:33.013846+00:00
2021-08-17,211.8476,portal.amfiindia.com / AMFI Historical NAV,2026-09-05T05:36:33.013846+00:00
2021-08-18,209.1216,portal.amfiindia.com / AMFI Historical NAV,2026-09-05T05:36:33.013846+00:00
2021-08-19,207.9658,portal.amfiindia.com / AMFI Historical NAV,2026-09-05T05:36:33.013846+00:00
2021-08-20,211.599,portal.amfiindia.com / AMFI Historical NAV,2026-09-05T05:36:33.013846+00:00
2021-08-23,212.3482,portal.amfiindia.com / AMFI Historical NAV,2026-09-05T05:36:33.013846+00:00
2021-08-24,210.2793,portal.amfiindia.com / AMFI Historical NAV,2026-09-05T05:36:33.013846+00:00
2021-08-25,213.1399,portal.amfiindia.com / AMFI Historical NAV,2026-09-05T05:36:33.013846+00:00
2021-08-26,208.6118,portal.amfiindia.com / AMFI Historical NAV,2026-09-05T05:36:33.013846+00:00
2021-08-27,214.5825,portal.amfiindia.com / AMFI Historical NAV,2026-09-05T05:36:33.013846+00:00
2021-08-30,213.9094,portal.amfiindia.com / AMFI Historical NAV,2026-09-05T05:36:33.013846+00:00
2021-08-31,215.6633,portal.amfiindia.com / AMFI Historical NAV,2026-09-05T05:36:33.013846+00:00
2021-09-01,210.1786,portal.amfiindia.com / AMFI Historical NAV,2026-09-05T05:36:33.013846+00:00
2021-09-02,209.4014,portal.amfiindia.com / AMFI Historical NAV,2026-09-05T05:36:33.013846+00:00
2021-09-03,212.0165,portal.amfiindia.com / AMFI Historical NAV,2026-09-05T05:36:33.013846+00:00
2021-09-06,211.347,portal.amfiindia.com / AMFI Historical NAV,2026-09-05T05:36:33.013846+00:00
2021-09-07,214.9648,portal.amfiindia.com / AMFI Historical NAV,2026-09-05T05:36:33.013846+00:00
2021-09-08,212.554,portal.amfiindia.com / AMFI Historical NAV,2026-09-05T05:36:33.013846+00:00
2021-09-09,215.6963,portal.amfiindia.com / AMFI Historical NAV,2026-09-05T05:36:33.013846+00:00
2021-09-10,218.5367,portal.amfiindia.com / AMFI Historical NAV,2026-09-05T05:36:33.013846+00:00
2021-09-13,218.3732,portal.amfiindia.com / AMFI Historical NAV,2026-09-05T05:36:33.013846+00:00
2021-09-14,213.2721,portal.amfiindia.com / AMFI Historical NAV,2026-09-05T05:36:33.013846+00:00
2021-09-15,209.0528,portal.amfiindia.com / AMFI Historical NAV,2026-09-05T05:36:33.013846+00:00
2021-09-16,214.0895,portal.amfiindia.com / AMFI Historical NAV,2026-09-05T05:36:33.013846+00:00
2021-09-17,210.0039,portal.amfiindia.com / AMFI Historical NAV,2026-09-05T05:36:33.013846+00:00
2021-09-20,214.4118,portal.amfiindia.com / AMFI Historical NAV,2026-09-05T05:36:33.013846+00:00
2021-09-21,215.5387,portal.amfiindia.com / AMFI Historical NAV,2026-09-05T05:36:33.013846+00:00
2021-09-22,214.1575,portal.amfiindia.com / AMFI Historical NAV,2026-09-05T05:36:33.013846+00:00
2021-09-23,214.9394,portal.amfiindia.com / AMFI Historical NAV,2026-09-05T05:36:33.013846+00:00
2021-09-24,224.0245,portal.amfiindia.com / AMFI Historical NAV,2026-09-05T05:36:33.013846+00:00
2021-09-27,227.0612,portal.amfiindia.com / AMFI Historical NAV,2026-09-05T05:36:33.013846+00:00
2021-09-28,231.0972,portal.amfiindia.com / AMFI Historical NAV,2026-09-05T05:36:33.013846+00:00
2021-09-29,234.4674,portal.amfiindia.com / AMFI Historical NAV,2026-09-05T05:36:33.013846+00:00
2021-09-30,230.6261,portal.amfiindia.com / AMFI Historical NAV,2026-09-05T05:36:33.013846+00:00
2021-10-01,232.6281,portal.amfiindia.com / AMFI Historical NAV,2026-09-05T05:36:33.013846+00:00
2021-10-04,232.5274,portal.amfiindia.com / AMFI Historical NAV,2026-09-05T05:36:33.013846+00:00
2021-10-05,231.5033,portal.amfiindia.com / AMFI Historical NAV,2026-09-05T05:36:33.013846+00:00
2021-10-06,233.835,portal.amfiindia.com / AMFI Historical NAV,2026-09-05T05:36:33.013846+00:00
2021-10-07,233.0169,portal.amfiindia.com / AMFI Historical NAV,2026-09-05T05:36:33.013846+00:00
2021-10-08,233.7369,portal.amfiindia.com / AMFI Historical NAV,2026-09-05T05:36:33.013846+00:00
2021-10-11,234.654,portal.amfiindia.com / AMFI Historical NAV,2026-09-05T05:36:33.013846+00:00
2021-10-12,234.7626,portal.amfiindia.com / AMFI Historical NAV,2026-09-05T05:36:33.013846+00:00
2021-10-13,232.7284,portal.amfiindia.com / AMFI Historical NAV,2026-09-05T05:36:33.013846+00:00
2021-10-14,234.1499,portal.amfiindia.com / AMFI Historical NAV,2026-09-05T05:36:33.013846+00:00
2021-10-15,233.6134,portal.amfiindia.com / AMFI Historical NAV,2026-09-05T05:36:33.013846+00:00
2021-10-18,230.3622,portal.amfiindia.com / AMFI Historical NAV,2026-09-05T05:36:33.013846+00:00
2021-10-19,227.7223,portal.amfiindia.com / AMFI Historical NAV,2026-09-05T05:36:33.013846+00:00
2021-10-20,219.2409,portal.amfiindia.com / AMFI Historical NAV,2026-09-05T05:36:33.013846+00:00
2021-10-21,218.5155,portal.amfiindia.com / AMFI Historical NAV,2026-09-05T05:36:33.013846+00:00
2021-10-22,220.5208,portal.amfiindia.com / AMFI Historical NAV,2026-09-05T05:36:33.013846+00:00
2021-10-25,225.5308,portal.amfiindia.com / AMFI Historical NAV,2026-09-05T05:36:33.013846+00:00
2021-10-26,229.163,portal.amfiindia.com / AMFI Historical NAV,2026-09-05T05:36:33.013846+00:00
2021-10-27,224.7671,portal.amfiindia.com / AMFI Historical NAV,2026-09-05T05:36:33.013846+00:00
2021-10-28,231.8465,portal.amfiindia.com / AMFI Historical NAV,2026-09-05T05:36:33.013846+00:00
2021-10-29,241.5939,portal.amfiindia.com / AMFI Historical NAV,2026-09-05T05:36:33.013846+00:00
2021-11-01,240.8068,portal.amfiindia.com / AMFI Historical NAV,2026-09-05T05:36:33.013846+00:00
2021-11-02,242.3962,portal.amfiindia.com / AMFI Historical NAV,2026-09-05T05:36:33.013846+00:00
2021-11-03,239.3822,portal.amfiindia.com / AMFI Historical NAV,2026-09-05T05:36:33.013846+00:00
2021-11-04,236.5168,portal.amfiindia.com / AMFI Historical NAV,2026-09-05T05:36:33.013846+00:00
2021-11-05,244.4635,portal.amfiindia.com / AMFI Historical NAV,2026-09-05T05:36:33.013846+00:00
2021-11-08,248.5672,portal.amfiindia.com / AMFI Historical NAV,2026-09-05T05:36:33.013846+00:00
2021-11-09,254.1628,portal.amfiindia.com / AMFI Historical NAV,2026-09-05T05:36:33.013846+00:00
2021-11-10,248.9134,portal.amfiindia.com / AMFI Historical NAV,2026-09-05T05:36:33.013846+00:00
2021-11-11,244.5454,portal.amfiindia.com / AMFI Historical NAV,2026-09-05T05:36:33.013846+00:00
2021-11-12,242.5075,portal.amfiindia.com / AMFI Historical NAV,2026-09-05T05:36:33.013846+00:00
2021-11-15,235.4341,portal.amfiindia.com / AMFI Historical NAV,2026-09-05T05:36:33.013846+00:00
2021-11-16,236.2166,portal.amfiindia.com / AMFI Historical NAV,2026-09-05T05:36:33.013846+00:00
2021-11-17,234.3551,portal.amfiindia.com / AMFI Historical NAV,2026-09-05T05:36:33.013846+00:00
2021-11-18,232.9808,portal.amfiindia.com / AMFI Historical NAV,2026-09-05T05:36:33.013846+00:00
2021-11-19,225.4506,portal.amfiindia.com / AMFI Historical NAV,2026-09-05T05:36:33.013846+00:00
2021-11-22,225.1507,portal.amfiindia.com / AMFI Historical NAV,2026-09-05T05:36:33.013846+00:00
2021-11-23,228.4463,portal.amfiindia.com / AMFI Historical NAV,2026-09-05T05:36:33.013846+00:00
2021-11-24,222.3794,portal.amfiindia.com / AMFI Historical NAV,2026-09-05T05:36:33.013846+00:00
2021-11-25,206.1204,portal.amfiindia.com / AMFI Historical NAV,2026-09-05T05:36:33.013846+00:00
2021-11-26,204.2737,portal.amfiindia.com / AMFI Historical NAV,2026-09-05T05:36:33.013846+00:00
2021-11-29,208.3529,portal.amfiindia.com / AMFI Historical NAV,2026-09-05T05:36:33.013846+00:00
2021-11-30,216.0183,portal.amfiindia.com / AMFI Historical NAV,2026-09-05T05:36:33.013846+00:00
2021-12-01,214.6564,portal.amfiindia.com / AMFI Historical NAV,2026-09-05T05:36:33.013846+00:00
2021-12-02,212.8851,portal.amfiindia.com / AMFI Historical NAV,2026-09-05T05:36:33.013846+00:00
2021-12-03,213.8051,portal.amfiindia.com / AMFI Historical NAV,2026-09-05T05:36:33.013846+00:00
2021-12-06,209.1944,portal.amfiindia.com / AMFI Historical NAV,2026-09-05T05:36:33.013846+00:00
2021-12-07,209.461,portal.amfiindia.com / AMFI Historical NAV,2026-09-05T05:36:33.013846+00:00
2021-12-08,212.0441,portal.amfiindia.com / AMFI Historical NAV,2026-09-05T05:36:33.013846+00:00
2021-12-09,218.1866,portal.amfiindia.com / AMFI Historical NAV,2026-09-05T05:36:33.013846+00:00
2021-12-10,218.2568,portal.amfiindia.com / AMFI Historical NAV,2026-09-05T05:36:33.013846+00:00
2021-12-13,218.2381,portal.amfiindia.com / AMFI Historical NAV,2026-09-05T05:36:33.013846+00:00
2021-12-14,215.54,portal.amfiindia.com / AMFI Historical NAV,2026-09-05T05:36:33.013846+00:00
2021-12-15,213.8223,portal.amfiindia.com / AMFI Historical NAV,2026-09-05T05:36:33.013846+00:00
2021-12-16,213.3073,portal.amfiindia.com / AMFI Historical NAV,2026-09-05T05:36:33.013846+00:00
2021-12-17,215.2346,portal.amfiindia.com / AMFI Historical NAV,2026-09-05T05:36:33.013846+00:00
2021-12-20,220.9268,portal.amfiindia.com / AMFI Historical NAV,2026-09-05T05:36:33.013846+00:00
2021-12-21,216.1806,portal.amfiindia.com / AMFI Historical NAV,2026-09-05T05:36:33.013846+00:00
2021-12-22,220.1984,portal.amfiindia.com / AMFI Historical NAV,2026-09-05T05:36:33.013846+00:00
2021-12-23,216.5678,portal.amfiindia.com / AMFI Historical NAV,2026-09-05T05:36:33.013846+00:00
2021-12-24,216.6495,portal.amfiindia.com / AMFI Historical NAV,2026-09-05T05:36:33.013846+00:00
2021-12-27,209.8981,portal.amfiindia.com / AMFI Historical NAV,2026-09-05T05:36:33.013846+00:00
2021-12-28,201.3255,portal.amfiindia.com / AMFI Historical NAV,2026-09-05T05:36:33.013846+00:00
2021-12-29,204.1897,portal.amfiindia.com / AMFI Historical NAV,2026-09-05T05:36:33.013846+00:00
2021-12-30,208.8335,portal.amfiindia.com / AMFI Historical NAV,2026-09-05T05:36:33.013846+00:00
2021-12-31,206.3176,portal.amfiindia.com / AMFI Historical NAV,2026-09-05T05:36:33.013846+00:00
2022-01-03,206.01,portal.amfiindia.com / AMFI Historical NAV,2026-09-05T05:36:33.013846+00:00
2022-01-04,209.8439,portal.amfiindia.com / AMFI Historical NAV,2026-09-05T05:36:33.013846+00:00
2022-01-05,206.3038,portal.amfiindia.com / AMFI Historical NAV,2026-09-05T05:36:33.013846+00:00
2022-01-06,202.8729,portal.amfiindia.com / AMFI Historical NAV,2026-09-05T05:36:33.013846+00:00
2022-01-07,205.9589,portal.amfiindia.com / AMFI Historical NAV,2026-09-05T05:36:33.013846+00:00
2022-01-10,201.6218,portal.amfiindia.com / AMFI Historical NAV,2026-09-05T05:36:33.013846+00:00
2022-01-11,203.1996,portal.amfiindia.com / AMFI Historical NAV,2026-09-05T05:36:33.013846+00:00
2022-01-12,197.5236,portal.amfiindia.com / AMFI Historical NAV,2026-09-05T05:36:33.013846+00:00
2022-01-13,201.3045,portal.amfiindia.com / AMFI Historical NAV,2026-09-05T05:36:33.013846+00:00
2022-01-14,197.5732,portal.amfiindia.com / AMFI Historical NAV,2026-09-05T05:36:33.013846+00:00
2022-01-17,190.8427,portal.amfiindia.com / AMFI Historical NAV,2026-09-05T05:36:33.013846+00:00
2022-01-18,195.4897,portal.amfiindia.com / AMFI Historical NAV,2026-09-05T05:36:33.013846+00:00
2022-01-19,193.5085,portal.amfiindia.com / AMFI Historical NAV,2026-09-05T05:36:33.013846+00:00
2022-01-20,192.8405,portal.amfiindia.com / AMFI Historical NAV,2026-09-05T05:36:33.013846+00:00
2022-01-21,195.4544,portal.amfiindia.com / AMFI Historical NAV,2026-09-05T05:36:33.013846+00:00
2022-01-24,198.8661,portal.amfiindia.com / AMFI Historical NAV,2026-09-05T05:36:33.013846+00:00
2022-01-25,197.3409,portal.amfiindia.com / AMFI Historical NAV,2026-09-05T05:36:33.013846+00:00
2022-01-26,196.1206,portal.amfiindia.com / AMFI Historical NAV,2026-09-05T05:36:33.013846+00:00
2022-01-27,199.1218,portal.amfiindia.com / AMFI Historical NAV,2026-09-05T05:36:33.013846+00:00
2022-01-28,204.703,portal.amfiindia.com / AMFI Historical NAV,2026-09-05T05:36:33.013846+00:00
2022-01-31,207.4185,portal.amfiindia.com / AMFI Historical NAV,2026-09-05T05:36:33.013846+00:00
2022-02-01,206.0479,portal.amfiindia.com / AMFI Historical NAV,2026-09-05T05:36:33.013846+00:00
2022-02-02,202.1478,portal.amfiindia.com / AMFI Historical NAV,2026-09-05T05:36:33.013846+00:00
2022-02-03,199.5058,portal.amfiindia.com / AMFI Historical NAV,2026-09-05T05:36:33.013846+00:00
2022-02-04,195.9949,portal.amfiindia.com / AMFI Historical NAV,2026-09-05T05:36:33.013846+00:00
2022-02-07,183.4345,portal.amfiindia.com / AMFI Historical NAV,2026-09-05T05:36:33.013846+00:00
2022-02-08,183.4211,portal.amfiindia.com / AMFI Historical NAV,2026-09-05T05:36:33.013846+00:00
2022-02-09,184.3116,portal.amfiindia.com / AMFI Historical NAV,2026-09-05T05:36:33.013846+00:00
2022-02-10,175.4593,portal.amfiindia.com / AMFI Historical NAV,2026-09-05T05:36:33.013846+00:00
2022-02-11,172.0363,portal.amfiindia.com / AMFI Historical NAV,2026-09-05T05:36:33.013846+00:00
2022-02-14,174.2472,portal.amfiindia.com / AMFI Historical NAV,2026-09-05T05:36:33.013846+00:00
2022-02-15,179.677,portal.amfiindia.com / AMFI Historical NAV,2026-09-05T05:36:33.013846+00:00
2022-02-16,181.3161,portal.amfiindia.com / AMFI Historical NAV,2026-09-05T05:36:33.013846+00:00
2022-02-17,178.4144,portal.amfiindia.com / AMFI Historical NAV,2026-09-05T05:36:33.013846+00:00
2022-02-18,176.3986,portal.amfiindia.com / AMFI Historical NAV,2026-09-05T05:36:33.013846+00:00
2022-02-21,181.0166,portal.amfiindia.com / AMFI Historical NAV,2026-09-05T05:36:33.013846+00:00
2022-02-22,181.9281,portal.amfiindia.com / AMFI Historical NAV,2026-09-05T05:36:33.013846+00:00
2022-02-23,179.6706,portal.amfiindia.com / AMFI Historical NAV,2026-09-05T05:36:33.013846+00:00
2022-02-24,177.3472,portal.amfiindia.com / AMFI Historical NAV,2026-09-05T05:36:33.013846+00:00
2022-02-25,171.676,portal.amfiindia.com / AMFI Historical NAV,2026-09-05T05:36:33.013846+00:00
2022-02-28,171.5692,portal.amfiindia.com / AMFI Historical NAV,2026-09-05T05:36:33.013846+00:00
2022-03-01,176.8541,portal.amfiindia.com / AMFI Historical NAV,2026-09-05T05:36:33.013846+00:00
2022-03-02,177.1215,portal.amfiindia.com / AMFI Historical NAV,2026-09-05T05:36:33.013846+00:00
2022-03-03,173.4974,portal.amfiindia.com / AMFI Historical NAV,2026-09-05T05:36:33.013846+00:00
2022-03-04,171.0951,portal.amfiindia.com / AMFI Historical NAV,2026-09-05T05:36:33.013846+00:00
2022-03-07,168.3167,portal.amfiindia.com / AMFI Historical NAV,2026-09-05T05:36:33.013846+00:00
2022-03-08,173.0461,portal.amfiindia.com / AMFI Historical NAV,2026-09-05T05:36:33.013846+00:00
2022-03-09,171.2678,portal.amfiindia.com / AMFI Historical NAV,2026-09-05T05:36:33.013846+00:00
2022-03-10,171.5915,portal.amfiindia.com / AMFI Historical NAV,2026-09-05T05:36:33.013846+00:00
2022-03-11,179.5924,portal.amfiindia.com / AMFI Historical NAV,2026-09-05T05:36:33.013846+00:00
2022-03-14,182.6807,portal.amfiindia.com / AMFI Historical NAV,2026-09-05T05:36:33.013846+00:00
2022-03-15,180.4236,portal.amfiindia.com / AMFI Historical NAV,2026-09-05T05:36:33.013846+00:00
2022-03-16,180.4068,portal.amfiindia.com / AMFI Historical NAV,2026-09-05T05:36:33.013846+00:00
2022-03-17,181.2341,portal.amfiindia.com / AMFI Historical NAV,2026-09-05T05:36:33.013846+00:00
2022-03-18,182.5536,portal.amfiindia.com / AMFI Historical NAV,2026-09-05T05:36:33.013846+00:00
2022-03-21,177.6017,portal.amfiindia.com / AMFI Historical NAV,2026-09-05T05:36:33.013846+00:00
2022-03-22,181.7784,portal.amfiindia.com / AMFI Historical NAV,2026-09-05T05:36:33.013846+00:00
2022-03-23,180.9047,portal.amfiindia.com / AMFI Historical NAV,2026-09-05T05:36:33.013846+00:00
2022-03-24,187.0204,portal.amfiindia.com / AMFI Historical NAV,2026-09-05T05:36:33.013846+00:00
2022-03-25,189.5207,portal.amfiindia.com / AMFI Historical NAV,2026-09-05T05:36:33.013846+00:00
2022-03-28,189.1409,portal.amfiindia.com / AMFI Historical NAV,2026-09-05T05:36:33.013846+00:00
2022-03-29,193.2818,portal.amfiindia.com / AMFI Historical NAV,2026-09-05T05:36:33.013846+00:00
2022-03-30,191.8322,portal.amfiindia.com / AMFI Historical NAV,2026-09-05T05:36:33.013846+00:00
2022-03-31,193.0521,portal.amfiindia.com / AMFI Historical NAV,2026-09-05T05:36:33.013846+00:00
2022-04-01,192.0188,portal.amfiindia.com / AMFI Historical NAV,2026-09-05T05:36:33.013846+00:00
2022-04-04,188.0101,portal.amfiindia.com / AMFI Historical NAV,2026-09-05T05:36:33.013846+00:00
2022-04-05,187.5085,portal.amfiindia.com / AMFI Historical NAV,2026-09-05T05:36:33.013846+00:00
2022-04-06,191.1584,portal.amfiindia.com / AMFI Historical NAV,2026-09-05T05:36:33.013846+00:00
2022-04-07,188.9141,portal.amfiindia.com / AMFI Historical NAV,2026-09-05T05:36:33.013846+00:00
2022-04-08,188.7284,portal.amfiindia.com / AMFI Historical NAV,2026-09-05T05:36:33.013846+00:00
2022-04-11,183.8676,portal.amfiindia.com / AMFI Historical NAV,2026-09-05T05:36:33.013846+00:00
2022-04-12,185.2812,portal.amfiindia.com / AMFI Historical NAV,2026-09-05T05:36:33.013846+00:00
2022-04-13,191.7736,portal.amfiindia.com / AMFI Historical NAV,2026-09-05T05:36:33.013846+00:00
2022-04-14,189.2236,portal.amfiindia.com / AMFI Historical NAV,2026-09-05T05:36:33.013846+00:00
2022-04-15,186.4545,portal.amfiindia.com / AMFI Historical NAV,2026-09-05T05:36:33.013846+00:00
2022-04-18,189.656,portal.amfiindia.com / AMFI Historical NAV,2026-09-05T05:36:33.013846+00:00
2022-04-19,186.4179,portal.amfiindia.com / AMFI Historical NAV,2026-09-05T05:36:33.013846+00:00
2022-04-20,187.3531,portal.amfiindia.com / AMFI Historical NAV,2026-09-05T05:36:33.013846+00:00
2022-04-21,185.6084,portal.amfiindia.com / AMFI Historical NAV,2026-09-05T05:36:33.013846+00:00
2022-04-22,186.0475,portal.amfiindia.com / AMFI Historical NAV,2026-09-05T05:36:33.013846+00:00
2022-04-25,184.395,portal.amfiindia.com / AMFI Historical NAV,2026-09-05T05:36:33.013846+00:00
2022-04-26,188.9875,portal.amfiindia.com / AMFI Historical NAV,2026-09-05T05:36:33.013846+00:00
2022-04-27,194.7228,portal.amfiindia.com / AMFI Historical NAV,2026-09-05T05:36:33.013846+00:00
2022-04-28,203.5735,portal.amfiindia.com / AMFI Historical NAV,2026-09-05T05:36:33.013846+00:00
2022-04-29,206.7965,portal.amfiindia.com / AMFI Historical NAV,2026-09-05T05:36:33.013846+00:00
2022-05-02,205.8363,portal.amfiindia.com / AMFI Historical NAV,2026-09-05T05:36:33.013846+00:00
2022-05-03,208.9361,portal.amfiindia.com / AMFI Historical NAV,2026-09-05T05:36:33.013846+00:00
2022-05-04,211.4498,portal.amfiindia.com / AMFI Historical NAV,2026-09-05T05:36:33.013846+00:00
2022-05-05,213.5582,portal.amfiindia.com / AMFI Historical NAV,2026-09-05T05:36:33.013846+00:00
2022-05-06,208.216,portal.amfiindia.com / AMFI Historical NAV,2026-09-05T05:36:33.013846+00:00
2022-05-09,207.625,portal.amfiindia.com / AMFI Historical NAV,2026-09-05T05:36:33.013846+00:00
2022-05-10,213.5664,portal.amfiindia.com / AMFI Historical NAV,2026-09-05T05:36:33.013846+00:00
2022-05-11,208.656,portal.amfiindia.com / AMFI Historical NAV,2026-09-05T05:36:33.013846+00:00
2022-05-12,215.1901,portal.amfiindia.com / AMFI Historical NAV,2026-09-05T05:36:33.013846+00:00
2022-05-13,221.2983,portal.amfiindia.com / AMFI Historical NAV,2026-09-05T05:36:33.013846+00:00
2022-05-16,219.2209,portal.amfiindia.com / AMFI Historical NAV,2026-09-05T05:36:33.013846+00:00
2022-05-17,210.6259,portal.amfiindia.com / AMFI Historical NAV,2026-09-05T05:36:33.013846+00:00
2022-05-18,206.4161,portal.amfiindia.com / AMFI Historical NAV,2026-09-05T05:36:33.013846+00:00
2022-05-19,210.7678,portal.amfiindia.com / AMFI Historical NAV,2026-09-05T05:36:33.013846+00:00
2022-05-20,209.4426,portal.amfiindia.com / AMFI Historical NAV,2026-09-05T05:36:33.013846+00:00
2022-05-23,207.6635,portal.amfiindia.com / AMFI Historical NAV,2026-09-05T05:36:33.013846+00:00
2022-05-24,209.5277,portal.amfiindia.com / AMFI Historical NAV,2026-09-05T05:36:33.013846+00:00
2022-05-25,209.8501,portal.amfiindia.com / AMFI Historical NAV,2026-09-05T05:36:33.013846+00:00
2022-05-26,208.1213,portal.amfiindia.com / AMFI Historical NAV,2026-09-05T05:36:33.013846+00:00
2022-05-27,206.5739,portal.amfiindia.com / AMFI Historical NAV,2026-09-05T05:36:33.013846+00:00
2022-05-30,202.19,portal.amfiindia.com / AMFI Historical NAV,2026-09-05T05:36:33.013846+00:00
2022-05-31,200.6545,portal.amfiindia.com / AMFI Historical NAV,2026-09-05T05:36:33.013846+00:00
2022-06-01,198.4619,portal.amfiindia.com / AMFI Historical NAV,2026-09-05T05:36:33.013846+00:00
2022-06-02,206.7907,portal.amfiindia.com / AMFI Historical NAV,2026-09-05T05:36:33.013846+00:00
2022-06-03,205.7705,portal.amfiindia.com / AMFI Historical NAV,2026-09-05T05:36:33.013846+00:00
2022-06-06,209.79,portal.amfiindia.com / AMFI Historical NAV,2026-09-05T05:36:33.013846+00:00
2022-06-07,211.6786,portal.amfiindia.com / AMFI Historical NAV,2026-09-05T05:36:33.013846+00:00
2022-06-08,215.3883,portal.amfiindia.com / AMFI Historical NAV,2026-09-05T05:36:33.013846+00:00
2022-06-09,213.645,portal.amfiindia.com / AMFI Historical NAV,2026-09-05T05:36:33.013846+00:00
2022-06-10,216.2554,portal.amfiindia.com / AMFI Historical NAV,2026-09-05T05:36:33.013846+00:00
2022-06-13,214.5909,portal.amfiindia.com / AMFI Historical NAV,2026-09-05T05:36:33.013846+00:00
2022-06-14,210.0324,portal.amfiindia.com / AMFI Historical NAV,2026-09-05T05:36:33.013846+00:00
2022-06-15,208.2936,portal.amfiindia.com / AMFI Historical NAV,2026-09-05T05:36:33.013846+00:00
2022-06-16,199.3453,portal.amfiindia.com / AMFI Historical NAV,2026-09-05T05:36:33.013846+00:00
2022-06-17,201.4901,portal.amfiindia.com / AMFI Historical NAV,2026-09-05T05:36:33.013846+00:00
2022-06-20,196.7613,portal.amfiindia.com / AMFI Historical NAV,2026-09-05T05:36:33.013846+00:00
2022-06-21,198.0443,portal.amfiindia.com / AMFI Historical NAV,2026-09-05T05:36:33.013846+00:00
2022-06-22,198.0234,portal.amfiindia.com / AMFI Historical NAV,2026-09-05T05:36:33.013846+00:00
2022-06-23,196.5709,portal.amfiindia.com / AMFI Historical NAV,2026-09-05T05:36:33.013846+00:00
2022-06-24,196.5006,portal.amfiindia.com / AMFI Historical NAV,2026-09-05T05:36:33.013846+00:00
2022-06-27,189.7426,portal.amfiindia.com / AMFI Historical NAV,2026-09-05T05:36:33.013846+00:00
2022-06-28,194.6335,portal.amfiindia.com / AMFI Historical NAV,2026-09-05T05:36:33.013846+00:00
2022-06-29,189.646,portal.amfiindia.com / AMFI Historical NAV,2026-09-05T05:36:33.013846+00:00
2022-06-30,189.4196,portal.amfiindia.com / AMFI Historical NAV,2026-09-05T05:36:33.013846+00:00
2022-07-01,191.8796,portal.amfiindia.com / AMFI Historical NAV,2026-09-05T05:36:33.013846+00:00
2022-07-04,191.2307,portal.amfiindia.com / AMFI Historical NAV,2026-09-05T05:36:33.013846+00:00
2022-07-05,189.96,portal.amfiindia.com / AMFI Historical NAV,2026-09-05T05:36:33.013846+00:00
2022-07-06,189.9825,portal.amfiindia.com / AMFI Historical NAV,2026-09-05T05:36:33.013846+00:00
2022-07-07,189.9216,portal.amfiindia.com / AMFI Historical NAV,2026-09-05T05:36:33.013846+00:00
2022-07-08,193.822,portal.amfiindia.com / AMFI Historical NAV,2026-09-05T05:36:33.013846+00:00
2022-07-11,195.0969,portal.amfiindia.com / AMFI Historical NAV,2026-09-05T05:36:33.013846+00:00
2022-07-12,196.5583,portal.amfiindia.com / AMFI Historical NAV,2026-09-05T05:36:33.013846+00:00
2022-07-13,197.9006,portal.amfiindia.com / AMFI Historical NAV,2026-09-05T05:36:33.013846+00:00
2022-07-14,195.7536,portal.amfiindia.com / AMFI Historical NAV,2026-09-05T05:36:33.013846+00:00
2022-07-15,195.029,portal.amfiindia.com / AMFI Historical NAV,2026-09-05T05:36:33.013846+00:00
2022-07-18,197.4762,portal.amfiindia.com / AMFI Historical NAV,2026-09-05T05:36:33.013846+00:00
2022-07-19,204.4806,portal.amfiindia.com / AMFI Historical NAV,2026-09-05T05:36:33.013846+00:00
2022-07-20,200.169,portal.amfiindia.com / AMFI Historical NAV,2026-09-05T05:36:33.013846+00:00
2022-07-21,195.7813,portal.amfiindia.com / AMFI Historical NAV,2026-09-05T05:36:33.013846+00:00
2022-07-22,197.7471,portal.amfiindia.com / AMFI Historical NAV,2026-09-05T05:36:33.013846+00:00
2022-07-25,197.6044,portal.amfiindia.com / AMFI Historical NAV,2026-09-05T05:36:33.013846+00:00
2022-07-26,191.9381,portal.amfiindia.com / AMFI Historical NAV,2026-09-05T05:36:33.013846+00:00
2022-07-27,194.0103,portal.amfiindia.com / AMFI Historical NAV,2026-09-05T05:36:33.013846+00:00
2022-07-28,193.5425,portal.amfiindia.com / AMFI Historical NAV,2026-09-05T05:36:33.013846+00:00
2022-07-29,191.9106,portal.amfiindia.com / AMFI Historical NAV,2026-09-05T05:36:33.013846+00:00
2022-08-01,194.5202,portal.amfiindia.com / AMFI Historical NAV,2026-09-05T05:36:33.013846+00:00
2022-08-02,195.931,portal.amfiindia.com / AMFI Historical NAV,2026-09-05T05:36:33.013846+00:00
2022-08-03,197.3455,portal.amfiindia.com / AMFI Historical NAV,2026-09-05T05:36:33.013846+00:00
2022-08-04,199.2443,portal.amfiindia.com / AMFI Historical NAV,2026-09-05T05:36:33.013846+00:00
2022-08-05,203.5387,portal.amfiindia.com / AMFI Historical NAV,2026-09-05T05:36:33.013846+00:00
2022-08-08,204.7389,portal.amfiindia.com / AMFI Historical NAV,2026-09-05T05:36:33.013846+00:00
2022-08-09,201.3224,portal.amfiindia.com / AMFI Historical NAV,2026-09-05T05:36:33.013846+00:00
2022-08-10,205.9699,portal.amfiindia.com / AMFI Historical NAV,2026-09-05T05:36:33.013846+00:00
2022-08-11,205.1187,portal.amfiindia.com / AMFI Historical NAV,2026-09-05T05:36:33.013846+00:00
2022-08-12,211.898,portal.amfiindia.com / AMFI Historical NAV,2026-09-05T05:36:33.013846+00:00
2022-08-15,212.9669,portal.amfiindia.com / AMFI Historical NAV,2026-09-05T05:36:33.013846+00:00
2022-08-16,218.4156,portal.amfiindia.com / AMFI Historical NAV,2026-09-05T05:36:33.013846+00:00
2022-08-17,221.3768,portal.amfiindia.com / AMFI Historical NAV,2026-09-05T05:36:33.013846+00:00
2022-08-18,229.5478,portal.amfiindia.com / AMFI Historical NAV,2026-09-05T05:36:33.013846+00:00
2022-08-19,233.2015,portal.amfiindia.com / AMFI Historical NAV,2026-09-05T05:36:33.013846+00:00
2022-08-22,232.8011,portal.amfiindia.com / AMFI Historical NAV,2026-09-05T05:36:33.013846+00:00
2022-08-23,229.6518,portal.amfiindia.com / AMFI Historical NAV,2026-09-05T05:36:33.013846+00:00
2022-08-24,228.3122,portal.amfiindia.com / AMFI Historical NAV,2026-09-05T05:36:33.013846+00:00
2022-08-25,231.6875,portal.amfiindia.com / AMFI Historical NAV,2026-09-05T05:36:33.013846+00:00
2022-08-26,227.1781,portal.amfiindia.com / AMFI Historical NAV,2026-09-05T05:36:33.013846+00:00
2022-08-29,221.7163,portal.amfiindia.com / AMFI Historical NAV,2026-09-05T05:36:33.013846+00:00
2022-08-30,215.5779,portal.amfiindia.com / AMFI Historical NAV,2026-09-05T05:36:33.013846+00:00
2022-08-31,216.9918,portal.amfiindia.com / AMFI Historical NAV,2026-09-05T05:36:33.013846+00:00
2022-09-01,223.5845,portal.amfiindia.com / AMFI Historical NAV,2026-09-05T05:36:33.013846+00:00
2022-09-02,226.6566,portal.amfiindia.com / AMFI Historical NAV,2026-09-05T05:36:33.013846+00:00
2022-09-05,228.2272,portal.amfiindia.com / AMFI Historical NAV,2026-09-05T05:36:33.013846+00:00
2022-09-06,230.8068,portal.amfiindia.com / AMFI Historical NAV,2026-09-05T05:36:33.013846+00:00
2022-09-07,234.3271,portal.amfiindia.com / AMFI Historical NAV,2026-09-05T05:36:33.013846+00:00
2022-09-08,228.0332,portal.amfiindia.com / AMFI Historical NAV,2026-09-05T05:36:33.013846+00:00
2022-09-09,228.0051,portal.amfiindia.com / AMFI Historical NAV,2026-09-05T05:36:33.013846+00:00
2022-09-12,230.5642,portal.amfiindia.com / AMFI Historical NAV,2026-09-05T05:36:33.013846+00:00
2022-09-13,231.2364,portal.amfiindia.com / AMFI Historical NAV,2026-09-05T05:36:33.013846+00:00
2022-09-14,232.1225,portal.amfiindia.com / AMFI Historical NAV,2026-09-05T05:36:33.013846+00:00
2022-09-15,236.2685,portal.amfiindia.com / AMFI Historical NAV,2026-09-05T05:36:33.013846+00:00
2022-09-16,229.9862,portal.amfiindia.com / AMFI Historical NAV,2026-09-05T05:36:33.013846+00:00
2022-09-19,231.6385,portal.amfiindia.com / AMFI Historical NAV,2026-09-05T05:36:33.013846+00:00
2022-09-20,225.9027,portal.amfiindia.com / AMFI Historical NAV,2026-09-05T05:36:33.013846+00:00
2022-09-21,219.7425,portal.amfiindia.com / AMFI Historical NAV,2026-09-05T05:36:33.013846+00:00
2022-09-22,221.4815,portal.amfiindia.com / AMFI Historical NAV,2026-09-05T05:36:33.013846+00:00
2022-09-23,228.0679,portal.amfiindia.com / AMFI Historical NAV,2026-09-05T05:36:33.013846+00:00
2022-09-26,226.6945,portal.amfiindia.com / AMFI Historical NAV,2026-09-05T05:36:33.013846+00:00
2022-09-27,230.7467,portal.amfiindia.com / AMFI Historical NAV,2026-09-05T05:36:33.013846+00:00
2022-09-28,236.3874,portal.amfiindia.com / AMFI Historical NAV,2026-09-05T05:36:33.013846+00:00
2022-09-29,240.7284,portal.amfiindia.com / AMFI Historical NAV,2026-09-05T05:36:33.013846+00:00
2022-09-30,248.0873,portal.amfiindia.com / AMFI Historical NAV,2026-09-05T05:36:33.013846+00:00
2022-10-03,249.2223,portal.amfiindia.com / AMFI Historical NAV,2026-09-05T05:36:33.013846+00:00
2022-10-04,248.3947,portal.amfiindia.com / AMFI Historical NAV,2026-09-05T05:36:33.013846+00:00
2022-10-05,243.4124,portal.amfiindia.com / AMFI Historical NAV,2026-09-05T05:36:33.013846+00:00
2022-10-06,241.4444,portal.amfiindia.com / AMFI Historical NAV,2026-09-05T05:36:33.013846+00:00
2022-10-07,240.1128,portal.amfiindia.com / AMFI Historical NAV,2026-09-05T05:36:33.013846+00:00
2022-10-10,245.5582,portal.amfiindia.com / AMFI Historical NAV,2026-09-05T05:36:33.013846+00:00
2022-10-11,245.7118,portal.amfiindia.com / AMFI Historical NAV,2026-09-05T05:36:33.013846+00:00
2022-10-12,246.0988,portal.amfiindia.com / AMFI Historical NAV,2026-09-05T05:36:33.013846+00:00
2022-10-13,248.5545,portal.amfiindia.com / AMFI Historical NAV,2026-09-05T05:36:33.013846+00:00
2022-10-14,247.8845,portal.amfiindia.com / AMFI Historical NAV,2026-09-05T05:36:33.013846+00:00
2022-10-17,252.8072,portal.amfiindia.com / AMFI Historical NAV,2026-09-05T05:36:33.013846+00:00
2022-10-18,251.2005,portal.amfiindia.com / AMFI Historical NAV,2026-09-05T05:36:33.013846+00:00
2022-10-19,252.5126,portal.amfiindia.com / AMFI Historical NAV,2026-09-05T05:36:33.013846+00:00
2022-10-20,250.2868,portal.amfiindia.com / AMFI Historical NAV,2026-09-05T05:36:33.013846+00:00
2022-10-21,250.0522,portal.amfiindia.com / AMFI Historical NAV,2026-09-05T05:36:33.013846+00:00
2022-10-24,246.0527,portal.amfiindia.com / AMFI Historical NAV,2026-09-05T05:36:33.013846+00:00
2022-10-25,246.0074,portal.amfiindia.com / AMFI Historical NAV,2026-09-05T05:36:33.013846+00:00
2022-10-26,241.3656,portal.amfiindia.com / AMFI Historical NAV,2026-09-05T05:36:33.013846+00:00
2022-10-27,240.2124,portal.amfiindia.com / AMFI Historical NAV,2026-09-05T05:36:33.013846+00:00
2022-10-28,233.6199,portal.amfiindia.com / AMFI Historical NAV,2026-09-05T05:36:33.013846+00:00
2022-10-31,232.9868,portal.amfiindia.com / AMFI Historical NAV,2026-09-05T05:36:33.013846+00:00
2022-11-01,227.8529,portal.amfiindia.com / AMFI Historical NAV,2026-09-05T05:36:33.013846+00:00
2022-11-02,230.8797,portal.amfiindia.com / AMFI Historical NAV,2026-09-05T05:36:33.013846+00:00
2022-11-03,230.1805,portal.amfiindia.com / AMFI Historical NAV,2026-09-05T05:36:33.013846+00:00
2022-11-04,224.7871,portal.amfiindia.com / AMFI Historical NAV,2026-09-05T05:36:33.013846+00:00
2022-11-07,226.9851,portal.amfiindia.com / AMFI Historical NAV,2026-09-05T05:36:33.013846+00:00
2022-11-08,225.5456,portal.amfiindia.com / AMFI Historical NAV,2026-09-05T05:36:33.013846+00:00
2022-11-09,225.5399,portal.amfiindia.com / AMFI Historical NAV,2026-09-05T05:36:33.013846+00:00
2022-11-10,229.1583,portal.amfiindia.com / AMFI Historical NAV,2026-09-05T05:36:33.013846+00:00
2022-11-11,227.166,portal.amfiindia.com / AMFI Historical NAV,2026-09-05T05:36:33.013846+00:00
2022-11-14,227.2237,portal.amfiindia.com / AMFI Historical NAV,2026-09-05T05:36:33.013846+00:00
2022-11-15,225.5399,portal.amfiindia.com / AMFI Historical NAV,2026-09-05T05:36:33.013846+00:00
2022-11-16,226.3152,portal.amfiindia.com / AMFI Historical NAV,2026-09-05T05:36:33.013846+00:00
2022-11-17,226.022,portal.amfiindia.com / AMFI Historical NAV,2026-09-05T05:36:33.013846+00:00
2022-11-18,222.8009,portal.amfiindia.com / AMFI Historical NAV,2026-09-05T05:36:33.013846+00:00
2022-11-21,219.5058,portal.amfiindia.com / AMFI Historical NAV,2026-09-05T05:36:33.013846+00:00
2022-11-22,215.2054,portal.amfiindia.com / AMFI Historical NAV,2026-09-05T05:36:33.013846+00:00
2022-11-23,216.7978,portal.amfiindia.com / AMFI Historical NAV,2026-09-05T05:36:33.013846+00:00
2022-11-24,218.2018,portal.amfiindia.com / AMFI Historical NAV,2026-09-05T05:36:33.013846+00:00
2022-11-25,223.037,portal.amfiindia.com / AMFI Historical NAV,2026-09-05T05:36:33.013846+00:00
2022-11-28,222.6404,portal.amfiindia.com / AMFI Historical NAV,2026-09-05T05:36:33.013846+00:00
2022-11-29,223.3298,portal.amfiindia.com / AMFI Historical NAV,2026-09-05T05:36:33.013846+00:00
2022-11-30,221.7334,portal.amfiindia.com / AMFI Historical NAV,2026-09-05T05:36:33.013846+00:00
2022-12-01,216.1668,portal.amfiindia.com / AMFI Historical NAV,2026-09-05T05:36:33.013846+00:00
2022-12-02,210.6769,portal.amfiindia.com / AMFI Historical NAV,2026-09-05T05:36:33.013846+00:00
2022-12-05,209.9538,portal.amfiindia.com / AMFI Historical NAV,2026-09-05T05:36:33.013846+00:00
2022-12-06,212.8351,portal.amfiindia.com / AMFI Historical NAV,2026-09-05T05:36:33.013846+00:00
2022-12-07,208.2543,portal.amfiindia.com / AMFI Historical NAV,2026-09-05T05:36:33.013846+00:00
2022-12-08,210.1353,portal.amfiindia.com / AMFI Historical NAV,2026-09-05T05:36:33.013846+00:00
2022-12-09,207.4607,portal.amfiindia.com / AMFI Historical NAV,2026-09-05T05:36:33.013846+00:00
2022-12-12,206.6011,portal.amfiindia.com / AMFI Historical NAV,2026-09-05T05:36:33.013846+00:00
2022-12-13,211.7071,portal.amfiindia.com / AMFI Historical NAV,2026-09-05T05:36:33.013846+00:00
2022-12-14,211.8542,portal.amfiindia.com / AMFI Historical NAV,2026-09-05T05:36:33.013846+00:00
2022-12-15,213.1969,portal.amfiindia.com / AMFI Historical NAV,2026-09-05T05:36:33.013846+00:00
2022-12-16,209.8892,portal.amfiindia.com / AMFI Historical NAV,2026-09-05T05:36:33.013846+00:00
2022-12-19,203.9188,portal.amfiindia.com / AMFI Historical NAV,2026-09-05T05:36:33.013846+00:00
2022-12-20,199.7371,portal.amfiindia.com / AMFI Historical NAV,2026-09-05T05:36:33.013846+00:00
2022-12-21,199.3414,portal.amfiindia.com / AMFI Historical NAV,2026-09-05T05:36:33.013846+00:00
2022-12-22,196.3686,portal.amfiindia.com / AMFI Historical NAV,2026-09-05T05:36:33.013846+00:00
2022-12-23,196.1168,portal.amfiindia.com / AMFI Historical NAV,2026-09-05T05:36:33.013846+00:00
2022-12-26,199.082,portal.amfiindia.com / AMFI Historical NAV,2026-09-05T05:36:33.013846+00:00
2022-12-27,198.9926,portal.amfiindia.com / AMFI Historical NAV,2026-09-05T05:36:33.013846+00:00
2022-12-28,196.0621,portal.amfiindia.com / AMFI Historical NAV,2026-09-05T05:36:33.013846+00:00
2022-12-29,195.4083,portal.amfiindia.com / AMFI Historical NAV,2026-09-05T05:36:33.013846+00:00
2022-12-30,197.7486,portal.amfiindia.com / AMFI Historical NAV,2026-09-05T05:36:33.013846+00:00
2023-01-02,197.4299,portal.amfiindia.com / AMFI Historical NAV,2026-09-05T05:36:33.013846+00:00
2023-01-03,201.7248,portal.amfiindia.com / AMFI Historical NAV,2026-09-05T05:36:33.013846+00:00
2023-01-04,202.8932,portal.amfiindia.com / AMFI Historical NAV,2026-09-05T05:36:33.013846+00:00
2023-01-05,204.2338,portal.amfiindia.com / AMFI Historical NAV,2026-09-05T05:36:33.013846+00:00
2023-01-06,208.9013,portal.amfiindia.com / AMFI Historical NAV,2026-09-05T05:36:33.013846+00:00
2023-01-09,206.0519,portal.amfiindia.com / AMFI Historical NAV,2026-09-05T05:36:33.013846+00:00
2023-01-10,210.0227,portal.amfiindia.com / AMFI Historical NAV,2026-09-05T05:36:33.013846+00:00
2023-01-11,212.8499,portal.amfiindia.com / AMFI Historical NAV,2026-09-05T05:36:33.013846+00:00
2023-01-12,208.777,portal.amfiindia.com / AMFI Historical NAV,2026-09-05T05:36:33.013846+00:00
2023-01-13,208.2766,portal.amfiindia.com / AMFI Historical NAV,2026-09-05T05:36:33.013846+00:00
2023-01-16,203.7673,portal.amfiindia.com / AMFI Historical NAV,2026-09-05T05:36:33.013846+00:00
2023-01-17,202.8967,portal.amfiindia.com / AMFI Historical NAV,2026-09-05T05:36:33.013846+00:00
2023-01-18,202.1069,portal.amfiindia.com / AMFI Historical NAV,2026-09-05T05:36:33.013846+00:00
2023-01-19,202.1782,portal.amfiindia.com / AMFI Historical NAV,2026-09-05T05:36:33.013846+00:00
2023-01-20,203.5925,portal.amfiindia.com / AMFI Historical NAV,2026-09-05T05:36:33.013846+00:00
2023-01-23,200.7713,portal.amfiindia.com / AMFI Historical NAV,2026-09-05T05:36:33.013846+00:00
2023-01-24,198.0009,portal.amfiindia.com / AMFI Historical NAV,2026-09-05T05:36:33.013846+00:00
2023-01-25,196.9078,portal.amfiindia.com / AMFI Historical NAV,2026-09-05T05:36:33.013846+00:00
2023-01-26,199.8212,portal.amfiindia.com / AMFI Historical NAV,2026-09-05T05:36:33.013846+00:00
2023-01-27,198.4896,portal.amfiindia.com / AMFI Historical NAV,2026-09-05T05:36:33.013846+00:00
2023-01-30,202.0773,portal.amfiindia.com / AMFI Historical NAV,2026-09-05T05:36:33.013846+00:00
2023-01-31,200.8395,portal.amfiindia.com / AMFI Historical NAV,2026-09-05T05:36:33.013846+00:00
2023-02-01,203.4925,portal.amfiindia.com / AMFI Historical NAV,2026-09-05T05:36:33.013846+00:00
2023-02-02,205.7614,portal.amfiindia.com / AMFI Historical NAV,2026-09-05T05:36:33.013846+00:00
2023-02-03,203.5905,portal.amfiindia.com / AMFI Historical NAV,2026-09-05T05:36:33.013846+00:00
2023-02-06,208.9599,portal.amfiindia.com / AMFI Historical NAV,2026-09-05T05:36:33.013846+00:00
2023-02-07,203.0594,portal.amfiindia.com / AMFI Historical NAV,2026-09-05T05:36:33.013846+00:00
2023-02-08,204.4065,portal.amfiindia.com / AMFI Historical NAV,2026-09-05T05:36:33.013846+00:00
2023-02-09,205.9987,portal.amfiindia.com / AMFI Historical NAV,2026-09-05T05:36:33.013846+00:00
2023-02-10,203.689,portal.amfiindia.com / AMFI Historical NAV,2026-09-05T05:36:33.013846+00:00
2023-02-13,205.8559,portal.amfiindia.com / AMFI Historical NAV,2026-09-05T05:36:33.013846+00:00
2023-02-14,204.3784,portal.amfiindia.com / AMFI Historical NAV,2026-09-05T05:36:33.013846+00:00
2023-02-15,202.5386,portal.amfiindia.com / AMFI Historical NAV,2026-09-05T05:36:33.013846+00:00
2023-02-16,204.4014,portal.amfiindia.com / AMFI Historical NAV,2026-09-05T05:36:33.013846+00:00
2023-02-17,204.0716,portal.amfiindia.com / AMFI Historical NAV,2026-09-05T05:36:33.013846+00:00
2023-02-20,203.2693,portal.amfiindia.com / AMFI Historical NAV,2026-09-05T05:36:33.013846+00:00
2023-02-21,204.0167,portal.amfiindia.com / AMFI Historical NAV,2026-09-05T05:36:33.013846+00:00
2023-02-22,200.1758,portal.amfiindia.com / AMFI Historical NAV,2026-09-05T05:36:33.013846+00:00
2023-02-23,202.7669,portal.amfiindia.com / AMFI Historical NAV,2026-09-05T05:36:33.013846+00:00
2023-02-24,197.2902,portal.amfiindia.com / AMFI Historical NAV,2026-09-05T05:36:33.013846+00:00
2023-02-27,199.9787,portal.amfiindia.com / AMFI Historical NAV,2026-09-05T05:36:33.013846+00:00
2023-02-28,203.7012,portal.amfiindia.com / AMFI Historical NAV,2026-09-05T05:36:33.013846+00:00
2023-03-01,198.3571,portal.amfiindia.com / AMFI Historical NAV,2026-09-05T05:36:33.013846+00:00
2023-03-02,198.4534,portal.amfiindia.com / AMFI Historical NAV,2026-09-05T05:36:33.013846+00:00
2023-03-03,194.3451,portal.amfiindia.com / AMFI Historical NAV,2026-09-05T05:36:33.013846+00:00
2023-03-06,193.9408,portal.amfiindia.com / AMFI Historical NAV,2026-09-05T05:36:33.013846+00:00
2023-03-07,193.272,portal.amfiindia.com / AMFI Historical NAV,2026-09-05T05:36:33.013846+00:00
2023-03-08,194.4833,portal.amfiindia.com / AMFI Historical NAV,2026-09-05T05:36:33.013846+00:00
2023-03-09,196.1745,portal.amfiindia.com / AMFI Historical NAV,2026-09-05T05:36:33.013846+00:00
2023-03-10,199.4011,portal.amfiindia.com / AMFI Historical NAV,2026-09-05T05:36:33.013846+00:00
2023-03-13,201.0352,portal.amfiindia.com / AMFI Historical NAV,2026-09-05T05:36:33.013846+00:00
2023-03-14,198.2006,portal.amfiindia.com / AMFI Historical NAV,2026-09-05T05:36:33.013846+00:00
2023-03-15,197.0552,portal.amfiindia.com / AMFI Historical NAV,2026-09-05T05:36:33.013846+00:00
2023-03-16,194.7026,portal.amfiindia.com / AMFI Historical NAV,2026-09-05T05:36:33.013846+00:00
2023-03-17,197.3771,portal.amfiindia.com / AMFI Historical NAV,2026-09-05T05:36:33.013846+00:00
2023-03-20,199.7648,portal.amfiindia.com / AMFI Historical NAV,2026-09-05T05:36:33.013846+00:00
2023-03-21,195.3475,portal.amfiindia.com / AMFI Historical NAV,2026-09-05T05:36:33.013846+00:00
2023-03-22,193.1296,portal.amfiindia.com / AMFI Historical NAV,2026-09-05T05:36:33.013846+00:00
2023-03-23,191.4147,portal.amfiindia.com / AMFI Historical NAV,2026-09-05T05:36:33.013846+00:00
2023-03-24,191.9195,portal.amfiindia.com / AMFI Historical NAV,2026-09-05T05:36:33.013846+00:00
2023-03-27,189.3644,portal.amfiindia.com / AMFI Historical NAV,2026-09-05T05:36:33.013846+00:00
2023-03-28,193.7283,portal.amfiindia.com / AMFI Historical NAV,2026-09-05T05:36:33.013846+00:00
2023-03-29,190.6715,portal.amfiindia.com / AMFI Historical NAV,2026-09-05T05:36:33.013846+00:00
2023-03-30,190.9788,portal.amfiindia.com / AMFI Historical NAV,2026-09-05T05:36:33.013846+00:00
2023-03-31,192.9281,portal.amfiindia.com / AMFI Historical NAV,2026-09-05T05:36:33.013846+00:00
2023-04-03,191.3651,portal.amfiindia.com / AMFI Historical NAV,2026-09-05T05:36:33.013846+00:00
2023-04-04,191.9046,portal.amfiindia.com / AMFI Historical NAV,2026-09-05T05:36:33.013846+00:00
2023-04-05,191.2644,portal.amfiindia.com / AMFI Historical NAV,2026-09-05T05:36:33.013846+00:00
2023-04-06,187.0665,portal.amfiindia.com / AMFI Historical NAV,2026-09-05T05:36:33.013846+00:00
2023-04-07,187.6857,portal.amfiindia.com / AMFI Historical NAV,2026-09-05T05:36:33.013846+00:00
2023-04-10,185.5363,portal.amfiindia.com / AMFI Historical NAV,2026-09-05T05:36:33.013846+00:00
2023-04-11,187.3351,portal.amfiindia.com / AMFI Historical NAV,2026-09-05T05:36:33.013846+00:00
2023-04-12,189.9295,portal.amfiindia.com / AMFI Historical NAV,2026-09-05T05:36:33.013846+00:00
2023-04-13,188.9933,portal.amfiindia.com / AMFI Historical NAV,2026-09-05T05:36:33.013846+00:00
2023-04-14,192.2858,portal.amfiindia.com / AMFI Historical NAV,2026-09-05T05:36:33.013846+00:00
2023-04-17,193.9515,portal.amfiindia.com / AMFI Historical NAV,2026-09-05T05:36:33.013846+00:00
2023-04-18,195.6231,portal.amfiindia.com / AMFI Historical NAV,2026-09-05T05:36:33.013846+00:00
2023-04-19,198.1044,portal.amfiindia.com / AMFI Historical NAV,2026-09-05T05:36:33.013846+00:00
2023-04-20,196.8118,portal.amfiindia.com / AMFI Historical NAV,2026-09-05T05:36:33.013846+00:00
2023-04-21,202.0284,portal.amfiindia.com / AMFI Historical NAV,2026-09-05T05:36:33.013846+00:00
2023-04-24,197.5565,portal.amfiindia.com / AMFI Historical NAV,2026-09-05T05:36:33.013846+00:00
2023-04-25,197.2096,portal.amfiindia.com / AMFI Historical NAV,2026-09-05T05:36:33.013846+00:00
2023-04-26,196.3934,portal.amfiindia.com / AMFI Historical NAV,2026-09-05T05:36:33.013846+00:00
2023-04-27,197.549,portal.amfiindia.com / AMFI Historical NAV,2026-09-05T05:36:33.013846+00:00
2023-04-28,200.4272,portal.amfiindia.com / AMFI Historical NAV,2026-09-05T05:36:33.013846+00:00
2023-05-01,205.3884,portal.amfiindia.com / AMFI Historical NAV,2026-09-05T05:36:33.013846+00:00
2023-05-02,203.1555,portal.amfiindia.com / AMFI Historical NAV,2026-09-05T05:36:33.013846+00:00
2023-05-03,204.9868,portal.amfiindia.com / AMFI Historical NAV,2026-09-05T05:36:33.013846+00:00
2023-05-04,201.8514,portal.amfiindia.com / AMFI Historical NAV,2026-09-05T05:36:33.013846+00:00
2023-05-05,201.1783,portal.amfiindia.com / AMFI Historical NAV,2026-09-05T05:36:33.013846+00:00
2023-05-08,194.3372,portal.amfiindia.com / AMFI Historical NAV,2026-09-05T05:36:33.013846+00:00
2023-05-09,191.0741,portal.amfiindia.com / AMFI Historical NAV,2026-09-05T05:36:33.013846+00:00
2023-05-10,189.7116,portal.amfiindia.com / AMFI Historical NAV,2026-09-05T05:36:33.013846+00:00
2023-05-11,189.4969,portal.amfiindia.com / AMFI Historical NAV,2026-09-05T05:36:33.013846+00:00
2023-05-12,186.1225,portal.amfiindia.com / AMFI Historical NAV,2026-09-05T05:36:33.013846+00:00
2023-05-15,187.6473,portal.amfiindia.com / AMFI Historical NAV,2026-09-05T05:36:33.013846+00:00
2023-05-16,186.7697,portal.amfiindia.com / AMFI Historical NAV,2026-09-05T05:36:33.013846+00:00
2023-05-17,185.8111,portal.amfiindia.com / AMFI Historical NAV,2026-09-05T05:36:33.013846+00:00
2023-05-18,191.3614,portal.amfiindia.com / AMFI Historical NAV,2026-09-05T05:36:33.013846+00:00
2023-05-19,190.5144,portal.amfiindia.com / AMFI Historical NAV,2026-09-05T05:36:33.013846+00:00
2023-05-22,186.1132,portal.amfiindia.com / AMFI Historical NAV,2026-09-05T05:36:33.013846+00:00
2023-05-23,185.4918,portal.amfiindia.com / AMFI Historical NAV,2026-09-05T05:36:33.013846+00:00
2023-05-24,191.0755,portal.amfiindia.com / AMFI Historical NAV,2026-09-05T05:36:33.013846+00:00
2023-05-25,196.3375,portal.amfiindia.com / AMFI Historical NAV,2026-09-05T05:36:33.013846+00:00
2023-05-26,192.2455,portal.amfiindia.com / AMFI Historical NAV,2026-09-05T05:36:33.013846+00:00
2023-05-29,194.0109,portal.amfiindia.com / AMFI Historical NAV,2026-09-05T05:36:33.013846+00:00
2023-05-30,194.6106,portal.amfiindia.com / AMFI Historical NAV,2026-09-05T05:36:33.013846+00:00
2023-05-31,193.6368,portal.amfiindia.com / AMFI Historical NAV,2026-09-05T05:36:33.013846+00:00
2023-06-01,201.4759,portal.amfiindia.com / AMFI Historical NAV,2026-09-05T05:36:33.013846+00:00
2023-06-02,199.1167,portal.amfiindia.com / AMFI Historical NAV,2026-09-05T05:36:33.013846+00:00
2023-06-05,195.7678,portal.amfiindia.com / AMFI Historical NAV,2026-09-05T05:36:33.013846+00:00
2023-06-06,197.5934,portal.amfiindia.com / AMFI Historical NAV,2026-09-05T05:36:33.013846+00:00
2023-06-07,199.5305,portal.amfiindia.com / AMFI Historical NAV,2026-09-05T05:36:33.013846+00:00
2023-06-08,201.0025,portal.amfiindia.com / AMFI Historical NAV,2026-09-05T05:36:33.013846+00:00
2023-06-09,203.6883,portal.amfiindia.com / AMFI Historical NAV,2026-09-05T05:36:33.013846+00:00
2023-06-12,203.462,portal.amfiindia.com / AMFI Historical NAV,2026-09-05T05:36:33.013846+00:00
2023-06-13,207.4134,portal.amfiindia.com / AMFI Historical NAV,2026-09-05T05:36:33.013846+00:00
2023-06-14,206.5961,portal.amfiindia.com / AMFI Historical NAV,2026-09-05T05:36:33.013846+00:00
2023-06-15,209.4784,portal.amfiindia.com / AMFI Historical NAV,2026-09-05T05:36:33.013846+00:00
2023-06-16,210.4463,portal.amfiindia.com / AMFI Historical NAV,2026-09-05T05:36:33.013846+00:00
2023-06-19,211.4461,portal.amfiindia.com / AMFI Historical NAV,2026-09-05T05:36:33.013846+00:00
2023-06-20,213.1685,portal.amfiindia.com / AMFI Historical NAV,2026-09-05T05:36:33.013846+00:00
2023-06-21,214.9912,portal.amfiindia.com / AMFI Historical NAV,2026-09-05T05:36:33.013846+00:00
2023-06-22,214.3654,portal.amfiindia.com / AMFI Historical NAV,2026-09-05T05:36:33.013846+00:00
2023-06-23,207.9463,portal.amfiindia.com / AMFI Historical NAV,2026-09-05T05:36:33.013846+00:00
2023-06-26,211.6014,portal.amfiindia.com / AMFI Historical NAV,2026-09-05T05:36:33.013846+00:00
2023-06-27,210.412,portal.amfiindia.com / AMFI Historical NAV,2026-09-05T05:36:33.013846+00:00
2023-06-28,211.4323,portal.amfiindia.com / AMFI Historical NAV,2026-09-05T05:36:33.013846+00:00
2023-06-29,211.8548,portal.amfiindia.com / AMFI Historical NAV,2026-09-05T05:36:33.013846+00:00
2023-06-30,214.8386,portal.amfiindia.com / AMFI Historical NAV,2026-09-05T05:36:33.013846+00:00
2023-07-03,207.8042,portal.amfiindia.com / AMFI Historical NAV,2026-09-05T05:36:33.013846+00:00
2023-07-04,216.1221,portal.amfiindia.com / AMFI Historical NAV,2026-09-05T05:36:33.013846+00:00
2023-07-05,221.1202,portal.amfiindia.com / AMFI Historical NAV,2026-09-05T05:36:33.013846+00:00
2023-07-06,223.4914,portal.amfiindia.com / AMFI Historical NAV,2026-09-05T05:36:33.013846+00:00
2023-07-07,225.8635,portal.amfiindia.com / AMFI Historical NAV,2026-09-05T05:36:33.013846+00:00
2023-07-10,226.4752,portal.amfiindia.com / AMFI Historical NAV,2026-09-05T05:36:33.013846+00:00
2023-07-11,227.1589,portal.amfiindia.com / AMFI Historical NAV,2026-09-05T05:36:33.013846+00:00
2023-07-12,227.6036,portal.amfiindia.com / AMFI Historical NAV,2026-09-05T05:36:33.013846+00:00
2023-07-13,229.2187,portal.amfiindia.com / AMFI Historical NAV,2026-09-05T05:36:33.013846+00:00
2023-07-14,229.6181,portal.amfiindia.com / AMFI Historical NAV,2026-09-05T05:36:33.013846+00:00
2023-07-17,229.8798,portal.amfiindia.com / AMFI Historical NAV,2026-09-05T05:36:33.013846+00:00
2023-07-18,229.5636,portal.amfiindia.com / AMFI Historical NAV,2026-09-05T05:36:33.013846+00:00
2023-07-19,229.1283,portal.amfiindia.com / AMFI Historical NAV,2026-09-05T05:36:33.013846+00:00
2023-07-20,230.7317,portal.amfiindia.com / AMFI Historical NAV,2026-09-05T05:36:33.013846+00:00
2023-07-21,234.5373,portal.amfiindia.com / AMFI Historical NAV,2026-09-05T05:36:33.013846+00:00
2023-07-24,227.4208,portal.amfiindia.com / AMFI Historical NAV,2026-09-05T05:36:33.013846+00:00
2023-07-25,229.0441,portal.amfiindia.com / AMFI Historical NAV,2026-09-05T05:36:33.013846+00:00
2023-07-26,228.3306,portal.amfiindia.com / AMFI Historical NAV,2026-09-05T05:36:33.013846+00:00
2023-07-27,225.8797,portal.amfiindia.com / AMFI Historical NAV,2026-09-05T05:36:33.013846+00:00
2023-07-28,227.8987,portal.amfiindia.com / AMFI Historical NAV,2026-09-05T05:36:33.013846+00:00
2023-07-31,232.1999,portal.amfiindia.com / AMFI Historical NAV,2026-09-05T05:36:33.013846+00:00
2023-08-01,231.5764,portal.amfiindia.com / AMFI Historical NAV,2026-09-05T05:36:33.013846+00:00
2023-08-02,231.5273,portal.amfiindia.com / AMFI Historical NAV,2026-09-05T05:36:33.013846+00:00
2023-08-03,234.829,portal.amfiindia.com / AMFI Historical NAV,2026-09-05T05:36:33.013846+00:00
2023-08-04,232.9134,portal.amfiindia.com / AMFI Historical NAV,2026-09-05T05:36:33.013846+00:00
2023-08-07,233.0527,portal.amfiindia.com / AMFI Historical NAV,2026-09-05T05:36:33.013846+00:00
2023-08-08,232.2336,portal.amfiindia.com / AMFI Historical NAV,2026-09-05T05:36:33.013846+00:00
2023-08-09,231.8244,portal.amfiindia.com / AMFI Historical NAV,2026-09-05T05:36:33.013846+00:00
2023-08-10,235.3663,portal.amfiindia.com / AMFI Historical NAV,2026-09-05T05:36:33.013846+00:00
2023-08-11,237.5632,portal.amfiindia.com / AMFI Historical NAV,2026-09-05T05:36:33.013846+00:00
2023-08-14,238.5235,portal.amfiindia.com / AMFI Historical NAV,2026-09-05T05:36:33.013846+00:00
2023-08-15,241.4635,portal.amfiindia.com / AMFI Historical NAV,2026-09-05T05:36:33.013846+00:00
2023-08-16,236.4804,portal.amfiindia.com / AMFI Historical NAV,2026-09-05T05:36:33.013846+00:00
2023-08-17,240.0625,portal.amfiindia.com / AMFI Historical NAV,2026-09-05T05:36:33.013846+00:00
2023-08-18,240.639,portal.amfiindia.com / AMFI Historical NAV,2026-09-05T05:36:33.013846+00:00
2023-08-21,240.8629,portal.amfiindia.com / AMFI Historical NAV,2026-09-05T05:36:33.013846+00:00
2023-08-22,244.1322,portal.amfiindia.com / AMFI Historical NAV,2026-09-05T05:36:33.013846+00:00
2023-08-23,247.3507,portal.amfiindia.com / AMFI Historical NAV,2026-09-05T05:36:33.013846+00:00
2023-08-24,249.0373,portal.amfiindia.com / AMFI Historical NAV,2026-09-05T05:36:33.013846+00:00
2023-08-25,250.6813,portal.amfiindia.com / AMFI Historical NAV,2026-09-05T05:36:33.013846+00:00
2023-08-28,249.832,portal.amfiindia.com / AMFI Historical NAV,2026-09-05T05:36:33.013846+00:00
2023-08-29,245.2146,portal.amfiindia.com / AMFI Historical NAV,2026-09-05T05:36:33.013846+00:00
2023-08-30,244.6349,portal.amfiindia.com / AMFI Historical NAV,2026-09-05T05:36:33.013846+00:00
2023-08-31,245.3453,portal.amfiindia.com / AMFI Historical NAV,2026-09-05T05:36:33.013846+00:00
2023-09-01,243.8637,portal.amfiindia.com / AMFI Historical NAV,2026-09-05T05:36:33.013846+00:00
2023-09-04,245.7165,portal.amfiindia.com / AMFI Historical NAV,2026-09-05T05:36:33.013846+00:00
2023-09-05,247.1422,portal.amfiindia.com / AMFI Historical NAV,2026-09-05T05:36:33.013846+00:00
2023-09-06,245.3541,portal.amfiindia.com / AMFI Historical NAV,2026-09-05T05:36:33.013846+00:00
2023-09-07,240.1664,portal.amfiindia.com / AMFI Historical NAV,2026-09-05T05:36:33.013846+00:00
2023-09-08,245.7762,portal.amfiindia.com / AMFI Historical NAV,2026-09-05T05:36:33.013846+00:00
2023-09-11,249.3331,portal.amfiindia.com / AMFI Historical NAV,2026-09-05T05:36:33.013846+00:00
2023-09-12,243.6931,portal.amfiindia.com / AMFI Historical NAV,2026-09-05T05:36:33.013846+00:00
2023-09-13,246.6732,portal.amfiindia.com / AMFI Historical NAV,2026-09-05T05:36:33.013846+00:00
2023-09-14,249.5902,portal.amfiindia.com / AMFI Historical NAV,2026-09-05T05:36:33.013846+00:00
2023-09-15,247.3775,portal.amfiindia.com / AMFI Historical NAV,2026-09-05T05:36:33.013846+00:00
2023-09-18,243.9951,portal.amfiindia.com / AMFI Historical NAV,2026-09-05T05:36:33.013846+00:00
2023-09-19,240.4339,portal.amfiindia.com / AMFI Historical NAV,2026-09-05T05:36:33.013846+00:00
2023-09-20,236.8248,portal.amfiindia.com / AMFI Historical NAV,2026-09-05T05:36:33.013846+00:00
2023-09-21,238.1222,portal.amfiindia.com / AMFI Historical NAV,2026-09-05T05:36:33.013846+00:00
2023-09-22,239.7072,portal.amfiindia.com / AMFI Historical NAV,2026-09-05T05:36:33.013846+00:00
2023-09-25,236.8082,portal.amfiindia.com / AMFI Historical NAV,2026-09-05T05:36:33.013846+00:00
2023-09-26,230.5834,portal.amfiindia.com / AMFI Historical NAV,2026-09-05T05:36:33.013846+00:00
2023-09-27,228.8265,portal.amfiindia.com / AMFI Historical NAV,2026-09-05T05:36:33.013846+00:00
2023-09-28,228.1011,portal.amfiindia.com / AMFI Historical NAV,2026-09-05T05:36:33.013846+00:00
2023-09-29,231.1945,portal.amfiindia.com / AMFI Historical NAV,2026-09-05T05:36:33.013846+00:00
2023-10-02,231.5601,portal.amfiindia.com / AMFI Historical NAV,2026-09-05T05:36:33.013846+00:00
2023-10-03,234.7589,portal.amfiindia.com / AMFI Historical NAV,2026-09-05T05:36:33.013846+00:00
2023-10-04,232.664,portal.amfiindia.com / AMFI Historical NAV,2026-09-05T05:36:33.013846+00:00
2023-10-05,228.3282,portal.amfiindia.com / AMFI Historical NAV,2026-09-05T05:36:33.013846+00:00
2023-10-06,229.9651,portal.amfiindia.com / AMFI Historical NAV,2026-09-05T05:36:33.013846+00:00
2023-10-09,233.4325,portal.amfiindia.com / AMFI Historical NAV,2026-09-05T05:36:33.013846+00:00
2023-10-10,233.5681,portal.amfiindia.com / AMFI Historical NAV,2026-09-05T05:36:33.013846+00:00
2023-10-11,232.1061,portal.amfiindia.com / AMFI Historical NAV,2026-09-05T05:36:33.013846+00:00
2023-10-12,231.337,portal.amfiindia.com / AMFI Historical NAV,2026-09-05T05:36:33.013846+00:00
2023-10-13,232.3736,portal.amfiindia.com / AMFI Historical NAV,2026-09-05T05:36:33.013846+00:00
2023-10-16,230.6208,portal.amfiindia.com / AMFI Historical NAV,2026-09-05T05:36:33.013846+00:00
2023-10-17,231.0238,portal.amfiindia.com / AMFI Historical NAV,2026-09-05T05:36:33.013846+00:00
2023-10-18,230.4513,portal.amfiindia.com / AMFI Historical NAV,2026-09-05T05:36:33.013846+00:00
2023-10-19,231.0464,portal.amfiindia.com / AMFI Historical NAV,2026-09-05T05:36:33.013846+00:00
2023-10-20,241.6781,portal.amfiindia.com / AMFI Historical NAV,2026-09-05T05:36:33.013846+00:00
2023-10-23,245.0125,portal.amfiindia.com / AMFI Historical NAV,2026-09-05T05:36:33.013846+00:00
2023-10-24,247.8082,portal.amfiindia.com / AMFI Historical NAV,2026-09-05T05:36:33.013846+00:00
2023-10-25,249.3043,portal.amfiindia.com / AMFI Historical NAV,2026-09-05T05:36:33.013846+00:00
2023-10-26,243.83,portal.amfiindia.com / AMFI Historical NAV,2026-09-05T05:36:33.013846+00:00
2023-10-27,245.2182,portal.amfiindia.com / AMFI Historical NAV,2026-09-05T05:36:33.013846+00:00
2023-10-30,244.3942,portal.amfiindia.com / AMFI Historical NAV,2026-09-05T05:36:33.013846+00:00
2023-10-31,243.8215,portal.amfiindia.com / AMFI Historical NAV,2026-09-05T05:36:33.013846+00:00
2023-11-01,244.494,portal.amfiindia.com / AMFI Historical NAV,2026-09-05T05:36:33.013846+00:00
2023-11-02,236.1445,portal.amfiindia.com / AMFI Historical NAV,2026-09-05T05:36:33.013846+00:00
2023-11-03,242.8251,portal.amfiindia.com / AMFI Historical NAV,2026-09-05T05:36:33.013846+00:00
2023-11-06,244.2532,portal.amfiindia.com / AMFI Historical NAV,2026-09-05T05:36:33.013846+00:00
2023-11-07,245.3097,portal.amfiindia.com / AMFI Historical NAV,2026-09-05T05:36:33.013846+00:00
2023-11-08,244.6427,portal.amfiindia.com / AMFI Historical NAV,2026-09-05T05:36:33.013846+00:00
2023-11-09,245.7792,portal.amfiindia.com / AMFI Historical NAV,2026-09-05T05:36:33.013846+00:00
2023-11-10,247.0577,portal.amfiindia.com / AMFI Historical NAV,2026-09-05T05:36:33.013846+00:00
2023-11-13,246.4222,portal.amfiindia.com / AMFI Historical NAV,2026-09-05T05:36:33.013846+00:00
2023-11-14,242.091,portal.amfiindia.com / AMFI Historical NAV,2026-09-05T05:36:33.013846+00:00
2023-11-15,242.0374,portal.amfiindia.com / AMFI Historical NAV,2026-09-05T05:36:33.013846+00:00
2023-11-16,240.0145,portal.amfiindia.com / AMFI Historical NAV,2026-09-05T05:36:33.013846+00:00
2023-11-17,237.763,portal.amfiindia.com / AMFI Historical NAV,2026-09-05T05:36:33.013846+00:00
2023-11-20,237.6525,portal.amfiindia.com / AMFI Historical NAV,2026-09-05T05:36:33.013846+00:00
2023-11-21,238.1754,portal.amfiindia.com / AMFI Historical NAV,2026-09-05T05:36:33.013846+00:00
2023-11-22,237.1438,portal.amfiindia.com / AMFI Historical NAV,2026-09-05T05:36:33.013846+00:00
2023-11-23,238.5026,portal.amfiindia.com / AMFI Historical NAV,2026-09-05T05:36:33.013846+00:00
2023-11-24,242.5498,portal.amfiindia.com / AMFI Historical NAV,2026-09-05T05:36:33.013846+00:00
2023-11-27,238.443,portal.amfiindia.com / AMFI Historical NAV,2026-09-05T05:36:33.013846+00:00
2023-11-28,240.9402,portal.amfiindia.com / AMFI Historical NAV,2026-09-05T05:36:33.013846+00:00
2023-11-29,239.8392,portal.amfiindia.com / AMFI Historical NAV,2026-09-05T05:36:33.013846+00:00
2023-11-30,240.4765,portal.amfiindia.com / AMFI Historical NAV,2026-09-05T05:36:33.013846+00:00
2023-12-01,236.3799,portal.amfiindia.com / AMFI Historical NAV,2026-09-05T05:36:33.013846+00:00
2023-12-04,228.5431,portal.amfiindia.com / AMFI Historical NAV,2026-09-05T05:36:33.013846+00:00
2023-12-05,230.5249,portal.amfiindia.com / AMFI Historical NAV,2026-09-05T05:36:33.013846+00:00
2023-12-06,234.5538,portal.amfiindia.com / AMFI Historical NAV,2026-09-05T05:36:33.013846+00:00
2023-12-07,236.4888,portal.amfiindia.com / AMFI Historical NAV,2026-09-05T05:36:33.013846+00:00
2023-12-08,239.1089,portal.amfiindia.com / AMFI Historical NAV,2026-09-05T05:36:33.013846+00:00
2023-12-11,243.7768,portal.amfiindia.com / AMFI Historical NAV,2026-09-05T05:36:33.013846+00:00
2023-12-12,245.338,portal.amfiindia.com / AMFI Historical NAV,2026-09-05T05:36:33.013846+00:00
2023-12-13,246.0654,portal.amfiindia.com / AMFI Historical NAV,2026-09-05T05:36:33.013846+00:00
2023-12-14,247.1657,portal.amfiindia.com / AMFI Historical NAV,2026-09-05T05:36:33.013846+00:00
2023-12-15,248.8221,portal.amfiindia.com / AMFI Historical NAV,2026-09-05T05:36:33.013846+00:00
2023-12-18,251.8042,portal.amfiindia.com / AMFI Historical NAV,2026-09-05T05:36:33.013846+00:00
2023-12-19,255.6453,portal.amfiindia.com / AMFI Historical NAV,2026-09-05T05:36:33.013846+00:00
2023-12-20,257.137,portal.amfiindia.com / AMFI Historical NAV,2026-09-05T05:36:33.013846+00:00
2023-12-21,256.9606,portal.amfiindia.com / AMFI Historical NAV,2026-09-05T05:36:33.013846+00:00
2023-12-22,259.7905,portal.amfiindia.com / AMFI Historical NAV,2026-09-05T05:36:33.013846+00:00
2023-12-25,263.9989,portal.amfiindia.com / AMFI Historical NAV,2026-09-05T05:36:33.013846+00:00
2023-12-26,257.753,portal.amfiindia.com / AMFI Historical NAV,2026-09-05T05:36:33.013846+00:00
2023-12-27,249.0702,portal.amfiindia.com / AMFI Historical NAV,2026-09-05T05:36:33.013846+00:00
2023-12-28,246.3467,portal.amfiindia.com / AMFI Historical NAV,2026-09-05T05:36:33.013846+00:00
2023-12-29,245.5477,portal.amfiindia.com / AMFI Historical NAV,2026-09-05T05:36:33.013846+00:00
2024-01-01,241.0439,portal.amfiindia.com / AMFI Historical NAV,2026-09-05T05:36:33.013846+00:00
2024-01-02,241.8586,portal.amfiindia.com / AMFI Historical NAV,2026-09-05T05:36:33.013846+00:00
2024-01-03,241.7895,portal.amfiindia.com / AMFI Historical NAV,2026-09-05T05:36:33.013846+00:00
2024-01-04,248.5532,portal.amfiindia.com / AMFI Historical NAV,2026-09-05T05:36:33.013846+00:00
2024-01-05,250.217,portal.amfiindia.com / AMFI Historical NAV,2026-09-05T05:36:33.013846+00:00
2024-01-08,248.3882,portal.amfiindia.com / AMFI Historical NAV,2026-09-05T05:36:33.013846+00:00
2024-01-09,248.314,portal.amfiindia.com / AMFI Historical NAV,2026-09-05T05:36:33.013846+00:00
2024-01-10,242.9102,portal.amfiindia.com / AMFI Historical NAV,2026-09-05T05:36:33.013846+00:00
2024-01-11,244.8779,portal.amfiindia.com / AMFI Historical NAV,2026-09-05T05:36:33.013846+00:00
2024-01-12,244.6273,portal.amfiindia.com / AMFI Historical NAV,2026-09-05T05:36:33.013846+00:00
2024-01-15,244.231,portal.amfiindia.com / AMFI Historical NAV,2026-09-05T05:36:33.013846+00:00
2024-01-16,244.9275,portal.amfiindia.com / AMFI Historical NAV,2026-09-05T05:36:33.013846+00:00
2024-01-17,238.1586,portal.amfiindia.com / AMFI Historical NAV,2026-09-05T05:36:33.013846+00:00
2024-01-18,243.5439,portal.amfiindia.com / AMFI Historical NAV,2026-09-05T05:36:33.013846+00:00
2024-01-19,247.5103,portal.amfiindia.com / AMFI Historical NAV,2026-09-05T05:36:33.013846+00:00
2024-01-22,247.4056,portal.amfiindia.com / AMFI Historical NAV,2026-09-05T05:36:33.013846+00:00
2024-01-23,243.8445,portal.amfiindia.com / AMFI Historical NAV,2026-09-05T05:36:33.013846+00:00
2024-01-24,247.9845,portal.amfiindia.com / AMFI Historical NAV,2026-09-05T05:36:33.013846+00:00
2024-01-25,242.2364,portal.amfiindia.com / AMFI Historical NAV,2026-09-05T05:36:33.013846+00:00
2024-01-26,248.9729,portal.amfiindia.com / AMFI Historical NAV,2026-09-05T05:36:33.013846+00:00
2024-01-29,246.6929,portal.amfiindia.com / AMFI Historical NAV,2026-09-05T05:36:33.013846+00:00
2024-01-30,247.8845,portal.amfiindia.com / AMFI Historical NAV,2026-09-05T05:36:33.013846+00:00
2024-01-31,244.6162,portal.amfiindia.com / AMFI Historical NAV,2026-09-05T05:36:33.013846+00:00
2024-02-01,241.1494,portal.amfiindia.com / AMFI Historical NAV,2026-09-05T05:36:33.013846+00:00
2024-02-02,237.7976,portal.amfiindia.com / AMFI Historical NAV,2026-09-05T05:36:33.013846+00:00
2024-02-05,240.0986,portal.amfiindia.com / AMFI Historical NAV,2026-09-05T05:36:33.013846+00:00
2024-02-06,239.6872,portal.amfiindia.com / AMFI Historical NAV,2026-09-05T05:36:33.013846+00:00
2024-02-07,237.0175,portal.amfiindia.com / AMFI Historical NAV,2026-09-05T05:36:33.013846+00:00
2024-02-08,240.7022,portal.amfiindia.com / AMFI Historical NAV,2026-09-05T05:36:33.013846+00:00
2024-02-09,243.6003,portal.amfiindia.com / AMFI Historical NAV,2026-09-05T05:36:33.013846+00:00
2024-02-12,246.2455,portal.amfiindia.com / AMFI Historical NAV,2026-09-05T05:36:33.013846+00:00
2024-02-13,241.7445,portal.amfiindia.com / AMFI Historical NAV,2026-09-05T05:36:33.013846+00:00
2024-02-14,231.0263,portal.amfiindia.com / AMFI Historical NAV,2026-09-05T05:36:33.013846+00:00
2024-02-15,235.7822,portal.amfiindia.com / AMFI Historical NAV,2026-09-05T05:36:33.013846+00:00
2024-02-16,247.2271,portal.amfiindia.com / AMFI Historical NAV,2026-09-05T05:36:33.013846+00:00
2024-02-19,250.1508,portal.amfiindia.com / AMFI Historical NAV,2026-09-05T05:36:33.013846+00:00
2024-02-20,247.6025,portal.amfiindia.com / AMFI Historical NAV,2026-09-05T05:36:33.013846+00:00
2024-02-21,249.3912,portal.amfiindia.com / AMFI Historical NAV,2026-09-05T05:36:33.013846+00:00
2024-02-22,249.5748,portal.amfiindia.com / AMFI Historical NAV,2026-09-05T05:36:33.013846+00:00
2024-02-23,251.1943,portal.amfiindia.com / AMFI Historical NAV,2026-09-05T05:36:33.013846+00:00
2024-02-26,250.3056,portal.amfiindia.com / AMFI Historical NAV,2026-09-05T05:36:33.013846+00:00
2024-02-27,254.5064,portal.amfiindia.com / AMFI Historical NAV,2026-09-05T05:36:33.013846+00:00
2024-02-28,254.1736,portal.amfiindia.com / AMFI Historical NAV,2026-09-05T05:36:33.013846+00:00
2024-02-29,255.819,portal.amfiindia.com / AMFI Historical NAV,2026-09-05T05:36:33.013846+00:00
2024-03-01,258.9542,portal.amfiindia.com / AMFI Historical NAV,2026-09-05T05:36:33.013846+00:00
2024-03-04,260.5775,portal.amfiindia.com / AMFI Historical NAV,2026-09-05T05:36:33.013846+00:00
2024-03-05,263.5099,portal.amfiindia.com / AMFI Historical NAV,2026-09-05T05:36:33.013846+00:00
2024-03-06,267.8315,portal.amfiindia.com / AMFI Historical NAV,2026-09-05T05:36:33.013846+00:00
2024-03-07,266.3029,portal.amfiindia.com / AMFI Historical NAV,2026-09-05T05:36:33.013846+00:00
2024-03-08,265.432,portal.amfiindia.com / AMFI Historical NAV,2026-09-05T05:36:33.013846+00:00
2024-03-11,258.0544,portal.amfiindia.com / AMFI Historical NAV,2026-09-05T05:36:33.013846+00:00
2024-03-12,261.8039,portal.amfiindia.com / AMFI Historical NAV,2026-09-05T05:36:33.013846+00:00
2024-03-13,260.4014,portal.amfiindia.com / AMFI Historical NAV,2026-09-05T05:36:33.013846+00:00
2024-03-14,255.6439,portal.amfiindia.com / AMFI Historical NAV,2026-09-05T05:36:33.013846+00:00
2024-03-15,255.4099,portal.amfiindia.com / AMFI Historical NAV,2026-09-05T05:36:33.013846+00:00
2024-03-18,253.5324,portal.amfiindia.com / AMFI Historical NAV,2026-09-05T05:36:33.013846+00:00
2024-03-19,256.6777,portal.amfiindia.com / AMFI Historical NAV,2026-09-05T05:36:33.013846+00:00
2024-03-20,259.0114,portal.amfiindia.com / AMFI Historical NAV,2026-09-05T05:36:33.013846+00:00
2024-03-21,260.6748,portal.amfiindia.com / AMFI Historical NAV,2026-09-05T05:36:33.013846+00:00
2024-03-22,261.2971,portal.amfiindia.com / AMFI Historical NAV,2026-09-05T05:36:33.013846+00:00
2024-03-25,256.6789,portal.amfiindia.com / AMFI Historical NAV,2026-09-05T05:36:33.013846+00:00
2024-03-26,254.0567,portal.amfiindia.com / AMFI Historical NAV,2026-09-05T05:36:33.013846+00:00
2024-03-27,253.4962,portal.amfiindia.com / AMFI Historical NAV,2026-09-05T05:36:33.013846+00:00
2024-03-28,247.8581,portal.amfiindia.com / AMFI Historical NAV,2026-09-05T05:36:33.013846+00:00
2024-03-29,246.9663,portal.amfiindia.com / AMFI Historical NAV,2026-09-05T05:36:33.013846+00:00
2024-04-01,253.7495,portal.amfiindia.com / AMFI Historical NAV,2026-09-05T05:36:33.013846+00:00
2024-04-02,249.81,portal.amfiindia.com / AMFI Historical NAV,2026-09-05T05:36:33.013846+00:00
2024-04-03,254.8075,portal.amfiindia.com / AMFI Historical NAV,2026-09-05T05:36:33.013846+00:00
2024-04-04,252.7409,portal.amfiindia.com / AMFI Historical NAV,2026-09-05T05:36:33.013846+00:00
2024-04-05,251.2922,portal.amfiindia.com / AMFI Historical NAV,2026-09-05T05:36:33.013846+00:00
2024-04-08,252.6682,portal.amfiindia.com / AMFI Historical NAV,2026-09-05T05:36:33.013846+00:00
2024-04-09,248.8486,portal.amfiindia.com / AMFI Historical NAV,2026-09-05T05:36:33.013846+00:00
2024-04-10,251.2474,portal.amfiindia.com / AMFI Historical NAV,2026-09-05T05:36:33.013846+00:00
2024-04-11,252.8888,portal.amfiindia.com / AMFI Historical NAV,2026-09-05T05:36:33.013846+00:00
2024-04-12,253.2601,portal.amfiindia.com / AMFI Historical NAV,2026-09-05T05:36:33.013846+00:00
2024-04-15,254.2138,portal.amfiindia.com / AMFI Historical NAV,2026-09-05T05:36:33.013846+00:00
2024-04-16,257.0141,portal.amfiindia.com / AMFI Historical NAV,2026-09-05T05:36:33.013846+00:00
2024-04-17,259.2636,portal.amfiindia.com / AMFI Historical NAV,2026-09-05T05:36:33.013846+00:00
2024-04-18,265.3062,portal.amfiindia.com / AMFI Historical NAV,2026-09-05T05:36:33.013846+00:00
2024-04-19,266.7225,portal.amfiindia.com / AMFI Historical NAV,2026-09-05T05:36:33.013846+00:00
2024-04-22,267.1118,portal.amfiindia.com / AMFI Historical NAV,2026-09-05T05:36:33.013846+00:00
2024-04-23,263.5941,portal.amfiindia.com / AMFI Historical NAV,2026-09-05T05:36:33.013846+00:00
2024-04-24,264.8999,portal.amfiindia.com / AMFI Historical NAV,2026-09-05T05:36:33.013846+00:00
2024-04-25,268.0286,portal.amfiindia.com / AMFI Historical NAV,2026-09-05T05:36:33.013846+00:00
2024-04-26,272.5661,portal.amfiindia.com / AMFI Historical NAV,2026-09-05T05:36:33.013846+00:00
2024-04-29,275.463,portal.amfiindia.com / AMFI Historical NAV,2026-09-05T05:36:33.013846+00:00
2024-04-30,277.6298,portal.amfiindia.com / AMFI Historical NAV,2026-09-05T05:36:33.013846+00:00
2024-05-01,278.183,portal.amfiindia.com / AMFI Historical NAV,2026-09-05T05:36:33.013846+00:00
2024-05-02,277.629,portal.amfiindia.com / AMFI Historical NAV,2026-09-05T05:36:33.013846+00:00
2024-05-03,283.4874,portal.amfiindia.com / AMFI Historical NAV,2026-09-05T05:36:33.013846+00:00
2024-05-06,276.5101,portal.amfiindia.com / AMFI Historical NAV,2026-09-05T05:36:33.013846+00:00
2024-05-07,276.8077,portal.amfiindia.com / AMFI Historical NAV,2026-09-05T05:36:33.013846+00:00
2024-05-08,283.2114,portal.amfiindia.com / AMFI Historical NAV,2026-09-05T05:36:33.013846+00:00
2024-05-09,279.411,portal.amfiindia.com / AMFI Historical NAV,2026-09-05T05:36:33.013846+00:00
2024-05-10,281.3956,portal.amfiindia.com / AMFI Historical NAV,2026-09-05T05:36:33.013846+00:00
2024-05-13,273.6866,portal.amfiindia.com / AMFI Historical NAV,2026-09-05T05:36:33.013846+00:00
2024-05-14,280.2277,portal.amfiindia.com / AMFI Historical NAV,2026-09-05T05:36:33.013846+00:00
2024-05-15,288.6757,portal.amfiindia.com / AMFI Historical NAV,2026-09-05T05:36:33.013846+00:00
2024-05-16,281.3635,portal.amfiindia.com / AMFI Historical NAV,2026-09-05T05:36:33.013846+00:00
2024-05-17,286.5657,portal.amfiindia.com / AMFI Historical NAV,2026-09-05T05:36:33.013846+00:00
2024-05-20,283.2565,portal.amfiindia.com / AMFI Historical NAV,2026-09-05T05:36:33.013846+00:00
2024-05-21,281.3335,portal.amfiindia.com / AMFI Historical NAV,2026-09-05T05:36:33.013846+00:00
2024-05-22,280.8975,portal.amfiindia.com / AMFI Historical NAV,2026-09-05T05:36:33.013846+00:00
2024-05-23,282.7704,portal.amfiindia.com / AMFI Historical NAV,2026-09-05T05:36:33.013846+00:00
2024-05-24,277.9498,portal.amfiindia.com / AMFI Historical NAV,2026-09-05T05:36:33.013846+00:00
2024-05-27,280.229,portal.amfiindia.com / AMFI Historical NAV,2026-09-05T05:36:33.013846+00:00
2024-05-28,283.5937,portal.amfiindia.com / AMFI Historical NAV,2026-09-05T05:36:33.013846+00:00
2024-05-29,279.837,portal.amfiindia.com / AMFI Historical NAV,2026-09-05T05:36:33.013846+00:00
2024-05-30,281.2438,portal.amfiindia.com / AMFI Historical NAV,2026-09-05T05:36:33.013846+00:00
2024-05-31,279.9233,portal.amfiindia.com / AMFI Historical NAV,2026-09-05T05:36:33.013846+00:00
2024-06-03,281.1056,portal.amfiindia.com / AMFI Historical NAV,2026-09-05T05:36:33.013846+00:00
2024-06-04,284.4542,portal.amfiindia.com / AMFI Historical NAV,2026-09-05T05:36:33.013846+00:00
2024-06-05,281.9478,portal.amfiindia.com / AMFI Historical NAV,2026-09-05T05:36:33.013846+00:00
2024-06-06,284.4562,portal.amfiindia.com / AMFI Historical NAV,2026-09-05T05:36:33.013846+00:00
2024-06-07,293.8643,portal.amfiindia.com / AMFI Historical NAV,2026-09-05T05:36:33.013846+00:00
2024-06-10,293.4635,portal.amfiindia.com / AMFI Historical NAV,2026-09-05T05:36:33.013846+00:00
2024-06-11,296.7924,portal.amfiindia.com / AMFI Historical NAV,2026-09-05T05:36:33.013846+00:00
2024-06-12,292.7269,portal.amfiindia.com / AMFI Historical NAV,2026-09-05T05:36:33.013846+00:00
2024-06-13,293.3204,portal.amfiindia.com / AMFI Historical NAV,2026-09-05T05:36:33.013846+00:00
2024-06-14,294.5995,portal.amfiindia.com / AMFI Historical NAV,2026-09-05T05:36:33.013846+00:00
2024-06-17,303.2635,portal.amfiindia.com / AMFI Historical NAV,2026-09-05T05:36:33.013846+00:00
2024-06-18,304.6153,portal.amfiindia.com / AMFI Historical NAV,2026-09-05T05:36:33.013846+00:00
2024-06-19,301.65,portal.amfiindia.com / AMFI Historical NAV,2026-09-05T05:36:33.013846+00:00
2024-06-20,303.9324,portal.amfiindia.com / AMFI Historical NAV,2026-09-05T05:36:33.013846+00:00
2024-06-21,299.3434,portal.amfiindia.com / AMFI Historical NAV,2026-09-05T05:36:33.013846+00:00
2024-06-24,303.4517,portal.amfiindia.com / AMFI Historical NAV,2026-09-05T05:36:33.013846+00:00
2024-06-25,299.3991,portal.amfiindia.com / AMFI Historical NAV,2026-09-05T05:36:33.013846+00:00
2024-06-26,298.3546,portal.amfiindia.com / AMFI Historical NAV,2026-09-05T05:36:33.013846+00:00
2024-06-27,296.0064,portal.amfiindia.com / AMFI Historical NAV,2026-09-05T05:36:33.013846+00:00
2024-06-28,294.4757,portal.amfiindia.com / AMFI Historical NAV,2026-09-05T05:36:33.013846+00:00
2024-07-01,292.0183,portal.amfiindia.com / AMFI Historical NAV,2026-09-05T05:36:33.013846+00:00
2024-07-02,290.7234,portal.amfiindia.com / AMFI Historical NAV,2026-09-05T05:36:33.013846+00:00
2024-07-03,297.7677,portal.amfiindia.com / AMFI Historical NAV,2026-09-05T05:36:33.013846+00:00
2024-07-04,293.7253,portal.amfiindia.com / AMFI Historical NAV,2026-09-05T05:36:33.013846+00:00
2024-07-05,293.8272,portal.amfiindia.com / AMFI Historical NAV,2026-09-05T05:36:33.013846+00:00
2024-07-08,295.7666,portal.amfiindia.com / AMFI Historical NAV,2026-09-05T05:36:33.013846+00:00
2024-07-09,299.3784,portal.amfiindia.com / AMFI Historical NAV,2026-09-05T05:36:33.013846+00:00
2024-07-10,301.3958,portal.amfiindia.com / AMFI Historical NAV,2026-09-05T05:36:33.013846+00:00
2024-07-11,302.6422,portal.amfiindia.com / AMFI Historical NAV,2026-09-05T05:36:33.013846+00:00
2024-07-12,310.8707,portal.amfiindia.com / AMFI Historical NAV,2026-09-05T05:36:33.013846+00:00
2024-07-15,321.4334,portal.amfiindia.com / AMFI Historical NAV,2026-09-05T05:36:33.013846+00:00
2024-07-16,318.3259,portal.amfiindia.com / AMFI Historical NAV,2026-09-05T05:36:33.013846+00:00
2024-07-17,310.1667,portal.amfiindia.com / AMFI Historical NAV,2026-09-05T05:36:33.013846+00:00
2024-07-18,316.2597,portal.amfiindia.com / AMFI Historical NAV,2026-09-05T05:36:33.013846+00:00
2024-07-19,316.3448,portal.amfiindia.com / AMFI Historical NAV,2026-09-05T05:36:33.013846+00:00
2024-07-22,321.7788,portal.amfiindia.com / AMFI Historical NAV,2026-09-05T05:36:33.013846+00:00
2024-07-23,320.715,portal.amfiindia.com / AMFI Historical NAV,2026-09-05T05:36:33.013846+00:00
2024-07-24,324.3794,portal.amfiindia.com / AMFI Historical NAV,2026-09-05T05:36:33.013846+00:00
2024-07-25,321.7558,portal.amfiindia.com / AMFI Historical NAV,2026-09-05T05:36:33.013846+00:00
2024-07-26,321.9847,portal.amfiindia.com / AMFI Historical NAV,2026-09-05T05:36:33.013846+00:00
2024-07-29,328.6934,portal.amfiindia.com / AMFI Historical NAV,2026-09-05T05:36:33.013846+00:00
2024-07-30,324.713,portal.amfiindia.com / AMFI Historical NAV,2026-09-05T05:36:33.013846+00:00
2024-07-31,322.8258,portal.amfiindia.com / AMFI Historical NAV,2026-09-05T05:36:33.013846+00:00
2024-08-01,324.738,portal.amfiindia.com / AMFI Historical NAV,2026-09-05T05:36:33.013846+00:00
2024-08-02,323.7073,portal.amfiindia.com / AMFI Historical NAV,2026-09-05T05:36:33.013846+00:00
2024-08-05,324.1452,portal.amfiindia.com / AMFI Historical NAV,2026-09-05T05:36:33.013846+00:00
2024-08-06,330.1698,portal.amfiindia.com / AMFI Historical NAV,2026-09-05T05:36:33.013846+00:00
2024-08-07,320.8864,portal.amfiindia.com / AMFI Historical NAV,2026-09-05T05:36:33.013846+00:00
2024-08-08,324.8213,portal.amfiindia.com / AMFI Historical NAV,2026-09-05T05:36:33.013846+00:00
2024-08-09,331.3677,portal.amfiindia.com / AMFI Historical NAV,2026-09-05T05:36:33.013846+00:00
2024-08-12,330.7544,portal.amfiindia.com / AMFI Historical NAV,2026-09-05T05:36:33.013846+00:00
2024-08-13,329.1314,portal.amfiindia.com / AMFI Historical NAV,2026-09-05T05:36:33.013846+00:00
2024-08-14,332.4113,portal.amfiindia.com / AMFI Historical NAV,2026-09-05T05:36:33.013846+00:00
2024-08-15,341.7691,portal.amfiindia.com / AMFI Historical NAV,2026-09-05T05:36:33.013846+00:00
2024-08-16,336.3377,portal.amfiindia.com / AMFI Historical NAV,2026-09-05T05:36:33.013846+00:00
2024-08-19,338.7221,portal.amfiindia.com / AMFI Historical NAV,2026-09-05T05:36:33.013846+00:00
2024-08-20,331.3349,portal.amfiindia.com / AMFI Historical NAV,2026-09-05T05:36:33.013846+00:00
2024-08-21,330.3736,portal.amfiindia.com / AMFI Historical NAV,2026-09-05T05:36:33.013846+00:00
2024-08-22,325.3902,portal.amfiindia.com / AMFI Historical NAV,2026-09-05T05:36:33.013846+00:00
2024-08-23,325.8638,portal.amfiindia.com / AMFI Historical NAV,2026-09-05T05:36:33.013846+00:00
2024-08-26,330.1762,portal.amfiindia.com / AMFI Historical NAV,2026-09-05T05:36:33.013846+00:00
2024-08-27,329.228,portal.amfiindia.com / AMFI Historical NAV,2026-09-05T05:36:33.013846+00:00
2024-08-28,318.0929,portal.amfiindia.com / AMFI Historical NAV,2026-09-05T05:36:33.013846+00:00
2024-08-29,313.0283,portal.amfiindia.com / AMFI Historical NAV,2026-09-05T05:36:33.013846+00:00
2024-08-30,312.1989,portal.amfiindia.com / AMFI Historical NAV,2026-09-05T05:36:33.013846+00:00
