date,nav,source,retrieval_date
2016-01-01,18.3173,portal.amfiindia.com / AMFI Historical NAV,2026-09-05T05:36:32.997925+00:00
2016-01-04,18.3975,portal.amfiindia.com / AMFI Historical NAV,2026-09-05T05:36:32.997925+00:00
2016-01-05,18.4311,portal.amfiindia.com / AMFI Historical NAV,2026-09-05T05:36:32.997925+00:00
2016-01-06,18.7311,portal.amfiindia.com / AMFI Historical NAV,2026-09-05T05:36:32.997925+00:00
2016-01-07,18.7945,portal.amfiindia.com / AMFI Historical NAV,2026-09-05T05:36:32.997925+00:00
2016-01-08,18.6348,portal.amfiindia.com / AMFI Historical NAV,2026-09-05T05:36:32.997925+00:00
2016-01-11,18.9201,portal.amfiindia.com / AMFI Historical NAV,2026-09-05T05:36:32.997925+00:00
2016-01-12,19.0169,portal.amfiindia.com / AMFI Historical NAV,2026-09-05T05:36:32.997925+00:00
2016-01-13,18.9463,portal.amfiindia.com / AMFI Historical NAV,2026-09-05T05:36:32.997925+00:00
2016-01-14,19.0716,portal.amfiindia.com / AMFI Historical NAV,2026-09-05T05:36:32.997925+00:00
2016-01-15,18.9709,portal.amfiindia.com / AMFI Historical NAV,2026-09-05T05:36:32.997925+00:00
2016-01-18,18.856,portal.amfiindia.com / AMFI Historical NAV,2026-09-05T05:36:32.997925+00:00
2016-01-19,18.9088,portal.amfiindia.com / AMFI Historical NAV,2026-09-05T05:36:32.997925+00:00
2016-01-20,18.5306,portal.amfiindia.com / AMFI Historical NAV,2026-09-05T05:36:32.997925+00:00
2016-01-21,18.1896,portal.amfiindia.com / AMFI Historical NAV,2026-09-05T05:36:32.997925+00:00
2016-01-22,18.1632,portal.amfiindia.com / AMFI Historical NAV,2026-09-05T05:36:32.997925+00:00
2016-01-25,17.9344,portal.amfiindia.com / AMFI Historical NAV,2026-09-05T05:36:32.997925+00:00
2016-01-26,18.041,portal.amfiindia.com / AMFI Historical NAV,2026-09-05T05:36:32.997925+00:00
2016-01-27,17.9461,portal.amfiindia.com / AMFI Historical NAV,2026-09-05T05:36:32.997925+00:00
2016-01-28,17.6177,portal.amfiindia.com / AMFI Historical NAV,2026-09-05T05:36:32.997925+00:00
2016-01-29,17.8001,portal.amfiindia.com / AMFI Historical NAV,2026-09-05T05:36:32.997925+00:00
2016-02-01,17.8618,portal.amfiindia.com / AMFI Historical NAV,2026-09-05T05:36:32.997925+00:00
2016-02-02,17.8128,portal.amfiindia.com / AMFI Historical NAV,2026-09-05T05:36:32.997925+00:00
2016-02-03,17.5748,portal.amfiindia.com / AMFI Historical NAV,2026-09-05T05:36:32.997925+00:00
2016-02-04,17.5366,portal.amfiindia.com / AMFI Historical NAV,2026-09-05T05:36:32.997925+00:00
2016-02-05,17.6188,portal.amfiindia.com / AMFI Historical NAV,2026-09-05T05:36:32.997925+00:00
2016-02-08,17.4394,portal.amfiindia.com / AMFI Historical NAV,2026-09-05T05:36:32.997925+00:00
2016-02-09,17.464,portal.amfiindia.com / AMFI Historical NAV,2026-09-05T05:36:32.997925+00:00
2016-02-10,17.4848,portal.amfiindia.com / AMFI Historical NAV,2026-09-05T05:36:32.997925+00:00
2016-02-11,17.5737,portal.amfiindia.com / AMFI Historical NAV,2026-09-05T05:36:32.997925+00:00
2016-02-12,17.5633,portal.amfiindia.com / AMFI Historical NAV,2026-09-05T05:36:32.997925+00:00
2016-02-15,17.8565,portal.amfiindia.com / AMFI Historical NAV,2026-09-05T05:36:32.997925+00:00
2016-02-16,17.8075,portal.amfiindia.com / AMFI Historical NAV,2026-09-05T05:36:32.997925+00:00
2016-02-17,17.5991,portal.amfiindia.com / AMFI Historical NAV,2026-09-05T05:36:32.997925+00:00
2016-02-18,17.7696,portal.amfiindia.com / AMFI Historical NAV,2026-09-05T05:36:32.997925+00:00
2016-02-19,17.6258,portal.amfiindia.com / AMFI Historical NAV,2026-09-05T05:36:32.997925+00:00
2016-02-22,17.7666,portal.amfiindia.com / AMFI Historical NAV,2026-09-05T05:36:32.997925+00:00
2016-02-23,17.5276,portal.amfiindia.com / AMFI Historical NAV,2026-09-05T05:36:32.997925+00:00
2016-02-24,17.235,portal.amfiindia.com / AMFI Historical NAV,2026-09-05T05:36:32.997925+00:00
2016-02-25,17.3469,portal.amfiindia.com / AMFI Historical NAV,2026-09-05T05:36:32.997925+00:00
2016-02-26,17.397,portal.amfiindia.com / AMFI Historical NAV,2026-09-05T05:36:32.997925+00:00
2016-02-29,17.4062,portal.amfiindia.com / AMFI Historical NAV,2026-09-05T05:36:32.997925+00:00
2016-03-01,17.4171,portal.amfiindia.com / AMFI Historical NAV,2026-09-05T05:36:32.997925+00:00
2016-03-02,17.5221,portal.amfiindia.com / AMFI Historical NAV,2026-09-05T05:36:32.997925+00:00
2016-03-03,17.5306,portal.amfiindia.com / AMFI Historical NAV,2026-09-05T05:36:32.997925+00:00
2016-03-04,17.4765,portal.amfiindia.com / AMFI Historical NAV,2026-09-05T05:36:32.997925+00:00
2016-03-07,17.4059,portal.amfiindia.com / AMFI Historical NAV,2026-09-05T05:36:32.997925+00:00
2016-03-08,17.6101,portal.amfiindia.com / AMFI Historical NAV,2026-09-05T05:36:32.997925+00:00
2016-03-09,17.7347,portal.amfiindia.com / AMFI Historical NAV,2026-09-05T05:36:32.997925+00:00
2016-03-10,17.457,portal.amfiindia.com / AMFI Historical NAV,2026-09-05T05:36:32.997925+00:00
2016-03-11,17.641,portal.amfiindia.com / AMFI Historical NAV,2026-09-05T05:36:32.997925+00:00
2016-03-14,17.6102,portal.amfiindia.com / AMFI Historical NAV,2026-09-05T05:36:32.997925+00:00
2016-03-15,17.5547,portal.amfiindia.com / AMFI Historical NAV,2026-09-05T05:36:32.997925+00:00
2016-03-16,17.7034,portal.amfiindia.com / AMFI Historical NAV,2026-09-05T05:36:32.997925+00:00
2016-03-17,17.8991,portal.amfiindia.com / AMFI Historical NAV,2026-09-05T05:36:32.997925+00:00
2016-03-18,18.1117,portal.amfiindia.com / AMFI Historical NAV,2026-09-05T05:36:32.997925+00:00
2016-03-21,17.9488,portal.amfiindia.com / AMFI Historical NAV,2026-09-05T05:36:32.997925+00:00
2016-03-22,17.8725,portal.amfiindia.com / AMFI Historical NAV,2026-09-05T05:36:32.997925+00:00
2016-03-23,17.855,portal.amfiindia.com / AMFI Historical NAV,2026-09-05T05:36:32.997925+00:00
2016-03-24,18.0453,portal.amfiindia.com / AMFI Historical NAV,2026-09-05T05:36:32.997925+00:00
2016-03-25,18.039,portal.amfiindia.com / AMFI Historical NAV,2026-09-05T05:36:32.997925+00:00
2016-03-28,18.0545,portal.amfiindia.com / AMFI Historical NAV,2026-09-05T05:36:32.997925+00:00
2016-03-29,18.0166,portal.amfiindia.com / AMFI Historical NAV,2026-09-05T05:36:32.997925+00:00
2016-03-30,17.844,portal.amfiindia.com / AMFI Historical NAV,2026-09-05T05:36:32.997925+00:00
2016-03-31,18.0258,portal.amfiindia.com / AMFI Historical NAV,2026-09-05T05:36:32.997925+00:00
2016-04-01,18.1658,portal.amfiindia.com / AMFI Historical NAV,2026-09-05T05:36:32.997925+00:00
2016-04-04,18.1376,portal.amfiindia.com / AMFI Historical NAV,2026-09-05T05:36:32.997925+00:00
2016-04-05,18.3538,portal.amfiindia.com / AMFI Historical NAV,2026-09-05T05:36:32.997925+00:00
2016-04-06,18.4837,portal.amfiindia.com / AMFI Historical NAV,2026-09-05T05:36:32.997925+00:00
2016-04-07,18.3719,portal.amfiindia.com / AMFI Historical NAV,2026-09-05T05:36:32.997925+00:00
2016-04-08,18.4342,portal.amfiindia.com / AMFI Historical NAV,2026-09-05T05:36:32.997925+00:00
2016-04-11,18.5745,portal.amfiindia.com / AMFI Historical NAV,2026-09-05T05:36:32.997925+00:00
2016-04-12,18.5536,portal.amfiindia.com / AMFI Historical NAV,2026-09-05T05:36:32.997925+00:00
2016-04-13,18.8777,portal.amfiindia.com / AMFI Historical NAV,2026-09-05T05:36:32.997925+00:00
2016-04-14,18.5122,portal.amfiindia.com / AMFI Historical NAV,2026-09-05T05:36:32.997925+00:00
2016-04-15,18.6898,portal.amfiindia.com / AMFI Historical NAV,2026-09-05T05:36:32.997925+00:00
2016-04-18,18.7188,portal.amfiindia.com / AMFI Historical NAV,2026-09-05T05:36:32.997925+00:00
2016-04-19,18.6831,portal.amfiindia.com / AMFI Historical NAV,2026-09-05T05:36:32.997925+00:00
2016-04-20,18.6597,portal.amfiindia.com / AMFI Historical NAV,2026-09-05T05:36:32.997925+00:00
2016-04-21,18.4079,portal.amfiindia.com / AMFI Historical NAV,2026-09-05T05:36:32.997925+00:00
2016-04-22,18.4157,portal.amfiindia.com / AMFI Historical NAV,2026-09-05T05:36:32.997925+00:00
2016-04-25,18.519,portal.amfiindia.com / AMFI Historical NAV,2026-09-05T05:36:32.997925+00:00
2016-04-26,18.724,portal.amfiindia.com / AMFI Historical NAV,2026-09-05T05:36:32.997925+00:00
2016-04-27,18.4916,portal.amfiindia.com / AMFI Historical NAV,2026-09-05T05:36:32.997925+00:00
2016-04-28,18.4569,portal.amfiindia.com / AMFI Historical NAV,2026-09-05T05:36:32.997925+00:00
2016-04-29,18.354,portal.amfiindia.com / AMFI Historical NAV,2026-09-05T05:36:32.997925+00:00
2016-05-02,18.4447,portal.amfiindia.com / AMFI Historical NAV,2026-09-05T05:36:32.997925+00:00
2016-05-03,18.5586,portal.amfiindia.com / AMFI Historical NAV,2026-09-05T05:36:32.997925+00:00
2016-05-04,18.4572,portal.amfiindia.com / AMFI Historical NAV,2026-09-05T05:36:32.997925+00:00
2016-05-05,18.6272,portal.amfiindia.com / AMFI Historical NAV,2026-09-05T05:36:32.997925+00:00
2016-05-06,18.6998,portal.amfiindia.com / AMFI Historical NAV,2026-09-05T05:36:32.997925+00:00
2016-05-09,18.9163,portal.amfiindia.com / AMFI Historical NAV,2026-09-05T05:36:32.997925+00:00
2016-05-10,18.7115,portal.amfiindia.com / AMFI Historical NAV,2026-09-05T05:36:32.997925+00:00
2016-05-11,18.7615,portal.amfiindia.com / AMFI Historical NAV,2026-09-05T05:36:32.997925+00:00
2016-05-12,18.73,portal.amfiindia.com / AMFI Historical NAV,2026-09-05T05:36:32.997925+00:00
2016-05-13,18.4807,portal.amfiindia.com / AMFI Historical NAV,2026-09-05T05:36:32.997925+00:00
2016-05-16,18.549,portal.amfiindia.com / AMFI Historical NAV,2026-09-05T05:36:32.997925+00:00
2016-05-17,18.4697,portal.amfiindia.com / AMFI Historical NAV,2026-09-05T05:36:32.997925+00:00
2016-05-18,18.5119,portal.amfiindia.com / AMFI Historical NAV,2026-09-05T05:36:32.997925+00:00
2016-05-19,18.41,portal.amfiindia.com / AMFI Historical NAV,2026-09-05T05:36:32.997925+00:00
2016-05-20,18.1001,portal.amfiindia.com / AMFI Historical NAV,2026-09-05T05:36:32.997925+00:00
2016-05-23,17.9361,portal.amfiindia.com / AMFI Historical NAV,2026-09-05T05:36:32.997925+00:00
2016-05-24,17.9746,portal.amfiindia.com / AMFI Historical NAV,2026-09-05T05:36:32.997925+00:00
2016-05-25,17.8177,portal.amfiindia.com / AMFI Historical NAV,2026-09-05T05:36:32.997925+00:00
2016-05-26,17.9134,portal.amfiindia.com / AMFI Historical NAV,2026-09-05T05:36:32.997925+00:00
2016-05-27,17.9474,portal.amfiindia.com / AMFI Historical NAV,2026-09-05T05:36:32.997925+00:00
2016-05-30,18.1235,portal.amfiindia.com / AMFI Historical NAV,2026-09-05T05:36:32.997925+00:00
2016-05-31,18.0805,portal.amfiindia.com / AMFI Historical NAV,2026-09-05T05:36:32.997925+00:00
2016-06-01,18.2204,portal.amfiindia.com / AMFI Historical NAV,2026-09-05T05:36:32.997925+00:00
2016-06-02,18.2086,portal.amfiindia.com / AMFI Historical NAV,2026-09-05T05:36:32.997925+00:00
2016-06-03,17.8827,portal.amfiindia.com / AMFI Historical NAV,2026-09-05T05:36:32.997925+00:00
2016-06-06,17.901,portal.amfiindia.com / AMFI Historical NAV,2026-09-05T05:36:32.997925+00:00
2016-06-07,17.957,portal.amfiindia.com / AMFI Historical NAV,2026-09-05T05:36:32.997925+00:00
2016-06-08,18.4241,portal.amfiindia.com / AMFI Historical NAV,2026-09-05T05:36:32.997925+00:00
2016-06-09,18.512,portal.amfiindia.com / AMFI Historical NAV,2026-09-05T05:36:32.997925+00:00
2016-06-10,18.544,portal.amfiindia.com / AMFI Historical NAV,2026-09-05T05:36:32.997925+00:00
2016-06-13,18.4514,portal.amfiindia.com / AMFI Historical NAV,2026-09-05T05:36:32.997925+00:00
2016-06-14,18.2488,portal.amfiindia.com / AMFI Historical NAV,2026-09-05T05:36:32.997925+00:00
2016-06-15,18.4562,portal.amfiindia.com / AMFI Historical NAV,2026-09-05T05:36:32.997925+00:00
2016-06-16,18.5142,portal.amfiindia.com / AMFI Historical NAV,2026-09-05T05:36:32.997925+00:00
2016-06-17,18.5791,portal.amfiindia.com / AMFI Historical NAV,2026-09-05T05:36:32.997925+00:00
2016-06-20,18.4723,portal.amfiindia.com / AMFI Historical NAV,2026-09-05T05:36:32.997925+00:00
2016-06-21,18.7002,portal.amfiindia.com / AMFI Historical NAV,2026-09-05T05:36:32.997925+00:00
2016-06-22,18.4912,portal.amfiindia.com / AMFI Historical NAV,2026-09-05T05:36:32.997925+00:00
2016-06-23,18.5385,portal.amfiindia.com / AMFI Historical NAV,2026-09-05T05:36:32.997925+00:00
2016-06-24,18.8779,portal.amfiindia.com / AMFI Historical NAV,2026-09-05T05:36:32.997925+00:00
2016-06-27,18.6606,portal.amfiindia.com / AMFI Historical NAV,2026-09-05T05:36:32.997925+00:00
2016-06-28,18.6486,portal.amfiindia.com / AMFI Historical NAV,2026-09-05T05:36:32.997925+00:00
2016-06-29,18.7529,portal.amfiindia.com / AMFI Historical NAV,2026-09-05T05:36:32.997925+00:00
2016-06-30,18.5456,portal.amfiindia.com / AMFI Historical NAV,2026-09-05T05:36:32.997925+00:00
2016-07-01,18.2434,portal.amfiindia.com / AMFI Historical NAV,2026-09-05T05:36:32.997925+00:00
2016-07-04,18.156,portal.amfiindia.com / AMFI Historical NAV,2026-09-05T05:36:32.997925+00:00
2016-07-05,17.9558,portal.amfiindia.com / AMFI Historical NAV,2026-09-05T05:36:32.997925+00:00
2016-07-06,18.033,portal.amfiindia.com / AMFI Historical NAV,2026-09-05T05:36:32.997925+00:00
2016-07-07,17.7985,portal.amfiindia.com / AMFI Historical NAV,2026-09-05T05:36:32.997925+00:00
2016-07-08,17.9782,portal.amfiindia.com / AMFI Historical NAV,2026-09-05T05:36:32.997925+00:00
2016-07-11,17.7972,portal.amfiindia.com / AMFI Historical NAV,2026-09-05T05:36:32.997925+00:00
2016-07-12,17.774,portal.amfiindia.com / AMFI Historical NAV,2026-09-05T05:36:32.997925+00:00
2016-07-13,17.9127,portal.amfiindia.com / AMFI Historical NAV,2026-09-05T05:36:32.997925+00:00
2016-07-14,17.6844,portal.amfiindia.com / AMFI Historical NAV,2026-09-05T05:36:32.997925+00:00
2016-07-15,17.7419,portal.amfiindia.com / AMFI Historical NAV,2026-09-05T05:36:32.997925+00:00
2016-07-18,17.911,portal.amfiindia.com / AMFI Historical NAV,2026-09-05T05:36:32.997925+00:00
2016-07-19,17.6577,portal.amfiindia.com / AMFI Historical NAV,2026-09-05T05:36:32.997925+00:00
2016-07-20,17.8143,portal.amfiindia.com / AMFI Historical NAV,2026-09-05T05:36:32.997925+00:00
2016-07-21,17.96,portal.amfiindia.com / AMFI Historical NAV,2026-09-05T05:36:32.997925+00:00
2016-07-22,17.9969,portal.amfiindia.com / AMFI Historical NAV,2026-09-05T05:36:32.997925+00:00
2016-07-25,17.8783,portal.amfiindia.com / AMFI Historical NAV,2026-09-05T05:36:32.997925+00:00
2016-07-26,17.7466,portal.amfiindia.com / AMFI Historical NAV,2026-09-05T05:36:32.997925+00:00
2016-07-27,17.7546,portal.amfiindia.com / AMFI Historical NAV,2026-09-05T05:36:32.997925+00:00
2016-07-28,17.8683,portal.amfiindia.com / AMFI Historical NAV,2026-09-05T05:36:32.997925+00:00
2016-07-29,18.0271,portal.amfiindia.com / AMFI Historical NAV,2026-09-05T05:36:32.997925+00:00
2016-08-01,18.0102,portal.amfiindia.com / AMFI Historical NAV,2026-09-05T05:36:32.997925+00:00
2016-08-02,17.851,portal.amfiindia.com / AMFI Historical NAV,2026-09-05T05:36:32.997925+00:00
2016-08-03,17.9697,portal.amfiindia.com / AMFI Historical NAV,2026-09-05T05:36:32.997925+00:00
2016-08-04,18.0449,portal.amfiindia.com / AMFI Historical NAV,2026-09-05T05:36:32.997925+00:00
2016-08-05,17.9861,portal.amfiindia.com / AMFI Historical NAV,2026-09-05T05:36:32.997925+00:00
2016-08-08,18.3068,portal.amfiindia.com / AMFI Historical NAV,2026-09-05T05:36:32.997925+00:00
2016-08-09,18.4203,portal.amfiindia.com / AMFI Historical NAV,2026-09-05T05:36:32.997925+00:00
2016-08-10,18.1472,portal.amfiindia.com / AMFI Historical NAV,2026-09-05T05:36:32.997925+00:00
2016-08-11,18.3355,portal.amfiindia.com / AMFI Historical NAV,2026-09-05T05:36:32.997925+00:00
2016-08-12,18.2805,portal.amfiindia.com / AMFI Historical NAV,2026-09-05T05:36:32.997925+00:00
2016-08-15,18.3972,portal.amfiindia.com / AMFI Historical NAV,2026-09-05T05:36:32.997925+00:00
2016-08-16,18.5863,portal.amfiindia.com / AMFI Historical NAV,2026-09-05T05:36:32.997925+00:00
2016-08-17,18.3541,portal.amfiindia.com / AMFI Historical NAV,2026-09-05T05:36:32.997925+00:00
2016-08-18,18.5533,portal.amfiindia.com / AMFI Historical NAV,2026-09-05T05:36:32.997925+00:00
2016-08-19,18.6721,portal.amfiindia.com / AMFI Historical NAV,2026-09-05T05:36:32.997925+00:00
2016-08-22,18.8093,portal.amfiindia.com / AMFI Historical NAV,2026-09-05T05:36:32.997925+00:00
2016-08-23,19.2086,portal.amfiindia.com / AMFI Historical NAV,2026-09-05T05:36:32.997925+00:00
2016-08-24,19.1545,portal.amfiindia.com / AMFI Historical NAV,2026-09-05T05:36:32.997925+00:00
2016-08-25,19.0867,portal.amfiindia.com / AMFI Historical NAV,2026-09-05T05:36:32.997925+00:00
2016-08-26,18.8761,portal.amfiindia.com / AMFI Historical NAV,2026-09-05T05:36:32.997925+00:00
2016-08-29,18.7549,portal.amfiindia.com / AMFI Historical NAV,2026-09-05T05:36:32.997925+00:00
2016-08-30,18.7409,portal.amfiindia.com / AMFI Historical NAV,2026-09-05T05:36:32.997925+00:00
2016-08-31,18.8236,portal.amfiindia.com / AMFI Historical NAV,2026-09-05T05:36:32.997925+00:00
2016-09-01,18.8515,portal.amfiindia.com / AMFI Historical NAV,2026-09-05T05:36:32.997925+00:00
2016-09-02,18.9855,portal.amfiindia.com / AMFI Historical NAV,2026-09-05T05:36:32.997925+00:00
2016-09-05,19.0619,portal.amfiindia.com / AMFI Historical NAV,2026-09-05T05:36:32.997925+00:00
2016-09-06,19.2757,portal.amfiindia.com / AMFI Historical NAV,2026-09-05T05:36:32.997925+00:00
2016-09-07,19.1202,portal.amfiindia.com / AMFI Historical NAV,2026-09-05T05:36:32.997925+00:00
2016-09-08,19.7077,portal.amfiindia.com / AMFI Historical NAV,2026-09-05T05:36:32.997925+00:00
2016-09-09,19.9334,portal.amfiindia.com / AMFI Historical NAV,2026-09-05T05:36:32.997925+00:00
2016-09-12,19.6972,portal.amfiindia.com / AMFI Historical NAV,2026-09-05T05:36:32.997925+00:00
2016-09-13,19.5842,portal.amfiindia.com / AMFI Historical NAV,2026-09-05T05:36:32.997925+00:00
2016-09-14,19.637,portal.amfiindia.com / AMFI Historical NAV,2026-09-05T05:36:32.997925+00:00
2016-09-15,19.6323,portal.amfiindia.com / AMFI Historical NAV,2026-09-05T05:36:32.997925+00:00
2016-09-16,19.7865,portal.amfiindia.com / AMFI Historical NAV,2026-09-05T05:36:32.997925+00:00
2016-09-19,19.8596,portal.amfiindia.com / AMFI Historical NAV,2026-09-05T05:36:32.997925+00:00
2016-09-20,19.7971,portal.amfiindia.com / AMFI Historical NAV,2026-09-05T05:36:32.997925+00:00
2016-09-21,19.6119,portal.amfiindia.com / AMFI Historical NAV,2026-09-05T05:36:32.997925+00:00
2016-09-22,19.2995,portal.amfiindia.com / AMFI Historical NAV,2026-09-05T05:36:32.997925+00:00
2016-09-23,19.1737,portal.amfiindia.com / AMFI Historical NAV,2026-09-05T05:36:32.997925+00:00
2016-09-26,19.3198,portal.amfiindia.com / AMFI Historical NAV,2026-09-05T05:36:32.997925+00:00
2016-09-27,19.3114,portal.amfiindia.com / AMFI Historical NAV,2026-09-05T05:36:32.997925+00:00
2016-09-28,19.1713,portal.amfiindia.com / AMFI Historical NAV,2026-09-05T05:36:32.997925+00:00
2016-09-29,19.3252,portal.amfiindia.com / AMFI Historical NAV,2026-09-05T05:36:32.997925+00:00
2016-09-30,19.3554,portal.amfiindia.com / AMFI Historical NAV,2026-09-05T05:36:32.997925+00:00
2016-10-03,19.2403,portal.amfiindia.com / AMFI Historical NAV,2026-09-05T05:36:32.997925+00:00
2016-10-04,19.3156,portal.amfiindia.com / AMFI Historical NAV,2026-09-05T05:36:32.997925+00:00
2016-10-05,19.3733,portal.amfiindia.com / AMFI Historical NAV,2026-09-05T05:36:32.997925+00:00
2016-10-06,19.2028,portal.amfiindia.com / AMFI Historical NAV,2026-09-05T05:36:32.997925+00:00
2016-10-07,19.3299,portal.amfiindia.com / AMFI Historical NAV,2026-09-05T05:36:32.997925+00:00
2016-10-10,19.4711,portal.amfiindia.com / AMFI Historical NAV,2026-09-05T05:36:32.997925+00:00
2016-10-11,19.5657,portal.amfiindia.com / AMFI Historical NAV,2026-09-05T05:36:32.997925+00:00
2016-10-12,19.8209,portal.amfiindia.com / AMFI Historical NAV,2026-09-05T05:36:32.997925+00:00
2016-10-13,19.6712,portal.amfiindia.com / AMFI Historical NAV,2026-09-05T05:36:32.997925+00:00
2016-10-14,19.4663,portal.amfiindia.com / AMFI Historical NAV,2026-09-05T05:36:32.997925+00:00
2016-10-17,19.5663,portal.amfiindia.com / AMFI Historical NAV,2026-09-05T05:36:32.997925+00:00
2016-10-18,19.7171,portal.amfiindia.com / AMFI Historical NAV,2026-09-05T05:36:32.997925+00:00
2016-10-19,19.7989,portal.amfiindia.com / AMFI Historical NAV,2026-09-05T05:36:32.997925+00:00
2016-10-20,20.5443,portal.amfiindia.com / AMFI Historical NAV,2026-09-05T05:36:32.997925+00:00
2016-10-21,20.8507,portal.amfiindia.com / AMFI Historical NAV,2026-09-05T05:36:32.997925+00:00
2016-10-24,20.9991,portal.amfiindia.com / AMFI Historical NAV,2026-09-05T05:36:32.997925+00:00
2016-10-25,21.0661,portal.amfiindia.com / AMFI Historical NAV,2026-09-05T05:36:32.997925+00:00
2016-10-26,21.2211,portal.amfiindia.com / AMFI Historical NAV,2026-09-05T05:36:32.997925+00:00
2016-10-27,21.2384,portal.amfiindia.com / AMFI Historical NAV,2026-09-05T05:36:32.997925+00:00
2016-10-28,21.3687,portal.amfiindia.com / AMFI Historical NAV,2026-09-05T05:36:32.997925+00:00
2016-10-31,21.3655,portal.amfiindia.com / AMFI Historical NAV,2026-09-05T05:36:32.997925+00:00
2016-11-01,21.2211,portal.amfiindia.com / AMFI Historical NAV,2026-09-05T05:36:32.997925+00:00
2016-11-02,21.2053,portal.amfiindia.com / AMFI Historical NAV,2026-09-05T05:36:32.997925+00:00
2016-11-03,21.1815,portal.amfiindia.com / AMFI Historical NAV,2026-09-05T05:36:32.997925+00:00
2016-11-04,21.7568,portal.amfiindia.com / AMFI Historical NAV,2026-09-05T05:36:32.997925+00:00
2016-11-07,21.5981,portal.amfiindia.com / AMFI Historical NAV,2026-09-05T05:36:32.997925+00:00
2016-11-08,21.6963,portal.amfiindia.com / AMFI Historical NAV,2026-09-05T05:36:32.997925+00:00
2016-11-09,21.1779,portal.amfiindia.com / AMFI Historical NAV,2026-09-05T05:36:32.997925+00:00
2016-11-10,21.0992,portal.amfiindia.com / AMFI Historical NAV,2026-09-05T05:36:32.997925+00:00
2016-11-11,21.3356,portal.amfiindia.com / AMFI Historical NAV,2026-09-05T05:36:32.997925+00:00
2016-11-14,21.325,portal.amfiindia.com / AMFI Historical NAV,2026-09-05T05:36:32.997925+00:00
2016-11-15,21.0099,portal.amfiindia.com / AMFI Historical NAV,2026-09-05T05:36:32.997925+00:00
2016-11-16,20.6331,portal.amfiindia.com / AMFI Historical NAV,2026-09-05T05:36:32.997925+00:00
2016-11-17,20.7873,portal.amfiindia.com / AMFI Historical NAV,2026-09-05T05:36:32.997925+00:00
2016-11-18,20.5128,portal.amfiindia.com / AMFI Historical NAV,2026-09-05T05:36:32.997925+00:00
2016-11-21,20.5057,portal.amfiindia.com / AMFI Historical NAV,2026-09-05T05:36:32.997925+00:00
2016-11-22,20.6127,portal.amfiindia.com / AMFI Historical NAV,2026-09-05T05:36:32.997925+00:00
2016-11-23,20.3145,portal.amfiindia.com / AMFI Historical NAV,2026-09-05T05:36:32.997925+00:00
2016-11-24,20.9128,portal.amfiindia.com / AMFI Historical NAV,2026-09-05T05:36:32.997925+00:00
2016-11-25,21.0348,portal.amfiindia.com / AMFI Historical NAV,2026-09-05T05:36:32.997925+00:00
2016-11-28,20.4442,portal.amfiindia.com / AMFI Historical NAV,2026-09-05T05:36:32.997925+00:00
2016-11-29,20.5343,portal.amfiindia.com / AMFI Historical NAV,2026-09-05T05:36:32.997925+00:00
2016-11-30,20.3656,portal.amfiindia.com / AMFI Historical NAV,2026-09-05T05:36:32.997925+00:00
2016-12-01,20.6103,portal.amfiindia.com / AMFI Historical NAV,2026-09-05T05:36:32.997925+00:00
2016-12-02,20.4585,portal.amfiindia.com / AMFI Historical NAV,2026-09-05T05:36:32.997925+00:00
2016-12-05,20.3782,portal.amfiindia.com / AMFI Historical NAV,2026-09-05T05:36:32.997925+00:00
2016-12-06,20.4364,portal.amfiindia.com / AMFI Historical NAV,2026-09-05T05:36:32.997925+00:00
2016-12-07,20.5501,portal.amfiindia.com / AMFI Historical NAV,2026-09-05T05:36:32.997925+00:00
2016-12-08,20.1444,portal.amfiindia.com / AMFI Historical NAV,2026-09-05T05:36:32.997925+00:00
2016-12-09,20.2733,portal.amfiindia.com / AMFI Historical NAV,2026-09-05T05:36:32.997925+00:00
2016-12-12,20.2284,portal.amfiindia.com / AMFI Historical NAV,2026-09-05T05:36:32.997925+00:00
2016-12-13,19.9277,portal.amfiindia.com / AMFI Historical NAV,2026-09-05T05:36:32.997925+00:00
2016-12-14,20.2482,portal.amfiindia.com / AMFI Historical NAV,2026-09-05T05:36:32.997925+00:00
2016-12-15,20.3688,portal.amfiindia.com / AMFI Historical NAV,2026-09-05T05:36:32.997925+00:00
2016-12-16,20.0628,portal.amfiindia.com / AMFI Historical NAV,2026-09-05T05:36:32.997925+00:00
2016-12-19,20.3189,portal.amfiindia.com / AMFI Historical NAV,2026-09-05T05:36:32.997925+00:00
2016-12-20,20.8249,portal.amfiindia.com / AMFI Historical NAV,2026-09-05T05:36:32.997925+00:00
2016-12-21,21.0649,portal.amfiindia.com / AMFI Historical NAV,2026-09-05T05:36:32.997925+00:00
2016-12-22,20.6606,portal.amfiindia.com / AMFI Historical NAV,2026-09-05T05:36:32.997925+00:00
2016-12-23,20.5166,portal.amfiindia.com / AMFI Historical NAV,2026-09-05T05:36:32.997925+00:00
2016-12-26,20.6426,portal.amfiindia.com / AMFI Historical NAV,2026-09-05T05:36:32.997925+00:00
2016-12-27,20.414,portal.amfiindia.com / AMFI Historical NAV,2026-09-05T05:36:32.997925+00:00
2016-12-28,20.4368,portal.amfiindia.com / AMFI Historical NAV,2026-09-05T05:36:32.997925+00:00
2016-12-29,20.6298,portal.amfiindia.com / AMFI Historical NAV,2026-09-05T05:36:32.997925+00:00
2016-12-30,20.6089,portal.amfiindia.com / AMFI Historical NAV,2026-09-05T05:36:32.997925+00:00
2017-01-02,20.654,portal.amfiindia.com / AMFI Historical NAV,2026-09-05T05:36:32.997925+00:00
2017-01-03,20.252,portal.amfiindia.com / AMFI Historical NAV,2026-09-05T05:36:32.997925+00:00
2017-01-04,20.225,portal.amfiindia.com / AMFI Historical NAV,2026-09-05T05:36:32.997925+00:00
2017-01-05,20.2554,portal.amfiindia.com / AMFI Historical NAV,2026-09-05T05:36:32.997925+00:00
2017-01-06,20.1609,portal.amfiindia.com / AMFI Historical NAV,2026-09-05T05:36:32.997925+00:00
2017-01-09,20.4273,portal.amfiindia.com / AMFI Historical NAV,2026-09-05T05:36:32.997925+00:00
2017-01-10,20.4435,portal.amfiindia.com / AMFI Historical NAV,2026-09-05T05:36:32.997925+00:00
2017-01-11,20.3194,portal.amfiindia.com / AMFI Historical NAV,2026-09-05T05:36:32.997925+00:00
2017-01-12,20.3956,portal.amfiindia.com / AMFI Historical NAV,2026-09-05T05:36:32.997925+00:00
2017-01-13,20.5168,portal.amfiindia.com / AMFI Historical NAV,2026-09-05T05:36:32.997925+00:00
2017-01-16,20.4092,portal.amfiindia.com / AMFI Historical NAV,2026-09-05T05:36:32.997925+00:00
2017-01-17,20.4974,portal.amfiindia.com / AMFI Historical NAV,2026-09-05T05:36:32.997925+00:00
2017-01-18,20.4864,portal.amfiindia.com / AMFI Historical NAV,2026-09-05T05:36:32.997925+00:00
2017-01-19,20.3646,portal.amfiindia.com / AMFI Historical NAV,2026-09-05T05:36:32.997925+00:00
2017-01-20,20.522,portal.amfiindia.com / AMFI Historical NAV,2026-09-05T05:36:32.997925+00:00
2017-01-23,20.6438,portal.amfiindia.com / AMFI Historical NAV,2026-09-05T05:36:32.997925+00:00
2017-01-24,20.4894,portal.amfiindia.com / AMFI Historical NAV,2026-09-05T05:36:32.997925+00:00
2017-01-25,20.5244,portal.amfiindia.com / AMFI Historical NAV,2026-09-05T05:36:32.997925+00:00
2017-01-26,20.4412,portal.amfiindia.com / AMFI Historical NAV,2026-09-05T05:36:32.997925+00:00
2017-01-27,20.3741,portal.amfiindia.com / AMFI Historical NAV,2026-09-05T05:36:32.997925+00:00
2017-01-30,20.4585,portal.amfiindia.com / AMFI Historical NAV,2026-09-05T05:36:32.997925+00:00
2017-01-31,20.6483,portal.amfiindia.com / AMFI Historical NAV,2026-09-05T05:36:32.997925+00:00
2017-02-01,20.7189,portal.amfiindia.com / AMFI Historical NAV,2026-09-05T05:36:32.997925+00:00
2017-02-02,21.04,portal.amfiindia.com / AMFI Historical NAV,2026-09-05T05:36:32.997925+00:00
2017-02-03,20.7023,portal.amfiindia.com / AMFI Historical NAV,2026-09-05T05:36:32.997925+00:00
2017-02-06,20.6591,portal.amfiindia.com / AMFI Historical NAV,2026-09-05T05:36:32.997925+00:00
2017-02-07,20.838,portal.amfiindia.com / AMFI Historical NAV,2026-09-05T05:36:32.997925+00:00
2017-02-08,21.0693,portal.amfiindia.com / AMFI Historical NAV,2026-09-05T05:36:32.997925+00:00
2017-02-09,20.8803,portal.amfiindia.com / AMFI Historical NAV,2026-09-05T05:36:32.997925+00:00
2017-02-10,20.7198,portal.amfiindia.com / AMFI Historical NAV,2026-09-05T05:36:32.997925+00:00
2017-02-13,20.8364,portal.amfiindia.com / AMFI Historical NAV,2026-09-05T05:36:32.997925+00:00
2017-02-14,20.8182,portal.amfiindia.com / AMFI Historical NAV,2026-09-05T05:36:32.997925+00:00
2017-02-15,20.8735,portal.amfiindia.com / AMFI Historical NAV,2026-09-05T05:36:32.997925+00:00
2017-02-16,20.9849,portal.amfiindia.com / AMFI Historical NAV,2026-09-05T05:36:32.997925+00:00
2017-02-17,20.6997,portal.amfiindia.com / AMFI Historical NAV,2026-09-05T05:36:32.997925+00:00
2017-02-20,20.8331,portal.amfiindia.com / AMFI Historical NAV,2026-09-05T05:36:32.997925+00:00
2017-02-21,20.9209,portal.amfiindia.com / AMFI Historical NAV,2026-09-05T05:36:32.997925+00:00
2017-02-22,21.1219,portal.amfiindia.com / AMFI Historical NAV,2026-09-05T05:36:32.997925+00:00
2017-02-23,21.1381,portal.amfiindia.com / AMFI Historical NAV,2026-09-05T05:36:32.997925+00:00
2017-02-24,21.0638,portal.amfiindia.com / AMFI Historical NAV,2026-09-05T05:36:32.997925+00:00
2017-02-27,20.9382,portal.amfiindia.com / AMFI Historical NAV,2026-09-05T05:36:32.997925+00:00
2017-02-28,21.0752,portal.amfiindia.com / AMFI Historical NAV,2026-09-05T05:36:32.997925+00:00
2017-03-01,21.0989,portal.amfiindia.com / AMFI Historical NAV,2026-09-05T05:36:32.997925+00:00
2017-03-02,21.0846,portal.amfiindia.com / AMFI Historical NAV,2026-09-05T05:36:32.997925+00:00
2017-03-03,21.038,portal.amfiindia.com / AMFI Historical NAV,2026-09-05T05:36:32.997925+00:00
2017-03-06,21.2753,portal.amfiindia.com / AMFI Historical NAV,2026-09-05T05:36:32.997925+00:00
2017-03-07,21.2963,portal.amfiindia.com / AMFI Historical NAV,2026-09-05T05:36:32.997925+00:00
2017-03-08,21.3686,portal.amfiindia.com / AMFI Historical NAV,2026-09-05T05:36:32.997925+00:00
2017-03-09,21.3691,portal.amfiindia.com / AMFI Historical NAV,2026-09-05T05:36:32.997925+00:00
2017-03-10,21.2406,portal.amfiindia.com / AMFI Historical NAV,2026-09-05T05:36:32.997925+00:00
2017-03-13,21.3768,portal.amfiindia.com / AMFI Historical NAV,2026-09-05T05:36:32.997925+00:00
2017-03-14,21.5005,portal.amfiindia.com / AMFI Historical NAV,2026-09-05T05:36:32.997925+00:00
2017-03-15,21.8531,portal.amfiindia.com / AMFI Historical NAV,2026-09-05T05:36:32.997925+00:00
2017-03-16,21.9491,portal.amfiindia.com / AMFI Historical NAV,2026-09-05T05:36:32.997925+00:00
2017-03-17,22.104,portal.amfiindia.com / AMFI Historical NAV,2026-09-05T05:36:32.997925+00:00
2017-03-20,22.3056,portal.amfiindia.com / AMFI Historical NAV,2026-09-05T05:36:32.997925+00:00
2017-03-21,22.3134,portal.amfiindia.com / AMFI Historical NAV,2026-09-05T05:36:32.997925+00:00
2017-03-22,22.5374,portal.amfiindia.com / AMFI Historical NAV,2026-09-05T05:36:32.997925+00:00
2017-03-23,22.5777,portal.amfiindia.com / AMFI Historical NAV,2026-09-05T05:36:32.997925+00:00
2017-03-24,22.6502,portal.amfiindia.com / AMFI Historical NAV,2026-09-05T05:36:32.997925+00:00
2017-03-27,22.7499,portal.amfiindia.com / AMFI Historical NAV,2026-09-05T05:36:32.997925+00:00
2017-03-28,22.775,portal.amfiindia.com / AMFI Historical NAV,2026-09-05T05:36:32.997925+00:00
2017-03-29,23.1829,portal.amfiindia.com / AMFI Historical NAV,2026-09-05T05:36:32.997925+00:00
2017-03-30,23.011,portal.amfiindia.com / AMFI Historical NAV,2026-09-05T05:36:32.997925+00:00
2017-03-31,22.7481,portal.amfiindia.com / AMFI Historical NAV,2026-09-05T05:36:32.997925+00:00
2017-04-03,22.9108,portal.amfiindia.com / AMFI Historical NAV,2026-09-05T05:36:32.997925+00:00
2017-04-04,22.9701,portal.amfiindia.com / AMFI Historical NAV,2026-09-05T05:36:32.997925+00:00
2017-04-05,23.0742,portal.amfiindia.com / AMFI Historical NAV,2026-09-05T05:36:32.997925+00:00
2017-04-06,23.2995,portal.amfiindia.com / AMFI Historical NAV,2026-09-05T05:36:32.997925+00:00
2017-04-07,23.2802,portal.amfiindia.com / AMFI Historical NAV,2026-09-05T05:36:32.997925+00:00
2017-04-10,23.177,portal.amfiindia.com / AMFI Historical NAV,2026-09-05T05:36:32.997925+00:00
2017-04-11,23.2177,portal.amfiindia.com / AMFI Historical NAV,2026-09-05T05:36:32.997925+00:00
2017-04-12,23.2279,portal.amfiindia.com / AMFI Historical NAV,2026-09-05T05:36:32.997925+00:00
2017-04-13,23.1789,portal.amfiindia.com / AMFI Historical NAV,2026-09-05T05:36:32.997925+00:00
2017-04-14,23.1273,portal.amfiindia.com / AMFI Historical NAV,2026-09-05T05:36:32.997925+00:00
2017-04-17,23.0581,portal.amfiindia.com / AMFI Historical NAV,2026-09-05T05:36:32.997925+00:00
2017-04-18,23.1495,portal.amfiindia.com / AMFI Historical NAV,2026-09-05T05:36:32.997925+00:00
2017-04-19,23.1857,portal.amfiindia.com / AMFI Historical NAV,2026-09-05T05:36:32.997925+00:00
2017-04-20,22.9588,portal.amfiindia.com / AMFI Historical NAV,2026-09-05T05:36:32.997925+00:00
2017-04-21,22.9281,portal.amfiindia.com / AMFI Historical NAV,2026-09-05T05:36:32.997925+00:00
2017-04-24,22.9277,portal.amfiindia.com / AMFI Historical NAV,2026-09-05T05:36:32.997925+00:00
2017-04-25,22.8767,portal.amfiindia.com / AMFI Historical NAV,2026-09-05T05:36:32.997925+00:00
2017-04-26,22.7751,portal.amfiindia.com / AMFI Historical NAV,2026-09-05T05:36:32.997925+00:00
2017-04-27,22.719,portal.amfiindia.com / AMFI Historical NAV,2026-09-05T05:36:32.997925+00:00
2017-04-28,22.7198,portal.amfiindia.com / AMFI Historical NAV,2026-09-05T05:36:32.997925+00:00
2017-05-01,22.348,portal.amfiindia.com / AMFI Historical NAV,2026-09-05T05:36:32.997925+00:00
2017-05-02,22.2651,portal.amfiindia.com / AMFI Historical NAV,2026-09-05T05:36:32.997925+00:00
2017-05-03,22.3074,portal.amfiindia.com / AMFI Historical NAV,2026-09-05T05:36:32.997925+00:00
2017-05-04,22.3612,portal.amfiindia.com / AMFI Historical NAV,2026-09-05T05:36:32.997925+00:00
2017-05-05,22.3248,portal.amfiindia.com / AMFI Historical NAV,2026-09-05T05:36:32.997925+00:00
2017-05-08,22.5268,portal.amfiindia.com / AMFI Historical NAV,2026-09-05T05:36:32.997925+00:00
2017-05-09,22.6654,portal.amfiindia.com / AMFI Historical NAV,2026-09-05T05:36:32.997925+00:00
2017-05-10,22.7225,portal.amfiindia.com / AMFI Historical NAV,2026-09-05T05:36:32.997925+00:00
2017-05-11,22.8051,portal.amfiindia.com / AMFI Historical NAV,2026-09-05T05:36:32.997925+00:00
2017-05-12,22.6266,portal.amfiindia.com / AMFI Historical NAV,2026-09-05T05:36:32.997925+00:00
2017-05-15,22.6558,portal.amfiindia.com / AMFI Historical NAV,2026-09-05T05:36:32.997925+00:00
2017-05-16,22.6827,portal.amfiindia.com / AMFI Historical NAV,2026-09-05T05:36:32.997925+00:00
2017-05-17,22.8827,portal.amfiindia.com / AMFI Historical NAV,2026-09-05T05:36:32.997925+00:00
2017-05-18,22.8592,portal.amfiindia.com / AMFI Historical NAV,2026-09-05T05:36:32.997925+00:00
2017-05-19,23.0266,portal.amfiindia.com / AMFI Historical NAV,2026-09-05T05:36:32.997925+00:00
2017-05-22,23.269,portal.amfiindia.com / AMFI Historical NAV,2026-09-05T05:36:32.997925+00:00
2017-05-23,23.4103,portal.amfiindia.com / AMFI Historical NAV,2026-09-05T05:36:32.997925+00:00
2017-05-24,23.5298,portal.amfiindia.com / AMFI Historical NAV,2026-09-05T05:36:32.997925+00:00
2017-05-25,23.5706,portal.amfiindia.com / AMFI Historical NAV,2026-09-05T05:36:32.997925+00:00
2017-05-26,23.672,portal.amfiindia.com / AMFI Historical NAV,2026-09-05T05:36:32.997925+00:00
2017-05-29,23.7951,portal.amfiindia.com / AMFI Historical NAV,2026-09-05T05:36:32.997925+00:00
2017-05-30,23.7803,portal.amfiindia.com / AMFI Historical NAV,2026-09-05T05:36:32.997925+00:00
2017-05-31,23.7741,portal.amfiindia.com / AMFI Historical NAV,2026-09-05T05:36:32.997925+00:00
2017-06-01,23.7185,portal.amfiindia.com / AMFI Historical NAV,2026-09-05T05:36:32.997925+00:00
2017-06-02,23.7914,portal.amfiindia.com / AMFI Historical NAV,2026-09-05T05:36:32.997925+00:00
2017-06-05,23.9062,portal.amfiindia.com / AMFI Historical NAV,2026-09-05T05:36:32.997925+00:00
2017-06-06,24.1681,portal.amfiindia.com / AMFI Historical NAV,2026-09-05T05:36:32.997925+00:00
2017-06-07,24.4964,portal.amfiindia.com / AMFI Historical NAV,2026-09-05T05:36:32.997925+00:00
2017-06-08,24.9415,portal.amfiindia.com / AMFI Historical NAV,2026-09-05T05:36:32.997925+00:00
2017-06-09,24.8735,portal.amfiindia.com / AMFI Historical NAV,2026-09-05T05:36:32.997925+00:00
2017-06-12,25.123,portal.amfiindia.com / AMFI Historical NAV,2026-09-05T05:36:32.997925+00:00
2017-06-13,25.0736,portal.amfiindia.com / AMFI Historical NAV,2026-09-05T05:36:32.997925+00:00
2017-06-14,25.4672,portal.amfiindia.com / AMFI Historical NAV,2026-09-05T05:36:32.997925+00:00
2017-06-15,25.5564,portal.amfiindia.com / AMFI Historical NAV,2026-09-05T05:36:32.997925+00:00
2017-06-16,25.4339,portal.amfiindia.com / AMFI Historical NAV,2026-09-05T05:36:32.997925+00:00
2017-06-19,25.2843,portal.amfiindia.com / AMFI Historical NAV,2026-09-05T05:36:32.997925+00:00
2017-06-20,24.926,portal.amfiindia.com / AMFI Historical NAV,2026-09-05T05:36:32.997925+00:00
2017-06-21,24.7662,portal.amfiindia.com / AMFI Historical NAV,2026-09-05T05:36:32.997925+00:00
2017-06-22,24.6032,portal.amfiindia.com / AMFI Historical NAV,2026-09-05T05:36:32.997925+00:00
2017-06-23,24.6152,portal.amfiindia.com / AMFI Historical NAV,2026-09-05T05:36:32.997925+00:00
2017-06-26,24.5533,portal.amfiindia.com / AMFI Historical NAV,2026-09-05T05:36:32.997925+00:00
2017-06-27,24.8554,portal.amfiindia.com / AMFI Historical NAV,2026-09-05T05:36:32.997925+00:00
2017-06-28,25.1123,portal.amfiindia.com / AMFI Historical NAV,2026-09-05T05:36:32.997925+00:00
2017-06-29,24.962,portal.amfiindia.com / AMFI Historical NAV,2026-09-05T05:36:32.997925+00:00
2017-06-30,25.007,portal.amfiindia.com / AMFI Historical NAV,2026-09-05T05:36:32.997925+00:00
2017-07-03,25.1582,portal.amfiindia.com / AMFI Historical NAV,2026-09-05T05:36:32.997925+00:00
2017-07-04,25.0913,portal.amfiindia.com / AMFI Historical NAV,2026-09-05T05:36:32.997925+00:00
2017-07-05,25.3257,portal.amfiindia.com / AMFI Historical NAV,2026-09-05T05:36:32.997925+00:00
2017-07-06,25.6172,portal.amfiindia.com / AMFI Historical NAV,2026-09-05T05:36:32.997925+00:00
2017-07-07,25.4614,portal.amfiindia.com / AMFI Historical NAV,2026-09-05T05:36:32.997925+00:00
2017-07-10,25.3199,portal.amfiindia.com / AMFI Historical NAV,2026-09-05T05:36:32.997925+00:00
2017-07-11,25.5685,portal.amfiindia.com / AMFI Historical NAV,2026-09-05T05:36:32.997925+00:00
2017-07-12,25.6351,portal.amfiindia.com / AMFI Historical NAV,2026-09-05T05:36:32.997925+00:00
2017-07-13,25.7309,portal.amfiindia.com / AMFI Historical NAV,2026-09-05T05:36:32.997925+00:00
2017-07-14,25.4224,portal.amfiindia.com / AMFI Historical NAV,2026-09-05T05:36:32.997925+00:00
2017-07-17,25.4198,portal.amfiindia.com / AMFI Historical NAV,2026-09-05T05:36:32.997925+00:00
2017-07-18,25.3515,portal.amfiindia.com / AMFI Historical NAV,2026-09-05T05:36:32.997925+00:00
2017-07-19,25.4328,portal.amfiindia.com / AMFI Historical NAV,2026-09-05T05:36:32.997925+00:00
2017-07-20,25.2529,portal.amfiindia.com / AMFI Historical NAV,2026-09-05T05:36:32.997925+00:00
2017-07-21,25.4593,portal.amfiindia.com / AMFI Historical NAV,2026-09-05T05:36:32.997925+00:00
2017-07-24,25.1995,portal.amfiindia.com / AMFI Historical NAV,2026-09-05T05:36:32.997925+00:00
2017-07-25,25.2609,portal.amfiindia.com / AMFI Historical NAV,2026-09-05T05:36:32.997925+00:00
2017-07-26,25.3693,portal.amfiindia.com / AMFI Historical NAV,2026-09-05T05:36:32.997925+00:00
2017-07-27,25.4035,portal.amfiindia.com / AMFI Historical NAV,2026-09-05T05:36:32.997925+00:00
2017-07-28,25.5975,portal.amfiindia.com / AMFI Historical NAV,2026-09-05T05:36:32.997925+00:00
2017-07-31,25.4804,portal.amfiindia.com / AMFI Historical NAV,2026-09-05T05:36:32.997925+00:00
2017-08-01,25.2203,portal.amfiindia.com / AMFI Historical NAV,2026-09-05T05:36:32.997925+00:00
2017-08-02,25.3374,portal.amfiindia.com / AMFI Historical NAV,2026-09-05T05:36:32.997925+00:00
2017-08-03,25.2158,portal.amfiindia.com / AMFI Historical NAV,2026-09-05T05:36:32.997925+00:00
2017-08-04,25.1659,portal.amfiindia.com / AMFI Historical NAV,2026-09-05T05:36:32.997925+00:00
2017-08-07,25.2677,portal.amfiindia.com / AMFI Historical NAV,2026-09-05T05:36:32.997925+00:00
2017-08-08,25.3219,portal.amfiindia.com / AMFI Historical NAV,2026-09-05T05:36:32.997925+00:00
2017-08-09,25.5001,portal.amfiindia.com / AMFI Historical NAV,2026-09-05T05:36:32.997925+00:00
2017-08-10,25.6071,portal.amfiindia.com / AMFI Historical NAV,2026-09-05T05:36:32.997925+00:00
2017-08-11,25.9176,portal.amfiindia.com / AMFI Historical NAV,2026-09-05T05:36:32.997925+00:00
2017-08-14,26.182,portal.amfiindia.com / AMFI Historical NAV,2026-09-05T05:36:32.997925+00:00
2017-08-15,26.248,portal.amfiindia.com / AMFI Historical NAV,2026-09-05T05:36:32.997925+00:00
2017-08-16,26.4632,portal.amfiindia.com / AMFI Historical NAV,2026-09-05T05:36:32.997925+00:00
2017-08-17,26.6267,portal.amfiindia.com / AMFI Historical NAV,2026-09-05T05:36:32.997925+00:00
2017-08-18,26.9221,portal.amfiindia.com / AMFI Historical NAV,2026-09-05T05:36:32.997925+00:00
2017-08-21,26.6311,portal.amfiindia.com / AMFI Historical NAV,2026-09-05T05:36:32.997925+00:00
2017-08-22,26.8491,portal.amfiindia.com / AMFI Historical NAV,2026-09-05T05:36:32.997925+00:00
2017-08-23,27.1128,portal.amfiindia.com / AMFI Historical NAV,2026-09-05T05:36:32.997925+00:00
2017-08-24,26.748,portal.amfiindia.com / AMFI Historical NAV,2026-09-05T05:36:32.997925+00:00
2017-08-25,26.5623,portal.amfiindia.com / AMFI Historical NAV,2026-09-05T05:36:32.997925+00:00
2017-08-28,26.2644,portal.amfiindia.com / AMFI Historical NAV,2026-09-05T05:36:32.997925+00:00
2017-08-29,26.2364,portal.amfiindia.com / AMFI Historical NAV,2026-09-05T05:36:32.997925+00:00
2017-08-30,26.4117,portal.amfiindia.com / AMFI Historical NAV,2026-09-05T05:36:32.997925+00:00
2017-08-31,26.8274,portal.amfiindia.com / AMFI Historical NAV,2026-09-05T05:36:32.997925+00:00
2017-09-01,26.9841,portal.amfiindia.com / AMFI Historical NAV,2026-09-05T05:36:32.997925+00:00
2017-09-04,27.133,portal.amfiindia.com / AMFI Historical NAV,2026-09-05T05:36:32.997925+00:00
2017-09-05,27.0068,portal.amfiindia.com / AMFI Historical NAV,2026-09-05T05:36:32.997925+00:00
2017-09-06,26.9057,portal.amfiindia.com / AMFI Historical NAV,2026-09-05T05:36:32.997925+00:00
2017-09-07,26.9674,portal.amfiindia.com / AMFI Historical NAV,2026-09-05T05:36:32.997925+00:00
2017-09-08,27.1757,portal.amfiindia.com / AMFI Historical NAV,2026-09-05T05:36:32.997925+00:00
2017-09-11,27.4183,portal.amfiindia.com / AMFI Historical NAV,2026-09-05T05:36:32.997925+00:00
2017-09-12,27.2228,portal.amfiindia.com / AMFI Historical NAV,2026-09-05T05:36:32.997925+00:00
2017-09-13,27.2648,portal.amfiindia.com / AMFI Historical NAV,2026-09-05T05:36:32.997925+00:00
2017-09-14,27.1965,portal.amfiindia.com / AMFI Historical NAV,2026-09-05T05:36:32.997925+00:00
2017-09-15,27.3498,portal.amfiindia.com / AMFI Historical NAV,2026-09-05T05:36:32.997925+00:00
2017-09-18,27.4415,portal.amfiindia.com / AMFI Historical NAV,2026-09-05T05:36:32.997925+00:00
2017-09-19,27.279,portal.amfiindia.com / AMFI Historical NAV,2026-09-05T05:36:32.997925+00:00
2017-09-20,27.3955,portal.amfiindia.com / AMFI Historical NAV,2026-09-05T05:36:32.997925+00:00
2017-09-21,27.1626,portal.amfiindia.com / AMFI Historical NAV,2026-09-05T05:36:32.997925+00:00
2017-09-22,27.3481,portal.amfiindia.com / AMFI Historical NAV,2026-09-05T05:36:32.997925+00:00
2017-09-25,27.5876,portal.amfiindia.com / AMFI Historical NAV,2026-09-05T05:36:32.997925+00:00
2017-09-26,27.3011,portal.amfiindia.com / AMFI Historical NAV,2026-09-05T05:36:32.997925+00:00
2017-09-27,27.4525,portal.amfiindia.com / AMFI Historical NAV,2026-09-05T05:36:32.997925+00:00
2017-09-28,27.1648,portal.amfiindia.com / AMFI Historical NAV,2026-09-05T05:36:32.997925+00:00
2017-09-29,27.1338,portal.amfiindia.com / AMFI Historical NAV,2026-09-05T05:36:32.997925+00:00
2017-10-02,27.2417,portal.amfiindia.com / AMFI Historical NAV,2026-09-05T05:36:32.997925+00:00
2017-10-03,27.0387,portal.amfiindia.com / AMFI Historical NAV,2026-09-05T05:36:32.997925+00:00
2017-10-04,26.992,portal.amfiindia.com / AMFI Historical NAV,2026-09-05T05:36:32.997925+00:00
2017-10-05,27.0397,portal.amfiindia.com / AMFI Historical NAV,2026-09-05T05:36:32.997925+00:00
2017-10-06,27.3301,portal.amfiindia.com / AMFI Historical NAV,2026-09-05T05:36:32.997925+00:00
2017-10-09,27.2495,portal.amfiindia.com / AMFI Historical NAV,2026-09-05T05:36:32.997925+00:00
2017-10-10,27.3268,portal.amfiindia.com / AMFI Historical NAV,2026-09-05T05:36:32.997925+00:00
2017-10-11,27.6055,portal.amfiindia.com / AMFI Historical NAV,2026-09-05T05:36:32.997925+00:00
2017-10-12,27.6171,portal.amfiindia.com / AMFI Historical NAV,2026-09-05T05:36:32.997925+00:00
2017-10-13,27.7223,portal.amfiindia.com / AMFI Historical NAV,2026-09-05T05:36:32.997925+00:00
2017-10-16,28.0021,portal.amfiindia.com / AMFI Historical NAV,2026-09-05T05:36:32.997925+00:00
2017-10-17,28.0753,portal.amfiindia.com / AMFI Historical NAV,2026-09-05T05:36:32.997925+00:00
2017-10-18,27.9623,portal.amfiindia.com / AMFI Historical NAV,2026-09-05T05:36:32.997925+00:00
2017-10-19,28.0343,portal.amfiindia.com / AMFI Historical NAV,2026-09-05T05:36:32.997925+00:00
2017-10-20,28.2075,portal.amfiindia.com / AMFI Historical NAV,2026-09-05T05:36:32.997925+00:00
2017-10-23,27.915,portal.amfiindia.com / AMFI Historical NAV,2026-09-05T05:36:32.997925+00:00
2017-10-24,27.5951,portal.amfiindia.com / AMFI Historical NAV,2026-09-05T05:36:32.997925+00:00
2017-10-25,28.0685,portal.amfiindia.com / AMFI Historical NAV,2026-09-05T05:36:32.997925+00:00
2017-10-26,28.3138,portal.amfiindia.com / AMFI Historical NAV,2026-09-05T05:36:32.997925+00:00
2017-10-27,28.2643,portal.amfiindia.com / AMFI Historical NAV,2026-09-05T05:36:32.997925+00:00
2017-10-30,28.4303,portal.amfiindia.com / AMFI Historical NAV,2026-09-05T05:36:32.997925+00:00
2017-10-31,28.6903,portal.amfiindia.com / AMFI Historical NAV,2026-09-05T05:36:32.997925+00:00
2017-11-01,29.3447,portal.amfiindia.com / AMFI Historical NAV,2026-09-05T05:36:32.997925+00:00
2017-11-02,29.6205,portal.amfiindia.com / AMFI Historical NAV,2026-09-05T05:36:32.997925+00:00
2017-11-03,29.6846,portal.amfiindia.com / AMFI Historical NAV,2026-09-05T05:36:32.997925+00:00
2017-11-06,29.5529,portal.amfiindia.com / AMFI Historical NAV,2026-09-05T05:36:32.997925+00:00
2017-11-07,29.3682,portal.amfiindia.com / AMFI Historical NAV,2026-09-05T05:36:32.997925+00:00
2017-11-08,29.1382,portal.amfiindia.com / AMFI Historical NAV,2026-09-05T05:36:32.997925+00:00
2017-11-09,29.0038,portal.amfiindia.com / AMFI Historical NAV,2026-09-05T05:36:32.997925+00:00
2017-11-10,28.8175,portal.amfiindia.com / AMFI Historical NAV,2026-09-05T05:36:32.997925+00:00
2017-11-13,28.605,portal.amfiindia.com / AMFI Historical NAV,2026-09-05T05:36:32.997925+00:00
2017-11-14,28.4959,portal.amfiindia.com / AMFI Historical NAV,2026-09-05T05:36:32.997925+00:00
2017-11-15,28.7892,portal.amfiindia.com / AMFI Historical NAV,2026-09-05T05:36:32.997925+00:00
2017-11-16,29.1734,portal.amfiindia.com / AMFI Historical NAV,2026-09-05T05:36:32.997925+00:00
2017-11-17,29.3869,portal.amfiindia.com / AMFI Historical NAV,2026-09-05T05:36:32.997925+00:00
2017-11-20,29.6225,portal.amfiindia.com / AMFI Historical NAV,2026-09-05T05:36:32.997925+00:00
2017-11-21,29.6501,portal.amfiindia.com / AMFI Historical NAV,2026-09-05T05:36:32.997925+00:00
2017-11-22,29.5213,portal.amfiindia.com / AMFI Historical NAV,2026-09-05T05:36:32.997925+00:00
2017-11-23,29.7672,portal.amfiindia.com / AMFI Historical NAV,2026-09-05T05:36:32.997925+00:00
2017-11-24,29.9179,portal.amfiindia.com / AMFI Historical NAV,2026-09-05T05:36:32.997925+00:00
2017-11-27,29.6747,portal.amfiindia.com / AMFI Historical NAV,2026-09-05T05:36:32.997925+00:00
2017-11-28,29.5388,portal.amfiindia.com / AMFI Historical NAV,2026-09-05T05:36:32.997925+00:00
2017-11-29,29.4902,portal.amfiindia.com / AMFI Historical NAV,2026-09-05T05:36:32.997925+00:00
2017-11-30,29.3535,portal.amfiindia.com / AMFI Historical NAV,2026-09-05T05:36:32.997925+00:00
2017-12-01,29.4524,portal.amfiindia.com / AMFI Historical NAV,2026-09-05T05:36:32.997925+00:00
2017-12-04,29.9241,portal.amfiindia.com / AMFI Historical NAV,2026-09-05T05:36:32.997925+00:00
2017-12-05,29.6317,portal.amfiindia.com / AMFI Historical NAV,2026-09-05T05:36:32.997925+00:00
2017-12-06,29.7928,portal.amfiindia.com / AMFI Historical NAV,2026-09-05T05:36:32.997925+00:00
2017-12-07,29.8073,portal.amfiindia.com / AMFI Historical NAV,2026-09-05T05:36:32.997925+00:00
2017-12-08,29.7489,portal.amfiindia.com / AMFI Historical NAV,2026-09-05T05:36:32.997925+00:00
2017-12-11,29.7301,portal.amfiindia.com / AMFI Historical NAV,2026-09-05T05:36:32.997925+00:00
2017-12-12,29.5479,portal.amfiindia.com / AMFI Historical NAV,2026-09-05T05:36:32.997925+00:00
2017-12-13,29.5649,portal.amfiindia.com / AMFI Historical NAV,2026-09-05T05:36:32.997925+00:00
2017-12-14,29.4262,portal.amfiindia.com / AMFI Historical NAV,2026-09-05T05:36:32.997925+00:00
2017-12-15,29.4173,portal.amfiindia.com / AMFI Historical NAV,2026-09-05T05:36:32.997925+00:00
2017-12-18,29.4193,portal.amfiindia.com / AMFI Historical NAV,2026-09-05T05:36:32.997925+00:00
2017-12-19,29.2269,portal.amfiindia.com / AMFI Historical NAV,2026-09-05T05:36:32.997925+00:00
2017-12-20,29.0431,portal.amfiindia.com / AMFI Historical NAV,2026-09-05T05:36:32.997925+00:00
2017-12-21,28.9415,portal.amfiindia.com / AMFI Historical NAV,2026-09-05T05:36:32.997925+00:00
2017-12-22,29.0731,portal.amfiindia.com / AMFI Historical NAV,2026-09-05T05:36:32.997925+00:00
2017-12-25,29.1629,portal.amfiindia.com / AMFI Historical NAV,2026-09-05T05:36:32.997925+00:00
2017-12-26,29.0174,portal.amfiindia.com / AMFI Historical NAV,2026-09-05T05:36:32.997925+00:00
2017-12-27,29.1214,portal.amfiindia.com / AMFI Historical NAV,2026-09-05T05:36:32.997925+00:00
2017-12-28,29.3848,portal.amfiindia.com / AMFI Historical NAV,2026-09-05T05:36:32.997925+00:00
2017-12-29,29.0481,portal.amfiindia.com / AMFI Historical NAV,2026-09-05T05:36:32.997925+00:00
2018-01-01,29.0601,portal.amfiindia.com / AMFI Historical NAV,2026-09-05T05:36:32.997925+00:00
2018-01-02,28.793,portal.amfiindia.com / AMFI Historical NAV,2026-09-05T05:36:32.997925+00:00
2018-01-03,28.894,portal.amfiindia.com / AMFI Historical NAV,2026-09-05T05:36:32.997925+00:00
2018-01-04,28.6834,portal.amfiindia.com / AMFI Historical NAV,2026-09-05T05:36:32.997925+00:00
2018-01-05,28.1724,portal.amfiindia.com / AMFI Historical NAV,2026-09-05T05:36:32.997925+00:00
2018-01-08,27.6538,portal.amfiindia.com / AMFI Historical NAV,2026-09-05T05:36:32.997925+00:00
2018-01-09,27.6314,portal.amfiindia.com / AMFI Historical NAV,2026-09-05T05:36:32.997925+00:00
2018-01-10,27.7292,portal.amfiindia.com / AMFI Historical NAV,2026-09-05T05:36:32.997925+00:00
2018-01-11,27.5989,portal.amfiindia.com / AMFI Historical NAV,2026-09-05T05:36:32.997925+00:00
2018-01-12,27.704,portal.amfiindia.com / AMFI Historical NAV,2026-09-05T05:36:32.997925+00:00
2018-01-15,27.2838,portal.amfiindia.com / AMFI Historical NAV,2026-09-05T05:36:32.997925+00:00
2018-01-16,27.1839,portal.amfiindia.com / AMFI Historical NAV,2026-09-05T05:36:32.997925+00:00
2018-01-17,26.9172,portal.amfiindia.com / AMFI Historical NAV,2026-09-05T05:36:32.997925+00:00
2018-01-18,26.693,portal.amfiindia.com / AMFI Historical NAV,2026-09-05T05:36:32.997925+00:00
2018-01-19,26.7812,portal.amfiindia.com / AMFI Historical NAV,2026-09-05T05:36:32.997925+00:00
2018-01-22,26.4103,portal.amfiindia.com / AMFI Historical NAV,2026-09-05T05:36:32.997925+00:00
2018-01-23,26.302,portal.amfiindia.com / AMFI Historical NAV,2026-09-05T05:36:32.997925+00:00
2018-01-24,26.5747,portal.amfiindia.com / AMFI Historical NAV,2026-09-05T05:36:32.997925+00:00
2018-01-25,26.48,portal.amfiindia.com / AMFI Historical NAV,2026-09-05T05:36:32.997925+00:00
2018-01-26,26.9695,portal.amfiindia.com / AMFI Historical NAV,2026-09-05T05:36:32.997925+00:00
2018-01-29,26.7646,portal.amfiindia.com / AMFI Historical NAV,2026-09-05T05:36:32.997925+00:00
2018-01-30,26.7939,portal.amfiindia.com / AMFI Historical NAV,2026-09-05T05:36:32.997925+00:00
2018-01-31,27.1283,portal.amfiindia.com / AMFI Historical NAV,2026-09-05T05:36:32.997925+00:00
2018-02-01,26.1915,portal.amfiindia.com / AMFI Historical NAV,2026-09-05T05:36:32.997925+00:00
2018-02-02,25.9494,portal.amfiindia.com / AMFI Historical NAV,2026-09-05T05:36:32.997925+00:00
2018-02-05,26.0254,portal.amfiindia.com / AMFI Historical NAV,2026-09-05T05:36:32.997925+00:00
2018-02-06,26.0593,portal.amfiindia.com / AMFI Historical NAV,2026-09-05T05:36:32.997925+00:00
2018-02-07,26.1059,portal.amfiindia.com / AMFI Historical NAV,2026-09-05T05:36:32.997925+00:00
2018-02-08,25.9165,portal.amfiindia.com / AMFI Historical NAV,2026-09-05T05:36:32.997925+00:00
2018-02-09,25.8724,portal.amfiindia.com / AMFI Historical NAV,2026-09-05T05:36:32.997925+00:00
2018-02-12,26.0049,portal.amfiindia.com / AMFI Historical NAV,2026-09-05T05:36:32.997925+00:00
2018-02-13,26.304,portal.amfiindia.com / AMFI Historical NAV,2026-09-05T05:36:32.997925+00:00
2018-02-14,26.5678,portal.amfiindia.com / AMFI Historical NAV,2026-09-05T05:36:32.997925+00:00
2018-02-15,26.7504,portal.amfiindia.com / AMFI Historical NAV,2026-09-05T05:36:32.997925+00:00
2018-02-16,26.6771,portal.amfiindia.com / AMFI Historical NAV,2026-09-05T05:36:32.997925+00:00
2018-02-19,26.5697,portal.amfiindia.com / AMFI Historical NAV,2026-09-05T05:36:32.997925+00:00
2018-02-20,26.4815,portal.amfiindia.com / AMFI Historical NAV,2026-09-05T05:36:32.997925+00:00
2018-02-21,26.3896,portal.amfiindia.com / AMFI Historical NAV,2026-09-05T05:36:32.997925+00:00
2018-02-22,26.2344,portal.amfiindia.com / AMFI Historical NAV,2026-09-05T05:36:32.997925+00:00
2018-02-23,26.4041,portal.amfiindia.com / AMFI Historical NAV,2026-09-05T05:36:32.997925+00:00
2018-02-26,27.0014,portal.amfiindia.com / AMFI Historical NAV,2026-09-05T05:36:32.997925+00:00
2018-02-27,27.1065,portal.amfiindia.com / AMFI Historical NAV,2026-09-05T05:36:32.997925+00:00
2018-02-28,27.0,portal.amfiindia.com / AMFI Historical NAV,2026-09-05T05:36:32.997925+00:00
2018-03-01,27.5393,portal.amfiindia.com / AMFI Historical NAV,2026-09-05T05:36:32.997925+00:00
2018-03-02,27.5493,portal.amfiindia.com / AMFI Historical NAV,2026-09-05T05:36:32.997925+00:00
2018-03-05,26.9189,portal.amfiindia.com / AMFI Historical NAV,2026-09-05T05:36:32.997925+00:00
2018-03-06,26.7184,portal.amfiindia.com / AMFI Historical NAV,2026-09-05T05:36:32.997925+00:00
2018-03-07,26.1238,portal.amfiindia.com / AMFI Historical NAV,2026-09-05T05:36:32.997925+00:00
2018-03-08,25.8413,portal.amfiindia.com / AMFI Historical NAV,2026-09-05T05:36:32.997925+00:00
2018-03-09,25.748,portal.amfiindia.com / AMFI Historical NAV,2026-09-05T05:36:32.997925+00:00
2018-03-12,26.383,portal.amfiindia.com / AMFI Historical NAV,2026-09-05T05:36:32.997925+00:00
2018-03-13,26.4464,portal.amfiindia.com / AMFI Historical NAV,2026-09-05T05:36:32.997925+00:00
2018-03-14,26.3535,portal.amfiindia.com / AMFI Historical NAV,2026-09-05T05:36:32.997925+00:00
2018-03-15,26.5604,portal.amfiindia.com / AMFI Historical NAV,2026-09-05T05:36:32.997925+00:00
2018-03-16,26.1107,portal.amfiindia.com / AMFI Historical NAV,2026-09-05T05:36:32.997925+00:00
2018-03-19,26.3455,portal.amfiindia.com / AMFI Historical NAV,2026-09-05T05:36:32.997925+00:00
2018-03-20,26.8007,portal.amfiindia.com / AMFI Historical NAV,2026-09-05T05:36:32.997925+00:00
2018-03-21,26.3427,portal.amfiindia.com / AMFI Historical NAV,2026-09-05T05:36:32.997925+00:00
2018-03-22,26.7038,portal.amfiindia.com / AMFI Historical NAV,2026-09-05T05:36:32.997925+00:00
2018-03-23,26.6386,portal.amfiindia.com / AMFI Historical NAV,2026-09-05T05:36:32.997925+00:00
2018-03-26,26.6706,portal.amfiindia.com / AMFI Historical NAV,2026-09-05T05:36:32.997925+00:00
2018-03-27,26.7295,portal.amfiindia.com / AMFI Historical NAV,2026-09-05T05:36:32.997925+00:00
2018-03-28,27.4203,portal.amfiindia.com / AMFI Historical NAV,2026-09-05T05:36:32.997925+00:00
2018-03-29,27.3519,portal.amfiindia.com / AMFI Historical NAV,2026-09-05T05:36:32.997925+00:00
2018-03-30,27.3593,portal.amfiindia.com / AMFI Historical NAV,2026-09-05T05:36:32.997925+00:00
2018-04-02,27.1257,portal.amfiindia.com / AMFI Historical NAV,2026-09-05T05:36:32.997925+00:00
2018-04-03,26.8018,portal.amfiindia.com / AMFI Historical NAV,2026-09-05T05:36:32.997925+00:00
2018-04-04,26.9869,portal.amfiindia.com / AMFI Historical NAV,2026-09-05T05:36:32.997925+00:00
2018-04-05,26.6693,portal.amfiindia.com / AMFI Historical NAV,2026-09-05T05:36:32.997925+00:00
2018-04-06,26.7762,portal.amfiindia.com / AMFI Historical NAV,2026-09-05T05:36:32.997925+00:00
2018-04-09,26.5135,portal.amfiindia.com / AMFI Historical NAV,2026-09-05T05:36:32.997925+00:00
2018-04-10,26.6741,portal.amfiindia.com / AMFI Historical NAV,2026-09-05T05:36:32.997925+00:00
2018-04-11,26.8994,portal.amfiindia.com / AMFI Historical NAV,2026-09-05T05:36:32.997925+00:00
2018-04-12,27.1495,portal.amfiindia.com / AMFI Historical NAV,2026-09-05T05:36:32.997925+00:00
2018-04-13,26.9154,portal.amfiindia.com / AMFI Historical NAV,2026-09-05T05:36:32.997925+00:00
2018-04-16,26.8072,portal.amfiindia.com / AMFI Historical NAV,2026-09-05T05:36:32.997925+00:00
2018-04-17,26.6407,portal.amfiindia.com / AMFI Historical NAV,2026-09-05T05:36:32.997925+00:00
2018-04-18,26.5275,portal.amfiindia.com / AMFI Historical NAV,2026-09-05T05:36:32.997925+00:00
2018-04-19,26.5787,portal.amfiindia.com / AMFI Historical NAV,2026-09-05T05:36:32.997925+00:00
2018-04-20,26.8494,portal.amfiindia.com / AMFI Historical NAV,2026-09-05T05:36:32.997925+00:00
2018-04-23,26.4543,portal.amfiindia.com / AMFI Historical NAV,2026-09-05T05:36:32.997925+00:00
2018-04-24,26.7776,portal.amfiindia.com / AMFI Historical NAV,2026-09-05T05:36:32.997925+00:00
2018-04-25,27.2194,portal.amfiindia.com / AMFI Historical NAV,2026-09-05T05:36:32.997925+00:00
2018-04-26,27.3071,portal.amfiindia.com / AMFI Historical NAV,2026-09-05T05:36:32.997925+00:00
2018-04-27,27.7787,portal.amfiindia.com / AMFI Historical NAV,2026-09-05T05:36:32.997925+00:00
2018-04-30,27.4395,portal.amfiindia.com / AMFI Historical NAV,2026-09-05T05:36:32.997925+00:00
2018-05-01,27.1176,portal.amfiindia.com / AMFI Historical NAV,2026-09-05T05:36:32.997925+00:00
2018-05-02,26.7148,portal.amfiindia.com / AMFI Historical NAV,2026-09-05T05:36:32.997925+00:00
2018-05-03,27.0853,portal.amfiindia.com / AMFI Historical NAV,2026-09-05T05:36:32.997925+00:00
2018-05-04,27.3277,portal.amfiindia.com / AMFI Historical NAV,2026-09-05T05:36:32.997925+00:00
2018-05-07,27.0796,portal.amfiindia.com / AMFI Historical NAV,2026-09-05T05:36:32.997925+00:00
2018-05-08,27.0969,portal.amfiindia.com / AMFI Historical NAV,2026-09-05T05:36:32.997925+00:00
2018-05-09,26.7535,portal.amfiindia.com / AMFI Historical NAV,2026-09-05T05:36:32.997925+00:00
2018-05-10,27.3761,portal.amfiindia.com / AMFI Historical NAV,2026-09-05T05:36:32.997925+00:00
2018-05-11,27.3094,portal.amfiindia.com / AMFI Historical NAV,2026-09-05T05:36:32.997925+00:00
2018-05-14,27.2664,portal.amfiindia.com / AMFI Historical NAV,2026-09-05T05:36:32.997925+00:00
2018-05-15,27.5138,portal.amfiindia.com / AMFI Historical NAV,2026-09-05T05:36:32.997925+00:00
2018-05-16,27.6362,portal.amfiindia.com / AMFI Historical NAV,2026-09-05T05:36:32.997925+00:00
2018-05-17,27.454,portal.amfiindia.com / AMFI Historical NAV,2026-09-05T05:36:32.997925+00:00
2018-05-18,26.9782,portal.amfiindia.com / AMFI Historical NAV,2026-09-05T05:36:32.997925+00:00
2018-05-21,27.0501,portal.amfiindia.com / AMFI Historical NAV,2026-09-05T05:36:32.997925+00:00
2018-05-22,27.6591,portal.amfiindia.com / AMFI Historical NAV,2026-09-05T05:36:32.997925+00:00
2018-05-23,27.7631,portal.amfiindia.com / AMFI Historical NAV,2026-09-05T05:36:32.997925+00:00
2018-05-24,28.1932,portal.amfiindia.com / AMFI Historical NAV,2026-09-05T05:36:32.997925+00:00
2018-05-25,27.9713,portal.amfiindia.com / AMFI Historical NAV,2026-09-05T05:36:32.997925+00:00
2018-05-28,27.8176,portal.amfiindia.com / AMFI Historical NAV,2026-09-05T05:36:32.997925+00:00
2018-05-29,27.7329,portal.amfiindia.com / AMFI Historical NAV,2026-09-05T05:36:32.997925+00:00
2018-05-30,27.7893,portal.amfiindia.com / AMFI Historical NAV,2026-09-05T05:36:32.997925+00:00
2018-05-31,28.1378,portal.amfiindia.com / AMFI Historical NAV,2026-09-05T05:36:32.997925+00:00
2018-06-01,27.3685,portal.amfiindia.com / AMFI Historical NAV,2026-09-05T05:36:32.997925+00:00
2018-06-04,27.912,portal.amfiindia.com / AMFI Historical NAV,2026-09-05T05:36:32.997925+00:00
2018-06-05,27.8841,portal.amfiindia.com / AMFI Historical NAV,2026-09-05T05:36:32.997925+00:00
2018-06-06,27.8061,portal.amfiindia.com / AMFI Historical NAV,2026-09-05T05:36:32.997925+00:00
2018-06-07,27.9286,portal.amfiindia.com / AMFI Historical NAV,2026-09-05T05:36:32.997925+00:00
2018-06-08,27.1818,portal.amfiindia.com / AMFI Historical NAV,2026-09-05T05:36:32.997925+00:00
2018-06-11,27.6135,portal.amfiindia.com / AMFI Historical NAV,2026-09-05T05:36:32.997925+00:00
2018-06-12,27.6009,portal.amfiindia.com / AMFI Historical NAV,2026-09-05T05:36:32.997925+00:00
2018-06-13,27.2361,portal.amfiindia.com / AMFI Historical NAV,2026-09-05T05:36:32.997925+00:00
2018-06-14,26.8382,portal.amfiindia.com / AMFI Historical NAV,2026-09-05T05:36:32.997925+00:00
2018-06-15,26.69,portal.amfiindia.com / AMFI Historical NAV,2026-09-05T05:36:32.997925+00:00
2018-06-18,27.1183,portal.amfiindia.com / AMFI Historical NAV,2026-09-05T05:36:32.997925+00:00
2018-06-19,27.0732,portal.amfiindia.com / AMFI Historical NAV,2026-09-05T05:36:32.997925+00:00
2018-06-20,26.4561,portal.amfiindia.com / AMFI Historical NAV,2026-09-05T05:36:32.997925+00:00
2018-06-21,26.4606,portal.amfiindia.com / AMFI Historical NAV,2026-09-05T05:36:32.997925+00:00
2018-06-22,26.3338,portal.amfiindia.com / AMFI Historical NAV,2026-09-05T05:36:32.997925+00:00
2018-06-25,25.427,portal.amfiindia.com / AMFI Historical NAV,2026-09-05T05:36:32.997925+00:00
2018-06-26,25.363,portal.amfiindia.com / AMFI Historical NAV,2026-09-05T05:36:32.997925+00:00
2018-06-27,25.4229,portal.amfiindia.com / AMFI Historical NAV,2026-09-05T05:36:32.997925+00:00
2018-06-28,25.5611,portal.amfiindia.com / AMFI Historical NAV,2026-09-05T05:36:32.997925+00:00
2018-06-29,26.1171,portal.amfiindia.com / AMFI Historical NAV,2026-09-05T05:36:32.997925+00:00
2018-07-02,26.3628,portal.amfiindia.com / AMFI Historical NAV,2026-09-05T05:36:32.997925+00:00
2018-07-03,26.3614,portal.amfiindia.com / AMFI Historical NAV,2026-09-05T05:36:32.997925+00:00
2018-07-04,26.1083,portal.amfiindia.com / AMFI Historical NAV,2026-09-05T05:36:32.997925+00:00
2018-07-05,27.0408,portal.amfiindia.com / AMFI Historical NAV,2026-09-05T05:36:32.997925+00:00
2018-07-06,27.0364,portal.amfiindia.com / AMFI Historical NAV,2026-09-05T05:36:32.997925+00:00
2018-07-09,27.1097,portal.amfiindia.com / AMFI Historical NAV,2026-09-05T05:36:32.997925+00:00
2018-07-10,27.11,portal.amfiindia.com / AMFI Historical NAV,2026-09-05T05:36:32.997925+00:00
2018-07-11,27.3068,portal.amfiindia.com / AMFI Historical NAV,2026-09-05T05:36:32.997925+00:00
2018-07-12,27.1816,portal.amfiindia.com / AMFI Historical NAV,2026-09-05T05:36:32.997925+00:00
2018-07-13,27.0871,portal.amfiindia.com / AMFI Historical NAV,2026-09-05T05:36:32.997925+00:00
2018-07-16,26.8992,portal.amfiindia.com / AMFI Historical NAV,2026-09-05T05:36:32.997925+00:00
2018-07-17,26.8795,portal.amfiindia.com / AMFI Historical NAV,2026-09-05T05:36:32.997925+00:00
2018-07-18,26.7249,portal.amfiindia.com / AMFI Historical NAV,2026-09-05T05:36:32.997925+00:00
2018-07-19,26.5383,portal.amfiindia.com / AMFI Historical NAV,2026-09-05T05:36:32.997925+00:00
2018-07-20,26.5541,portal.amfiindia.com / AMFI Historical NAV,2026-09-05T05:36:32.997925+00:00
2018-07-23,26.499,portal.amfiindia.com / AMFI Historical NAV,2026-09-05T05:36:32.997925+00:00
2018-07-24,27.1036,portal.amfiindia.com / AMFI Historical NAV,2026-09-05T05:36:32.997925+00:00
2018-07-25,26.4134,portal.amfiindia.com / AMFI Historical NAV,2026-09-05T05:36:32.997925+00:00
2018-07-26,26.8208,portal.amfiindia.com / AMFI Historical NAV,2026-09-05T05:36:32.997925+00:00
2018-07-27,27.1381,portal.amfiindia.com / AMFI Historical NAV,2026-09-05T05:36:32.997925+00:00
2018-07-30,26.4167,portal.amfiindia.com / AMFI Historical NAV,2026-09-05T05:36:32.997925+00:00
2018-07-31,26.4146,portal.amfiindia.com / AMFI Historical NAV,2026-09-05T05:36:32.997925+00:00
2018-08-01,26.3957,portal.amfiindia.com / AMFI Historical NAV,2026-09-05T05:36:32.997925+00:00
2018-08-02,26.1376,portal.amfiindia.com / AMFI Historical NAV,2026-09-05T05:36:32.997925+00:00
2018-08-03,25.8468,portal.amfiindia.com / AMFI Historical NAV,2026-09-05T05:36:32.997925+00:00
2018-08-06,25.5029,portal.amfiindia.com / AMFI Historical NAV,2026-09-05T05:36:32.997925+00:00
2018-08-07,25.8265,portal.amfiindia.com / AMFI Historical NAV,2026-09-05T05:36:32.997925+00:00
2018-08-08,26.05,portal.amfiindia.com / AMFI Historical NAV,2026-09-05T05:36:32.997925+00:00
2018-08-09,26.5169,portal.amfiindia.com / AMFI Historical NAV,2026-09-05T05:36:32.997925+00:00
2018-08-10,26.6758,portal.amfiindia.com / AMFI Historical NAV,2026-09-05T05:36:32.997925+00:00
2018-08-13,26.4083,portal.amfiindia.com / AMFI Historical NAV,2026-09-05T05:36:32.997925+00:00
2018-08-14,26.2321,portal.amfiindia.com / AMFI Historical NAV,2026-09-05T05:36:32.997925+00:00
2018-08-15,26.4049,portal.amfiindia.com / AMFI Historical NAV,2026-09-05T05:36:32.997925+00:00
2018-08-16,25.9241,portal.amfiindia.com / AMFI Historical NAV,2026-09-05T05:36:32.997925+00:00
2018-08-17,26.1342,portal.amfiindia.com / AMFI Historical NAV,2026-09-05T05:36:32.997925+00:00
2018-08-20,25.7491,portal.amfiindia.com / AMFI Historical NAV,2026-09-05T05:36:32.997925+00:00
2018-08-21,25.6202,portal.amfiindia.com / AMFI Historical NAV,2026-09-05T05:36:32.997925+00:00
2018-08-22,25.6515,portal.amfiindia.com / AMFI Historical NAV,2026-09-05T05:36:32.997925+00:00
2018-08-23,25.8982,portal.amfiindia.com / AMFI Historical NAV,2026-09-05T05:36:32.997925+00:00
2018-08-24,25.8724,portal.amfiindia.com / AMFI Historical NAV,2026-09-05T05:36:32.997925+00:00
2018-08-27,26.2492,portal.amfiindia.com / AMFI Historical NAV,2026-09-05T05:36:32.997925+00:00
2018-08-28,26.0923,portal.amfiindia.com / AMFI Historical NAV,2026-09-05T05:36:32.997925+00:00
2018-08-29,26.1679,portal.amfiindia.com / AMFI Historical NAV,2026-09-05T05:36:32.997925+00:00
2018-08-30,26.5193,portal.amfiindia.com / AMFI Historical NAV,2026-09-05T05:36:32.997925+00:00
2018-08-31,26.5244,portal.amfiindia.com / AMFI Historical NAV,2026-09-05T05:36:32.997925+00:00
2018-09-03,26.5918,portal.amfiindia.com / AMFI Historical NAV,2026-09-05T05:36:32.997925+00:00
2018-09-04,26.3419,portal.amfiindia.com / AMFI Historical NAV,2026-09-05T05:36:32.997925+00:00
2018-09-05,26.4913,portal.amfiindia.com / AMFI Historical NAV,2026-09-05T05:36:32.997925+00:00
2018-09-06,26.3468,portal.amfiindia.com / AMFI Historical NAV,2026-09-05T05:36:32.997925+00:00
2018-09-07,26.1274,portal.amfiindia.com / AMFI Historical NAV,2026-09-05T05:36:32.997925+00:00
2018-09-10,26.372,portal.amfiindia.com / AMFI Historical NAV,2026-09-05T05:36:32.997925+00:00
2018-09-11,26.0522,portal.amfiindia.com / AMFI Historical NAV,2026-09-05T05:36:32.997925+00:00
2018-09-12,25.7712,portal.amfiindia.com / AMFI Historical NAV,2026-09-05T05:36:32.997925+00:00
2018-09-13,25.2983,portal.amfiindia.com / AMFI Historical NAV,2026-09-05T05:36:32.997925+00:00
2018-09-14,25.5005,portal.amfiindia.com / AMFI Historical NAV,2026-09-05T05:36:32.997925+00:00
2018-09-17,25.0786,portal.amfiindia.com / AMFI Historical NAV,2026-09-05T05:36:32.997925+00:00
2018-09-18,25.3793,portal.amfiindia.com / AMFI Historical NAV,2026-09-05T05:36:32.997925+00:00
2018-09-19,24.82,portal.amfiindia.com / AMFI Historical NAV,2026-09-05T05:36:32.997925+00:00
2018-09-20,25.0925,portal.amfiindia.com / AMFI Historical NAV,2026-09-05T05:36:32.997925+00:00
2018-09-21,25.1413,portal.amfiindia.com / AMFI Historical NAV,2026-09-05T05:36:32.997925+00:00
2018-09-24,24.9739,portal.amfiindia.com / AMFI Historical NAV,2026-09-05T05:36:32.997925+00:00
2018-09-25,25.0192,portal.amfiindia.com / AMFI Historical NAV,2026-09-05T05:36:32.997925+00:00
2018-09-26,25.2178,portal.amfiindia.com / AMFI Historical NAV,2026-09-05T05:36:32.997925+00:00
2018-09-27,25.2151,portal.amfiindia.com / AMFI Historical NAV,2026-09-05T05:36:32.997925+00:00
2018-09-28,25.6471,portal.amfiindia.com / AMFI Historical NAV,2026-09-05T05:36:32.997925+00:00
2018-10-01,25.5897,portal.amfiindia.com / AMFI Historical NAV,2026-09-05T05:36:32.997925+00:00
2018-10-02,25.6849,portal.amfiindia.com / AMFI Historical NAV,2026-09-05T05:36:32.997925+00:00
2018-10-03,25.5993,portal.amfiindia.com / AMFI Historical NAV,2026-09-05T05:36:32.997925+00:00
2018-10-04,25.6072,portal.amfiindia.com / AMFI Historical NAV,2026-09-05T05:36:32.997925+00:00
2018-10-05,25.8217,portal.amfiindia.com / AMFI Historical NAV,2026-09-05T05:36:32.997925+00:00
2018-10-08,25.4064,portal.amfiindia.com / AMFI Historical NAV,2026-09-05T05:36:32.997925+00:00
2018-10-09,25.0544,portal.amfiindia.com / AMFI Historical NAV,2026-09-05T05:36:32.997925+00:00
2018-10-10,25.0914,portal.amfiindia.com / AMFI Historical NAV,2026-09-05T05:36:32.997925+00:00
2018-10-11,25.0395,portal.amfiindia.com / AMFI Historical NAV,2026-09-05T05:36:32.997925+00:00
2018-10-12,24.9735,portal.amfiindia.com / AMFI Historical NAV,2026-09-05T05:36:32.997925+00:00
2018-10-15,24.985,portal.amfiindia.com / AMFI Historical NAV,2026-09-05T05:36:32.997925+00:00
2018-10-16,24.9652,portal.amfiindia.com / AMFI Historical NAV,2026-09-05T05:36:32.997925+00:00
2018-10-17,25.0542,portal.amfiindia.com / AMFI Historical NAV,2026-09-05T05:36:32.997925+00:00
2018-10-18,24.9878,portal.amfiindia.com / AMFI Historical NAV,2026-09-05T05:36:32.997925+00:00
2018-10-19,25.0992,portal.amfiindia.com / AMFI Historical NAV,2026-09-05T05:36:32.997925+00:00
2018-10-22,24.8322,portal.amfiindia.com / AMFI Historical NAV,2026-09-05T05:36:32.997925+00:00
2018-10-23,24.9203,portal.amfiindia.com / AMFI Historical NAV,2026-09-05T05:36:32.997925+00:00
2018-10-24,24.3537,portal.amfiindia.com / AMFI Historical NAV,2026-09-05T05:36:32.997925+00:00
2018-10-25,24.6354,portal.amfiindia.com / AMFI Historical NAV,2026-09-05T05:36:32.997925+00:00
2018-10-26,24.7866,portal.amfiindia.com / AMFI Historical NAV,2026-09-05T05:36:32.997925+00:00
2018-10-29,24.7308,portal.amfiindia.com / AMFI Historical NAV,2026-09-05T05:36:32.997925+00:00
2018-10-30,25.0295,portal.amfiindia.com / AMFI Historical NAV,2026-09-05T05:36:32.997925+00:00
2018-10-31,25.4717,portal.amfiindia.com / AMFI Historical NAV,2026-09-05T05:36:32.997925+00:00
2018-11-01,25.5125,portal.amfiindia.com / AMFI Historical NAV,2026-09-05T05:36:32.997925+00:00
2018-11-02,25.041,portal.amfiindia.com / AMFI Historical NAV,2026-09-05T05:36:32.997925+00:00
2018-11-05,24.7424,portal.amfiindia.com / AMFI Historical NAV,2026-09-05T05:36:32.997925+00:00
2018-11-06,24.8128,portal.amfiindia.com / AMFI Historical NAV,2026-09-05T05:36:32.997925+00:00
2018-11-07,24.8886,portal.amfiindia.com / AMFI Historical NAV,2026-09-05T05:36:32.997925+00:00
2018-11-08,24.8803,portal.amfiindia.com / AMFI Historical NAV,2026-09-05T05:36:32.997925+00:00
2018-11-09,24.7903,portal.amfiindia.com / AMFI Historical NAV,2026-09-05T05:36:32.997925+00:00
2018-11-12,24.6913,portal.amfiindia.com / AMFI Historical NAV,2026-09-05T05:36:32.997925+00:00
2018-11-13,24.6547,portal.amfiindia.com / AMFI Historical NAV,2026-09-05T05:36:32.997925+00:00
2018-11-14,24.4951,portal.amfiindia.com / AMFI Historical NAV,2026-09-05T05:36:32.997925+00:00
2018-11-15,24.2079,portal.amfiindia.com / AMFI Historical NAV,2026-09-05T05:36:32.997925+00:00
2018-11-16,24.161,portal.amfiindia.com / AMFI Historical NAV,2026-09-05T05:36:32.997925+00:00
2018-11-19,23.7737,portal.amfiindia.com / AMFI Historical NAV,2026-09-05T05:36:32.997925+00:00
2018-11-20,23.4581,portal.amfiindia.com / AMFI Historical NAV,2026-09-05T05:36:32.997925+00:00
2018-11-21,23.6277,portal.amfiindia.com / AMFI Historical NAV,2026-09-05T05:36:32.997925+00:00
2018-11-22,23.5495,portal.amfiindia.com / AMFI Historical NAV,2026-09-05T05:36:32.997925+00:00
2018-11-23,23.9476,portal.amfiindia.com / AMFI Historical NAV,2026-09-05T05:36:32.997925+00:00
2018-11-26,23.7913,portal.amfiindia.com / AMFI Historical NAV,2026-09-05T05:36:32.997925+00:00
2018-11-27,23.8002,portal.amfiindia.com / AMFI Historical NAV,2026-09-05T05:36:32.997925+00:00
2018-11-28,23.6935,portal.amfiindia.com / AMFI Historical NAV,2026-09-05T05:36:32.997925+00:00
2018-11-29,23.9627,portal.amfiindia.com / AMFI Historical NAV,2026-09-05T05:36:32.997925+00:00
2018-11-30,23.8156,portal.amfiindia.com / AMFI Historical NAV,2026-09-05T05:36:32.997925+00:00
2018-12-03,23.8156,portal.amfiindia.com / AMFI Historical NAV,2026-09-05T05:36:32.997925+00:00
2018-12-04,24.4582,portal.amfiindia.com / AMFI Historical NAV,2026-09-05T05:36:32.997925+00:00
2018-12-05,24.2702,portal.amfiindia.com / AMFI Historical NAV,2026-09-05T05:36:32.997925+00:00
2018-12-06,24.4843,portal.amfiindia.com / AMFI Historical NAV,2026-09-05T05:36:32.997925+00:00
2018-12-07,24.3715,portal.amfiindia.com / AMFI Historical NAV,2026-09-05T05:36:32.997925+00:00
2018-12-10,24.4228,portal.amfiindia.com / AMFI Historical NAV,2026-09-05T05:36:32.997925+00:00
2018-12-11,24.7555,portal.amfiindia.com / AMFI Historical NAV,2026-09-05T05:36:32.997925+00:00
2018-12-12,24.642,portal.amfiindia.com / AMFI Historical NAV,2026-09-05T05:36:32.997925+00:00
2018-12-13,24.7913,portal.amfiindia.com / AMFI Historical NAV,2026-09-05T05:36:32.997925+00:00
2018-12-14,24.8902,portal.amfiindia.com / AMFI Historical NAV,2026-09-05T05:36:32.997925+00:00
2018-12-17,24.8315,portal.amfiindia.com / AMFI Historical NAV,2026-09-05T05:36:32.997925+00:00
2018-12-18,24.8825,portal.amfiindia.com / AMFI Historical NAV,2026-09-05T05:36:32.997925+00:00
2018-12-19,25.1092,portal.amfiindia.com / AMFI Historical NAV,2026-09-05T05:36:32.997925+00:00
2018-12-20,25.302,portal.amfiindia.com / AMFI Historical NAV,2026-09-05T05:36:32.997925+00:00
2018-12-21,24.945,portal.amfiindia.com / AMFI Historical NAV,2026-09-05T05:36:32.997925+00:00
2018-12-24,24.823,portal.amfiindia.com / AMFI Historical NAV,2026-09-05T05:36:32.997925+00:00
2018-12-25,24.6903,portal.amfiindia.com / AMFI Historical NAV,2026-09-05T05:36:32.997925+00:00
2018-12-26,24.6693,portal.amfiindia.com / AMFI Historical NAV,2026-09-05T05:36:32.997925+00:00
2018-12-27,24.8746,portal.amfiindia.com / AMFI Historical NAV,2026-09-05T05:36:32.997925+00:00
2018-12-28,24.9429,portal.amfiindia.com / AMFI Historical NAV,2026-09-05T05:36:32.997925+00:00
2018-12-31,24.6164,portal.amfiindia.com / AMFI Historical NAV,2026-09-05T05:36:32.997925+00:00
2019-01-01,24.733,portal.amfiindia.com / AMFI Historical NAV,2026-09-05T05:36:32.997925+00:00
2019-01-02,24.9471,portal.amfiindia.com / AMFI Historical NAV,2026-09-05T05:36:32.997925+00:00
2019-01-03,24.8764,portal.amfiindia.com / AMFI Historical NAV,2026-09-05T05:36:32.997925+00:00
2019-01-04,25.2354,portal.amfiindia.com / AMFI Historical NAV,2026-09-05T05:36:32.997925+00:00
2019-01-07,25.3957,portal.amfiindia.com / AMFI Historical NAV,2026-09-05T05:36:32.997925+00:00
2019-01-08,25.5534,portal.amfiindia.com / AMFI Historical NAV,2026-09-05T05:36:32.997925+00:00
2019-01-09,25.6761,portal.amfiindia.com / AMFI Historical NAV,2026-09-05T05:36:32.997925+00:00
2019-01-10,25.1883,portal.amfiindia.com / AMFI Historical NAV,2026-09-05T05:36:32.997925+00:00
2019-01-11,25.2241,portal.amfiindia.com / AMFI Historical NAV,2026-09-05T05:36:32.997925+00:00
2019-01-14,25.2548,portal.amfiindia.com / AMFI Historical NAV,2026-09-05T05:36:32.997925+00:00
2019-01-15,25.2493,portal.amfiindia.com / AMFI Historical NAV,2026-09-05T05:36:32.997925+00:00
2019-01-16,25.1659,portal.amfiindia.com / AMFI Historical NAV,2026-09-05T05:36:32.997925+00:00
2019-01-17,24.8637,portal.amfiindia.com / AMFI Historical NAV,2026-09-05T05:36:32.997925+00:00
2019-01-18,25.0461,portal.amfiindia.com / AMFI Historical NAV,2026-09-05T05:36:32.997925+00:00
2019-01-21,25.0734,portal.amfiindia.com / AMFI Historical NAV,2026-09-05T05:36:32.997925+00:00
2019-01-22,25.1133,portal.amfiindia.com / AMFI Historical NAV,2026-09-05T05:36:32.997925+00:00
2019-01-23,25.0948,portal.amfiindia.com / AMFI Historical NAV,2026-09-05T05:36:32.997925+00:00
2019-01-24,25.1483,portal.amfiindia.com / AMFI Historical NAV,2026-09-05T05:36:32.997925+00:00
2019-01-25,25.3306,portal.amfiindia.com / AMFI Historical NAV,2026-09-05T05:36:32.997925+00:00
2019-01-28,25.2255,portal.amfiindia.com / AMFI Historical NAV,2026-09-05T05:36:32.997925+00:00
2019-01-29,25.208,portal.amfiindia.com / AMFI Historical NAV,2026-09-05T05:36:32.997925+00:00
2019-01-30,24.9715,portal.amfiindia.com / AMFI Historical NAV,2026-09-05T05:36:32.997925+00:00
2019-01-31,24.9266,portal.amfiindia.com / AMFI Historical NAV,2026-09-05T05:36:32.997925+00:00
2019-02-01,25.0512,portal.amfiindia.com / AMFI Historical NAV,2026-09-05T05:36:32.997925+00:00
2019-02-04,25.1156,portal.amfiindia.com / AMFI Historical NAV,2026-09-05T05:36:32.997925+00:00
2019-02-05,25.0513,portal.amfiindia.com / AMFI Historical NAV,2026-09-05T05:36:32.997925+00:00
2019-02-06,25.4033,portal.amfiindia.com / AMFI Historical NAV,2026-09-05T05:36:32.997925+00:00
2019-02-07,25.0966,portal.amfiindia.com / AMFI Historical NAV,2026-09-05T05:36:32.997925+00:00
2019-02-08,25.2429,portal.amfiindia.com / AMFI Historical NAV,2026-09-05T05:36:32.997925+00:00
2019-02-11,25.1843,portal.amfiindia.com / AMFI Historical NAV,2026-09-05T05:36:32.997925+00:00
2019-02-12,25.6737,portal.amfiindia.com / AMFI Historical NAV,2026-09-05T05:36:32.997925+00:00
2019-02-13,25.6569,portal.amfiindia.com / AMFI Historical NAV,2026-09-05T05:36:32.997925+00:00
2019-02-14,26.0841,portal.amfiindia.com / AMFI Historical NAV,2026-09-05T05:36:32.997925+00:00
2019-02-15,25.8515,portal.amfiindia.com / AMFI Historical NAV,2026-09-05T05:36:32.997925+00:00
2019-02-18,25.9831,portal.amfiindia.com / AMFI Historical NAV,2026-09-05T05:36:32.997925+00:00
2019-02-19,26.2196,portal.amfiindia.com / AMFI Historical NAV,2026-09-05T05:36:32.997925+00:00
2019-02-20,26.2278,portal.amfiindia.com / AMFI Historical NAV,2026-09-05T05:36:32.997925+00:00
2019-02-21,26.6073,portal.amfiindia.com / AMFI Historical NAV,2026-09-05T05:36:32.997925+00:00
2019-02-22,26.5214,portal.amfiindia.com / AMFI Historical NAV,2026-09-05T05:36:32.997925+00:00
2019-02-25,26.6465,portal.amfiindia.com / AMFI Historical NAV,2026-09-05T05:36:32.997925+00:00
2019-02-26,27.0643,portal.amfiindia.com / AMFI Historical NAV,2026-09-05T05:36:32.997925+00:00
2019-02-27,26.9772,portal.amfiindia.com / AMFI Historical NAV,2026-09-05T05:36:32.997925+00:00
2019-02-28,26.9249,portal.amfiindia.com / AMFI Historical NAV,2026-09-05T05:36:32.997925+00:00
2019-03-01,27.2677,portal.amfiindia.com / AMFI Historical NAV,2026-09-05T05:36:32.997925+00:00
2019-03-04,27.7834,portal.amfiindia.com / AMFI Historical NAV,2026-09-05T05:36:32.997925+00:00
2019-03-05,27.4599,portal.amfiindia.com / AMFI Historical NAV,2026-09-05T05:36:32.997925+00:00
2019-03-06,27.3943,portal.amfiindia.com / AMFI Historical NAV,2026-09-05T05:36:32.997925+00:00
2019-03-07,27.1461,portal.amfiindia.com / AMFI Historical NAV,2026-09-05T05:36:32.997925+00:00
2019-03-08,26.9349,portal.amfiindia.com / AMFI Historical NAV,2026-09-05T05:36:32.997925+00:00
2019-03-11,26.7308,portal.amfiindia.com / AMFI Historical NAV,2026-09-05T05:36:32.997925+00:00
2019-03-12,26.5637,portal.amfiindia.com / AMFI Historical NAV,2026-09-05T05:36:32.997925+00:00
2019-03-13,26.3147,portal.amfiindia.com / AMFI Historical NAV,2026-09-05T05:36:32.997925+00:00
2019-03-14,26.4576,portal.amfiindia.com / AMFI Historical NAV,2026-09-05T05:36:32.997925+00:00
2019-03-15,26.6366,portal.amfiindia.com / AMFI Historical NAV,2026-09-05T05:36:32.997925+00:00
2019-03-18,27.066,portal.amfiindia.com / AMFI Historical NAV,2026-09-05T05:36:32.997925+00:00
2019-03-19,26.8387,portal.amfiindia.com / AMFI Historical NAV,2026-09-05T05:36:32.997925+00:00
2019-03-20,27.1418,portal.amfiindia.com / AMFI Historical NAV,2026-09-05T05:36:32.997925+00:00
2019-03-21,27.0322,portal.amfiindia.com / AMFI Historical NAV,2026-09-05T05:36:32.997925+00:00
2019-03-22,27.1298,portal.amfiindia.com / AMFI Historical NAV,2026-09-05T05:36:32.997925+00:00
2019-03-25,27.4809,portal.amfiindia.com / AMFI Historical NAV,2026-09-05T05:36:32.997925+00:00
2019-03-26,27.353,portal.amfiindia.com / AMFI Historical NAV,2026-09-05T05:36:32.997925+00:00
2019-03-27,27.3787,portal.amfiindia.com / AMFI Historical NAV,2026-09-05T05:36:32.997925+00:00
2019-03-28,27.4737,portal.amfiindia.com / AMFI Historical NAV,2026-09-05T05:36:32.997925+00:00
2019-03-29,27.4632,portal.amfiindia.com / AMFI Historical NAV,2026-09-05T05:36:32.997925+00:00
2019-04-01,27.6103,portal.amfiindia.com / AMFI Historical NAV,2026-09-05T05:36:32.997925+00:00
2019-04-02,28.2531,portal.amfiindia.com / AMFI Historical NAV,2026-09-05T05:36:32.997925+00:00
2019-04-03,27.9058,portal.amfiindia.com / AMFI Historical NAV,2026-09-05T05:36:32.997925+00:00
2019-04-04,27.6671,portal.amfiindia.com / AMFI Historical NAV,2026-09-05T05:36:32.997925+00:00
2019-04-05,27.506,portal.amfiindia.com / AMFI Historical NAV,2026-09-05T05:36:32.997925+00:00
2019-04-08,27.3598,portal.amfiindia.com / AMFI Historical NAV,2026-09-05T05:36:32.997925+00:00
2019-04-09,27.0958,portal.amfiindia.com / AMFI Historical NAV,2026-09-05T05:36:32.997925+00:00
2019-04-10,27.4282,portal.amfiindia.com / AMFI Historical NAV,2026-09-05T05:36:32.997925+00:00
2019-04-11,27.8037,portal.amfiindia.com / AMFI Historical NAV,2026-09-05T05:36:32.997925+00:00
2019-04-12,27.6641,portal.amfiindia.com / AMFI Historical NAV,2026-09-05T05:36:32.997925+00:00
2019-04-15,27.4015,portal.amfiindia.com / AMFI Historical NAV,2026-09-05T05:36:32.997925+00:00
2019-04-16,27.6429,portal.amfiindia.com / AMFI Historical NAV,2026-09-05T05:36:32.997925+00:00
2019-04-17,27.713,portal.amfiindia.com / AMFI Historical NAV,2026-09-05T05:36:32.997925+00:00
2019-04-18,27.8253,portal.amfiindia.com / AMFI Historical NAV,2026-09-05T05:36:32.997925+00:00
2019-04-19,27.8221,portal.amfiindia.com / AMFI Historical NAV,2026-09-05T05:36:32.997925+00:00
2019-04-22,27.5352,portal.amfiindia.com / AMFI Historical NAV,2026-09-05T05:36:32.997925+00:00
2019-04-23,27.8747,portal.amfiindia.com / AMFI Historical NAV,2026-09-05T05:36:32.997925+00:00
2019-04-24,28.3016,portal.amfiindia.com / AMFI Historical NAV,2026-09-05T05:36:32.997925+00:00
2019-04-25,28.2551,portal.amfiindia.com / AMFI Historical NAV,2026-09-05T05:36:32.997925+00:00
2019-04-26,27.9633,portal.amfiindia.com / AMFI Historical NAV,2026-09-05T05:36:32.997925+00:00
2019-04-29,28.1957,portal.amfiindia.com / AMFI Historical NAV,2026-09-05T05:36:32.997925+00:00
2019-04-30,28.3012,portal.amfiindia.com / AMFI Historical NAV,2026-09-05T05:36:32.997925+00:00
2019-05-01,28.4303,portal.amfiindia.com / AMFI Historical NAV,2026-09-05T05:36:32.997925+00:00
2019-05-02,28.9232,portal.amfiindia.com / AMFI Historical NAV,2026-09-05T05:36:32.997925+00:00
2019-05-03,28.8929,portal.amfiindia.com / AMFI Historical NAV,2026-09-05T05:36:32.997925+00:00
2019-05-06,28.5143,portal.amfiindia.com / AMFI Historical NAV,2026-09-05T05:36:32.997925+00:00
2019-05-07,28.3678,portal.amfiindia.com / AMFI Historical NAV,2026-09-05T05:36:32.997925+00:00
2019-05-08,28.2135,portal.amfiindia.com / AMFI Historical NAV,2026-09-05T05:36:32.997925+00:00
2019-05-09,28.2727,portal.amfiindia.com / AMFI Historical NAV,2026-09-05T05:36:32.997925+00:00
2019-05-10,28.8287,portal.amfiindia.com / AMFI Historical NAV,2026-09-05T05:36:32.997925+00:00
2019-05-13,28.6017,portal.amfiindia.com / AMFI Historical NAV,2026-09-05T05:36:32.997925+00:00
2019-05-14,28.7276,portal.amfiindia.com / AMFI Historical NAV,2026-09-05T05:36:32.997925+00:00
2019-05-15,28.7103,portal.amfiindia.com / AMFI Historical NAV,2026-09-05T05:36:32.997925+00:00
2019-05-16,29.115,portal.amfiindia.com / AMFI Historical NAV,2026-09-05T05:36:32.997925+00:00
2019-05-17,29.5103,portal.amfiindia.com / AMFI Historical NAV,2026-09-05T05:36:32.997925+00:00
2019-05-20,29.3834,portal.amfiindia.com / AMFI Historical NAV,2026-09-05T05:36:32.997925+00:00
2019-05-21,29.2081,portal.amfiindia.com / AMFI Historical NAV,2026-09-05T05:36:32.997925+00:00
2019-05-22,29.5356,portal.amfiindia.com / AMFI Historical NAV,2026-09-05T05:36:32.997925+00:00
2019-05-23,29.7803,portal.amfiindia.com / AMFI Historical NAV,2026-09-05T05:36:32.997925+00:00
2019-05-24,30.1815,portal.amfiindia.com / AMFI Historical NAV,2026-09-05T05:36:32.997925+00:00
2019-05-27,30.2637,portal.amfiindia.com / AMFI Historical NAV,2026-09-05T05:36:32.997925+00:00
2019-05-28,30.1763,portal.amfiindia.com / AMFI Historical NAV,2026-09-05T05:36:32.997925+00:00
2019-05-29,30.2379,portal.amfiindia.com / AMFI Historical NAV,2026-09-05T05:36:32.997925+00:00
2019-05-30,30.643,portal.amfiindia.com / AMFI Historical NAV,2026-09-05T05:36:32.997925+00:00
2019-05-31,30.8301,portal.amfiindia.com / AMFI Historical NAV,2026-09-05T05:36:32.997925+00:00
2019-06-03,30.6233,portal.amfiindia.com / AMFI Historical NAV,2026-09-05T05:36:32.997925+00:00
2019-06-04,30.8736,portal.amfiindia.com / AMFI Historical NAV,2026-09-05T05:36:32.997925+00:00
2019-06-05,31.071,portal.amfiindia.com / AMFI Historical NAV,2026-09-05T05:36:32.997925+00:00
2019-06-06,31.2521,portal.amfiindia.com / AMFI Historical NAV,2026-09-05T05:36:32.997925+00:00
2019-06-07,31.2888,portal.amfiindia.com / AMFI Historical NAV,2026-09-05T05:36:32.997925+00:00
2019-06-10,31.277,portal.amfiindia.com / AMFI Historical NAV,2026-09-05T05:36:32.997925+00:00
2019-06-11,31.5012,portal.amfiindia.com / AMFI Historical NAV,2026-09-05T05:36:32.997925+00:00
2019-06-12,31.8829,portal.amfiindia.com / AMFI Historical NAV,2026-09-05T05:36:32.997925+00:00
2019-06-13,31.6035,portal.amfiindia.com / AMFI Historical NAV,2026-09-05T05:36:32.997925+00:00
2019-06-14,31.7794,portal.amfiindia.com / AMFI Historical NAV,2026-09-05T05:36:32.997925+00:00
2019-06-17,31.6341,portal.amfiindia.com / AMFI Historical NAV,2026-09-05T05:36:32.997925+00:00
2019-06-18,31.5731,portal.amfiindia.com / AMFI Historical NAV,2026-09-05T05:36:32.997925+00:00
2019-06-19,31.7896,portal.amfiindia.com / AMFI Historical NAV,2026-09-05T05:36:32.997925+00:00
2019-06-20,31.6378,portal.amfiindia.com / AMFI Historical NAV,2026-09-05T05:36:32.997925+00:00
2019-06-21,31.6202,portal.amfiindia.com / AMFI Historical NAV,2026-09-05T05:36:32.997925+00:00
2019-06-24,31.2939,portal.amfiindia.com / AMFI Historical NAV,2026-09-05T05:36:32.997925+00:00
2019-06-25,31.4993,portal.amfiindia.com / AMFI Historical NAV,2026-09-05T05:36:32.997925+00:00
2019-06-26,31.6389,portal.amfiindia.com / AMFI Historical NAV,2026-09-05T05:36:32.997925+00:00
2019-06-27,32.1202,portal.amfiindia.com / AMFI Historical NAV,2026-09-05T05:36:32.997925+00:00
2019-06-28,32.1338,portal.amfiindia.com / AMFI Historical NAV,2026-09-05T05:36:32.997925+00:00
2019-07-01,32.0439,portal.amfiindia.com / AMFI Historical NAV,2026-09-05T05:36:32.997925+00:00
2019-07-02,32.2307,portal.amfiindia.com / AMFI Historical NAV,2026-09-05T05:36:32.997925+00:00
2019-07-03,32.5533,portal.amfiindia.com / AMFI Historical NAV,2026-09-05T05:36:32.997925+00:00
2019-07-04,32.4487,portal.amfiindia.com / AMFI Historical NAV,2026-09-05T05:36:32.997925+00:00
2019-07-05,32.355,portal.amfiindia.com / AMFI Historical NAV,2026-09-05T05:36:32.997925+00:00
2019-07-08,32.4769,portal.amfiindia.com / AMFI Historical NAV,2026-09-05T05:36:32.997925+00:00
2019-07-09,32.6749,portal.amfiindia.com / AMFI Historical NAV,2026-09-05T05:36:32.997925+00:00
2019-07-10,32.6381,portal.amfiindia.com / AMFI Historical NAV,2026-09-05T05:36:32.997925+00:00
2019-07-11,32.8395,portal.amfiindia.com / AMFI Historical NAV,2026-09-05T05:36:32.997925+00:00
2019-07-12,33.2278,portal.amfiindia.com / AMFI Historical NAV,2026-09-05T05:36:32.997925+00:00
2019-07-15,32.8113,portal.amfiindia.com / AMFI Historical NAV,2026-09-05T05:36:32.997925+00:00
2019-07-16,32.8249,portal.amfiindia.com / AMFI Historical NAV,2026-09-05T05:36:32.997925+00:00
2019-07-17,32.5471,portal.amfiindia.com / AMFI Historical NAV,2026-09-05T05:36:32.997925+00:00
2019-07-18,33.0707,portal.amfiindia.com / AMFI Historical NAV,2026-09-05T05:36:32.997925+00:00
2019-07-19,32.5043,portal.amfiindia.com / AMFI Historical NAV,2026-09-05T05:36:32.997925+00:00
2019-07-22,32.4858,portal.amfiindia.com / AMFI Historical NAV,2026-09-05T05:36:32.997925+00:00
2019-07-23,32.7258,portal.amfiindia.com / AMFI Historical NAV,2026-09-05T05:36:32.997925+00:00
2019-07-24,33.4206,portal.amfiindia.com / AMFI Historical NAV,2026-09-05T05:36:32.997925+00:00
2019-07-25,33.3675,portal.amfiindia.com / AMFI Historical NAV,2026-09-05T05:36:32.997925+00:00
2019-07-26,33.3254,portal.amfiindia.com / AMFI Historical NAV,2026-09-05T05:36:32.997925+00:00
2019-07-29,34.1826,portal.amfiindia.com / AMFI Historical NAV,2026-09-05T05:36:32.997925+00:00
2019-07-30,33.6982,portal.amfiindia.com / AMFI Historical NAV,2026-09-05T05:36:32.997925+00:00
2019-07-31,32.882,portal.amfiindia.com / AMFI Historical NAV,2026-09-05T05:36:32.997925+00:00
2019-08-01,32.7776,portal.amfiindia.com / AMFI Historical NAV,2026-09-05T05:36:32.997925+00:00
2019-08-02,32.7511,portal.amfiindia.com / AMFI Historical NAV,2026-09-05T05:36:32.997925+00:00
2019-08-05,32.24,portal.amfiindia.com / AMFI Historical NAV,2026-09-05T05:36:32.997925+00:00
2019-08-06,32.4057,portal.amfiindia.com / AMFI Historical NAV,2026-09-05T05:36:32.997925+00:00
2019-08-07,32.5492,portal.amfiindia.com / AMFI Historical NAV,2026-09-05T05:36:32.997925+00:00
2019-08-08,32.4371,portal.amfiindia.com / AMFI Historical NAV,2026-09-05T05:36:32.997925+00:00
2019-08-09,32.159,portal.amfiindia.com / AMFI Historical NAV,2026-09-05T05:36:32.997925+00:00
2019-08-12,32.4456,portal.amfiindia.com / AMFI Historical NAV,2026-09-05T05:36:32.997925+00:00
2019-08-13,32.8106,portal.amfiindia.com / AMFI Historical NAV,2026-09-05T05:36:32.997925+00:00
2019-08-14,32.6779,portal.amfiindia.com / AMFI Historical NAV,2026-09-05T05:36:32.997925+00:00
2019-08-15,33.1222,portal.amfiindia.com / AMFI Historical NAV,2026-09-05T05:36:32.997925+00:00
2019-08-16,32.7386,portal.amfiindia.com / AMFI Historical NAV,2026-09-05T05:36:32.997925+00:00
2019-08-19,32.4427,portal.amfiindia.com / AMFI Historical NAV,2026-09-05T05:36:32.997925+00:00
2019-08-20,32.3885,portal.amfiindia.com / AMFI Historical NAV,2026-09-05T05:36:32.997925+00:00
2019-08-21,32.4541,portal.amfiindia.com / AMFI Historical NAV,2026-09-05T05:36:32.997925+00:00
2019-08-22,32.6945,portal.amfiindia.com / AMFI Historical NAV,2026-09-05T05:36:32.997925+00:00
2019-08-23,32.4933,portal.amfiindia.com / AMFI Historical NAV,2026-09-05T05:36:32.997925+00:00
2019-08-26,32.827,portal.amfiindia.com / AMFI Historical NAV,2026-09-05T05:36:32.997925+00:00
2019-08-27,32.6977,portal.amfiindia.com / AMFI Historical NAV,2026-09-05T05:36:32.997925+00:00
2019-08-28,33.2151,portal.amfiindia.com / AMFI Historical NAV,2026-09-05T05:36:32.997925+00:00
2019-08-29,33.4488,portal.amfiindia.com / AMFI Historical NAV,2026-09-05T05:36:32.997925+00:00
2019-08-30,33.5651,portal.amfiindia.com / AMFI Historical NAV,2026-09-05T05:36:32.997925+00:00
2019-09-02,33.6129,portal.amfiindia.com / AMFI Historical NAV,2026-09-05T05:36:32.997925+00:00
2019-09-03,33.6649,portal.amfiindia.com / AMFI Historical NAV,2026-09-05T05:36:32.997925+00:00
2019-09-04,33.9456,portal.amfiindia.com / AMFI Historical NAV,2026-09-05T05:36:32.997925+00:00
2019-09-05,33.9528,portal.amfiindia.com / AMFI Historical NAV,2026-09-05T05:36:32.997925+00:00
2019-09-06,34.2618,portal.amfiindia.com / AMFI Historical NAV,2026-09-05T05:36:32.997925+00:00
2019-09-09,34.8575,portal.amfiindia.com / AMFI Historical NAV,2026-09-05T05:36:32.997925+00:00
2019-09-10,35.0338,portal.amfiindia.com / AMFI Historical NAV,2026-09-05T05:36:32.997925+00:00
2019-09-11,35.306,portal.amfiindia.com / AMFI Historical NAV,2026-09-05T05:36:32.997925+00:00
2019-09-12,35.161,portal.amfiindia.com / AMFI Historical NAV,2026-09-05T05:36:32.997925+00:00
2019-09-13,35.4937,portal.amfiindia.com / AMFI Historical NAV,2026-09-05T05:36:32.997925+00:00
2019-09-16,35.4886,portal.amfiindia.com / AMFI Historical NAV,2026-09-05T05:36:32.997925+00:00
2019-09-17,36.164,portal.amfiindia.com / AMFI Historical NAV,2026-09-05T05:36:32.997925+00:00
2019-09-18,36.168,portal.amfiindia.com / AMFI Historical NAV,2026-09-05T05:36:32.997925+00:00
2019-09-19,35.6897,portal.amfiindia.com / AMFI Historical NAV,2026-09-05T05:36:32.997925+00:00
2019-09-20,35.461,portal.amfiindia.com / AMFI Historical NAV,2026-09-05T05:36:32.997925+00:00
2019-09-23,35.1254,portal.amfiindia.com / AMFI Historical NAV,2026-09-05T05:36:32.997925+00:00
2019-09-24,35.6663,portal.amfiindia.com / AMFI Historical NAV,2026-09-05T05:36:32.997925+00:00
2019-09-25,35.3074,portal.amfiindia.com / AMFI Historical NAV,2026-09-05T05:36:32.997925+00:00
2019-09-26,35.2217,portal.amfiindia.com / AMFI Historical NAV,2026-09-05T05:36:32.997925+00:00
2019-09-27,34.8193,portal.amfiindia.com / AMFI Historical NAV,2026-09-05T05:36:32.997925+00:00
2019-09-30,34.5318,portal.amfiindia.com / AMFI Historical NAV,2026-09-05T05:36:32.997925+00:00
2019-10-01,33.8669,portal.amfiindia.com / AMFI Historical NAV,2026-09-05T05:36:32.997925+00:00
2019-10-02,33.5586,portal.amfiindia.com / AMFI Historical NAV,2026-09-05T05:36:32.997925+00:00
2019-10-03,33.7975,portal.amfiindia.com / AMFI Historical NAV,2026-09-05T05:36:32.997925+00:00
2019-10-04,34.4316,portal.amfiindia.com / AMFI Historical NAV,2026-09-05T05:36:32.997925+00:00
2019-10-07,34.3472,portal.amfiindia.com / AMFI Historical NAV,2026-09-05T05:36:32.997925+00:00
2019-10-08,34.2312,portal.amfiindia.com / AMFI Historical NAV,2026-09-05T05:36:32.997925+00:00
2019-10-09,34.2145,portal.amfiindia.com / AMFI Historical NAV,2026-09-05T05:36:32.997925+00:00
2019-10-10,34.3399,portal.amfiindia.com / AMFI Historical NAV,2026-09-05T05:36:32.997925+00:00
2019-10-11,34.0832,portal.amfiindia.com / AMFI Historical NAV,2026-09-05T05:36:32.997925+00:00
2019-10-14,34.4395,portal.amfiindia.com / AMFI Historical NAV,2026-09-05T05:36:32.997925+00:00
2019-10-15,34.7488,portal.amfiindia.com / AMFI Historical NAV,2026-09-05T05:36:32.997925+00:00
2019-10-16,34.4464,portal.amfiindia.com / AMFI Historical NAV,2026-09-05T05:36:32.997925+00:00
2019-10-17,34.5583,portal.amfiindia.com / AMFI Historical NAV,2026-09-05T05:36:32.997925+00:00
2019-10-18,34.6818,portal.amfiindia.com / AMFI Historical NAV,2026-09-05T05:36:32.997925+00:00
2019-10-21,34.1895,portal.amfiindia.com / AMFI Historical NAV,2026-09-05T05:36:32.997925+00:00
2019-10-22,34.2832,portal.amfiindia.com / AMFI Historical NAV,2026-09-05T05:36:32.997925+00:00
2019-10-23,34.1557,portal.amfiindia.com / AMFI Historical NAV,2026-09-05T05:36:32.997925+00:00
2019-10-24,33.9059,portal.amfiindia.com / AMFI Historical NAV,2026-09-05T05:36:32.997925+00:00
2019-10-25,33.726,portal.amfiindia.com / AMFI Historical NAV,2026-09-05T05:36:32.997925+00:00
2019-10-28,34.1657,portal.amfiindia.com / AMFI Historical NAV,2026-09-05T05:36:32.997925+00:00
2019-10-29,34.5348,portal.amfiindia.com / AMFI Historical NAV,2026-09-05T05:36:32.997925+00:00
2019-10-30,34.5865,portal.amfiindia.com / AMFI Historical NAV,2026-09-05T05:36:32.997925+00:00
2019-10-31,34.7429,portal.amfiindia.com / AMFI Historical NAV,2026-09-05T05:36:32.997925+00:00
2019-11-01,35.1836,portal.amfiindia.com / AMFI Historical NAV,2026-09-05T05:36:32.997925+00:00
2019-11-04,35.3542,portal.amfiindia.com / AMFI Historical NAV,2026-09-05T05:36:32.997925+00:00
2019-11-05,35.5595,portal.amfiindia.com / AMFI Historical NAV,2026-09-05T05:36:32.997925+00:00
2019-11-06,35.4802,portal.amfiindia.com / AMFI Historical NAV,2026-09-05T05:36:32.997925+00:00
2019-11-07,35.9878,portal.amfiindia.com / AMFI Historical NAV,2026-09-05T05:36:32.997925+00:00
2019-11-08,36.0036,portal.amfiindia.com / AMFI Historical NAV,2026-09-05T05:36:32.997925+00:00
2019-11-11,36.245,portal.amfiindia.com / AMFI Historical NAV,2026-09-05T05:36:32.997925+00:00
2019-11-12,36.4962,portal.amfiindia.com / AMFI Historical NAV,2026-09-05T05:36:32.997925+00:00
2019-11-13,36.9384,portal.amfiindia.com / AMFI Historical NAV,2026-09-05T05:36:32.997925+00:00
2019-11-14,36.7609,portal.amfiindia.com / AMFI Historical NAV,2026-09-05T05:36:32.997925+00:00
2019-11-15,37.0665,portal.amfiindia.com / AMFI Historical NAV,2026-09-05T05:36:32.997925+00:00
2019-11-18,37.282,portal.amfiindia.com / AMFI Historical NAV,2026-09-05T05:36:32.997925+00:00
2019-11-19,38.0698,portal.amfiindia.com / AMFI Historical NAV,2026-09-05T05:36:32.997925+00:00
2019-11-20,37.7304,portal.amfiindia.com / AMFI Historical NAV,2026-09-05T05:36:32.997925+00:00
2019-11-21,38.5146,portal.amfiindia.com / AMFI Historical NAV,2026-09-05T05:36:32.997925+00:00
2019-11-22,38.7831,portal.amfiindia.com / AMFI Historical NAV,2026-09-05T05:36:32.997925+00:00
2019-11-25,38.6127,portal.amfiindia.com / AMFI Historical NAV,2026-09-05T05:36:32.997925+00:00
2019-11-26,38.4897,portal.amfiindia.com / AMFI Historical NAV,2026-09-05T05:36:32.997925+00:00
2019-11-27,38.4936,portal.amfiindia.com / AMFI Historical NAV,2026-09-05T05:36:32.997925+00:00
2019-11-28,38.523,portal.amfiindia.com / AMFI Historical NAV,2026-09-05T05:36:32.997925+00:00
2019-11-29,38.7223,portal.amfiindia.com / AMFI Historical NAV,2026-09-05T05:36:32.997925+00:00
2019-12-02,38.2236,portal.amfiindia.com / AMFI Historical NAV,2026-09-05T05:36:32.997925+00:00
2019-12-03,38.3729,portal.amfiindia.com / AMFI Historical NAV,2026-09-05T05:36:32.997925+00:00
2019-12-04,38.8553,portal.amfiindia.com / AMFI Historical NAV,2026-09-05T05:36:32.997925+00:00
2019-12-05,39.6831,portal.amfiindia.com / AMFI Historical NAV,2026-09-05T05:36:32.997925+00:00
2019-12-06,39.802,portal.amfiindia.com / AMFI Historical NAV,2026-09-05T05:36:32.997925+00:00
2019-12-09,39.8053,portal.amfiindia.com / AMFI Historical NAV,2026-09-05T05:36:32.997925+00:00
2019-12-10,39.7702,portal.amfiindia.com / AMFI Historical NAV,2026-09-05T05:36:32.997925+00:00
2019-12-11,39.9559,portal.amfiindia.com / AMFI Historical NAV,2026-09-05T05:36:32.997925+00:00
2019-12-12,39.8595,portal.amfiindia.com / AMFI Historical NAV,2026-09-05T05:36:32.997925+00:00
2019-12-13,39.3999,portal.amfiindia.com / AMFI Historical NAV,2026-09-05T05:36:32.997925+00:00
2019-12-16,39.0663,portal.amfiindia.com / AMFI Historical NAV,2026-09-05T05:36:32.997925+00:00
2019-12-17,39.2754,portal.amfiindia.com / AMFI Historical NAV,2026-09-05T05:36:32.997925+00:00
2019-12-18,39.3257,portal.amfiindia.com / AMFI Historical NAV,2026-09-05T05:36:32.997925+00:00
2019-12-19,39.0189,portal.amfiindia.com / AMFI Historical NAV,2026-09-05T05:36:32.997925+00:00
2019-12-20,39.8263,portal.amfiindia.com / AMFI Historical NAV,2026-09-05T05:36:32.997925+00:00
2019-12-23,39.2849,portal.amfiindia.com / AMFI Historical NAV,2026-09-05T05:36:32.997925+00:00
2019-12-24,38.6385,portal.amfiindia.com / AMFI Historical NAV,2026-09-05T05:36:32.997925+00:00
2019-12-25,38.9115,portal.amfiindia.com / AMFI Historical NAV,2026-09-05T05:36:32.997925+00:00
2019-12-26,39.3342,portal.amfiindia.com / AMFI Historical NAV,2026-09-05T05:36:32.997925+00:00
2019-12-27,39.7735,portal.amfiindia.com / AMFI Historical NAV,2026-09-05T05:36:32.997925+00:00
2019-12-30,39.677,portal.amfiindia.com / AMFI Historical NAV,2026-09-05T05:36:32.997925+00:00
2019-12-31,39.9021,portal.amfiindia.com / AMFI Historical NAV,2026-09-05T05:36:32.997925+00:00
2020-01-01,40.089,portal.amfiindia.com / AMFI Historical NAV,2026-09-05T05:36:32.997925+00:00
2020-01-02,40.2247,portal.amfiindia.com / AMFI Historical NAV,2026-09-05T05:36:32.997925+00:00
2020-01-03,40.6369,portal.amfiindia.com / AMFI Historical NAV,2026-09-05T05:36:32.997925+00:00
2020-01-06,40.9457,portal.amfiindia.com / AMFI Historical NAV,2026-09-05T05:36:32.997925+00:00
2020-01-07,40.7103,portal.amfiindia.com / AMFI Historical NAV,2026-09-05T05:36:32.997925+00:00
2020-01-08,41.246,portal.amfiindia.com / AMFI Historical NAV,2026-09-05T05:36:32.997925+00:00
2020-01-09,41.5599,portal.amfiindia.com / AMFI Historical NAV,2026-09-05T05:36:32.997925+00:00
2020-01-10,41.4389,portal.amfiindia.com / AMFI Historical NAV,2026-09-05T05:36:32.997925+00:00
2020-01-13,41.9492,portal.amfiindia.com / AMFI Historical NAV,2026-09-05T05:36:32.997925+00:00
2020-01-14,41.9806,portal.amfiindia.com / AMFI Historical NAV,2026-09-05T05:36:32.997925+00:00
2020-01-15,42.0384,portal.amfiindia.com / AMFI Historical NAV,2026-09-05T05:36:32.997925+00:00
2020-01-16,41.9373,portal.amfiindia.com / AMFI Historical NAV,2026-09-05T05:36:32.997925+00:00
2020-01-17,41.7144,portal.amfiindia.com / AMFI Historical NAV,2026-09-05T05:36:32.997925+00:00
2020-01-20,41.5667,portal.amfiindia.com / AMFI Historical NAV,2026-09-05T05:36:32.997925+00:00
2020-01-21,42.1929,portal.amfiindia.com / AMFI Historical NAV,2026-09-05T05:36:32.997925+00:00
2020-01-22,42.805,portal.amfiindia.com / AMFI Historical NAV,2026-09-05T05:36:32.997925+00:00
2020-01-23,42.7297,portal.amfiindia.com / AMFI Historical NAV,2026-09-05T05:36:32.997925+00:00
2020-01-24,42.8815,portal.amfiindia.com / AMFI Historical NAV,2026-09-05T05:36:32.997925+00:00
2020-01-27,41.6036,portal.amfiindia.com / AMFI Historical NAV,2026-09-05T05:36:32.997925+00:00
2020-01-28,42.078,portal.amfiindia.com / AMFI Historical NAV,2026-09-05T05:36:32.997925+00:00
2020-01-29,41.6671,portal.amfiindia.com / AMFI Historical NAV,2026-09-05T05:36:32.997925+00:00
2020-01-30,41.6433,portal.amfiindia.com / AMFI Historical NAV,2026-09-05T05:36:32.997925+00:00
2020-01-31,41.2718,portal.amfiindia.com / AMFI Historical NAV,2026-09-05T05:36:32.997925+00:00
2020-02-03,40.7454,portal.amfiindia.com / AMFI Historical NAV,2026-09-05T05:36:32.997925+00:00
2020-02-04,40.9942,portal.amfiindia.com / AMFI Historical NAV,2026-09-05T05:36:32.997925+00:00
2020-02-05,40.993,portal.amfiindia.com / AMFI Historical NAV,2026-09-05T05:36:32.997925+00:00
2020-02-06,41.2885,portal.amfiindia.com / AMFI Historical NAV,2026-09-05T05:36:32.997925+00:00
2020-02-07,41.0418,portal.amfiindia.com / AMFI Historical NAV,2026-09-05T05:36:32.997925+00:00
2020-02-10,41.4942,portal.amfiindia.com / AMFI Historical NAV,2026-09-05T05:36:32.997925+00:00
2020-02-11,41.6418,portal.amfiindia.com / AMFI Historical NAV,2026-09-05T05:36:32.997925+00:00
2020-02-12,41.4461,portal.amfiindia.com / AMFI Historical NAV,2026-09-05T05:36:32.997925+00:00
2020-02-13,41.5997,portal.amfiindia.com / AMFI Historical NAV,2026-09-05T05:36:32.997925+00:00
2020-02-14,41.2231,portal.amfiindia.com / AMFI Historical NAV,2026-09-05T05:36:32.997925+00:00
2020-02-17,38.501,portal.amfiindia.com / AMFI Historical NAV,2026-09-05T05:36:32.997925+00:00
2020-02-18,37.4624,portal.amfiindia.com / AMFI Historical NAV,2026-09-05T05:36:32.997925+00:00
2020-02-19,38.9796,portal.amfiindia.com / AMFI Historical NAV,2026-09-05T05:36:32.997925+00:00
2020-02-20,39.5692,portal.amfiindia.com / AMFI Historical NAV,2026-09-05T05:36:32.997925+00:00
2020-02-21,38.4854,portal.amfiindia.com / AMFI Historical NAV,2026-09-05T05:36:32.997925+00:00
2020-02-24,37.3098,portal.amfiindia.com / AMFI Historical NAV,2026-09-05T05:36:32.997925+00:00
2020-02-25,36.5401,portal.amfiindia.com / AMFI Historical NAV,2026-09-05T05:36:32.997925+00:00
2020-02-26,38.2962,portal.amfiindia.com / AMFI Historical NAV,2026-09-05T05:36:32.997925+00:00
2020-02-27,38.4376,portal.amfiindia.com / AMFI Historical NAV,2026-09-05T05:36:32.997925+00:00
2020-02-28,38.345,portal.amfiindia.com / AMFI Historical NAV,2026-09-05T05:36:32.997925+00:00
2020-03-02,39.2837,portal.amfiindia.com / AMFI Historical NAV,2026-09-05T05:36:32.997925+00:00
2020-03-03,39.0979,portal.amfiindia.com / AMFI Historical NAV,2026-09-05T05:36:32.997925+00:00
2020-03-04,38.1566,portal.amfiindia.com / AMFI Historical NAV,2026-09-05T05:36:32.997925+00:00
2020-03-05,37.2569,portal.amfiindia.com / AMFI Historical NAV,2026-09-05T05:36:32.997925+00:00
2020-03-06,36.5551,portal.amfiindia.com / AMFI Historical NAV,2026-09-05T05:36:32.997925+00:00
2020-03-09,36.0196,portal.amfiindia.com / AMFI Historical NAV,2026-09-05T05:36:32.997925+00:00
2020-03-10,36.3312,portal.amfiindia.com / AMFI Historical NAV,2026-09-05T05:36:32.997925+00:00
2020-03-11,35.7551,portal.amfiindia.com / AMFI Historical NAV,2026-09-05T05:36:32.997925+00:00
2020-03-12,36.0355,portal.amfiindia.com / AMFI Historical NAV,2026-09-05T05:36:32.997925+00:00
2020-03-13,35.4065,portal.amfiindia.com / AMFI Historical NAV,2026-09-05T05:36:32.997925+00:00
2020-03-16,34.6582,portal.amfiindia.com / AMFI Historical NAV,2026-09-05T05:36:32.997925+00:00
2020-03-17,31.9594,portal.amfiindia.com / AMFI Historical NAV,2026-09-05T05:36:32.997925+00:00
2020-03-18,32.2956,portal.amfiindia.com / AMFI Historical NAV,2026-09-05T05:36:32.997925+00:00
2020-03-19,32.0184,portal.amfiindia.com / AMFI Historical NAV,2026-09-05T05:36:32.997925+00:00
2020-03-20,32.3491,portal.amfiindia.com / AMFI Historical NAV,2026-09-05T05:36:32.997925+00:00
2020-03-23,28.6003,portal.amfiindia.com / AMFI Historical NAV,2026-09-05T05:36:32.997925+00:00
2020-03-24,29.9409,portal.amfiindia.com / AMFI Historical NAV,2026-09-05T05:36:32.997925+00:00
2020-03-25,29.8746,portal.amfiindia.com / AMFI Historical NAV,2026-09-05T05:36:32.997925+00:00
2020-03-26,30.6335,portal.amfiindia.com / AMFI Historical NAV,2026-09-05T05:36:32.997925+00:00
2020-03-27,30.213,portal.amfiindia.com / AMFI Historical NAV,2026-09-05T05:36:32.997925+00:00
2020-03-30,30.5624,portal.amfiindia.com / AMFI Historical NAV,2026-09-05T05:36:32.997925+00:00
2020-03-31,30.2506,portal.amfiindia.com / AMFI Historical NAV,2026-09-05T05:36:32.997925+00:00
2020-04-01,30.086,portal.amfiindia.com / AMFI Historical NAV,2026-09-05T05:36:32.997925+00:00
2020-04-02,30.9357,portal.amfiindia.com / AMFI Historical NAV,2026-09-05T05:36:32.997925+00:00
2020-04-03,30.7855,portal.amfiindia.com / AMFI Historical NAV,2026-09-05T05:36:32.997925+00:00
2020-04-06,31.1328,portal.amfiindia.com / AMFI Historical NAV,2026-09-05T05:36:32.997925+00:00
2020-04-07,31.8047,portal.amfiindia.com / AMFI Historical NAV,2026-09-05T05:36:32.997925+00:00
2020-04-08,31.8852,portal.amfiindia.com / AMFI Historical NAV,2026-09-05T05:36:32.997925+00:00
2020-04-09,31.9002,portal.amfiindia.com / AMFI Historical NAV,2026-09-05T05:36:32.997925+00:00
2020-04-10,32.1032,portal.amfiindia.com / AMFI Historical NAV,2026-09-05T05:36:32.997925+00:00
2020-04-13,33.1096,portal.amfiindia.com / AMFI Historical NAV,2026-09-05T05:36:32.997925+00:00
2020-04-14,33.2341,portal.amfiindia.com / AMFI Historical NAV,2026-09-05T05:36:32.997925+00:00
2020-04-15,33.3119,portal.amfiindia.com / AMFI Historical NAV,2026-09-05T05:36:32.997925+00:00
2020-04-16,34.1603,portal.amfiindia.com / AMFI Historical NAV,2026-09-05T05:36:32.997925+00:00
2020-04-17,34.9227,portal.amfiindia.com / AMFI Historical NAV,2026-09-05T05:36:32.997925+00:00
2020-04-20,35.6042,portal.amfiindia.com / AMFI Historical NAV,2026-09-05T05:36:32.997925+00:00
2020-04-21,36.1494,portal.amfiindia.com / AMFI Historical NAV,2026-09-05T05:36:32.997925+00:00
2020-04-22,35.8385,portal.amfiindia.com / AMFI Historical NAV,2026-09-05T05:36:32.997925+00:00
2020-04-23,36.6441,portal.amfiindia.com / AMFI Historical NAV,2026-09-05T05:36:32.997925+00:00
2020-04-24,36.0455,portal.amfiindia.com / AMFI Historical NAV,2026-09-05T05:36:32.997925+00:00
2020-04-27,36.296,portal.amfiindia.com / AMFI Historical NAV,2026-09-05T05:36:32.997925+00:00
2020-04-28,36.1402,portal.amfiindia.com / AMFI Historical NAV,2026-09-05T05:36:32.997925+00:00
2020-04-29,36.2199,portal.amfiindia.com / AMFI Historical NAV,2026-09-05T05:36:32.997925+00:00
2020-04-30,36.2446,portal.amfiindia.com / AMFI Historical NAV,2026-09-05T05:36:32.997925+00:00
2020-05-01,36.378,portal.amfiindia.com / AMFI Historical NAV,2026-09-05T05:36:32.997925+00:00
2020-05-04,36.6676,portal.amfiindia.com / AMFI Historical NAV,2026-09-05T05:36:32.997925+00:00
2020-05-05,37.5536,portal.amfiindia.com / AMFI Historical NAV,2026-09-05T05:36:32.997925+00:00
2020-05-06,38.1762,portal.amfiindia.com / AMFI Historical NAV,2026-09-05T05:36:32.997925+00:00
2020-05-07,37.934,portal.amfiindia.com / AMFI Historical NAV,2026-09-05T05:36:32.997925+00:00
2020-05-08,38.6037,portal.amfiindia.com / AMFI Historical NAV,2026-09-05T05:36:32.997925+00:00
2020-05-11,39.5554,portal.amfiindia.com / AMFI Historical NAV,2026-09-05T05:36:32.997925+00:00
2020-05-12,39.3541,portal.amfiindia.com / AMFI Historical NAV,2026-09-05T05:36:32.997925+00:00
2020-05-13,39.7093,portal.amfiindia.com / AMFI Historical NAV,2026-09-05T05:36:32.997925+00:00
2020-05-14,40.2661,portal.amfiindia.com / AMFI Historical NAV,2026-09-05T05:36:32.997925+00:00
2020-05-15,40.2964,portal.amfiindia.com / AMFI Historical NAV,2026-09-05T05:36:32.997925+00:00
2020-05-18,41.1834,portal.amfiindia.com / AMFI Historical NAV,2026-09-05T05:36:32.997925+00:00
2020-05-19,41.1868,portal.amfiindia.com / AMFI Historical NAV,2026-09-05T05:36:32.997925+00:00
2020-05-20,41.4328,portal.amfiindia.com / AMFI Historical NAV,2026-09-05T05:36:32.997925+00:00
2020-05-21,41.02,portal.amfiindia.com / AMFI Historical NAV,2026-09-05T05:36:32.997925+00:00
2020-05-22,41.244,portal.amfiindia.com / AMFI Historical NAV,2026-09-05T05:36:32.997925+00:00
2020-05-25,40.7538,portal.amfiindia.com / AMFI Historical NAV,2026-09-05T05:36:32.997925+00:00
2020-05-26,40.0221,portal.amfiindia.com / AMFI Historical NAV,2026-09-05T05:36:32.997925+00:00
2020-05-27,41.3185,portal.amfiindia.com / AMFI Historical NAV,2026-09-05T05:36:32.997925+00:00
2020-05-28,40.8352,portal.amfiindia.com / AMFI Historical NAV,2026-09-05T05:36:32.997925+00:00
2020-05-29,40.3216,portal.amfiindia.com / AMFI Historical NAV,2026-09-05T05:36:32.997925+00:00
2020-06-01,39.5636,portal.amfiindia.com / AMFI Historical NAV,2026-09-05T05:36:32.997925+00:00
2020-06-02,39.1878,portal.amfiindia.com / AMFI Historical NAV,2026-09-05T05:36:32.997925+00:00
2020-06-03,38.4952,portal.amfiindia.com / AMFI Historical NAV,2026-09-05T05:36:32.997925+00:00
2020-06-04,39.4292,portal.amfiindia.com / AMFI Historical NAV,2026-09-05T05:36:32.997925+00:00
2020-06-05,40.2027,portal.amfiindia.com / AMFI Historical NAV,2026-09-05T05:36:32.997925+00:00
2020-06-08,39.9612,portal.amfiindia.com / AMFI Historical NAV,2026-09-05T05:36:32.997925+00:00
2020-06-09,41.0794,portal.amfiindia.com / AMFI Historical NAV,2026-09-05T05:36:32.997925+00:00
2020-06-10,41.6439,portal.amfiindia.com / AMFI Historical NAV,2026-09-05T05:36:32.997925+00:00
2020-06-11,41.4637,portal.amfiindia.com / AMFI Historical NAV,2026-09-05T05:36:32.997925+00:00
2020-06-12,40.146,portal.amfiindia.com / AMFI Historical NAV,2026-09-05T05:36:32.997925+00:00
2020-06-15,41.5664,portal.amfiindia.com / AMFI Historical NAV,2026-09-05T05:36:32.997925+00:00
2020-06-16,40.9551,portal.amfiindia.com / AMFI Historical NAV,2026-09-05T05:36:32.997925+00:00
2020-06-17,39.8509,portal.amfiindia.com / AMFI Historical NAV,2026-09-05T05:36:32.997925+00:00
2020-06-18,40.6751,portal.amfiindia.com / AMFI Historical NAV,2026-09-05T05:36:32.997925+00:00
2020-06-19,42.1683,portal.amfiindia.com / AMFI Historical NAV,2026-09-05T05:36:32.997925+00:00
2020-06-22,43.302,portal.amfiindia.com / AMFI Historical NAV,2026-09-05T05:36:32.997925+00:00
2020-06-23,43.8202,portal.amfiindia.com / AMFI Historical NAV,2026-09-05T05:36:32.997925+00:00
2020-06-24,44.4781,portal.amfiindia.com / AMFI Historical NAV,2026-09-05T05:36:32.997925+00:00
2020-06-25,45.1894,portal.amfiindia.com / AMFI Historical NAV,2026-09-05T05:36:32.997925+00:00
2020-06-26,46.013,portal.amfiindia.com / AMFI Historical NAV,2026-09-05T05:36:32.997925+00:00
2020-06-29,46.4011,portal.amfiindia.com / AMFI Historical NAV,2026-09-05T05:36:32.997925+00:00
2020-06-30,46.5656,portal.amfiindia.com / AMFI Historical NAV,2026-09-05T05:36:32.997925+00:00
2020-07-01,47.0666,portal.amfiindia.com / AMFI Historical NAV,2026-09-05T05:36:32.997925+00:00
2020-07-02,46.8699,portal.amfiindia.com / AMFI Historical NAV,2026-09-05T05:36:32.997925+00:00
2020-07-03,46.9167,portal.amfiindia.com / AMFI Historical NAV,2026-09-05T05:36:32.997925+00:00
2020-07-06,45.7152,portal.amfiindia.com / AMFI Historical NAV,2026-09-05T05:36:32.997925+00:00
2020-07-07,45.5337,portal.amfiindia.com / AMFI Historical NAV,2026-09-05T05:36:32.997925+00:00
2020-07-08,45.0895,portal.amfiindia.com / AMFI Historical NAV,2026-09-05T05:36:32.997925+00:00
2020-07-09,44.5527,portal.amfiindia.com / AMFI Historical NAV,2026-09-05T05:36:32.997925+00:00
2020-07-10,44.6645,portal.amfiindia.com / AMFI Historical NAV,2026-09-05T05:36:32.997925+00:00
2020-07-13,45.6478,portal.amfiindia.com / AMFI Historical NAV,2026-09-05T05:36:32.997925+00:00
2020-07-14,46.623,portal.amfiindia.com / AMFI Historical NAV,2026-09-05T05:36:32.997925+00:00
2020-07-15,45.8744,portal.amfiindia.com / AMFI Historical NAV,2026-09-05T05:36:32.997925+00:00
2020-07-16,45.1632,portal.amfiindia.com / AMFI Historical NAV,2026-09-05T05:36:32.997925+00:00
2020-07-17,45.8347,portal.amfiindia.com / AMFI Historical NAV,2026-09-05T05:36:32.997925+00:00
2020-07-20,45.1902,portal.amfiindia.com / AMFI Historical NAV,2026-09-05T05:36:32.997925+00:00
2020-07-21,45.0959,portal.amfiindia.com / AMFI Historical NAV,2026-09-05T05:36:32.997925+00:00
2020-07-22,45.4723,portal.amfiindia.com / AMFI Historical NAV,2026-09-05T05:36:32.997925+00:00
2020-07-23,44.9011,portal.amfiindia.com / AMFI Historical NAV,2026-09-05T05:36:32.997925+00:00
2020-07-24,44.8532,portal.amfiindia.com / AMFI Historical NAV,2026-09-05T05:36:32.997925+00:00
2020-07-27,44.1296,portal.amfiindia.com / AMFI Historical NAV,2026-09-05T05:36:32.997925+00:00
2020-07-28,43.7809,portal.amfiindia.com / AMFI Historical NAV,2026-09-05T05:36:32.997925+00:00
2020-07-29,43.5686,portal.amfiindia.com / AMFI Historical NAV,2026-09-05T05:36:32.997925+00:00
2020-07-30,43.0923,portal.amfiindia.com / AMFI Historical NAV,2026-09-05T05:36:32.997925+00:00
2020-07-31,43.6467,portal.amfiindia.com / AMFI Historical NAV,2026-09-05T05:36:32.997925+00:00
2020-08-03,43.6793,portal.amfiindia.com / AMFI Historical NAV,2026-09-05T05:36:32.997925+00:00
2020-08-04,44.1209,portal.amfiindia.com / AMFI Historical NAV,2026-09-05T05:36:32.997925+00:00
2020-08-05,44.1597,portal.amfiindia.com / AMFI Historical NAV,2026-09-05T05:36:32.997925+00:00
2020-08-06,45.3897,portal.amfiindia.com / AMFI Historical NAV,2026-09-05T05:36:32.997925+00:00
2020-08-07,45.9259,portal.amfiindia.com / AMFI Historical NAV,2026-09-05T05:36:32.997925+00:00
2020-08-10,45.8022,portal.amfiindia.com / AMFI Historical NAV,2026-09-05T05:36:32.997925+00:00
2020-08-11,46.1813,portal.amfiindia.com / AMFI Historical NAV,2026-09-05T05:36:32.997925+00:00
2020-08-12,46.6713,portal.amfiindia.com / AMFI Historical NAV,2026-09-05T05:36:32.997925+00:00
2020-08-13,46.5704,portal.amfiindia.com / AMFI Historical NAV,2026-09-05T05:36:32.997925+00:00
2020-08-14,46.6368,portal.amfiindia.com / AMFI Historical NAV,2026-09-05T05:36:32.997925+00:00
2020-08-17,46.3336,portal.amfiindia.com / AMFI Historical NAV,2026-09-05T05:36:32.997925+00:00
2020-08-18,45.9484,portal.amfiindia.com / AMFI Historical NAV,2026-09-05T05:36:32.997925+00:00
2020-08-19,45.1476,portal.amfiindia.com / AMFI Historical NAV,2026-09-05T05:36:32.997925+00:00
2020-08-20,46.3191,portal.amfiindia.com / AMFI Historical NAV,2026-09-05T05:36:32.997925+00:00
2020-08-21,45.6373,portal.amfiindia.com / AMFI Historical NAV,2026-09-05T05:36:32.997925+00:00
2020-08-24,45.3317,portal.amfiindia.com / AMFI Historical NAV,2026-09-05T05:36:32.997925+00:00
2020-08-25,44.8108,portal.amfiindia.com / AMFI Historical NAV,2026-09-05T05:36:32.997925+00:00
2020-08-26,45.3405,portal.amfiindia.com / AMFI Historical NAV,2026-09-05T05:36:32.997925+00:00
2020-08-27,45.04,portal.amfiindia.com / AMFI Historical NAV,2026-09-05T05:36:32.997925+00:00
2020-08-28,46.0939,portal.amfiindia.com / AMFI Historical NAV,2026-09-05T05:36:32.997925+00:00
2020-08-31,45.3996,portal.amfiindia.com / AMFI Historical NAV,2026-09-05T05:36:32.997925+00:00
2020-09-01,45.8958,portal.amfiindia.com / AMFI Historical NAV,2026-09-05T05:36:32.997925+00:00
2020-09-02,45.7446,portal.amfiindia.com / AMFI Historical NAV,2026-09-05T05:36:32.997925+00:00
2020-09-03,47.1391,portal.amfiindia.com / AMFI Historical NAV,2026-09-05T05:36:32.997925+00:00
2020-09-04,46.0057,portal.amfiindia.com / AMFI Historical NAV,2026-09-05T05:36:32.997925+00:00
2020-09-07,46.249,portal.amfiindia.com / AMFI Historical NAV,2026-09-05T05:36:32.997925+00:00
2020-09-08,46.7523,portal.amfiindia.com / AMFI Historical NAV,2026-09-05T05:36:32.997925+00:00
2020-09-09,46.9442,portal.amfiindia.com / AMFI Historical NAV,2026-09-05T05:36:32.997925+00:00
2020-09-10,46.8475,portal.amfiindia.com / AMFI Historical NAV,2026-09-05T05:36:32.997925+00:00
2020-09-11,47.1696,portal.amfiindia.com / AMFI Historical NAV,2026-09-05T05:36:32.997925+00:00
2020-09-14,47.442,portal.amfiindia.com / AMFI Historical NAV,2026-09-05T05:36:32.997925+00:00
2020-09-15,47.2913,portal.amfiindia.com / AMFI Historical NAV,2026-09-05T05:36:32.997925+00:00
2020-09-16,47.7281,portal.amfiindia.com / AMFI Historical NAV,2026-09-05T05:36:32.997925+00:00
2020-09-17,49.2208,portal.amfiindia.com / AMFI Historical NAV,2026-09-05T05:36:32.997925+00:00
2020-09-18,48.9297,portal.amfiindia.com / AMFI Historical NAV,2026-09-05T05:36:32.997925+00:00
2020-09-21,48.2386,portal.amfiindia.com / AMFI Historical NAV,2026-09-05T05:36:32.997925+00:00
2020-09-22,48.1989,portal.amfiindia.com / AMFI Historical NAV,2026-09-05T05:36:32.997925+00:00
2020-09-23,50.11,portal.amfiindia.com / AMFI Historical NAV,2026-09-05T05:36:32.997925+00:00
2020-09-24,50.0765,portal.amfiindia.com / AMFI Historical NAV,2026-09-05T05:36:32.997925+00:00
2020-09-25,51.4823,portal.amfiindia.com / AMFI Historical NAV,2026-09-05T05:36:32.997925+00:00
2020-09-28,52.7768,portal.amfiindia.com / AMFI Historical NAV,2026-09-05T05:36:32.997925+00:00
2020-09-29,52.4738,portal.amfiindia.com / AMFI Historical NAV,2026-09-05T05:36:32.997925+00:00
2020-09-30,52.9372,portal.amfiindia.com / AMFI Historical NAV,2026-09-05T05:36:32.997925+00:00
2020-10-01,54.493,portal.amfiindia.com / AMFI Historical NAV,2026-09-05T05:36:32.997925+00:00
2020-10-02,54.2126,portal.amfiindia.com / AMFI Historical NAV,2026-09-05T05:36:32.997925+00:00
2020-10-05,54.2089,portal.amfiindia.com / AMFI Historical NAV,2026-09-05T05:36:32.997925+00:00
2020-10-06,53.9278,portal.amfiindia.com / AMFI Historical NAV,2026-09-05T05:36:32.997925+00:00
2020-10-07,53.2112,portal.amfiindia.com / AMFI Historical NAV,2026-09-05T05:36:32.997925+00:00
2020-10-08,52.5833,portal.amfiindia.com / AMFI Historical NAV,2026-09-05T05:36:32.997925+00:00
2020-10-09,51.9085,portal.amfiindia.com / AMFI Historical NAV,2026-09-05T05:36:32.997925+00:00
2020-10-12,52.0507,portal.amfiindia.com / AMFI Historical NAV,2026-09-05T05:36:32.997925+00:00
2020-10-13,51.7409,portal.amfiindia.com / AMFI Historical NAV,2026-09-05T05:36:32.997925+00:00
2020-10-14,51.9254,portal.amfiindia.com / AMFI Historical NAV,2026-09-05T05:36:32.997925+00:00
2020-10-15,51.2111,portal.amfiindia.com / AMFI Historical NAV,2026-09-05T05:36:32.997925+00:00
2020-10-16,51.391,portal.amfiindia.com / AMFI Historical NAV,2026-09-05T05:36:32.997925+00:00
2020-10-19,52.455,portal.amfiindia.com / AMFI Historical NAV,2026-09-05T05:36:32.997925+00:00
2020-10-20,50.7982,portal.amfiindia.com / AMFI Historical NAV,2026-09-05T05:36:32.997925+00:00
2020-10-21,51.2729,portal.amfiindia.com / AMFI Historical NAV,2026-09-05T05:36:32.997925+00:00
2020-10-22,52.3557,portal.amfiindia.com / AMFI Historical NAV,2026-09-05T05:36:32.997925+00:00
2020-10-23,51.4597,portal.amfiindia.com / AMFI Historical NAV,2026-09-05T05:36:32.997925+00:00
2020-10-26,52.8473,portal.amfiindia.com / AMFI Historical NAV,2026-09-05T05:36:32.997925+00:00
2020-10-27,53.5521,portal.amfiindia.com / AMFI Historical NAV,2026-09-05T05:36:32.997925+00:00
2020-10-28,52.6987,portal.amfiindia.com / AMFI Historical NAV,2026-09-05T05:36:32.997925+00:00
2020-10-29,52.8976,portal.amfiindia.com / AMFI Historical NAV,2026-09-05T05:36:32.997925+00:00
2020-10-30,52.905,portal.amfiindia.com / AMFI Historical NAV,2026-09-05T05:36:32.997925+00:00
2020-11-02,52.8886,portal.amfiindia.com / AMFI Historical NAV,2026-09-05T05:36:32.997925+00:00
2020-11-03,53.7541,portal.amfiindia.com / AMFI Historical NAV,2026-09-05T05:36:32.997925+00:00
2020-11-04,53.0914,portal.amfiindia.com / AMFI Historical NAV,2026-09-05T05:36:32.997925+00:00
2020-11-05,53.0982,portal.amfiindia.com / AMFI Historical NAV,2026-09-05T05:36:32.997925+00:00
2020-11-06,52.169,portal.amfiindia.com / AMFI Historical NAV,2026-09-05T05:36:32.997925+00:00
2020-11-09,52.6531,portal.amfiindia.com / AMFI Historical NAV,2026-09-05T05:36:32.997925+00:00
2020-11-10,51.7528,portal.amfiindia.com / AMFI Historical NAV,2026-09-05T05:36:32.997925+00:00
2020-11-11,51.1478,portal.amfiindia.com / AMFI Historical NAV,2026-09-05T05:36:32.997925+00:00
2020-11-12,52.4429,portal.amfiindia.com / AMFI Historical NAV,2026-09-05T05:36:32.997925+00:00
2020-11-13,53.7431,portal.amfiindia.com / AMFI Historical NAV,2026-09-05T05:36:32.997925+00:00
2020-11-16,54.3016,portal.amfiindia.com / AMFI Historical NAV,2026-09-05T05:36:32.997925+00:00
2020-11-17,53.3626,portal.amfiindia.com / AMFI Historical NAV,2026-09-05T05:36:32.997925+00:00
2020-11-18,53.7148,portal.amfiindia.com / AMFI Historical NAV,2026-09-05T05:36:32.997925+00:00
2020-11-19,55.0789,portal.amfiindia.com / AMFI Historical NAV,2026-09-05T05:36:32.997925+00:00
2020-11-20,55.4735,portal.amfiindia.com / AMFI Historical NAV,2026-09-05T05:36:32.997925+00:00
2020-11-23,57.1828,portal.amfiindia.com / AMFI Historical NAV,2026-09-05T05:36:32.997925+00:00
2020-11-24,57.6216,portal.amfiindia.com / AMFI Historical NAV,2026-09-05T05:36:32.997925+00:00
2020-11-25,57.8803,portal.amfiindia.com / AMFI Historical NAV,2026-09-05T05:36:32.997925+00:00
2020-11-26,57.8594,portal.amfiindia.com / AMFI Historical NAV,2026-09-05T05:36:32.997925+00:00
2020-11-27,58.4461,portal.amfiindia.com / AMFI Historical NAV,2026-09-05T05:36:32.997925+00:00
2020-11-30,58.6778,portal.amfiindia.com / AMFI Historical NAV,2026-09-05T05:36:32.997925+00:00
2020-12-01,59.1379,portal.amfiindia.com / AMFI Historical NAV,2026-09-05T05:36:32.997925+00:00
2020-12-02,60.382,portal.amfiindia.com / AMFI Historical NAV,2026-09-05T05:36:32.997925+00:00
2020-12-03,59.9643,portal.amfiindia.com / AMFI Historical NAV,2026-09-05T05:36:32.997925+00:00
2020-12-04,59.1946,portal.amfiindia.com / AMFI Historical NAV,2026-09-05T05:36:32.997925+00:00
2020-12-07,58.2128,portal.amfiindia.com / AMFI Historical NAV,2026-09-05T05:36:32.997925+00:00
2020-12-08,58.5028,portal.amfiindia.com / AMFI Historical NAV,2026-09-05T05:36:32.997925+00:00
2020-12-09,57.764,portal.amfiindia.com / AMFI Historical NAV,2026-09-05T05:36:32.997925+00:00
2020-12-10,56.0955,portal.amfiindia.com / AMFI Historical NAV,2026-09-05T05:36:32.997925+00:00
2020-12-11,56.1815,portal.amfiindia.com / AMFI Historical NAV,2026-09-05T05:36:32.997925+00:00
2020-12-14,58.3058,portal.amfiindia.com / AMFI Historical NAV,2026-09-05T05:36:32.997925+00:00
2020-12-15,59.0337,portal.amfiindia.com / AMFI Historical NAV,2026-09-05T05:36:32.997925+00:00
2020-12-16,59.4211,portal.amfiindia.com / AMFI Historical NAV,2026-09-05T05:36:32.997925+00:00
2020-12-17,59.6293,portal.amfiindia.com / AMFI Historical NAV,2026-09-05T05:36:32.997925+00:00
2020-12-18,59.8521,portal.amfiindia.com / AMFI Historical NAV,2026-09-05T05:36:32.997925+00:00
2020-12-21,60.7806,portal.amfiindia.com / AMFI Historical NAV,2026-09-05T05:36:32.997925+00:00
2020-12-22,60.6663,portal.amfiindia.com / AMFI Historical NAV,2026-09-05T05:36:32.997925+00:00
2020-12-23,60.7245,portal.amfiindia.com / AMFI Historical NAV,2026-09-05T05:36:32.997925+00:00
2020-12-24,61.1997,portal.amfiindia.com / AMFI Historical NAV,2026-09-05T05:36:32.997925+00:00
2020-12-25,60.6126,portal.amfiindia.com / AMFI Historical NAV,2026-09-05T05:36:32.997925+00:00
2020-12-28,61.0522,portal.amfiindia.com / AMFI Historical NAV,2026-09-05T05:36:32.997925+00:00
2020-12-29,61.3525,portal.amfiindia.com / AMFI Historical NAV,2026-09-05T05:36:32.997925+00:00
2020-12-30,61.1117,portal.amfiindia.com / AMFI Historical NAV,2026-09-05T05:36:32.997925+00:00
2020-12-31,61.7243,portal.amfiindia.com / AMFI Historical NAV,2026-09-05T05:36:32.997925+00:00
2021-01-01,61.4387,portal.amfiindia.com / AMFI Historical NAV,2026-09-05T05:36:32.997925+00:00
2021-01-04,61.7977,portal.amfiindia.com / AMFI Historical NAV,2026-09-05T05:36:32.997925+00:00
2021-01-05,61.931,portal.amfiindia.com / AMFI Historical NAV,2026-09-05T05:36:32.997925+00:00
2021-01-06,62.7518,portal.amfiindia.com / AMFI Historical NAV,2026-09-05T05:36:32.997925+00:00
2021-01-07,62.9884,portal.amfiindia.com / AMFI Historical NAV,2026-09-05T05:36:32.997925+00:00
2021-01-08,63.3907,portal.amfiindia.com / AMFI Historical NAV,2026-09-05T05:36:32.997925+00:00
2021-01-11,63.9529,portal.amfiindia.com / AMFI Historical NAV,2026-09-05T05:36:32.997925+00:00
2021-01-12,64.7678,portal.amfiindia.com / AMFI Historical NAV,2026-09-05T05:36:32.997925+00:00
2021-01-13,64.8013,portal.amfiindia.com / AMFI Historical NAV,2026-09-05T05:36:32.997925+00:00
2021-01-14,64.967,portal.amfiindia.com / AMFI Historical NAV,2026-09-05T05:36:32.997925+00:00
2021-01-15,64.1852,portal.amfiindia.com / AMFI Historical NAV,2026-09-05T05:36:32.997925+00:00
2021-01-18,63.5837,portal.amfiindia.com / AMFI Historical NAV,2026-09-05T05:36:32.997925+00:00
2021-01-19,63.3124,portal.amfiindia.com / AMFI Historical NAV,2026-09-05T05:36:32.997925+00:00
2021-01-20,62.8314,portal.amfiindia.com / AMFI Historical NAV,2026-09-05T05:36:32.997925+00:00
2021-01-21,63.3591,portal.amfiindia.com / AMFI Historical NAV,2026-09-05T05:36:32.997925+00:00
2021-01-22,63.8082,portal.amfiindia.com / AMFI Historical NAV,2026-09-05T05:36:32.997925+00:00
2021-01-25,64.6418,portal.amfiindia.com / AMFI Historical NAV,2026-09-05T05:36:32.997925+00:00
2021-01-26,64.3767,portal.amfiindia.com / AMFI Historical NAV,2026-09-05T05:36:32.997925+00:00
2021-01-27,64.7203,portal.amfiindia.com / AMFI Historical NAV,2026-09-05T05:36:32.997925+00:00
2021-01-28,64.5034,portal.amfiindia.com / AMFI Historical NAV,2026-09-05T05:36:32.997925+00:00
2021-01-29,63.4349,portal.amfiindia.com / AMFI Historical NAV,2026-09-05T05:36:32.997925+00:00
2021-02-01,62.8305,portal.amfiindia.com / AMFI Historical NAV,2026-09-05T05:36:32.997925+00:00
2021-02-02,63.1563,portal.amfiindia.com / AMFI Historical NAV,2026-09-05T05:36:32.997925+00:00
2021-02-03,62.5557,portal.amfiindia.com / AMFI Historical NAV,2026-09-05T05:36:32.997925+00:00
2021-02-04,63.1934,portal.amfiindia.com / AMFI Historical NAV,2026-09-05T05:36:32.997925+00:00
2021-02-05,64.1701,portal.amfiindia.com / AMFI Historical NAV,2026-09-05T05:36:32.997925+00:00
2021-02-08,65.4451,portal.amfiindia.com / AMFI Historical NAV,2026-09-05T05:36:32.997925+00:00
2021-02-09,65.038,portal.amfiindia.com / AMFI Historical NAV,2026-09-05T05:36:32.997925+00:00
2021-02-10,66.1938,portal.amfiindia.com / AMFI Historical NAV,2026-09-05T05:36:32.997925+00:00
2021-02-11,66.6606,portal.amfiindia.com / AMFI Historical NAV,2026-09-05T05:36:32.997925+00:00
2021-02-12,66.3178,portal.amfiindia.com / AMFI Historical NAV,2026-09-05T05:36:32.997925+00:00
2021-02-15,66.362,portal.amfiindia.com / AMFI Historical NAV,2026-09-05T05:36:32.997925+00:00
2021-02-16,66.3859,portal.amfiindia.com / AMFI Historical NAV,2026-09-05T05:36:32.997925+00:00
2021-02-17,66.2167,portal.amfiindia.com / AMFI Historical NAV,2026-09-05T05:36:32.997925+00:00
2021-02-18,66.1729,portal.amfiindia.com / AMFI Historical NAV,2026-09-05T05:36:32.997925+00:00
2021-02-19,66.1518,portal.amfiindia.com / AMFI Historical NAV,2026-09-05T05:36:32.997925+00:00
2021-02-22,66.7837,portal.amfiindia.com / AMFI Historical NAV,2026-09-05T05:36:32.997925+00:00
2021-02-23,67.096,portal.amfiindia.com / AMFI Historical NAV,2026-09-05T05:36:32.997925+00:00
2021-02-24,68.0063,portal.amfiindia.com / AMFI Historical NAV,2026-09-05T05:36:32.997925+00:00
2021-02-25,68.3756,portal.amfiindia.com / AMFI Historical NAV,2026-09-05T05:36:32.997925+00:00
2021-02-26,67.4765,portal.amfiindia.com / AMFI Historical NAV,2026-09-05T05:36:32.997925+00:00
2021-03-01,66.54,portal.amfiindia.com / AMFI Historical NAV,2026-09-05T05:36:32.997925+00:00
2021-03-02,66.7448,portal.amfiindia.com / AMFI Historical NAV,2026-09-05T05:36:32.997925+00:00
2021-03-03,66.0248,portal.amfiindia.com / AMFI Historical NAV,2026-09-05T05:36:32.997925+00:00
2021-03-04,66.0081,portal.amfiindia.com / AMFI Historical NAV,2026-09-05T05:36:32.997925+00:00
2021-03-05,65.5344,portal.amfiindia.com / AMFI Historical NAV,2026-09-05T05:36:32.997925+00:00
2021-03-08,64.6713,portal.amfiindia.com / AMFI Historical NAV,2026-09-05T05:36:32.997925+00:00
2021-03-09,65.1275,portal.amfiindia.com / AMFI Historical NAV,2026-09-05T05:36:32.997925+00:00
2021-03-10,65.7729,portal.amfiindia.com / AMFI Historical NAV,2026-09-05T05:36:32.997925+00:00
2021-03-11,65.7636,portal.amfiindia.com / AMFI Historical NAV,2026-09-05T05:36:32.997925+00:00
2021-03-12,64.2882,portal.amfiindia.com / AMFI Historical NAV,2026-09-05T05:36:32.997925+00:00
2021-03-15,64.032,portal.amfiindia.com / AMFI Historical NAV,2026-09-05T05:36:32.997925+00:00
2021-03-16,64.6151,portal.amfiindia.com / AMFI Historical NAV,2026-09-05T05:36:32.997925+00:00
2021-03-17,64.2012,portal.amfiindia.com / AMFI Historical NAV,2026-09-05T05:36:32.997925+00:00
2021-03-18,64.0241,portal.amfiindia.com / AMFI Historical NAV,2026-09-05T05:36:32.997925+00:00
2021-03-19,64.1918,portal.amfiindia.com / AMFI Historical NAV,2026-09-05T05:36:32.997925+00:00
2021-03-22,64.0537,portal.amfiindia.com / AMFI Historical NAV,2026-09-05T05:36:32.997925+00:00
2021-03-23,64.2095,portal.amfiindia.com / AMFI Historical NAV,2026-09-05T05:36:32.997925+00:00
2021-03-24,64.3043,portal.amfiindia.com / AMFI Historical NAV,2026-09-05T05:36:32.997925+00:00
2021-03-25,64.7346,portal.amfiindia.com / AMFI Historical NAV,2026-09-05T05:36:32.997925+00:00
2021-03-26,64.5262,portal.amfiindia.com / AMFI Historical NAV,2026-09-05T05:36:32.997925+00:00
2021-03-29,64.7957,portal.amfiindia.com / AMFI Historical NAV,2026-09-05T05:36:32.997925+00:00
2021-03-30,64.0194,portal.amfiindia.com / AMFI Historical NAV,2026-09-05T05:36:32.997925+00:00
2021-03-31,63.7255,portal.amfiindia.com / AMFI Historical NAV,2026-09-05T05:36:32.997925+00:00
2021-04-01,63.5309,portal.amfiindia.com / AMFI Historical NAV,2026-09-05T05:36:32.997925+00:00
2021-04-02,63.3702,portal.amfiindia.com / AMFI Historical NAV,2026-09-05T05:36:32.997925+00:00
2021-04-05,64.2244,portal.amfiindia.com / AMFI Historical NAV,2026-09-05T05:36:32.997925+00:00
2021-04-06,63.827,portal.amfiindia.com / AMFI Historical NAV,2026-09-05T05:36:32.997925+00:00
2021-04-07,63.2316,portal.amfiindia.com / AMFI Historical NAV,2026-09-05T05:36:32.997925+00:00
2021-04-08,64.0949,portal.amfiindia.com / AMFI Historical NAV,2026-09-05T05:36:32.997925+00:00
2021-04-09,63.9905,portal.amfiindia.com / AMFI Historical NAV,2026-09-05T05:36:32.997925+00:00
2021-04-12,63.8428,portal.amfiindia.com / AMFI Historical NAV,2026-09-05T05:36:32.997925+00:00
2021-04-13,64.404,portal.amfiindia.com / AMFI Historical NAV,2026-09-05T05:36:32.997925+00:00
2021-04-14,64.3092,portal.amfiindia.com / AMFI Historical NAV,2026-09-05T05:36:32.997925+00:00
2021-04-15,65.1653,portal.amfiindia.com / AMFI Historical NAV,2026-09-05T05:36:32.997925+00:00
2021-04-16,65.5423,portal.amfiindia.com / AMFI Historical NAV,2026-09-05T05:36:32.997925+00:00
2021-04-19,65.1253,portal.amfiindia.com / AMFI Historical NAV,2026-09-05T05:36:32.997925+00:00
2021-04-20,66.2776,portal.amfiindia.com / AMFI Historical NAV,2026-09-05T05:36:32.997925+00:00
2021-04-21,65.8436,portal.amfiindia.com / AMFI Historical NAV,2026-09-05T05:36:32.997925+00:00
2021-04-22,66.0116,portal.amfiindia.com / AMFI Historical NAV,2026-09-05T05:36:32.997925+00:00
2021-04-23,66.3188,portal.amfiindia.com / AMFI Historical NAV,2026-09-05T05:36:32.997925+00:00
2021-04-26,67.1239,portal.amfiindia.com / AMFI Historical NAV,2026-09-05T05:36:32.997925+00:00
2021-04-27,68.2252,portal.amfiindia.com / AMFI Historical NAV,2026-09-05T05:36:32.997925+00:00
2021-04-28,68.215,portal.amfiindia.com / AMFI Historical NAV,2026-09-05T05:36:32.997925+00:00
2021-04-29,68.0239,portal.amfiindia.com / AMFI Historical NAV,2026-09-05T05:36:32.997925+00:00
2021-04-30,68.5036,portal.amfiindia.com / AMFI Historical NAV,2026-09-05T05:36:32.997925+00:00
2021-05-03,68.3614,portal.amfiindia.com / AMFI Historical NAV,2026-09-05T05:36:32.997925+00:00
2021-05-04,69.2795,portal.amfiindia.com / AMFI Historical NAV,2026-09-05T05:36:32.997925+00:00
2021-05-05,69.4854,portal.amfiindia.com / AMFI Historical NAV,2026-09-05T05:36:32.997925+00:00
2021-05-06,69.4848,portal.amfiindia.com / AMFI Historical NAV,2026-09-05T05:36:32.997925+00:00
2021-05-07,69.6774,portal.amfiindia.com / AMFI Historical NAV,2026-09-05T05:36:32.997925+00:00
2021-05-10,68.4705,portal.amfiindia.com / AMFI Historical NAV,2026-09-05T05:36:32.997925+00:00
2021-05-11,68.0966,portal.amfiindia.com / AMFI Historical NAV,2026-09-05T05:36:32.997925+00:00
2021-05-12,69.4151,portal.amfiindia.com / AMFI Historical NAV,2026-09-05T05:36:32.997925+00:00
2021-05-13,69.0587,portal.amfiindia.com / AMFI Historical NAV,2026-09-05T05:36:32.997925+00:00
2021-05-14,68.3963,portal.amfiindia.com / AMFI Historical NAV,2026-09-05T05:36:32.997925+00:00
2021-05-17,68.8702,portal.amfiindia.com / AMFI Historical NAV,2026-09-05T05:36:32.997925+00:00
2021-05-18,69.6726,portal.amfiindia.com / AMFI Historical NAV,2026-09-05T05:36:32.997925+00:00
2021-05-19,70.4808,portal.amfiindia.com / AMFI Historical NAV,2026-09-05T05:36:32.997925+00:00
2021-05-20,70.757,portal.amfiindia.com / AMFI Historical NAV,2026-09-05T05:36:32.997925+00:00
2021-05-21,70.6485,portal.amfiindia.com / AMFI Historical NAV,2026-09-05T05:36:32.997925+00:00
2021-05-24,70.1408,portal.amfiindia.com / AMFI Historical NAV,2026-09-05T05:36:32.997925+00:00
2021-05-25,70.9998,portal.amfiindia.com / AMFI Historical NAV,2026-09-05T05:36:32.997925+00:00
2021-05-26,71.0152,portal.amfiindia.com / AMFI Historical NAV,2026-09-05T05:36:32.997925+00:00
2021-05-27,71.2658,portal.amfiindia.com / AMFI Historical NAV,2026-09-05T05:36:32.997925+00:00
2021-05-28,72.3334,portal.amfiindia.com / AMFI Historical NAV,2026-09-05T05:36:32.997925+00:00
2021-05-31,72.4066,portal.amfiindia.com / AMFI Historical NAV,2026-09-05T05:36:32.997925+00:00
2021-06-01,72.993,portal.amfiindia.com / AMFI Historical NAV,2026-09-05T05:36:32.997925+00:00
2021-06-02,74.2801,portal.amfiindia.com / AMFI Historical NAV,2026-09-05T05:36:32.997925+00:00
2021-06-03,74.0349,portal.amfiindia.com / AMFI Historical NAV,2026-09-05T05:36:32.997925+00:00
2021-06-04,74.6805,portal.amfiindia.com / AMFI Historical NAV,2026-09-05T05:36:32.997925+00:00
2021-06-07,74.7675,portal.amfiindia.com / AMFI Historical NAV,2026-09-05T05:36:32.997925+00:00
2021-06-08,75.377,portal.amfiindia.com / AMFI Historical NAV,2026-09-05T05:36:32.997925+00:00
2021-06-09,76.3334,portal.amfiindia.com / AMFI Historical NAV,2026-09-05T05:36:32.997925+00:00
2021-06-10,76.3896,portal.amfiindia.com / AMFI Historical NAV,2026-09-05T05:36:32.997925+00:00
2021-06-11,76.6856,portal.amfiindia.com / AMFI Historical NAV,2026-09-05T05:36:32.997925+00:00
2021-06-14,77.4715,portal.amfiindia.com / AMFI Historical NAV,2026-09-05T05:36:32.997925+00:00
2021-06-15,77.7392,portal.amfiindia.com / AMFI Historical NAV,2026-09-05T05:36:32.997925+00:00
2021-06-16,77.531,portal.amfiindia.com / AMFI Historical NAV,2026-09-05T05:36:32.997925+00:00
2021-06-17,76.7507,portal.amfiindia.com / AMFI Historical NAV,2026-09-05T05:36:32.997925+00:00
2021-06-18,76.4612,portal.amfiindia.com / AMFI Historical NAV,2026-09-05T05:36:32.997925+00:00
2021-06-21,77.8466,portal.amfiindia.com / AMFI Historical NAV,2026-09-05T05:36:32.997925+00:00
2021-06-22,77.6903,portal.amfiindia.com / AMFI Historical NAV,2026-09-05T05:36:32.997925+00:00
2021-06-23,77.615,portal.amfiindia.com / AMFI Historical NAV,2026-09-05T05:36:32.997925+00:00
2021-06-24,77.7194,portal.amfiindia.com / AMFI Historical NAV,2026-09-05T05:36:32.997925+00:00
2021-06-25,78.2665,portal.amfiindia.com / AMFI Historical NAV,2026-09-05T05:36:32.997925+00:00
2021-06-28,79.2404,portal.amfiindia.com / AMFI Historical NAV,2026-09-05T05:36:32.997925+00:00
2021-06-29,80.2026,portal.amfiindia.com / AMFI Historical NAV,2026-09-05T05:36:32.997925+00:00
2021-06-30,80.2313,portal.amfiindia.com / AMFI Historical NAV,2026-09-05T05:36:32.997925+00:00
2021-07-01,80.1343,portal.amfiindia.com / AMFI Historical NAV,2026-09-05T05:36:32.997925+00:00
2021-07-02,80.2309,portal.amfiindia.com / AMFI Historical NAV,2026-09-05T05:36:32.997925+00:00
2021-07-05,80.2917,portal.amfiindia.com / AMFI Historical NAV,2026-09-05T05:36:32.997925+00:00
2021-07-06,81.6854,portal.amfiindia.com / AMFI Historical NAV,2026-09-05T05:36:32.997925+00:00
2021-07-07,82.0281,portal.amfiindia.com / AMFI Historical NAV,2026-09-05T05:36:32.997925+00:00
2021-07-08,82.9479,portal.amfiindia.com / AMFI Historical NAV,2026-09-05T05:36:32.997925+00:00
2021-07-09,83.9608,portal.amfiindia.com / AMFI Historical NAV,2026-09-05T05:36:32.997925+00:00
2021-07-12,84.5184,portal.amfiindia.com / AMFI Historical NAV,2026-09-05T05:36:32.997925+00:00
2021-07-13,84.4649,portal.amfiindia.com / AMFI Historical NAV,2026-09-05T05:36:32.997925+00:00
2021-07-14,83.6919,portal.amfiindia.com / AMFI Historical NAV,2026-09-05T05:36:32.997925+00:00
2021-07-15,84.1621,portal.amfiindia.com / AMFI Historical NAV,2026-09-05T05:36:32.997925+00:00
2021-07-16,83.678,portal.amfiindia.com / AMFI Historical NAV,2026-09-05T05:36:32.997925+00:00
2021-07-19,83.9035,portal.amfiindia.com / AMFI Historical NAV,2026-09-05T05:36:32.997925+00:00
2021-07-20,84.5338,portal.amfiindia.com / AMFI Historical NAV,2026-09-05T05:36:32.997925+00:00
2021-07-21,85.4604,portal.amfiindia.com / AMFI Historical NAV,2026-09-05T05:36:32.997925+00:00
2021-07-22,85.0971,portal.amfiindia.com / AMFI Historical NAV,2026-09-05T05:36:32.997925+00:00
2021-07-23,84.9634,portal.amfiindia.com / AMFI Historical NAV,2026-09-05T05:36:32.997925+00:00
2021-07-26,86.2783,portal.amfiindia.com / AMFI Historical NAV,2026-09-05T05:36:32.997925+00:00
2021-07-27,85.816,portal.amfiindia.com / AMFI Historical NAV,2026-09-05T05:36:32.997925+00:00
2021-07-28,87.9857,portal.amfiindia.com / AMFI Historical NAV,2026-09-05T05:36:32.997925+00:00
2021-07-29,88.4277,portal.amfiindia.com / AMFI Historical NAV,2026-09-05T05:36:32.997925+00:00
2021-07-30,88.5013,portal.amfiindia.com / AMFI Historical NAV,2026-09-05T05:36:32.997925+00:00
2021-08-02,89.9461,portal.amfiindia.com / AMFI Historical NAV,2026-09-05T05:36:32.997925+00:00
2021-08-03,90.2627,portal.amfiindia.com / AMFI Historical NAV,2026-09-05T05:36:32.997925+00:00
2021-08-04,91.2349,portal.amfiindia.com / AMFI Historical NAV,2026-09-05T05:36:32.997925+00:00
2021-08-05,92.1895,portal.amfiindia.com / AMFI Historical NAV,2026-09-05T05:36:32.997925+00:00
2021-08-06,92.8425,portal.amfiindia.com / AMFI Historical NAV,2026-09-05T05:36:32.997925+00:00
2021-08-09,91.4881,portal.amfiindia.com / AMFI Historical NAV,2026-09-05T05:36:32.997925+00:00
2021-08-10,90.8098,portal.amfiindia.com / AMFI Historical NAV,2026-09-05T05:36:32.997925+00:00
2021-08-11,90.1137,portal.amfiindia.com / AMFI Historical NAV,2026-09-05T05:36:32.997925+00:00
2021-08-12,90.0434,portal.amfiindia.com / AMFI Historical NAV,2026-09-05T05:36:32.997925+00:00
2021-08-13,90.7476,portal.amfiindia.com / AMFI Historical NAV,2026-09-05T05:36:32.997925+00:00
2021-08-16,92.4159,portal.amfiindia.com / AMFI Historical NAV,2026-09-05T05:36:32.997925+00:00
2021-08-17,92.3743,portal.amfiindia.com / AMFI Historical NAV,2026-09-05T05:36:32.997925+00:00
2021-08-18,90.7963,portal.amfiindia.com / AMFI Historical NAV,2026-09-05T05:36:32.997925+00:00
2021-08-19,91.5375,portal.amfiindia.com / AMFI Historical NAV,2026-09-05T05:36:32.997925+00:00
2021-08-20,92.194,portal.amfiindia.com / AMFI Historical NAV,2026-09-05T05:36:32.997925+00:00
2021-08-23,91.1421,portal.amfiindia.com / AMFI Historical NAV,2026-09-05T05:36:32.997925+00:00
2021-08-24,91.2228,portal.amfiindia.com / AMFI Historical NAV,2026-09-05T05:36:32.997925+00:00
2021-08-25,91.6438,portal.amfiindia.com / AMFI Historical NAV,2026-09-05T05:36:32.997925+00:00
2021-08-26,91.1707,portal.amfiindia.com / AMFI Historical NAV,2026-09-05T05:36:32.997925+00:00
2021-08-27,91.5771,portal.amfiindia.com / AMFI Historical NAV,2026-09-05T05:36:32.997925+00:00
2021-08-30,91.5558,portal.amfiindia.com / AMFI Historical NAV,2026-09-05T05:36:32.997925+00:00
2021-08-31,91.8357,portal.amfiindia.com / AMFI Historical NAV,2026-09-05T05:36:32.997925+00:00
2021-09-01,90.8391,portal.amfiindia.com / AMFI Historical NAV,2026-09-05T05:36:32.997925+00:00
2021-09-02,90.3963,portal.amfiindia.com / AMFI Historical NAV,2026-09-05T05:36:32.997925+00:00
2021-09-03,91.2045,portal.amfiindia.com / AMFI Historical NAV,2026-09-05T05:36:32.997925+00:00
2021-09-06,91.183,portal.amfiindia.com / AMFI Historical NAV,2026-09-05T05:36:32.997925+00:00
2021-09-07,92.5703,portal.amfiindia.com / AMFI Historical NAV,2026-09-05T05:36:32.997925+00:00
2021-09-08,92.0419,portal.amfiindia.com / AMFI Historical NAV,2026-09-05T05:36:32.997925+00:00
2021-09-09,92.2557,portal.amfiindia.com / AMFI Historical NAV,2026-09-05T05:36:32.997925+00:00
2021-09-10,92.2332,portal.amfiindia.com / AMFI Historical NAV,2026-09-05T05:36:32.997925+00:00
2021-09-13,91.4209,portal.amfiindia.com / AMFI Historical NAV,2026-09-05T05:36:32.997925+00:00
2021-09-14,90.8336,portal.amfiindia.com / AMFI Historical NAV,2026-09-05T05:36:32.997925+00:00
2021-09-15,89.3586,portal.amfiindia.com / AMFI Historical NAV,2026-09-05T05:36:32.997925+00:00
2021-09-16,90.1311,portal.amfiindia.com / AMFI Historical NAV,2026-09-05T05:36:32.997925+00:00
2021-09-17,89.9892,portal.amfiindia.com / AMFI Historical NAV,2026-09-05T05:36:32.997925+00:00
2021-09-20,92.3209,portal.amfiindia.com / AMFI Historical NAV,2026-09-05T05:36:32.997925+00:00
2021-09-21,91.8797,portal.amfiindia.com / AMFI Historical NAV,2026-09-05T05:36:32.997925+00:00
2021-09-22,91.8772,portal.amfiindia.com / AMFI Historical NAV,2026-09-05T05:36:32.997925+00:00
2021-09-23,92.3597,portal.amfiindia.com / AMFI Historical NAV,2026-09-05T05:36:32.997925+00:00
2021-09-24,93.9381,portal.amfiindia.com / AMFI Historical NAV,2026-09-05T05:36:32.997925+00:00
2021-09-27,96.3118,portal.amfiindia.com / AMFI Historical NAV,2026-09-05T05:36:32.997925+00:00
2021-09-28,97.4371,portal.amfiindia.com / AMFI Historical NAV,2026-09-05T05:36:32.997925+00:00
2021-09-29,98.3213,portal.amfiindia.com / AMFI Historical NAV,2026-09-05T05:36:32.997925+00:00
2021-09-30,99.0244,portal.amfiindia.com / AMFI Historical NAV,2026-09-05T05:36:32.997925+00:00
2021-10-01,99.7414,portal.amfiindia.com / AMFI Historical NAV,2026-09-05T05:36:32.997925+00:00
2021-10-04,99.1291,portal.amfiindia.com / AMFI Historical NAV,2026-09-05T05:36:32.997925+00:00
2021-10-05,98.9669,portal.amfiindia.com / AMFI Historical NAV,2026-09-05T05:36:32.997925+00:00
2021-10-06,99.1854,portal.amfiindia.com / AMFI Historical NAV,2026-09-05T05:36:32.997925+00:00
2021-10-07,99.1951,portal.amfiindia.com / AMFI Historical NAV,2026-09-05T05:36:32.997925+00:00
2021-10-08,98.5961,portal.amfiindia.com / AMFI Historical NAV,2026-09-05T05:36:32.997925+00:00
2021-10-11,99.7666,portal.amfiindia.com / AMFI Historical NAV,2026-09-05T05:36:32.997925+00:00
2021-10-12,100.8937,portal.amfiindia.com / AMFI Historical NAV,2026-09-05T05:36:32.997925+00:00
2021-10-13,100.8729,portal.amfiindia.com / AMFI Historical NAV,2026-09-05T05:36:32.997925+00:00
2021-10-14,102.5515,portal.amfiindia.com / AMFI Historical NAV,2026-09-05T05:36:32.997925+00:00
2021-10-15,101.5881,portal.amfiindia.com / AMFI Historical NAV,2026-09-05T05:36:32.997925+00:00
2021-10-18,101.255,portal.amfiindia.com / AMFI Historical NAV,2026-09-05T05:36:32.997925+00:00
2021-10-19,100.0289,portal.amfiindia.com / AMFI Historical NAV,2026-09-05T05:36:32.997925+00:00
2021-10-20,97.0444,portal.amfiindia.com / AMFI Historical NAV,2026-09-05T05:36:32.997925+00:00
2021-10-21,97.0796,portal.amfiindia.com / AMFI Historical NAV,2026-09-05T05:36:32.997925+00:00
2021-10-22,96.1754,portal.amfiindia.com / AMFI Historical NAV,2026-09-05T05:36:32.997925+00:00
2021-10-25,97.383,portal.amfiindia.com / AMFI Historical NAV,2026-09-05T05:36:32.997925+00:00
2021-10-26,97.2529,portal.amfiindia.com / AMFI Historical NAV,2026-09-05T05:36:32.997925+00:00
2021-10-27,95.9816,portal.amfiindia.com / AMFI Historical NAV,2026-09-05T05:36:32.997925+00:00
2021-10-28,97.9898,portal.amfiindia.com / AMFI Historical NAV,2026-09-05T05:36:32.997925+00:00
2021-10-29,99.2327,portal.amfiindia.com / AMFI Historical NAV,2026-09-05T05:36:32.997925+00:00
2021-11-01,99.4526,portal.amfiindia.com / AMFI Historical NAV,2026-09-05T05:36:32.997925+00:00
2021-11-02,98.6646,portal.amfiindia.com / AMFI Historical NAV,2026-09-05T05:36:32.997925+00:00
2021-11-03,97.6681,portal.amfiindia.com / AMFI Historical NAV,2026-09-05T05:36:32.997925+00:00
2021-11-04,96.9676,portal.amfiindia.com / AMFI Historical NAV,2026-09-05T05:36:32.997925+00:00
2021-11-05,98.2943,portal.amfiindia.com / AMFI Historical NAV,2026-09-05T05:36:32.997925+00:00
2021-11-08,100.0976,portal.amfiindia.com / AMFI Historical NAV,2026-09-05T05:36:32.997925+00:00
2021-11-09,101.9543,portal.amfiindia.com / AMFI Historical NAV,2026-09-05T05:36:32.997925+00:00
2021-11-10,101.8376,portal.amfiindia.com / AMFI Historical NAV,2026-09-05T05:36:32.997925+00:00
2021-11-11,100.6646,portal.amfiindia.com / AMFI Historical NAV,2026-09-05T05:36:32.997925+00:00
2021-11-12,100.6129,portal.amfiindia.com / AMFI Historical NAV,2026-09-05T05:36:32.997925+00:00
2021-11-15,98.5448,portal.amfiindia.com / AMFI Historical NAV,2026-09-05T05:36:32.997925+00:00
2021-11-16,98.7756,portal.amfiindia.com / AMFI Historical NAV,2026-09-05T05:36:32.997925+00:00
2021-11-17,98.5519,portal.amfiindia.com / AMFI Historical NAV,2026-09-05T05:36:32.997925+00:00
2021-11-18,97.8238,portal.amfiindia.com / AMFI Historical NAV,2026-09-05T05:36:32.997925+00:00
2021-11-19,95.8503,portal.amfiindia.com / AMFI Historical NAV,2026-09-05T05:36:32.997925+00:00
2021-11-22,96.4656,portal.amfiindia.com / AMFI Historical NAV,2026-09-05T05:36:32.997925+00:00
2021-11-23,95.4187,portal.amfiindia.com / AMFI Historical NAV,2026-09-05T05:36:32.997925+00:00
2021-11-24,93.6511,portal.amfiindia.com / AMFI Historical NAV,2026-09-05T05:36:32.997925+00:00
2021-11-25,89.8794,portal.amfiindia.com / AMFI Historical NAV,2026-09-05T05:36:32.997925+00:00
2021-11-26,89.2261,portal.amfiindia.com / AMFI Historical NAV,2026-09-05T05:36:32.997925+00:00
2021-11-29,90.6252,portal.amfiindia.com / AMFI Historical NAV,2026-09-05T05:36:32.997925+00:00
2021-11-30,92.4256,portal.amfiindia.com / AMFI Historical NAV,2026-09-05T05:36:32.997925+00:00
2021-12-01,91.5429,portal.amfiindia.com / AMFI Historical NAV,2026-09-05T05:36:32.997925+00:00
2021-12-02,91.0255,portal.amfiindia.com / AMFI Historical NAV,2026-09-05T05:36:32.997925+00:00
2021-12-03,91.4968,portal.amfiindia.com / AMFI Historical NAV,2026-09-05T05:36:32.997925+00:00
2021-12-06,89.6399,portal.amfiindia.com / AMFI Historical NAV,2026-09-05T05:36:32.997925+00:00
2021-12-07,90.1482,portal.amfiindia.com / AMFI Historical NAV,2026-09-05T05:36:32.997925+00:00
2021-12-08,91.2137,portal.amfiindia.com / AMFI Historical NAV,2026-09-05T05:36:32.997925+00:00
2021-12-09,92.1336,portal.amfiindia.com / AMFI Historical NAV,2026-09-05T05:36:32.997925+00:00
2021-12-10,92.1289,portal.amfiindia.com / AMFI Historical NAV,2026-09-05T05:36:32.997925+00:00
2021-12-13,91.5403,portal.amfiindia.com / AMFI Historical NAV,2026-09-05T05:36:32.997925+00:00
2021-12-14,90.5702,portal.amfiindia.com / AMFI Historical NAV,2026-09-05T05:36:32.997925+00:00
2021-12-15,89.172,portal.amfiindia.com / AMFI Historical NAV,2026-09-05T05:36:32.997925+00:00
2021-12-16,88.2439,portal.amfiindia.com / AMFI Historical NAV,2026-09-05T05:36:32.997925+00:00
2021-12-17,88.4469,portal.amfiindia.com / AMFI Historical NAV,2026-09-05T05:36:32.997925+00:00
2021-12-20,89.3169,portal.amfiindia.com / AMFI Historical NAV,2026-09-05T05:36:32.997925+00:00
2021-12-21,88.273,portal.amfiindia.com / AMFI Historical NAV,2026-09-05T05:36:32.997925+00:00
2021-12-22,89.3752,portal.amfiindia.com / AMFI Historical NAV,2026-09-05T05:36:32.997925+00:00
2021-12-23,88.8956,portal.amfiindia.com / AMFI Historical NAV,2026-09-05T05:36:32.997925+00:00
2021-12-24,88.9208,portal.amfiindia.com / AMFI Historical NAV,2026-09-05T05:36:32.997925+00:00
2021-12-27,88.0661,portal.amfiindia.com / AMFI Historical NAV,2026-09-05T05:36:32.997925+00:00
2021-12-28,85.5423,portal.amfiindia.com / AMFI Historical NAV,2026-09-05T05:36:32.997925+00:00
2021-12-29,86.1667,portal.amfiindia.com / AMFI Historical NAV,2026-09-05T05:36:32.997925+00:00
2021-12-30,87.2796,portal.amfiindia.com / AMFI Historical NAV,2026-09-05T05:36:32.997925+00:00
2021-12-31,86.5296,portal.amfiindia.com / AMFI Historical NAV,2026-09-05T05:36:32.997925+00:00
2022-01-03,86.7206,portal.amfiindia.com / AMFI Historical NAV,2026-09-05T05:36:32.997925+00:00
2022-01-04,87.6162,portal.amfiindia.com / AMFI Historical NAV,2026-09-05T05:36:32.997925+00:00
2022-01-05,86.1083,portal.amfiindia.com / AMFI Historical NAV,2026-09-05T05:36:32.997925+00:00
2022-01-06,85.4499,portal.amfiindia.com / AMFI Historical NAV,2026-09-05T05:36:32.997925+00:00
2022-01-07,86.0309,portal.amfiindia.com / AMFI Historical NAV,2026-09-05T05:36:32.997925+00:00
2022-01-10,85.0568,portal.amfiindia.com / AMFI Historical NAV,2026-09-05T05:36:32.997925+00:00
2022-01-11,84.8239,portal.amfiindia.com / AMFI Historical NAV,2026-09-05T05:36:32.997925+00:00
2022-01-12,83.0796,portal.amfiindia.com / AMFI Historical NAV,2026-09-05T05:36:32.997925+00:00
2022-01-13,83.3638,portal.amfiindia.com / AMFI Historical NAV,2026-09-05T05:36:32.997925+00:00
2022-01-14,83.6961,portal.amfiindia.com / AMFI Historical NAV,2026-09-05T05:36:32.997925+00:00
2022-01-17,82.1694,portal.amfiindia.com / AMFI Historical NAV,2026-09-05T05:36:32.997925+00:00
2022-01-18,82.9457,portal.amfiindia.com / AMFI Historical NAV,2026-09-05T05:36:32.997925+00:00
2022-01-19,82.0729,portal.amfiindia.com / AMFI Historical NAV,2026-09-05T05:36:32.997925+00:00
2022-01-20,81.0356,portal.amfiindia.com / AMFI Historical NAV,2026-09-05T05:36:32.997925+00:00
2022-01-21,80.9552,portal.amfiindia.com / AMFI Historical NAV,2026-09-05T05:36:32.997925+00:00
2022-01-24,82.335,portal.amfiindia.com / AMFI Historical NAV,2026-09-05T05:36:32.997925+00:00
2022-01-25,80.8435,portal.amfiindia.com / AMFI Historical NAV,2026-09-05T05:36:32.997925+00:00
2022-01-26,81.3794,portal.amfiindia.com / AMFI Historical NAV,2026-09-05T05:36:32.997925+00:00
2022-01-27,82.0203,portal.amfiindia.com / AMFI Historical NAV,2026-09-05T05:36:32.997925+00:00
2022-01-28,83.0104,portal.amfiindia.com / AMFI Historical NAV,2026-09-05T05:36:32.997925+00:00
2022-01-31,82.9862,portal.amfiindia.com / AMFI Historical NAV,2026-09-05T05:36:32.997925+00:00
2022-02-01,82.5291,portal.amfiindia.com / AMFI Historical NAV,2026-09-05T05:36:32.997925+00:00
2022-02-02,81.1987,portal.amfiindia.com / AMFI Historical NAV,2026-09-05T05:36:32.997925+00:00
2022-02-03,81.0677,portal.amfiindia.com / AMFI Historical NAV,2026-09-05T05:36:32.997925+00:00
2022-02-04,80.1497,portal.amfiindia.com / AMFI Historical NAV,2026-09-05T05:36:32.997925+00:00
2022-02-07,77.7356,portal.amfiindia.com / AMFI Historical NAV,2026-09-05T05:36:32.997925+00:00
2022-02-08,77.7532,portal.amfiindia.com / AMFI Historical NAV,2026-09-05T05:36:32.997925+00:00
2022-02-09,78.4339,portal.amfiindia.com / AMFI Historical NAV,2026-09-05T05:36:32.997925+00:00
2022-02-10,76.1386,portal.amfiindia.com / AMFI Historical NAV,2026-09-05T05:36:32.997925+00:00
2022-02-11,74.7575,portal.amfiindia.com / AMFI Historical NAV,2026-09-05T05:36:32.997925+00:00
2022-02-14,75.4448,portal.amfiindia.com / AMFI Historical NAV,2026-09-05T05:36:32.997925+00:00
2022-02-15,77.0328,portal.amfiindia.com / AMFI Historical NAV,2026-09-05T05:36:32.997925+00:00
2022-02-16,76.95,portal.amfiindia.com / AMFI Historical NAV,2026-09-05T05:36:32.997925+00:00
2022-02-17,76.1027,portal.amfiindia.com / AMFI Historical NAV,2026-09-05T05:36:32.997925+00:00
2022-02-18,75.6557,portal.amfiindia.com / AMFI Historical NAV,2026-09-05T05:36:32.997925+00:00
2022-02-21,76.8505,portal.amfiindia.com / AMFI Historical NAV,2026-09-05T05:36:32.997925+00:00
2022-02-22,76.152,portal.amfiindia.com / AMFI Historical NAV,2026-09-05T05:36:32.997925+00:00
2022-02-23,75.2734,portal.amfiindia.com / AMFI Historical NAV,2026-09-05T05:36:32.997925+00:00
2022-02-24,74.581,portal.amfiindia.com / AMFI Historical NAV,2026-09-05T05:36:32.997925+00:00
2022-02-25,73.7899,portal.amfiindia.com / AMFI Historical NAV,2026-09-05T05:36:32.997925+00:00
2022-02-28,74.3459,portal.amfiindia.com / AMFI Historical NAV,2026-09-05T05:36:32.997925+00:00
2022-03-01,75.7847,portal.amfiindia.com / AMFI Historical NAV,2026-09-05T05:36:32.997925+00:00
2022-03-02,76.3371,portal.amfiindia.com / AMFI Historical NAV,2026-09-05T05:36:32.997925+00:00
2022-03-03,75.6422,portal.amfiindia.com / AMFI Historical NAV,2026-09-05T05:36:32.997925+00:00
2022-03-04,75.3864,portal.amfiindia.com / AMFI Historical NAV,2026-09-05T05:36:32.997925+00:00
2022-03-07,73.6124,portal.amfiindia.com / AMFI Historical NAV,2026-09-05T05:36:32.997925+00:00
2022-03-08,73.9114,portal.amfiindia.com / AMFI Historical NAV,2026-09-05T05:36:32.997925+00:00
2022-03-09,73.5844,portal.amfiindia.com / AMFI Historical NAV,2026-09-05T05:36:32.997925+00:00
2022-03-10,73.7375,portal.amfiindia.com / AMFI Historical NAV,2026-09-05T05:36:32.997925+00:00
2022-03-11,76.7797,portal.amfiindia.com / AMFI Historical NAV,2026-09-05T05:36:32.997925+00:00
2022-03-14,77.0859,portal.amfiindia.com / AMFI Historical NAV,2026-09-05T05:36:32.997925+00:00
2022-03-15,75.882,portal.amfiindia.com / AMFI Historical NAV,2026-09-05T05:36:32.997925+00:00
2022-03-16,75.3965,portal.amfiindia.com / AMFI Historical NAV,2026-09-05T05:36:32.997925+00:00
2022-03-17,76.4771,portal.amfiindia.com / AMFI Historical NAV,2026-09-05T05:36:32.997925+00:00
2022-03-18,76.5926,portal.amfiindia.com / AMFI Historical NAV,2026-09-05T05:36:32.997925+00:00
2022-03-21,74.6755,portal.amfiindia.com / AMFI Historical NAV,2026-09-05T05:36:32.997925+00:00
2022-03-22,75.1861,portal.amfiindia.com / AMFI Historical NAV,2026-09-05T05:36:32.997925+00:00
2022-03-23,74.5284,portal.amfiindia.com / AMFI Historical NAV,2026-09-05T05:36:32.997925+00:00
2022-03-24,76.3094,portal.amfiindia.com / AMFI Historical NAV,2026-09-05T05:36:32.997925+00:00
2022-03-25,76.5786,portal.amfiindia.com / AMFI Historical NAV,2026-09-05T05:36:32.997925+00:00
2022-03-28,76.08,portal.amfiindia.com / AMFI Historical NAV,2026-09-05T05:36:32.997925+00:00
2022-03-29,77.2422,portal.amfiindia.com / AMFI Historical NAV,2026-09-05T05:36:32.997925+00:00
2022-03-30,77.5254,portal.amfiindia.com / AMFI Historical NAV,2026-09-05T05:36:32.997925+00:00
2022-03-31,78.4851,portal.amfiindia.com / AMFI Historical NAV,2026-09-05T05:36:32.997925+00:00
2022-04-01,79.0783,portal.amfiindia.com / AMFI Historical NAV,2026-09-05T05:36:32.997925+00:00
2022-04-04,77.9861,portal.amfiindia.com / AMFI Historical NAV,2026-09-05T05:36:32.997925+00:00
2022-04-05,76.7516,portal.amfiindia.com / AMFI Historical NAV,2026-09-05T05:36:32.997925+00:00
2022-04-06,77.5302,portal.amfiindia.com / AMFI Historical NAV,2026-09-05T05:36:32.997925+00:00
2022-04-07,77.4901,portal.amfiindia.com / AMFI Historical NAV,2026-09-05T05:36:32.997925+00:00
2022-04-08,77.5079,portal.amfiindia.com / AMFI Historical NAV,2026-09-05T05:36:32.997925+00:00
2022-04-11,76.8054,portal.amfiindia.com / AMFI Historical NAV,2026-09-05T05:36:32.997925+00:00
2022-04-12,77.283,portal.amfiindia.com / AMFI Historical NAV,2026-09-05T05:36:32.997925+00:00
2022-04-13,79.2555,portal.amfiindia.com / AMFI Historical NAV,2026-09-05T05:36:32.997925+00:00
2022-04-14,78.0296,portal.amfiindia.com / AMFI Historical NAV,2026-09-05T05:36:32.997925+00:00
2022-04-15,77.9693,portal.amfiindia.com / AMFI Historical NAV,2026-09-05T05:36:32.997925+00:00
2022-04-18,79.7581,portal.amfiindia.com / AMFI Historical NAV,2026-09-05T05:36:32.997925+00:00
2022-04-19,79.3387,portal.amfiindia.com / AMFI Historical NAV,2026-09-05T05:36:32.997925+00:00
2022-04-20,80.2354,portal.amfiindia.com / AMFI Historical NAV,2026-09-05T05:36:32.997925+00:00
2022-04-21,79.0744,portal.amfiindia.com / AMFI Historical NAV,2026-09-05T05:36:32.997925+00:00
2022-04-22,79.8539,portal.amfiindia.com / AMFI Historical NAV,2026-09-05T05:36:32.997925+00:00
2022-04-25,79.1836,portal.amfiindia.com / AMFI Historical NAV,2026-09-05T05:36:32.997925+00:00
2022-04-26,80.2553,portal.amfiindia.com / AMFI Historical NAV,2026-09-05T05:36:32.997925+00:00
2022-04-27,81.1094,portal.amfiindia.com / AMFI Historical NAV,2026-09-05T05:36:32.997925+00:00
2022-04-28,83.1059,portal.amfiindia.com / AMFI Historical NAV,2026-09-05T05:36:32.997925+00:00
2022-04-29,83.7069,portal.amfiindia.com / AMFI Historical NAV,2026-09-05T05:36:32.997925+00:00
2022-05-02,84.3242,portal.amfiindia.com / AMFI Historical NAV,2026-09-05T05:36:32.997925+00:00
2022-05-03,84.1887,portal.amfiindia.com / AMFI Historical NAV,2026-09-05T05:36:32.997925+00:00
2022-05-04,83.2847,portal.amfiindia.com / AMFI Historical NAV,2026-09-05T05:36:32.997925+00:00
2022-05-05,83.5446,portal.amfiindia.com / AMFI Historical NAV,2026-09-05T05:36:32.997925+00:00
2022-05-06,83.1765,portal.amfiindia.com / AMFI Historical NAV,2026-09-05T05:36:32.997925+00:00
2022-05-09,83.4808,portal.amfiindia.com / AMFI Historical NAV,2026-09-05T05:36:32.997925+00:00
2022-05-10,85.0617,portal.amfiindia.com / AMFI Historical NAV,2026-09-05T05:36:32.997925+00:00
2022-05-11,83.9767,portal.amfiindia.com / AMFI Historical NAV,2026-09-05T05:36:32.997925+00:00
2022-05-12,85.6938,portal.amfiindia.com / AMFI Historical NAV,2026-09-05T05:36:32.997925+00:00
2022-05-13,87.0675,portal.amfiindia.com / AMFI Historical NAV,2026-09-05T05:36:32.997925+00:00
2022-05-16,86.7775,portal.amfiindia.com / AMFI Historical NAV,2026-09-05T05:36:32.997925+00:00
2022-05-17,83.9801,portal.amfiindia.com / AMFI Historical NAV,2026-09-05T05:36:32.997925+00:00
2022-05-18,83.2391,portal.amfiindia.com / AMFI Historical NAV,2026-09-05T05:36:32.997925+00:00
2022-05-19,84.3669,portal.amfiindia.com / AMFI Historical NAV,2026-09-05T05:36:32.997925+00:00
2022-05-20,84.6224,portal.amfiindia.com / AMFI Historical NAV,2026-09-05T05:36:32.997925+00:00
2022-05-23,83.727,portal.amfiindia.com / AMFI Historical NAV,2026-09-05T05:36:32.997925+00:00
2022-05-24,82.7838,portal.amfiindia.com / AMFI Historical NAV,2026-09-05T05:36:32.997925+00:00
2022-05-25,83.6243,portal.amfiindia.com / AMFI Historical NAV,2026-09-05T05:36:32.997925+00:00
2022-05-26,84.3478,portal.amfiindia.com / AMFI Historical NAV,2026-09-05T05:36:32.997925+00:00
2022-05-27,84.578,portal.amfiindia.com / AMFI Historical NAV,2026-09-05T05:36:32.997925+00:00
2022-05-30,84.4634,portal.amfiindia.com / AMFI Historical NAV,2026-09-05T05:36:32.997925+00:00
2022-05-31,84.2811,portal.amfiindia.com / AMFI Historical NAV,2026-09-05T05:36:32.997925+00:00
2022-06-01,83.3307,portal.amfiindia.com / AMFI Historical NAV,2026-09-05T05:36:32.997925+00:00
2022-06-02,85.017,portal.amfiindia.com / AMFI Historical NAV,2026-09-05T05:36:32.997925+00:00
2022-06-03,85.0699,portal.amfiindia.com / AMFI Historical NAV,2026-09-05T05:36:32.997925+00:00
2022-06-06,85.8026,portal.amfiindia.com / AMFI Historical NAV,2026-09-05T05:36:32.997925+00:00
2022-06-07,87.1897,portal.amfiindia.com / AMFI Historical NAV,2026-09-05T05:36:32.997925+00:00
2022-06-08,87.909,portal.amfiindia.com / AMFI Historical NAV,2026-09-05T05:36:32.997925+00:00
2022-06-09,87.5433,portal.amfiindia.com / AMFI Historical NAV,2026-09-05T05:36:32.997925+00:00
2022-06-10,88.3474,portal.amfiindia.com / AMFI Historical NAV,2026-09-05T05:36:32.997925+00:00
2022-06-13,88.0633,portal.amfiindia.com / AMFI Historical NAV,2026-09-05T05:36:32.997925+00:00
2022-06-14,86.2267,portal.amfiindia.com / AMFI Historical NAV,2026-09-05T05:36:32.997925+00:00
2022-06-15,86.3708,portal.amfiindia.com / AMFI Historical NAV,2026-09-05T05:36:32.997925+00:00
2022-06-16,85.4279,portal.amfiindia.com / AMFI Historical NAV,2026-09-05T05:36:32.997925+00:00
2022-06-17,86.7729,portal.amfiindia.com / AMFI Historical NAV,2026-09-05T05:36:32.997925+00:00
2022-06-20,86.3949,portal.amfiindia.com / AMFI Historical NAV,2026-09-05T05:36:32.997925+00:00
2022-06-21,86.4983,portal.amfiindia.com / AMFI Historical NAV,2026-09-05T05:36:32.997925+00:00
2022-06-22,86.3166,portal.amfiindia.com / AMFI Historical NAV,2026-09-05T05:36:32.997925+00:00
2022-06-23,86.357,portal.amfiindia.com / AMFI Historical NAV,2026-09-05T05:36:32.997925+00:00
2022-06-24,86.552,portal.amfiindia.com / AMFI Historical NAV,2026-09-05T05:36:32.997925+00:00
2022-06-27,87.0113,portal.amfiindia.com / AMFI Historical NAV,2026-09-05T05:36:32.997925+00:00
2022-06-28,87.9071,portal.amfiindia.com / AMFI Historical NAV,2026-09-05T05:36:32.997925+00:00
2022-06-29,86.7506,portal.amfiindia.com / AMFI Historical NAV,2026-09-05T05:36:32.997925+00:00
2022-06-30,86.6844,portal.amfiindia.com / AMFI Historical NAV,2026-09-05T05:36:32.997925+00:00
2022-07-01,88.1334,portal.amfiindia.com / AMFI Historical NAV,2026-09-05T05:36:32.997925+00:00
2022-07-04,87.3532,portal.amfiindia.com / AMFI Historical NAV,2026-09-05T05:36:32.997925+00:00
2022-07-05,87.2933,portal.amfiindia.com / AMFI Historical NAV,2026-09-05T05:36:32.997925+00:00
2022-07-06,87.7927,portal.amfiindia.com / AMFI Historical NAV,2026-09-05T05:36:32.997925+00:00
2022-07-07,87.7231,portal.amfiindia.com / AMFI Historical NAV,2026-09-05T05:36:32.997925+00:00
2022-07-08,88.7012,portal.amfiindia.com / AMFI Historical NAV,2026-09-05T05:36:32.997925+00:00
2022-07-11,89.1414,portal.amfiindia.com / AMFI Historical NAV,2026-09-05T05:36:32.997925+00:00
2022-07-12,89.9506,portal.amfiindia.com / AMFI Historical NAV,2026-09-05T05:36:32.997925+00:00
2022-07-13,90.6349,portal.amfiindia.com / AMFI Historical NAV,2026-09-05T05:36:32.997925+00:00
2022-07-14,91.1373,portal.amfiindia.com / AMFI Historical NAV,2026-09-05T05:36:32.997925+00:00
2022-07-15,91.1192,portal.amfiindia.com / AMFI Historical NAV,2026-09-05T05:36:32.997925+00:00
2022-07-18,91.0067,portal.amfiindia.com / AMFI Historical NAV,2026-09-05T05:36:32.997925+00:00
2022-07-19,93.2653,portal.amfiindia.com / AMFI Historical NAV,2026-09-05T05:36:32.997925+00:00
2022-07-20,93.6983,portal.amfiindia.com / AMFI Historical NAV,2026-09-05T05:36:32.997925+00:00
2022-07-21,92.8302,portal.amfiindia.com / AMFI Historical NAV,2026-09-05T05:36:32.997925+00:00
2022-07-22,93.3509,portal.amfiindia.com / AMFI Historical NAV,2026-09-05T05:36:32.997925+00:00
2022-07-25,93.4418,portal.amfiindia.com / AMFI Historical NAV,2026-09-05T05:36:32.997925+00:00
2022-07-26,91.8053,portal.amfiindia.com / AMFI Historical NAV,2026-09-05T05:36:32.997925+00:00
2022-07-27,92.653,portal.amfiindia.com / AMFI Historical NAV,2026-09-05T05:36:32.997925+00:00
2022-07-28,92.3587,portal.amfiindia.com / AMFI Historical NAV,2026-09-05T05:36:32.997925+00:00
2022-07-29,92.5307,portal.amfiindia.com / AMFI Historical NAV,2026-09-05T05:36:32.997925+00:00
2022-08-01,93.3837,portal.amfiindia.com / AMFI Historical NAV,2026-09-05T05:36:32.997925+00:00
2022-08-02,93.8039,portal.amfiindia.com / AMFI Historical NAV,2026-09-05T05:36:32.997925+00:00
2022-08-03,94.0327,portal.amfiindia.com / AMFI Historical NAV,2026-09-05T05:36:32.997925+00:00
2022-08-04,94.2543,portal.amfiindia.com / AMFI Historical NAV,2026-09-05T05:36:32.997925+00:00
2022-08-05,95.3411,portal.amfiindia.com / AMFI Historical NAV,2026-09-05T05:36:32.997925+00:00
2022-08-08,96.3908,portal.amfiindia.com / AMFI Historical NAV,2026-09-05T05:36:32.997925+00:00
2022-08-09,96.6215,portal.amfiindia.com / AMFI Historical NAV,2026-09-05T05:36:32.997925+00:00
2022-08-10,97.2795,portal.amfiindia.com / AMFI Historical NAV,2026-09-05T05:36:32.997925+00:00
2022-08-11,95.7549,portal.amfiindia.com / AMFI Historical NAV,2026-09-05T05:36:32.997925+00:00
2022-08-12,96.9088,portal.amfiindia.com / AMFI Historical NAV,2026-09-05T05:36:32.997925+00:00
2022-08-15,96.3137,portal.amfiindia.com / AMFI Historical NAV,2026-09-05T05:36:32.997925+00:00
2022-08-16,97.7748,portal.amfiindia.com / AMFI Historical NAV,2026-09-05T05:36:32.997925+00:00
2022-08-17,97.8365,portal.amfiindia.com / AMFI Historical NAV,2026-09-05T05:36:32.997925+00:00
2022-08-18,98.7635,portal.amfiindia.com / AMFI Historical NAV,2026-09-05T05:36:32.997925+00:00
2022-08-19,98.4497,portal.amfiindia.com / AMFI Historical NAV,2026-09-05T05:36:32.997925+00:00
2022-08-22,97.4393,portal.amfiindia.com / AMFI Historical NAV,2026-09-05T05:36:32.997925+00:00
2022-08-23,97.7751,portal.amfiindia.com / AMFI Historical NAV,2026-09-05T05:36:32.997925+00:00
2022-08-24,96.7749,portal.amfiindia.com / AMFI Historical NAV,2026-09-05T05:36:32.997925+00:00
2022-08-25,97.5027,portal.amfiindia.com / AMFI Historical NAV,2026-09-05T05:36:32.997925+00:00
2022-08-26,95.412,portal.amfiindia.com / AMFI Historical NAV,2026-09-05T05:36:32.997925+00:00
2022-08-29,94.4932,portal.amfiindia.com / AMFI Historical NAV,2026-09-05T05:36:32.997925+00:00
2022-08-30,94.3141,portal.amfiindia.com / AMFI Historical NAV,2026-09-05T05:36:32.997925+00:00
2022-08-31,95.2693,portal.amfiindia.com / AMFI Historical NAV,2026-09-05T05:36:32.997925+00:00
2022-09-01,96.3834,portal.amfiindia.com / AMFI Historical NAV,2026-09-05T05:36:32.997925+00:00
2022-09-02,96.3443,portal.amfiindia.com / AMFI Historical NAV,2026-09-05T05:36:32.997925+00:00
2022-09-05,96.2715,portal.amfiindia.com / AMFI Historical NAV,2026-09-05T05:36:32.997925+00:00
2022-09-06,96.5693,portal.amfiindia.com / AMFI Historical NAV,2026-09-05T05:36:32.997925+00:00
2022-09-07,97.0537,portal.amfiindia.com / AMFI Historical NAV,2026-09-05T05:36:32.997925+00:00
2022-09-08,96.5777,portal.amfiindia.com / AMFI Historical NAV,2026-09-05T05:36:32.997925+00:00
2022-09-09,95.7873,portal.amfiindia.com / AMFI Historical NAV,2026-09-05T05:36:32.997925+00:00
2022-09-12,96.3982,portal.amfiindia.com / AMFI Historical NAV,2026-09-05T05:36:32.997925+00:00
2022-09-13,96.6791,portal.amfiindia.com / AMFI Historical NAV,2026-09-05T05:36:32.997925+00:00
2022-09-14,97.1385,portal.amfiindia.com / AMFI Historical NAV,2026-09-05T05:36:32.997925+00:00
2022-09-15,98.0329,portal.amfiindia.com / AMFI Historical NAV,2026-09-05T05:36:32.997925+00:00
2022-09-16,95.2887,portal.amfiindia.com / AMFI Historical NAV,2026-09-05T05:36:32.997925+00:00
2022-09-19,95.5202,portal.amfiindia.com / AMFI Historical NAV,2026-09-05T05:36:32.997925+00:00
2022-09-20,95.1231,portal.amfiindia.com / AMFI Historical NAV,2026-09-05T05:36:32.997925+00:00
2022-09-21,93.6706,portal.amfiindia.com / AMFI Historical NAV,2026-09-05T05:36:32.997925+00:00
2022-09-22,93.9176,portal.amfiindia.com / AMFI Historical NAV,2026-09-05T05:36:32.997925+00:00
2022-09-23,94.8906,portal.amfiindia.com / AMFI Historical NAV,2026-09-05T05:36:32.997925+00:00
2022-09-26,95.1016,portal.amfiindia.com / AMFI Historical NAV,2026-09-05T05:36:32.997925+00:00
2022-09-27,95.7327,portal.amfiindia.com / AMFI Historical NAV,2026-09-05T05:36:32.997925+00:00
2022-09-28,97.0691,portal.amfiindia.com / AMFI Historical NAV,2026-09-05T05:36:32.997925+00:00
2022-09-29,99.0555,portal.amfiindia.com / AMFI Historical NAV,2026-09-05T05:36:32.997925+00:00
2022-09-30,99.9324,portal.amfiindia.com / AMFI Historical NAV,2026-09-05T05:36:32.997925+00:00
2022-10-03,99.8833,portal.amfiindia.com / AMFI Historical NAV,2026-09-05T05:36:32.997925+00:00
2022-10-04,100.321,portal.amfiindia.com / AMFI Historical NAV,2026-09-05T05:36:32.997925+00:00
2022-10-05,98.7436,portal.amfiindia.com / AMFI Historical NAV,2026-09-05T05:36:32.997925+00:00
2022-10-06,98.4714,portal.amfiindia.com / AMFI Historical NAV,2026-09-05T05:36:32.997925+00:00
2022-10-07,97.5177,portal.amfiindia.com / AMFI Historical NAV,2026-09-05T05:36:32.997925+00:00
2022-10-10,99.2751,portal.amfiindia.com / AMFI Historical NAV,2026-09-05T05:36:32.997925+00:00
2022-10-11,99.8218,portal.amfiindia.com / AMFI Historical NAV,2026-09-05T05:36:32.997925+00:00
2022-10-12,100.3072,portal.amfiindia.com / AMFI Historical NAV,2026-09-05T05:36:32.997925+00:00
2022-10-13,101.1843,portal.amfiindia.com / AMFI Historical NAV,2026-09-05T05:36:32.997925+00:00
2022-10-14,100.7101,portal.amfiindia.com / AMFI Historical NAV,2026-09-05T05:36:32.997925+00:00
2022-10-17,101.7586,portal.amfiindia.com / AMFI Historical NAV,2026-09-05T05:36:32.997925+00:00
2022-10-18,100.1262,portal.amfiindia.com / AMFI Historical NAV,2026-09-05T05:36:32.997925+00:00
2022-10-19,100.0285,portal.amfiindia.com / AMFI Historical NAV,2026-09-05T05:36:32.997925+00:00
2022-10-20,99.8408,portal.amfiindia.com / AMFI Historical NAV,2026-09-05T05:36:32.997925+00:00
2022-10-21,98.9877,portal.amfiindia.com / AMFI Historical NAV,2026-09-05T05:36:32.997925+00:00
2022-10-24,98.4454,portal.amfiindia.com / AMFI Historical NAV,2026-09-05T05:36:32.997925+00:00
2022-10-25,98.4654,portal.amfiindia.com / AMFI Historical NAV,2026-09-05T05:36:32.997925+00:00
2022-10-26,97.8946,portal.amfiindia.com / AMFI Historical NAV,2026-09-05T05:36:32.997925+00:00
2022-10-27,97.4581,portal.amfiindia.com / AMFI Historical NAV,2026-09-05T05:36:32.997925+00:00
2022-10-28,96.6508,portal.amfiindia.com / AMFI Historical NAV,2026-09-05T05:36:32.997925+00:00
2022-10-31,96.0166,portal.amfiindia.com / AMFI Historical NAV,2026-09-05T05:36:32.997925+00:00
2022-11-01,94.9619,portal.amfiindia.com / AMFI Historical NAV,2026-09-05T05:36:32.997925+00:00
2022-11-02,95.9873,portal.amfiindia.com / AMFI Historical NAV,2026-09-05T05:36:32.997925+00:00
2022-11-03,95.9535,portal.amfiindia.com / AMFI Historical NAV,2026-09-05T05:36:32.997925+00:00
2022-11-04,95.0919,portal.amfiindia.com / AMFI Historical NAV,2026-09-05T05:36:32.997925+00:00
2022-11-07,95.9704,portal.amfiindia.com / AMFI Historical NAV,2026-09-05T05:36:32.997925+00:00
2022-11-08,95.3751,portal.amfiindia.com / AMFI Historical NAV,2026-09-05T05:36:32.997925+00:00
2022-11-09,95.8418,portal.amfiindia.com / AMFI Historical NAV,2026-09-05T05:36:32.997925+00:00
2022-11-10,96.7091,portal.amfiindia.com / AMFI Historical NAV,2026-09-05T05:36:32.997925+00:00
2022-11-11,95.2965,portal.amfiindia.com / AMFI Historical NAV,2026-09-05T05:36:32.997925+00:00
2022-11-14,95.623,portal.amfiindia.com / AMFI Historical NAV,2026-09-05T05:36:32.997925+00:00
2022-11-15,95.6255,portal.amfiindia.com / AMFI Historical NAV,2026-09-05T05:36:32.997925+00:00
2022-11-16,95.8392,portal.amfiindia.com / AMFI Historical NAV,2026-09-05T05:36:32.997925+00:00
2022-11-17,96.1502,portal.amfiindia.com / AMFI Historical NAV,2026-09-05T05:36:32.997925+00:00
2022-11-18,96.1564,portal.amfiindia.com / AMFI Historical NAV,2026-09-05T05:36:32.997925+00:00
2022-11-21,96.1266,portal.amfiindia.com / AMFI Historical NAV,2026-09-05T05:36:32.997925+00:00
2022-11-22,95.9045,portal.amfiindia.com / AMFI Historical NAV,2026-09-05T05:36:32.997925+00:00
2022-11-23,96.749,portal.amfiindia.com / AMFI Historical NAV,2026-09-05T05:36:32.997925+00:00
2022-11-24,97.1155,portal.amfiindia.com / AMFI Historical NAV,2026-09-05T05:36:32.997925+00:00
2022-11-25,98.8524,portal.amfiindia.com / AMFI Historical NAV,2026-09-05T05:36:32.997925+00:00
2022-11-28,98.4855,portal.amfiindia.com / AMFI Historical NAV,2026-09-05T05:36:32.997925+00:00
2022-11-29,98.0778,portal.amfiindia.com / AMFI Historical NAV,2026-09-05T05:36:32.997925+00:00
2022-11-30,96.4864,portal.amfiindia.com / AMFI Historical NAV,2026-09-05T05:36:32.997925+00:00
2022-12-01,94.8219,portal.amfiindia.com / AMFI Historical NAV,2026-09-05T05:36:32.997925+00:00
2022-12-02,93.6745,portal.amfiindia.com / AMFI Historical NAV,2026-09-05T05:36:32.997925+00:00
2022-12-05,94.0555,portal.amfiindia.com / AMFI Historical NAV,2026-09-05T05:36:32.997925+00:00
2022-12-06,94.0719,portal.amfiindia.com / AMFI Historical NAV,2026-09-05T05:36:32.997925+00:00
2022-12-07,93.2613,portal.amfiindia.com / AMFI Historical NAV,2026-09-05T05:36:32.997925+00:00
2022-12-08,94.2409,portal.amfiindia.com / AMFI Historical NAV,2026-09-05T05:36:32.997925+00:00
2022-12-09,93.6455,portal.amfiindia.com / AMFI Historical NAV,2026-09-05T05:36:32.997925+00:00
2022-12-12,93.2433,portal.amfiindia.com / AMFI Historical NAV,2026-09-05T05:36:32.997925+00:00
2022-12-13,94.5237,portal.amfiindia.com / AMFI Historical NAV,2026-09-05T05:36:32.997925+00:00
2022-12-14,95.1331,portal.amfiindia.com / AMFI Historical NAV,2026-09-05T05:36:32.997925+00:00
2022-12-15,95.0168,portal.amfiindia.com / AMFI Historical NAV,2026-09-05T05:36:32.997925+00:00
2022-12-16,94.2168,portal.amfiindia.com / AMFI Historical NAV,2026-09-05T05:36:32.997925+00:00
2022-12-19,91.7942,portal.amfiindia.com / AMFI Historical NAV,2026-09-05T05:36:32.997925+00:00
2022-12-20,91.1462,portal.amfiindia.com / AMFI Historical NAV,2026-09-05T05:36:32.997925+00:00
2022-12-21,90.9266,portal.amfiindia.com / AMFI Historical NAV,2026-09-05T05:36:32.997925+00:00
2022-12-22,90.4493,portal.amfiindia.com / AMFI Historical NAV,2026-09-05T05:36:32.997925+00:00
2022-12-23,90.1508,portal.amfiindia.com / AMFI Historical NAV,2026-09-05T05:36:32.997925+00:00
2022-12-26,90.8698,portal.amfiindia.com / AMFI Historical NAV,2026-09-05T05:36:32.997925+00:00
2022-12-27,90.0565,portal.amfiindia.com / AMFI Historical NAV,2026-09-05T05:36:32.997925+00:00
2022-12-28,90.0859,portal.amfiindia.com / AMFI Historical NAV,2026-09-05T05:36:32.997925+00:00
2022-12-29,90.189,portal.amfiindia.com / AMFI Historical NAV,2026-09-05T05:36:32.997925+00:00
2022-12-30,90.8926,portal.amfiindia.com / AMFI Historical NAV,2026-09-05T05:36:32.997925+00:00
2023-01-02,90.1344,portal.amfiindia.com / AMFI Historical NAV,2026-09-05T05:36:32.997925+00:00
2023-01-03,91.681,portal.amfiindia.com / AMFI Historical NAV,2026-09-05T05:36:32.997925+00:00
2023-01-04,91.5178,portal.amfiindia.com / AMFI Historical NAV,2026-09-05T05:36:32.997925+00:00
2023-01-05,91.1859,portal.amfiindia.com / AMFI Historical NAV,2026-09-05T05:36:32.997925+00:00
2023-01-06,92.3084,portal.amfiindia.com / AMFI Historical NAV,2026-09-05T05:36:32.997925+00:00
2023-01-09,92.5055,portal.amfiindia.com / AMFI Historical NAV,2026-09-05T05:36:32.997925+00:00
2023-01-10,93.3932,portal.amfiindia.com / AMFI Historical NAV,2026-09-05T05:36:32.997925+00:00
2023-01-11,94.1391,portal.amfiindia.com / AMFI Historical NAV,2026-09-05T05:36:32.997925+00:00
2023-01-12,93.3176,portal.amfiindia.com / AMFI Historical NAV,2026-09-05T05:36:32.997925+00:00
2023-01-13,93.8833,portal.amfiindia.com / AMFI Historical NAV,2026-09-05T05:36:32.997925+00:00
2023-01-16,92.8062,portal.amfiindia.com / AMFI Historical NAV,2026-09-05T05:36:32.997925+00:00
2023-01-17,92.8991,portal.amfiindia.com / AMFI Historical NAV,2026-09-05T05:36:32.997925+00:00
2023-01-18,92.9562,portal.amfiindia.com / AMFI Historical NAV,2026-09-05T05:36:32.997925+00:00
2023-01-19,92.2904,portal.amfiindia.com / AMFI Historical NAV,2026-09-05T05:36:32.997925+00:00
2023-01-20,91.9581,portal.amfiindia.com / AMFI Historical NAV,2026-09-05T05:36:32.997925+00:00
2023-01-23,91.04,portal.amfiindia.com / AMFI Historical NAV,2026-09-05T05:36:32.997925+00:00
2023-01-24,90.9934,portal.amfiindia.com / AMFI Historical NAV,2026-09-05T05:36:32.997925+00:00
2023-01-25,91.0977,portal.amfiindia.com / AMFI Historical NAV,2026-09-05T05:36:32.997925+00:00
2023-01-26,91.3654,portal.amfiindia.com / AMFI Historical NAV,2026-09-05T05:36:32.997925+00:00
2023-01-27,90.5153,portal.amfiindia.com / AMFI Historical NAV,2026-09-05T05:36:32.997925+00:00
2023-01-30,92.0352,portal.amfiindia.com / AMFI Historical NAV,2026-09-05T05:36:32.997925+00:00
2023-01-31,91.3398,portal.amfiindia.com / AMFI Historical NAV,2026-09-05T05:36:32.997925+00:00
2023-02-01,92.2326,portal.amfiindia.com / AMFI Historical NAV,2026-09-05T05:36:32.997925+00:00
2023-02-02,93.0464,portal.amfiindia.com / AMFI Historical NAV,2026-09-05T05:36:32.997925+00:00
2023-02-03,92.3025,portal.amfiindia.com / AMFI Historical NAV,2026-09-05T05:36:32.997925+00:00
2023-02-06,94.3269,portal.amfiindia.com / AMFI Historical NAV,2026-09-05T05:36:32.997925+00:00
2023-02-07,92.8498,portal.amfiindia.com / AMFI Historical NAV,2026-09-05T05:36:32.997925+00:00
2023-02-08,94.2368,portal.amfiindia.com / AMFI Historical NAV,2026-09-05T05:36:32.997925+00:00
2023-02-09,94.9551,portal.amfiindia.com / AMFI Historical NAV,2026-09-05T05:36:32.997925+00:00
2023-02-10,94.3793,portal.amfiindia.com / AMFI Historical NAV,2026-09-05T05:36:32.997925+00:00
2023-02-13,94.8402,portal.amfiindia.com / AMFI Historical NAV,2026-09-05T05:36:32.997925+00:00
2023-02-14,94.5237,portal.amfiindia.com / AMFI Historical NAV,2026-09-05T05:36:32.997925+00:00
2023-02-15,94.4199,portal.amfiindia.com / AMFI Historical NAV,2026-09-05T05:36:32.997925+00:00
2023-02-16,94.4567,portal.amfiindia.com / AMFI Historical NAV,2026-09-05T05:36:32.997925+00:00
2023-02-17,94.3544,portal.amfiindia.com / AMFI Historical NAV,2026-09-05T05:36:32.997925+00:00
2023-02-20,95.4235,portal.amfiindia.com / AMFI Historical NAV,2026-09-05T05:36:32.997925+00:00
2023-02-21,96.2043,portal.amfiindia.com / AMFI Historical NAV,2026-09-05T05:36:32.997925+00:00
2023-02-22,94.9513,portal.amfiindia.com / AMFI Historical NAV,2026-09-05T05:36:32.997925+00:00
2023-02-23,95.6456,portal.amfiindia.com / AMFI Historical NAV,2026-09-05T05:36:32.997925+00:00
2023-02-24,94.0152,portal.amfiindia.com / AMFI Historical NAV,2026-09-05T05:36:32.997925+00:00
2023-02-27,95.5739,portal.amfiindia.com / AMFI Historical NAV,2026-09-05T05:36:32.997925+00:00
2023-02-28,96.2662,portal.amfiindia.com / AMFI Historical NAV,2026-09-05T05:36:32.997925+00:00
2023-03-01,96.0697,portal.amfiindia.com / AMFI Historical NAV,2026-09-05T05:36:32.997925+00:00
2023-03-02,95.6992,portal.amfiindia.com / AMFI Historical NAV,2026-09-05T05:36:32.997925+00:00
2023-03-03,94.8588,portal.amfiindia.com / AMFI Historical NAV,2026-09-05T05:36:32.997925+00:00
2023-03-06,95.1492,portal.amfiindia.com / AMFI Historical NAV,2026-09-05T05:36:32.997925+00:00
2023-03-07,95.442,portal.amfiindia.com / AMFI Historical NAV,2026-09-05T05:36:32.997925+00:00
2023-03-08,96.0902,portal.amfiindia.com / AMFI Historical NAV,2026-09-05T05:36:32.997925+00:00
2023-03-09,97.0695,portal.amfiindia.com / AMFI Historical NAV,2026-09-05T05:36:32.997925+00:00
2023-03-10,98.2584,portal.amfiindia.com / AMFI Historical NAV,2026-09-05T05:36:32.997925+00:00
2023-03-13,97.9814,portal.amfiindia.com / AMFI Historical NAV,2026-09-05T05:36:32.997925+00:00
2023-03-14,98.216,portal.amfiindia.com / AMFI Historical NAV,2026-09-05T05:36:32.997925+00:00
2023-03-15,96.8719,portal.amfiindia.com / AMFI Historical NAV,2026-09-05T05:36:32.997925+00:00
2023-03-16,96.507,portal.amfiindia.com / AMFI Historical NAV,2026-09-05T05:36:32.997925+00:00
2023-03-17,97.9896,portal.amfiindia.com / AMFI Historical NAV,2026-09-05T05:36:32.997925+00:00
2023-03-20,99.5442,portal.amfiindia.com / AMFI Historical NAV,2026-09-05T05:36:32.997925+00:00
2023-03-21,98.6843,portal.amfiindia.com / AMFI Historical NAV,2026-09-05T05:36:32.997925+00:00
2023-03-22,97.6477,portal.amfiindia.com / AMFI Historical NAV,2026-09-05T05:36:32.997925+00:00
2023-03-23,96.6576,portal.amfiindia.com / AMFI Historical NAV,2026-09-05T05:36:32.997925+00:00
2023-03-24,97.0967,portal.amfiindia.com / AMFI Historical NAV,2026-09-05T05:36:32.997925+00:00
2023-03-27,96.4506,portal.amfiindia.com / AMFI Historical NAV,2026-09-05T05:36:32.997925+00:00
2023-03-28,96.6583,portal.amfiindia.com / AMFI Historical NAV,2026-09-05T05:36:32.997925+00:00
2023-03-29,96.4219,portal.amfiindia.com / AMFI Historical NAV,2026-09-05T05:36:32.997925+00:00
2023-03-30,96.4453,portal.amfiindia.com / AMFI Historical NAV,2026-09-05T05:36:32.997925+00:00
2023-03-31,97.3868,portal.amfiindia.com / AMFI Historical NAV,2026-09-05T05:36:32.997925+00:00
2023-04-03,97.5213,portal.amfiindia.com / AMFI Historical NAV,2026-09-05T05:36:32.997925+00:00
2023-04-04,97.019,portal.amfiindia.com / AMFI Historical NAV,2026-09-05T05:36:32.997925+00:00
2023-04-05,97.4225,portal.amfiindia.com / AMFI Historical NAV,2026-09-05T05:36:32.997925+00:00
2023-04-06,97.3721,portal.amfiindia.com / AMFI Historical NAV,2026-09-05T05:36:32.997925+00:00
2023-04-07,97.4133,portal.amfiindia.com / AMFI Historical NAV,2026-09-05T05:36:32.997925+00:00
2023-04-10,97.1415,portal.amfiindia.com / AMFI Historical NAV,2026-09-05T05:36:32.997925+00:00
2023-04-11,98.1072,portal.amfiindia.com / AMFI Historical NAV,2026-09-05T05:36:32.997925+00:00
2023-04-12,98.635,portal.amfiindia.com / AMFI Historical NAV,2026-09-05T05:36:32.997925+00:00
2023-04-13,98.5271,portal.amfiindia.com / AMFI Historical NAV,2026-09-05T05:36:32.997925+00:00
2023-04-14,99.3099,portal.amfiindia.com / AMFI Historical NAV,2026-09-05T05:36:32.997925+00:00
2023-04-17,99.062,portal.amfiindia.com / AMFI Historical NAV,2026-09-05T05:36:32.997925+00:00
2023-04-18,99.272,portal.amfiindia.com / AMFI Historical NAV,2026-09-05T05:36:32.997925+00:00
2023-04-19,99.4636,portal.amfiindia.com / AMFI Historical NAV,2026-09-05T05:36:32.997925+00:00
2023-04-20,99.8007,portal.amfiindia.com / AMFI Historical NAV,2026-09-05T05:36:32.997925+00:00
2023-04-21,100.1037,portal.amfiindia.com / AMFI Historical NAV,2026-09-05T05:36:32.997925+00:00
2023-04-24,98.968,portal.amfiindia.com / AMFI Historical NAV,2026-09-05T05:36:32.997925+00:00
2023-04-25,98.6507,portal.amfiindia.com / AMFI Historical NAV,2026-09-05T05:36:32.997925+00:00
2023-04-26,97.6165,portal.amfiindia.com / AMFI Historical NAV,2026-09-05T05:36:32.997925+00:00
2023-04-27,97.2115,portal.amfiindia.com / AMFI Historical NAV,2026-09-05T05:36:32.997925+00:00
2023-04-28,98.4621,portal.amfiindia.com / AMFI Historical NAV,2026-09-05T05:36:32.997925+00:00
2023-05-01,99.9563,portal.amfiindia.com / AMFI Historical NAV,2026-09-05T05:36:32.997925+00:00
2023-05-02,100.1297,portal.amfiindia.com / AMFI Historical NAV,2026-09-05T05:36:32.997925+00:00
2023-05-03,100.5209,portal.amfiindia.com / AMFI Historical NAV,2026-09-05T05:36:32.997925+00:00
2023-05-04,99.51,portal.amfiindia.com / AMFI Historical NAV,2026-09-05T05:36:32.997925+00:00
2023-05-05,99.2146,portal.amfiindia.com / AMFI Historical NAV,2026-09-05T05:36:32.997925+00:00
2023-05-08,98.87,portal.amfiindia.com / AMFI Historical NAV,2026-09-05T05:36:32.997925+00:00
2023-05-09,99.2415,portal.amfiindia.com / AMFI Historical NAV,2026-09-05T05:36:32.997925+00:00
2023-05-10,99.0831,portal.amfiindia.com / AMFI Historical NAV,2026-09-05T05:36:32.997925+00:00
2023-05-11,98.9536,portal.amfiindia.com / AMFI Historical NAV,2026-09-05T05:36:32.997925+00:00
2023-05-12,97.4349,portal.amfiindia.com / AMFI Historical NAV,2026-09-05T05:36:32.997925+00:00
2023-05-15,97.728,portal.amfiindia.com / AMFI Historical NAV,2026-09-05T05:36:32.997925+00:00
2023-05-16,96.8387,portal.amfiindia.com / AMFI Historical NAV,2026-09-05T05:36:32.997925+00:00
2023-05-17,96.9165,portal.amfiindia.com / AMFI Historical NAV,2026-09-05T05:36:32.997925+00:00
2023-05-18,98.6041,portal.amfiindia.com / AMFI Historical NAV,2026-09-05T05:36:32.997925+00:00
2023-05-19,98.9732,portal.amfiindia.com / AMFI Historical NAV,2026-09-05T05:36:32.997925+00:00
2023-05-22,96.9784,portal.amfiindia.com / AMFI Historical NAV,2026-09-05T05:36:32.997925+00:00
2023-05-23,96.7124,portal.amfiindia.com / AMFI Historical NAV,2026-09-05T05:36:32.997925+00:00
2023-05-24,97.553,portal.amfiindia.com / AMFI Historical NAV,2026-09-05T05:36:32.997925+00:00
2023-05-25,99.1843,portal.amfiindia.com / AMFI Historical NAV,2026-09-05T05:36:32.997925+00:00
2023-05-26,98.506,portal.amfiindia.com / AMFI Historical NAV,2026-09-05T05:36:32.997925+00:00
2023-05-29,99.463,portal.amfiindia.com / AMFI Historical NAV,2026-09-05T05:36:32.997925+00:00
2023-05-30,98.2617,portal.amfiindia.com / AMFI Historical NAV,2026-09-05T05:36:32.997925+00:00
2023-05-31,97.3456,portal.amfiindia.com / AMFI Historical NAV,2026-09-05T05:36:32.997925+00:00
2023-06-01,99.1087,portal.amfiindia.com / AMFI Historical NAV,2026-09-05T05:36:32.997925+00:00
2023-06-02,98.5656,portal.amfiindia.com / AMFI Historical NAV,2026-09-05T05:36:32.997925+00:00
2023-06-05,98.2266,portal.amfiindia.com / AMFI Historical NAV,2026-09-05T05:36:32.997925+00:00
2023-06-06,97.474,portal.amfiindia.com / AMFI Historical NAV,2026-09-05T05:36:32.997925+00:00
2023-06-07,98.5579,portal.amfiindia.com / AMFI Historical NAV,2026-09-05T05:36:32.997925+00:00
2023-06-08,98.8213,portal.amfiindia.com / AMFI Historical NAV,2026-09-05T05:36:32.997925+00:00
2023-06-09,98.7081,portal.amfiindia.com / AMFI Historical NAV,2026-09-05T05:36:32.997925+00:00
2023-06-12,98.1374,portal.amfiindia.com / AMFI Historical NAV,2026-09-05T05:36:32.997925+00:00
2023-06-13,98.0447,portal.amfiindia.com / AMFI Historical NAV,2026-09-05T05:36:32.997925+00:00
2023-06-14,97.942,portal.amfiindia.com / AMFI Historical NAV,2026-09-05T05:36:32.997925+00:00
2023-06-15,98.2335,portal.amfiindia.com / AMFI Historical NAV,2026-09-05T05:36:32.997925+00:00
2023-06-16,98.2625,portal.amfiindia.com / AMFI Historical NAV,2026-09-05T05:36:32.997925+00:00
2023-06-19,97.5055,portal.amfiindia.com / AMFI Historical NAV,2026-09-05T05:36:32.997925+00:00
2023-06-20,97.2473,portal.amfiindia.com / AMFI Historical NAV,2026-09-05T05:36:32.997925+00:00
2023-06-21,97.6967,portal.amfiindia.com / AMFI Historical NAV,2026-09-05T05:36:32.997925+00:00
2023-06-22,97.6569,portal.amfiindia.com / AMFI Historical NAV,2026-09-05T05:36:32.997925+00:00
2023-06-23,96.2925,portal.amfiindia.com / AMFI Historical NAV,2026-09-05T05:36:32.997925+00:00
2023-06-26,97.573,portal.amfiindia.com / AMFI Historical NAV,2026-09-05T05:36:32.997925+00:00
2023-06-27,96.3054,portal.amfiindia.com / AMFI Historical NAV,2026-09-05T05:36:32.997925+00:00
2023-06-28,95.9634,portal.amfiindia.com / AMFI Historical NAV,2026-09-05T05:36:32.997925+00:00
2023-06-29,95.8597,portal.amfiindia.com / AMFI Historical NAV,2026-09-05T05:36:32.997925+00:00
2023-06-30,97.6185,portal.amfiindia.com / AMFI Historical NAV,2026-09-05T05:36:32.997925+00:00
2023-07-03,96.0207,portal.amfiindia.com / AMFI Historical NAV,2026-09-05T05:36:32.997925+00:00
2023-07-04,98.4172,portal.amfiindia.com / AMFI Historical NAV,2026-09-05T05:36:32.997925+00:00
2023-07-05,98.5554,portal.amfiindia.com / AMFI Historical NAV,2026-09-05T05:36:32.997925+00:00
2023-07-06,97.869,portal.amfiindia.com / AMFI Historical NAV,2026-09-05T05:36:32.997925+00:00
2023-07-07,98.2578,portal.amfiindia.com / AMFI Historical NAV,2026-09-05T05:36:32.997925+00:00
2023-07-10,98.5556,portal.amfiindia.com / AMFI Historical NAV,2026-09-05T05:36:32.997925+00:00
2023-07-11,99.4888,portal.amfiindia.com / AMFI Historical NAV,2026-09-05T05:36:32.997925+00:00
2023-07-12,99.5046,portal.amfiindia.com / AMFI Historical NAV,2026-09-05T05:36:32.997925+00:00
2023-07-13,100.2094,portal.amfiindia.com / AMFI Historical NAV,2026-09-05T05:36:32.997925+00:00
2023-07-14,101.1226,portal.amfiindia.com / AMFI Historical NAV,2026-09-05T05:36:32.997925+00:00
2023-07-17,101.2483,portal.amfiindia.com / AMFI Historical NAV,2026-09-05T05:36:32.997925+00:00
2023-07-18,101.3499,portal.amfiindia.com / AMFI Historical NAV,2026-09-05T05:36:32.997925+00:00
2023-07-19,101.311,portal.amfiindia.com / AMFI Historical NAV,2026-09-05T05:36:32.997925+00:00
2023-07-20,101.6046,portal.amfiindia.com / AMFI Historical NAV,2026-09-05T05:36:32.997925+00:00
2023-07-21,102.6918,portal.amfiindia.com / AMFI Historical NAV,2026-09-05T05:36:32.997925+00:00
2023-07-24,100.3609,portal.amfiindia.com / AMFI Historical NAV,2026-09-05T05:36:32.997925+00:00
2023-07-25,101.1384,portal.amfiindia.com / AMFI Historical NAV,2026-09-05T05:36:32.997925+00:00
2023-07-26,100.7485,portal.amfiindia.com / AMFI Historical NAV,2026-09-05T05:36:32.997925+00:00
2023-07-27,100.3593,portal.amfiindia.com / AMFI Historical NAV,2026-09-05T05:36:32.997925+00:00
2023-07-28,100.753,portal.amfiindia.com / AMFI Historical NAV,2026-09-05T05:36:32.997925+00:00
2023-07-31,101.5311,portal.amfiindia.com / AMFI Historical NAV,2026-09-05T05:36:32.997925+00:00
2023-08-01,102.9169,portal.amfiindia.com / AMFI Historical NAV,2026-09-05T05:36:32.997925+00:00
2023-08-02,102.4119,portal.amfiindia.com / AMFI Historical NAV,2026-09-05T05:36:32.997925+00:00
2023-08-03,102.0599,portal.amfiindia.com / AMFI Historical NAV,2026-09-05T05:36:32.997925+00:00
2023-08-04,101.8087,portal.amfiindia.com / AMFI Historical NAV,2026-09-05T05:36:32.997925+00:00
2023-08-07,100.6544,portal.amfiindia.com / AMFI Historical NAV,2026-09-05T05:36:32.997925+00:00
2023-08-08,100.5796,portal.amfiindia.com / AMFI Historical NAV,2026-09-05T05:36:32.997925+00:00
2023-08-09,101.316,portal.amfiindia.com / AMFI Historical NAV,2026-09-05T05:36:32.997925+00:00
2023-08-10,101.4887,portal.amfiindia.com / AMFI Historical NAV,2026-09-05T05:36:32.997925+00:00
2023-08-11,102.0321,portal.amfiindia.com / AMFI Historical NAV,2026-09-05T05:36:32.997925+00:00
2023-08-14,103.5639,portal.amfiindia.com / AMFI Historical NAV,2026-09-05T05:36:32.997925+00:00
2023-08-15,104.2569,portal.amfiindia.com / AMFI Historical NAV,2026-09-05T05:36:32.997925+00:00
2023-08-16,103.8529,portal.amfiindia.com / AMFI Historical NAV,2026-09-05T05:36:32.997925+00:00
2023-08-17,104.7266,portal.amfiindia.com / AMFI Historical NAV,2026-09-05T05:36:32.997925+00:00
2023-08-18,105.5241,portal.amfiindia.com / AMFI Historical NAV,2026-09-05T05:36:32.997925+00:00
2023-08-21,106.2921,portal.amfiindia.com / AMFI Historical NAV,2026-09-05T05:36:32.997925+00:00
2023-08-22,106.8463,portal.amfiindia.com / AMFI Historical NAV,2026-09-05T05:36:32.997925+00:00
2023-08-23,107.5988,portal.amfiindia.com / AMFI Historical NAV,2026-09-05T05:36:32.997925+00:00
2023-08-24,108.4242,portal.amfiindia.com / AMFI Historical NAV,2026-09-05T05:36:32.997925+00:00
2023-08-25,109.0072,portal.amfiindia.com / AMFI Historical NAV,2026-09-05T05:36:32.997925+00:00
2023-08-28,109.7154,portal.amfiindia.com / AMFI Historical NAV,2026-09-05T05:36:32.997925+00:00
2023-08-29,109.0847,portal.amfiindia.com / AMFI Historical NAV,2026-09-05T05:36:32.997925+00:00
2023-08-30,108.6768,portal.amfiindia.com / AMFI Historical NAV,2026-09-05T05:36:32.997925+00:00
2023-08-31,108.6332,portal.amfiindia.com / AMFI Historical NAV,2026-09-05T05:36:32.997925+00:00
2023-09-01,108.0862,portal.amfiindia.com / AMFI Historical NAV,2026-09-05T05:36:32.997925+00:00
2023-09-04,108.4087,portal.amfiindia.com / AMFI Historical NAV,2026-09-05T05:36:32.997925+00:00
2023-09-05,107.7688,portal.amfiindia.com / AMFI Historical NAV,2026-09-05T05:36:32.997925+00:00
2023-09-06,107.6099,portal.amfiindia.com / AMFI Historical NAV,2026-09-05T05:36:32.997925+00:00
2023-09-07,106.4567,portal.amfiindia.com / AMFI Historical NAV,2026-09-05T05:36:32.997925+00:00
2023-09-08,106.85,portal.amfiindia.com / AMFI Historical NAV,2026-09-05T05:36:32.997925+00:00
2023-09-11,106.1038,portal.amfiindia.com / AMFI Historical NAV,2026-09-05T05:36:32.997925+00:00
2023-09-12,105.1066,portal.amfiindia.com / AMFI Historical NAV,2026-09-05T05:36:32.997925+00:00
2023-09-13,106.102,portal.amfiindia.com / AMFI Historical NAV,2026-09-05T05:36:32.997925+00:00
2023-09-14,106.8697,portal.amfiindia.com / AMFI Historical NAV,2026-09-05T05:36:32.997925+00:00
2023-09-15,105.5104,portal.amfiindia.com / AMFI Historical NAV,2026-09-05T05:36:32.997925+00:00
2023-09-18,104.46,portal.amfiindia.com / AMFI Historical NAV,2026-09-05T05:36:32.997925+00:00
2023-09-19,103.5318,portal.amfiindia.com / AMFI Historical NAV,2026-09-05T05:36:32.997925+00:00
2023-09-20,102.0939,portal.amfiindia.com / AMFI Historical NAV,2026-09-05T05:36:32.997925+00:00
2023-09-21,102.7655,portal.amfiindia.com / AMFI Historical NAV,2026-09-05T05:36:32.997925+00:00
2023-09-22,102.4773,portal.amfiindia.com / AMFI Historical NAV,2026-09-05T05:36:32.997925+00:00
2023-09-25,101.9867,portal.amfiindia.com / AMFI Historical NAV,2026-09-05T05:36:32.997925+00:00
2023-09-26,100.5833,portal.amfiindia.com / AMFI Historical NAV,2026-09-05T05:36:32.997925+00:00
2023-09-27,101.2911,portal.amfiindia.com / AMFI Historical NAV,2026-09-05T05:36:32.997925+00:00
2023-09-28,101.3326,portal.amfiindia.com / AMFI Historical NAV,2026-09-05T05:36:32.997925+00:00
2023-09-29,100.864,portal.amfiindia.com / AMFI Historical NAV,2026-09-05T05:36:32.997925+00:00
2023-10-02,101.6337,portal.amfiindia.com / AMFI Historical NAV,2026-09-05T05:36:32.997925+00:00
2023-10-03,103.1291,portal.amfiindia.com / AMFI Historical NAV,2026-09-05T05:36:32.997925+00:00
2023-10-04,101.9346,portal.amfiindia.com / AMFI Historical NAV,2026-09-05T05:36:32.997925+00:00
2023-10-05,99.8945,portal.amfiindia.com / AMFI Historical NAV,2026-09-05T05:36:32.997925+00:00
2023-10-06,99.9433,portal.amfiindia.com / AMFI Historical NAV,2026-09-05T05:36:32.997925+00:00
2023-10-09,101.4166,portal.amfiindia.com / AMFI Historical NAV,2026-09-05T05:36:32.997925+00:00
2023-10-10,103.037,portal.amfiindia.com / AMFI Historical NAV,2026-09-05T05:36:32.997925+00:00
2023-10-11,103.5447,portal.amfiindia.com / AMFI Historical NAV,2026-09-05T05:36:32.997925+00:00
2023-10-12,103.4901,portal.amfiindia.com / AMFI Historical NAV,2026-09-05T05:36:32.997925+00:00
2023-10-13,104.0179,portal.amfiindia.com / AMFI Historical NAV,2026-09-05T05:36:32.997925+00:00
2023-10-16,102.7717,portal.amfiindia.com / AMFI Historical NAV,2026-09-05T05:36:32.997925+00:00
2023-10-17,103.1415,portal.amfiindia.com / AMFI Historical NAV,2026-09-05T05:36:32.997925+00:00
2023-10-18,104.1181,portal.amfiindia.com / AMFI Historical NAV,2026-09-05T05:36:32.997925+00:00
2023-10-19,104.3827,portal.amfiindia.com / AMFI Historical NAV,2026-09-05T05:36:32.997925+00:00
2023-10-20,106.1267,portal.amfiindia.com / AMFI Historical NAV,2026-09-05T05:36:32.997925+00:00
2023-10-23,106.5863,portal.amfiindia.com / AMFI Historical NAV,2026-09-05T05:36:32.997925+00:00
2023-10-24,105.8801,portal.amfiindia.com / AMFI Historical NAV,2026-09-05T05:36:32.997925+00:00
2023-10-25,105.6297,portal.amfiindia.com / AMFI Historical NAV,2026-09-05T05:36:32.997925+00:00
2023-10-26,104.2051,portal.amfiindia.com / AMFI Historical NAV,2026-09-05T05:36:32.997925+00:00
2023-10-27,103.216,portal.amfiindia.com / AMFI Historical NAV,2026-09-05T05:36:32.997925+00:00
2023-10-30,102.6108,portal.amfiindia.com / AMFI Historical NAV,2026-09-05T05:36:32.997925+00:00
2023-10-31,102.6126,portal.amfiindia.com / AMFI Historical NAV,2026-09-05T05:36:32.997925+00:00
2023-11-01,102.2905,portal.amfiindia.com / AMFI Historical NAV,2026-09-05T05:36:32.997925+00:00
2023-11-02,101.1302,portal.amfiindia.com / AMFI Historical NAV,2026-09-05T05:36:32.997925+00:00
2023-11-03,101.7946,portal.amfiindia.com / AMFI Historical NAV,2026-09-05T05:36:32.997925+00:00
2023-11-06,102.1935,portal.amfiindia.com / AMFI Historical NAV,2026-09-05T05:36:32.997925+00:00
2023-11-07,102.2073,portal.amfiindia.com / AMFI Historical NAV,2026-09-05T05:36:32.997925+00:00
2023-11-08,101.8764,portal.amfiindia.com / AMFI Historical NAV,2026-09-05T05:36:32.997925+00:00
2023-11-09,102.1096,portal.amfiindia.com / AMFI Historical NAV,2026-09-05T05:36:32.997925+00:00
2023-11-10,102.1064,portal.amfiindia.com / AMFI Historical NAV,2026-09-05T05:36:32.997925+00:00
2023-11-13,101.7698,portal.amfiindia.com / AMFI Historical NAV,2026-09-05T05:36:32.997925+00:00
2023-11-14,101.5428,portal.amfiindia.com / AMFI Historical NAV,2026-09-05T05:36:32.997925+00:00
2023-11-15,101.2542,portal.amfiindia.com / AMFI Historical NAV,2026-09-05T05:36:32.997925+00:00
2023-11-16,100.7773,portal.amfiindia.com / AMFI Historical NAV,2026-09-05T05:36:32.997925+00:00
2023-11-17,99.826,portal.amfiindia.com / AMFI Historical NAV,2026-09-05T05:36:32.997925+00:00
2023-11-20,100.0318,portal.amfiindia.com / AMFI Historical NAV,2026-09-05T05:36:32.997925+00:00
2023-11-21,100.8246,portal.amfiindia.com / AMFI Historical NAV,2026-09-05T05:36:32.997925+00:00
2023-11-22,100.9799,portal.amfiindia.com / AMFI Historical NAV,2026-09-05T05:36:32.997925+00:00
2023-11-23,101.2131,portal.amfiindia.com / AMFI Historical NAV,2026-09-05T05:36:32.997925+00:00
2023-11-24,101.8921,portal.amfiindia.com / AMFI Historical NAV,2026-09-05T05:36:32.997925+00:00
2023-11-27,102.3892,portal.amfiindia.com / AMFI Historical NAV,2026-09-05T05:36:32.997925+00:00
2023-11-28,102.3385,portal.amfiindia.com / AMFI Historical NAV,2026-09-05T05:36:32.997925+00:00
2023-11-29,102.0513,portal.amfiindia.com / AMFI Historical NAV,2026-09-05T05:36:32.997925+00:00
2023-11-30,102.771,portal.amfiindia.com / AMFI Historical NAV,2026-09-05T05:36:32.997925+00:00
2023-12-01,102.1952,portal.amfiindia.com / AMFI Historical NAV,2026-09-05T05:36:32.997925+00:00
2023-12-04,100.8638,portal.amfiindia.com / AMFI Historical NAV,2026-09-05T05:36:32.997925+00:00
2023-12-05,101.5515,portal.amfiindia.com / AMFI Historical NAV,2026-09-05T05:36:32.997925+00:00
2023-12-06,102.5327,portal.amfiindia.com / AMFI Historical NAV,2026-09-05T05:36:32.997925+00:00
2023-12-07,103.5998,portal.amfiindia.com / AMFI Historical NAV,2026-09-05T05:36:32.997925+00:00
2023-12-08,103.9468,portal.amfiindia.com / AMFI Historical NAV,2026-09-05T05:36:32.997925+00:00
2023-12-11,105.2919,portal.amfiindia.com / AMFI Historical NAV,2026-09-05T05:36:32.997925+00:00
2023-12-12,105.5476,portal.amfiindia.com / AMFI Historical NAV,2026-09-05T05:36:32.997925+00:00
2023-12-13,106.0023,portal.amfiindia.com / AMFI Historical NAV,2026-09-05T05:36:32.997925+00:00
2023-12-14,105.3604,portal.amfiindia.com / AMFI Historical NAV,2026-09-05T05:36:32.997925+00:00
2023-12-15,104.5241,portal.amfiindia.com / AMFI Historical NAV,2026-09-05T05:36:32.997925+00:00
2023-12-18,105.303,portal.amfiindia.com / AMFI Historical NAV,2026-09-05T05:36:32.997925+00:00
2023-12-19,105.454,portal.amfiindia.com / AMFI Historical NAV,2026-09-05T05:36:32.997925+00:00
2023-12-20,105.3183,portal.amfiindia.com / AMFI Historical NAV,2026-09-05T05:36:32.997925+00:00
2023-12-21,105.4765,portal.amfiindia.com / AMFI Historical NAV,2026-09-05T05:36:32.997925+00:00
2023-12-22,105.6623,portal.amfiindia.com / AMFI Historical NAV,2026-09-05T05:36:32.997925+00:00
2023-12-25,107.0494,portal.amfiindia.com / AMFI Historical NAV,2026-09-05T05:36:32.997925+00:00
2023-12-26,106.4776,portal.amfiindia.com / AMFI Historical NAV,2026-09-05T05:36:32.997925+00:00
2023-12-27,104.538,portal.amfiindia.com / AMFI Historical NAV,2026-09-05T05:36:32.997925+00:00
2023-12-28,104.2371,portal.amfiindia.com / AMFI Historical NAV,2026-09-05T05:36:32.997925+00:00
2023-12-29,103.4012,portal.amfiindia.com / AMFI Historical NAV,2026-09-05T05:36:32.997925+00:00
2024-01-01,102.4696,portal.amfiindia.com / AMFI Historical NAV,2026-09-05T05:36:32.997925+00:00
2024-01-02,102.0762,portal.amfiindia.com / AMFI Historical NAV,2026-09-05T05:36:32.997925+00:00
2024-01-03,101.614,portal.amfiindia.com / AMFI Historical NAV,2026-09-05T05:36:32.997925+00:00
2024-01-04,101.9533,portal.amfiindia.com / AMFI Historical NAV,2026-09-05T05:36:32.997925+00:00
2024-01-05,102.3143,portal.amfiindia.com / AMFI Historical NAV,2026-09-05T05:36:32.997925+00:00
2024-01-08,102.5358,portal.amfiindia.com / AMFI Historical NAV,2026-09-05T05:36:32.997925+00:00
2024-01-09,102.4121,portal.amfiindia.com / AMFI Historical NAV,2026-09-05T05:36:32.997925+00:00
2024-01-10,101.8364,portal.amfiindia.com / AMFI Historical NAV,2026-09-05T05:36:32.997925+00:00
2024-01-11,102.9934,portal.amfiindia.com / AMFI Historical NAV,2026-09-05T05:36:32.997925+00:00
2024-01-12,103.1325,portal.amfiindia.com / AMFI Historical NAV,2026-09-05T05:36:32.997925+00:00
2024-01-15,103.6005,portal.amfiindia.com / AMFI Historical NAV,2026-09-05T05:36:32.997925+00:00
2024-01-16,103.1459,portal.amfiindia.com / AMFI Historical NAV,2026-09-05T05:36:32.997925+00:00
2024-01-17,102.3707,portal.amfiindia.com / AMFI Historical NAV,2026-09-05T05:36:32.997925+00:00
2024-01-18,103.2029,portal.amfiindia.com / AMFI Historical NAV,2026-09-05T05:36:32.997925+00:00
2024-01-19,103.2453,portal.amfiindia.com / AMFI Historical NAV,2026-09-05T05:36:32.997925+00:00
2024-01-22,102.7889,portal.amfiindia.com / AMFI Historical NAV,2026-09-05T05:36:32.997925+00:00
2024-01-23,102.7363,portal.amfiindia.com / AMFI Historical NAV,2026-09-05T05:36:32.997925+00:00
2024-01-24,103.4282,portal.amfiindia.com / AMFI Historical NAV,2026-09-05T05:36:32.997925+00:00
2024-01-25,103.5097,portal.amfiindia.com / AMFI Historical NAV,2026-09-05T05:36:32.997925+00:00
2024-01-26,104.6231,portal.amfiindia.com / AMFI Historical NAV,2026-09-05T05:36:32.997925+00:00
2024-01-29,104.0594,portal.amfiindia.com / AMFI Historical NAV,2026-09-05T05:36:32.997925+00:00
2024-01-30,104.3625,portal.amfiindia.com / AMFI Historical NAV,2026-09-05T05:36:32.997925+00:00
2024-01-31,104.3112,portal.amfiindia.com / AMFI Historical NAV,2026-09-05T05:36:32.997925+00:00
2024-02-01,104.1422,portal.amfiindia.com / AMFI Historical NAV,2026-09-05T05:36:32.997925+00:00
2024-02-02,103.6084,portal.amfiindia.com / AMFI Historical NAV,2026-09-05T05:36:32.997925+00:00
2024-02-05,103.1365,portal.amfiindia.com / AMFI Historical NAV,2026-09-05T05:36:32.997925+00:00
2024-02-06,103.3249,portal.amfiindia.com / AMFI Historical NAV,2026-09-05T05:36:32.997925+00:00
2024-02-07,103.0901,portal.amfiindia.com / AMFI Historical NAV,2026-09-05T05:36:32.997925+00:00
2024-02-08,104.0103,portal.amfiindia.com / AMFI Historical NAV,2026-09-05T05:36:32.997925+00:00
2024-02-09,102.7409,portal.amfiindia.com / AMFI Historical NAV,2026-09-05T05:36:32.997925+00:00
2024-02-12,103.5121,portal.amfiindia.com / AMFI Historical NAV,2026-09-05T05:36:32.997925+00:00
2024-02-13,102.9932,portal.amfiindia.com / AMFI Historical NAV,2026-09-05T05:36:32.997925+00:00
2024-02-14,100.8686,portal.amfiindia.com / AMFI Historical NAV,2026-09-05T05:36:32.997925+00:00
2024-02-15,100.8926,portal.amfiindia.com / AMFI Historical NAV,2026-09-05T05:36:32.997925+00:00
2024-02-16,102.8223,portal.amfiindia.com / AMFI Historical NAV,2026-09-05T05:36:32.997925+00:00
2024-02-19,103.2327,portal.amfiindia.com / AMFI Historical NAV,2026-09-05T05:36:32.997925+00:00
2024-02-20,103.4023,portal.amfiindia.com / AMFI Historical NAV,2026-09-05T05:36:32.997925+00:00
2024-02-21,103.057,portal.amfiindia.com / AMFI Historical NAV,2026-09-05T05:36:32.997925+00:00
2024-02-22,103.009,portal.amfiindia.com / AMFI Historical NAV,2026-09-05T05:36:32.997925+00:00
2024-02-23,103.2354,portal.amfiindia.com / AMFI Historical NAV,2026-09-05T05:36:32.997925+00:00
2024-02-26,101.8653,portal.amfiindia.com / AMFI Historical NAV,2026-09-05T05:36:32.997925+00:00
2024-02-27,102.8457,portal.amfiindia.com / AMFI Historical NAV,2026-09-05T05:36:32.997925+00:00
2024-02-28,103.7198,portal.amfiindia.com / AMFI Historical NAV,2026-09-05T05:36:32.997925+00:00
2024-02-29,104.5743,portal.amfiindia.com / AMFI Historical NAV,2026-09-05T05:36:32.997925+00:00
2024-03-01,105.3521,portal.amfiindia.com / AMFI Historical NAV,2026-09-05T05:36:32.997925+00:00
2024-03-04,105.608,portal.amfiindia.com / AMFI Historical NAV,2026-09-05T05:36:32.997925+00:00
2024-03-05,106.0009,portal.amfiindia.com / AMFI Historical NAV,2026-09-05T05:36:32.997925+00:00
2024-03-06,106.9151,portal.amfiindia.com / AMFI Historical NAV,2026-09-05T05:36:32.997925+00:00
2024-03-07,106.1669,portal.amfiindia.com / AMFI Historical NAV,2026-09-05T05:36:32.997925+00:00
2024-03-08,105.4496,portal.amfiindia.com / AMFI Historical NAV,2026-09-05T05:36:32.997925+00:00
2024-03-11,105.2249,portal.amfiindia.com / AMFI Historical NAV,2026-09-05T05:36:32.997925+00:00
2024-03-12,106.9613,portal.amfiindia.com / AMFI Historical NAV,2026-09-05T05:36:32.997925+00:00
2024-03-13,106.513,portal.amfiindia.com / AMFI Historical NAV,2026-09-05T05:36:32.997925+00:00
2024-03-14,105.6967,portal.amfiindia.com / AMFI Historical NAV,2026-09-05T05:36:32.997925+00:00
2024-03-15,106.3804,portal.amfiindia.com / AMFI Historical NAV,2026-09-05T05:36:32.997925+00:00
2024-03-18,106.1506,portal.amfiindia.com / AMFI Historical NAV,2026-09-05T05:36:32.997925+00:00
2024-03-19,106.5367,portal.amfiindia.com / AMFI Historical NAV,2026-09-05T05:36:32.997925+00:00
2024-03-20,106.7766,portal.amfiindia.com / AMFI Historical NAV,2026-09-05T05:36:32.997925+00:00
2024-03-21,107.0718,portal.amfiindia.com / AMFI Historical NAV,2026-09-05T05:36:32.997925+00:00
2024-03-22,108.281,portal.amfiindia.com / AMFI Historical NAV,2026-09-05T05:36:32.997925+00:00
2024-03-25,106.969,portal.amfiindia.com / AMFI Historical NAV,2026-09-05T05:36:32.997925+00:00
2024-03-26,106.6661,portal.amfiindia.com / AMFI Historical NAV,2026-09-05T05:36:32.997925+00:00
2024-03-27,107.0659,portal.amfiindia.com / AMFI Historical NAV,2026-09-05T05:36:32.997925+00:00
2024-03-28,105.6146,portal.amfiindia.com / AMFI Historical NAV,2026-09-05T05:36:32.997925+00:00
2024-03-29,105.5592,portal.amfiindia.com / AMFI Historical NAV,2026-09-05T05:36:32.997925+00:00
2024-04-01,106.4839,portal.amfiindia.com / AMFI Historical NAV,2026-09-05T05:36:32.997925+00:00
2024-04-02,105.5414,portal.amfiindia.com / AMFI Historical NAV,2026-09-05T05:36:32.997925+00:00
2024-04-03,105.9064,portal.amfiindia.com / AMFI Historical NAV,2026-09-05T05:36:32.997925+00:00
2024-04-04,105.305,portal.amfiindia.com / AMFI Historical NAV,2026-09-05T05:36:32.997925+00:00
2024-04-05,105.0507,portal.amfiindia.com / AMFI Historical NAV,2026-09-05T05:36:32.997925+00:00
2024-04-08,104.0507,portal.amfiindia.com / AMFI Historical NAV,2026-09-05T05:36:32.997925+00:00
2024-04-09,103.7688,portal.amfiindia.com / AMFI Historical NAV,2026-09-05T05:36:32.997925+00:00
2024-04-10,103.9117,portal.amfiindia.com / AMFI Historical NAV,2026-09-05T05:36:32.997925+00:00
2024-04-11,105.0025,portal.amfiindia.com / AMFI Historical NAV,2026-09-05T05:36:32.997925+00:00
2024-04-12,103.8071,portal.amfiindia.com / AMFI Historical NAV,2026-09-05T05:36:32.997925+00:00
2024-04-15,104.6161,portal.amfiindia.com / AMFI Historical NAV,2026-09-05T05:36:32.997925+00:00
2024-04-16,105.492,portal.amfiindia.com / AMFI Historical NAV,2026-09-05T05:36:32.997925+00:00
2024-04-17,106.0854,portal.amfiindia.com / AMFI Historical NAV,2026-09-05T05:36:32.997925+00:00
2024-04-18,106.9212,portal.amfiindia.com / AMFI Historical NAV,2026-09-05T05:36:32.997925+00:00
2024-04-19,106.3927,portal.amfiindia.com / AMFI Historical NAV,2026-09-05T05:36:32.997925+00:00
2024-04-22,105.5155,portal.amfiindia.com / AMFI Historical NAV,2026-09-05T05:36:32.997925+00:00
2024-04-23,104.7045,portal.amfiindia.com / AMFI Historical NAV,2026-09-05T05:36:32.997925+00:00
2024-04-24,104.4289,portal.amfiindia.com / AMFI Historical NAV,2026-09-05T05:36:32.997925+00:00
2024-04-25,104.1401,portal.amfiindia.com / AMFI Historical NAV,2026-09-05T05:36:32.997925+00:00
2024-04-26,104.057,portal.amfiindia.com / AMFI Historical NAV,2026-09-05T05:36:32.997925+00:00
2024-04-29,104.1972,portal.amfiindia.com / AMFI Historical NAV,2026-09-05T05:36:32.997925+00:00
2024-04-30,103.8255,portal.amfiindia.com / AMFI Historical NAV,2026-09-05T05:36:32.997925+00:00
2024-05-01,103.8125,portal.amfiindia.com / AMFI Historical NAV,2026-09-05T05:36:32.997925+00:00
2024-05-02,103.5778,portal.amfiindia.com / AMFI Historical NAV,2026-09-05T05:36:32.997925+00:00
2024-05-03,105.7302,portal.amfiindia.com / AMFI Historical NAV,2026-09-05T05:36:32.997925+00:00
2024-05-06,104.4915,portal.amfiindia.com / AMFI Historical NAV,2026-09-05T05:36:32.997925+00:00
2024-05-07,104.5921,portal.amfiindia.com / AMFI Historical NAV,2026-09-05T05:36:32.997925+00:00
2024-05-08,106.4341,portal.amfiindia.com / AMFI Historical NAV,2026-09-05T05:36:32.997925+00:00
2024-05-09,105.967,portal.amfiindia.com / AMFI Historical NAV,2026-09-05T05:36:32.997925+00:00
2024-05-10,106.021,portal.amfiindia.com / AMFI Historical NAV,2026-09-05T05:36:32.997925+00:00
2024-05-13,106.0862,portal.amfiindia.com / AMFI Historical NAV,2026-09-05T05:36:32.997925+00:00
2024-05-14,106.3416,portal.amfiindia.com / AMFI Historical NAV,2026-09-05T05:36:32.997925+00:00
2024-05-15,106.6778,portal.amfiindia.com / AMFI Historical NAV,2026-09-05T05:36:32.997925+00:00
2024-05-16,104.7538,portal.amfiindia.com / AMFI Historical NAV,2026-09-05T05:36:32.997925+00:00
2024-05-17,105.65,portal.amfiindia.com / AMFI Historical NAV,2026-09-05T05:36:32.997925+00:00
2024-05-20,104.7099,portal.amfiindia.com / AMFI Historical NAV,2026-09-05T05:36:32.997925+00:00
2024-05-21,104.8132,portal.amfiindia.com / AMFI Historical NAV,2026-09-05T05:36:32.997925+00:00
2024-05-22,105.2194,portal.amfiindia.com / AMFI Historical NAV,2026-09-05T05:36:32.997925+00:00
2024-05-23,105.5627,portal.amfiindia.com / AMFI Historical NAV,2026-09-05T05:36:32.997925+00:00
2024-05-24,104.2382,portal.amfiindia.com / AMFI Historical NAV,2026-09-05T05:36:32.997925+00:00
2024-05-27,105.1688,portal.amfiindia.com / AMFI Historical NAV,2026-09-05T05:36:32.997925+00:00
2024-05-28,106.9359,portal.amfiindia.com / AMFI Historical NAV,2026-09-05T05:36:32.997925+00:00
2024-05-29,106.5308,portal.amfiindia.com / AMFI Historical NAV,2026-09-05T05:36:32.997925+00:00
2024-05-30,106.9053,portal.amfiindia.com / AMFI Historical NAV,2026-09-05T05:36:32.997925+00:00
2024-05-31,106.005,portal.amfiindia.com / AMFI Historical NAV,2026-09-05T05:36:32.997925+00:00
2024-06-03,105.8709,portal.amfiindia.com / AMFI Historical NAV,2026-09-05T05:36:32.997925+00:00
2024-06-04,105.3333,portal.amfiindia.com / AMFI Historical NAV,2026-09-05T05:36:32.997925+00:00
2024-06-05,105.2283,portal.amfiindia.com / AMFI Historical NAV,2026-09-05T05:36:32.997925+00:00
2024-06-06,106.2037,portal.amfiindia.com / AMFI Historical NAV,2026-09-05T05:36:32.997925+00:00
2024-06-07,108.479,portal.amfiindia.com / AMFI Historical NAV,2026-09-05T05:36:32.997925+00:00
2024-06-10,108.8026,portal.amfiindia.com / AMFI Historical NAV,2026-09-05T05:36:32.997925+00:00
2024-06-11,109.9822,portal.amfiindia.com / AMFI Historical NAV,2026-09-05T05:36:32.997925+00:00
2024-06-12,108.8083,portal.amfiindia.com / AMFI Historical NAV,2026-09-05T05:36:32.997925+00:00
2024-06-13,107.6608,portal.amfiindia.com / AMFI Historical NAV,2026-09-05T05:36:32.997925+00:00
2024-06-14,108.5009,portal.amfiindia.com / AMFI Historical NAV,2026-09-05T05:36:32.997925+00:00
2024-06-17,109.953,portal.amfiindia.com / AMFI Historical NAV,2026-09-05T05:36:32.997925+00:00
2024-06-18,110.3916,portal.amfiindia.com / AMFI Historical NAV,2026-09-05T05:36:32.997925+00:00
2024-06-19,110.4223,portal.amfiindia.com / AMFI Historical NAV,2026-09-05T05:36:32.997925+00:00
2024-06-20,110.6738,portal.amfiindia.com / AMFI Historical NAV,2026-09-05T05:36:32.997925+00:00
2024-06-21,110.3518,portal.amfiindia.com / AMFI Historical NAV,2026-09-05T05:36:32.997925+00:00
2024-06-24,111.5147,portal.amfiindia.com / AMFI Historical NAV,2026-09-05T05:36:32.997925+00:00
2024-06-25,112.5787,portal.amfiindia.com / AMFI Historical NAV,2026-09-05T05:36:32.997925+00:00
2024-06-26,112.7033,portal.amfiindia.com / AMFI Historical NAV,2026-09-05T05:36:32.997925+00:00
2024-06-27,112.6639,portal.amfiindia.com / AMFI Historical NAV,2026-09-05T05:36:32.997925+00:00
2024-06-28,112.784,portal.amfiindia.com / AMFI Historical NAV,2026-09-05T05:36:32.997925+00:00
2024-07-01,112.8811,portal.amfiindia.com / AMFI Historical NAV,2026-09-05T05:36:32.997925+00:00
2024-07-02,112.3093,portal.amfiindia.com / AMFI Historical NAV,2026-09-05T05:36:32.997925+00:00
2024-07-03,114.5977,portal.amfiindia.com / AMFI Historical NAV,2026-09-05T05:36:32.997925+00:00
2024-07-04,113.9591,portal.amfiindia.com / AMFI Historical NAV,2026-09-05T05:36:32.997925+00:00
2024-07-05,113.9071,portal.amfiindia.com / AMFI Historical NAV,2026-09-05T05:36:32.997925+00:00
2024-07-08,113.1019,portal.amfiindia.com / AMFI Historical NAV,2026-09-05T05:36:32.997925+00:00
2024-07-09,114.0724,portal.amfiindia.com / AMFI Historical NAV,2026-09-05T05:36:32.997925+00:00
2024-07-10,114.0205,portal.amfiindia.com / AMFI Historical NAV,2026-09-05T05:36:32.997925+00:00
2024-07-11,112.8711,portal.amfiindia.com / AMFI Historical NAV,2026-09-05T05:36:32.997925+00:00
2024-07-12,114.2503,portal.amfiindia.com / AMFI Historical NAV,2026-09-05T05:36:32.997925+00:00
2024-07-15,115.2711,portal.amfiindia.com / AMFI Historical NAV,2026-09-05T05:36:32.997925+00:00
2024-07-16,115.2914,portal.amfiindia.com / AMFI Historical NAV,2026-09-05T05:36:32.997925+00:00
2024-07-17,113.8514,portal.amfiindia.com / AMFI Historical NAV,2026-09-05T05:36:32.997925+00:00
2024-07-18,114.9729,portal.amfiindia.com / AMFI Historical NAV,2026-09-05T05:36:32.997925+00:00
2024-07-19,114.0777,portal.amfiindia.com / AMFI Historical NAV,2026-09-05T05:36:32.997925+00:00
2024-07-22,114.5733,portal.amfiindia.com / AMFI Historical NAV,2026-09-05T05:36:32.997925+00:00
2024-07-23,112.8457,portal.amfiindia.com / AMFI Historical NAV,2026-09-05T05:36:32.997925+00:00
2024-07-24,114.0719,portal.amfiindia.com / AMFI Historical NAV,2026-09-05T05:36:32.997925+00:00
2024-07-25,113.952,portal.amfiindia.com / AMFI Historical NAV,2026-09-05T05:36:32.997925+00:00
2024-07-26,114.2994,portal.amfiindia.com / AMFI Historical NAV,2026-09-05T05:36:32.997925+00:00
2024-07-29,114.9167,portal.amfiindia.com / AMFI Historical NAV,2026-09-05T05:36:32.997925+00:00
2024-07-30,113.2411,portal.amfiindia.com / AMFI Historical NAV,2026-09-05T05:36:32.997925+00:00
2024-07-31,112.4793,portal.amfiindia.com / AMFI Historical NAV,2026-09-05T05:36:32.997925+00:00
2024-08-01,112.717,portal.amfiindia.com / AMFI Historical NAV,2026-09-05T05:36:32.997925+00:00
2024-08-02,112.305,portal.amfiindia.com / AMFI Historical NAV,2026-09-05T05:36:32.997925+00:00
2024-08-05,112.179,portal.amfiindia.com / AMFI Historical NAV,2026-09-05T05:36:32.997925+00:00
2024-08-06,114.0773,portal.amfiindia.com / AMFI Historical NAV,2026-09-05T05:36:32.997925+00:00
2024-08-07,112.8033,portal.amfiindia.com / AMFI Historical NAV,2026-09-05T05:36:32.997925+00:00
2024-08-08,114.4042,portal.amfiindia.com / AMFI Historical NAV,2026-09-05T05:36:32.997925+00:00
2024-08-09,114.9197,portal.amfiindia.com / AMFI Historical NAV,2026-09-05T05:36:32.997925+00:00
2024-08-12,114.4093,portal.amfiindia.com / AMFI Historical NAV,2026-09-05T05:36:32.997925+00:00
2024-08-13,113.7239,portal.amfiindia.com / AMFI Historical NAV,2026-09-05T05:36:32.997925+00:00
2024-08-14,113.6495,portal.amfiindia.com / AMFI Historical NAV,2026-09-05T05:36:32.997925+00:00
2024-08-15,113.9792,portal.amfiindia.com / AMFI Historical NAV,2026-09-05T05:36:32.997925+00:00
2024-08-16,114.4693,portal.amfiindia.com / AMFI Historical NAV,2026-09-05T05:36:32.997925+00:00
2024-08-19,115.5626,portal.amfiindia.com / AMFI Historical NAV,2026-09-05T05:36:32.997925+00:00
2024-08-20,114.0329,portal.amfiindia.com / AMFI Historical NAV,2026-09-05T05:36:32.997925+00:00
2024-08-21,114.0547,portal.amfiindia.com / AMFI Historical NAV,2026-09-05T05:36:32.997925+00:00
2024-08-22,112.7191,portal.amfiindia.com / AMFI Historical NAV,2026-09-05T05:36:32.997925+00:00
2024-08-23,112.9387,portal.amfiindia.com / AMFI Historical NAV,2026-09-05T05:36:32.997925+00:00
2024-08-26,113.9296,portal.amfiindia.com / AMFI Historical NAV,2026-09-05T05:36:32.997925+00:00
2024-08-27,113.8548,portal.amfiindia.com / AMFI Historical NAV,2026-09-05T05:36:32.997925+00:00
2024-08-28,111.4164,portal.amfiindia.com / AMFI Historical NAV,2026-09-05T05:36:32.997925+00:00
2024-08-29,111.4695,portal.amfiindia.com / AMFI Historical NAV,2026-09-05T05:36:32.997925+00:00
2024-08-30,112.4106,portal.amfiindia.com / AMFI Historical NAV,2026-09-05T05:36:32.997925+00:00
