date,nav,source,retrieval_date
2016-01-01,2400.7153,portal.amfiindia.com / AMFI Historical NAV,2026-09-05T05:36:33.025475+00:00
2016-01-04,2401.0803,portal.amfiindia.com / AMFI Historical NAV,2026-09-05T05:36:33.025475+00:00
2016-01-05,2401.5068,portal.amfiindia.com / AMFI Historical NAV,2026-09-05T05:36:33.025475+00:00
2016-01-06,2401.6269,portal.amfiindia.com / AMFI Historical NAV,2026-09-05T05:36:33.025475+00:00
2016-01-07,2402.1281,portal.amfiindia.com / AMFI Historical NAV,2026-09-05T05:36:33.025475+00:00
2016-01-08,2402.4387,portal.amfiindia.com / AMFI Historical NAV,2026-09-05T05:36:33.025475+00:00
2016-01-11,2403.0298,portal.amfiindia.com / AMFI Historical NAV,2026-09-05T05:36:33.025475+00:00
2016-01-12,2403.3733,portal.amfiindia.com / AMFI Historical NAV,2026-09-05T05:36:33.025475+00:00
2016-01-13,2403.9707,portal.amfiindia.com / AMFI Historical NAV,2026-09-05T05:36:33.025475+00:00
2016-01-14,2404.5083,portal.amfiindia.com / AMFI Historical NAV,2026-09-05T05:36:33.025475+00:00
2016-01-15,2405.4828,portal.amfiindia.com / AMFI Historical NAV,2026-09-05T05:36:33.025475+00:00
2016-01-18,2406.1752,portal.amfiindia.com / AMFI Historical NAV,2026-09-05T05:36:33.025475+00:00
2016-01-19,2406.3054,portal.amfiindia.com / AMFI Historical NAV,2026-09-05T05:36:33.025475+00:00
2016-01-20,2406.574,portal.amfiindia.com / AMFI Historical NAV,2026-09-05T05:36:33.025475+00:00
2016-01-21,2407.1603,portal.amfiindia.com / AMFI Historical NAV,2026-09-05T05:36:33.025475+00:00
2016-01-22,2407.5096,portal.amfiindia.com / AMFI Historical NAV,2026-09-05T05:36:33.025475+00:00
2016-01-25,2407.63,portal.amfiindia.com / AMFI Historical NAV,2026-09-05T05:36:33.025475+00:00
2016-01-26,2408.5281,portal.amfiindia.com / AMFI Historical NAV,2026-09-05T05:36:33.025475+00:00
2016-01-27,2409.275,portal.amfiindia.com / AMFI Historical NAV,2026-09-05T05:36:33.025475+00:00
2016-01-28,2409.9742,portal.amfiindia.com / AMFI Historical NAV,2026-09-05T05:36:33.025475+00:00
2016-01-29,2410.4016,portal.amfiindia.com / AMFI Historical NAV,2026-09-05T05:36:33.025475+00:00
2016-02-01,2411.0786,portal.amfiindia.com / AMFI Historical NAV,2026-09-05T05:36:33.025475+00:00
2016-02-02,2411.4829,portal.amfiindia.com / AMFI Historical NAV,2026-09-05T05:36:33.025475+00:00
2016-02-03,2412.1064,portal.amfiindia.com / AMFI Historical NAV,2026-09-05T05:36:33.025475+00:00
2016-02-04,2412.4587,portal.amfiindia.com / AMFI Historical NAV,2026-09-05T05:36:33.025475+00:00
2016-02-05,2413.3989,portal.amfiindia.com / AMFI Historical NAV,2026-09-05T05:36:33.025475+00:00
2016-02-08,2413.5945,portal.amfiindia.com / AMFI Historical NAV,2026-09-05T05:36:33.025475+00:00
2016-02-09,2414.4666,portal.amfiindia.com / AMFI Historical NAV,2026-09-05T05:36:33.025475+00:00
2016-02-10,2415.0509,portal.amfiindia.com / AMFI Historical NAV,2026-09-05T05:36:33.025475+00:00
2016-02-11,2415.5077,portal.amfiindia.com / AMFI Historical NAV,2026-09-05T05:36:33.025475+00:00
2016-02-12,2416.1232,portal.amfiindia.com / AMFI Historical NAV,2026-09-05T05:36:33.025475+00:00
2016-02-15,2416.8756,portal.amfiindia.com / AMFI Historical NAV,2026-09-05T05:36:33.025475+00:00
2016-02-16,2417.7814,portal.amfiindia.com / AMFI Historical NAV,2026-09-05T05:36:33.025475+00:00
2016-02-17,2418.4328,portal.amfiindia.com / AMFI Historical NAV,2026-09-05T05:36:33.025475+00:00
2016-02-18,2418.7932,portal.amfiindia.com / AMFI Historical NAV,2026-09-05T05:36:33.025475+00:00
2016-02-19,2419.3825,portal.amfiindia.com / AMFI Historical NAV,2026-09-05T05:36:33.025475+00:00
2016-02-22,2420.3981,portal.amfiindia.com / AMFI Historical NAV,2026-09-05T05:36:33.025475+00:00
2016-02-23,2421.3006,portal.amfiindia.com / AMFI Historical NAV,2026-09-05T05:36:33.025475+00:00
2016-02-24,2422.0971,portal.amfiindia.com / AMFI Historical NAV,2026-09-05T05:36:33.025475+00:00
2016-02-25,2422.8666,portal.amfiindia.com / AMFI Historical NAV,2026-09-05T05:36:33.025475+00:00
2016-02-26,2423.6129,portal.amfiindia.com / AMFI Historical NAV,2026-09-05T05:36:33.025475+00:00
2016-02-29,2424.4708,portal.amfiindia.com / AMFI Historical NAV,2026-09-05T05:36:33.025475+00:00
2016-03-01,2424.9373,portal.amfiindia.com / AMFI Historical NAV,2026-09-05T05:36:33.025475+00:00
2016-03-02,2425.1861,portal.amfiindia.com / AMFI Historical NAV,2026-09-05T05:36:33.025475+00:00
2016-03-03,2425.7803,portal.amfiindia.com / AMFI Historical NAV,2026-09-05T05:36:33.025475+00:00
2016-03-04,2426.1595,portal.amfiindia.com / AMFI Historical NAV,2026-09-05T05:36:33.025475+00:00
2016-03-07,2426.4812,portal.amfiindia.com / AMFI Historical NAV,2026-09-05T05:36:33.025475+00:00
2016-03-08,2426.8841,portal.amfiindia.com / AMFI Historical NAV,2026-09-05T05:36:33.025475+00:00
2016-03-09,2428.0651,portal.amfiindia.com / AMFI Historical NAV,2026-09-05T05:36:33.025475+00:00
2016-03-10,2428.6763,portal.amfiindia.com / AMFI Historical NAV,2026-09-05T05:36:33.025475+00:00
2016-03-11,2429.3424,portal.amfiindia.com / AMFI Historical NAV,2026-09-05T05:36:33.025475+00:00
2016-03-14,2429.6239,portal.amfiindia.com / AMFI Historical NAV,2026-09-05T05:36:33.025475+00:00
2016-03-15,2429.7544,portal.amfiindia.com / AMFI Historical NAV,2026-09-05T05:36:33.025475+00:00
2016-03-16,2430.1339,portal.amfiindia.com / AMFI Historical NAV,2026-09-05T05:36:33.025475+00:00
2016-03-17,2431.062,portal.amfiindia.com / AMFI Historical NAV,2026-09-05T05:36:33.025475+00:00
2016-03-18,2431.7221,portal.amfiindia.com / AMFI Historical NAV,2026-09-05T05:36:33.025475+00:00
2016-03-21,2432.4467,portal.amfiindia.com / AMFI Historical NAV,2026-09-05T05:36:33.025475+00:00
2016-03-22,2433.2055,portal.amfiindia.com / AMFI Historical NAV,2026-09-05T05:36:33.025475+00:00
2016-03-23,2433.6409,portal.amfiindia.com / AMFI Historical NAV,2026-09-05T05:36:33.025475+00:00
2016-03-24,2434.5581,portal.amfiindia.com / AMFI Historical NAV,2026-09-05T05:36:33.025475+00:00
2016-03-25,2434.9837,portal.amfiindia.com / AMFI Historical NAV,2026-09-05T05:36:33.025475+00:00
2016-03-28,2435.9059,portal.amfiindia.com / AMFI Historical NAV,2026-09-05T05:36:33.025475+00:00
2016-03-29,2436.5936,portal.amfiindia.com / AMFI Historical NAV,2026-09-05T05:36:33.025475+00:00
2016-03-30,2436.7379,portal.amfiindia.com / AMFI Historical NAV,2026-09-05T05:36:33.025475+00:00
2016-03-31,2437.1358,portal.amfiindia.com / AMFI Historical NAV,2026-09-05T05:36:33.025475+00:00
2016-04-01,2437.281,portal.amfiindia.com / AMFI Historical NAV,2026-09-05T05:36:33.025475+00:00
2016-04-04,2438.1448,portal.amfiindia.com / AMFI Historical NAV,2026-09-05T05:36:33.025475+00:00
2016-04-05,2438.7193,portal.amfiindia.com / AMFI Historical NAV,2026-09-05T05:36:33.025475+00:00
2016-04-06,2438.8413,portal.amfiindia.com / AMFI Historical NAV,2026-09-05T05:36:33.025475+00:00
2016-04-07,2439.5136,portal.amfiindia.com / AMFI Historical NAV,2026-09-05T05:36:33.025475+00:00
2016-04-08,2439.9634,portal.amfiindia.com / AMFI Historical NAV,2026-09-05T05:36:33.025475+00:00
2016-04-11,2440.1823,portal.amfiindia.com / AMFI Historical NAV,2026-09-05T05:36:33.025475+00:00
2016-04-12,2441.1727,portal.amfiindia.com / AMFI Historical NAV,2026-09-05T05:36:33.025475+00:00
2016-04-13,2441.7801,portal.amfiindia.com / AMFI Historical NAV,2026-09-05T05:36:33.025475+00:00
2016-04-14,2442.2899,portal.amfiindia.com / AMFI Historical NAV,2026-09-05T05:36:33.025475+00:00
2016-04-15,2442.7738,portal.amfiindia.com / AMFI Historical NAV,2026-09-05T05:36:33.025475+00:00
2016-04-18,2442.9858,portal.amfiindia.com / AMFI Historical NAV,2026-09-05T05:36:33.025475+00:00
2016-04-19,2443.2487,portal.amfiindia.com / AMFI Historical NAV,2026-09-05T05:36:33.025475+00:00
2016-04-20,2444.1444,portal.amfiindia.com / AMFI Historical NAV,2026-09-05T05:36:33.025475+00:00
2016-04-21,2444.6105,portal.amfiindia.com / AMFI Historical NAV,2026-09-05T05:36:33.025475+00:00
2016-04-22,2445.198,portal.amfiindia.com / AMFI Historical NAV,2026-09-05T05:36:33.025475+00:00
2016-04-25,2445.3202,portal.amfiindia.com / AMFI Historical NAV,2026-09-05T05:36:33.025475+00:00
2016-04-26,2445.5801,portal.amfiindia.com / AMFI Historical NAV,2026-09-05T05:36:33.025475+00:00
2016-04-27,2446.3115,portal.amfiindia.com / AMFI Historical NAV,2026-09-05T05:36:33.025475+00:00
2016-04-28,2446.9864,portal.amfiindia.com / AMFI Historical NAV,2026-09-05T05:36:33.025475+00:00
2016-04-29,2447.9981,portal.amfiindia.com / AMFI Historical NAV,2026-09-05T05:36:33.025475+00:00
2016-05-02,2448.9097,portal.amfiindia.com / AMFI Historical NAV,2026-09-05T05:36:33.025475+00:00
2016-05-03,2449.4362,portal.amfiindia.com / AMFI Historical NAV,2026-09-05T05:36:33.025475+00:00
2016-05-04,2450.1353,portal.amfiindia.com / AMFI Historical NAV,2026-09-05T05:36:33.025475+00:00
2016-05-05,2450.6411,portal.amfiindia.com / AMFI Historical NAV,2026-09-05T05:36:33.025475+00:00
2016-05-06,2451.7281,portal.amfiindia.com / AMFI Historical NAV,2026-09-05T05:36:33.025475+00:00
2016-05-09,2452.5936,portal.amfiindia.com / AMFI Historical NAV,2026-09-05T05:36:33.025475+00:00
2016-05-10,2453.2191,portal.amfiindia.com / AMFI Historical NAV,2026-09-05T05:36:33.025475+00:00
2016-05-11,2453.8524,portal.amfiindia.com / AMFI Historical NAV,2026-09-05T05:36:33.025475+00:00
2016-05-12,2454.7912,portal.amfiindia.com / AMFI Historical NAV,2026-09-05T05:36:33.025475+00:00
2016-05-13,2455.518,portal.amfiindia.com / AMFI Historical NAV,2026-09-05T05:36:33.025475+00:00
2016-05-16,2456.4853,portal.amfiindia.com / AMFI Historical NAV,2026-09-05T05:36:33.025475+00:00
2016-05-17,2456.6081,portal.amfiindia.com / AMFI Historical NAV,2026-09-05T05:36:33.025475+00:00
2016-05-18,2457.3064,portal.amfiindia.com / AMFI Historical NAV,2026-09-05T05:36:33.025475+00:00
2016-05-19,2457.7648,portal.amfiindia.com / AMFI Historical NAV,2026-09-05T05:36:33.025475+00:00
2016-05-20,2458.7816,portal.amfiindia.com / AMFI Historical NAV,2026-09-05T05:36:33.025475+00:00
2016-05-23,2459.7473,portal.amfiindia.com / AMFI Historical NAV,2026-09-05T05:36:33.025475+00:00
2016-05-24,2460.341,portal.amfiindia.com / AMFI Historical NAV,2026-09-05T05:36:33.025475+00:00
2016-05-25,2461.3046,portal.amfiindia.com / AMFI Historical NAV,2026-09-05T05:36:33.025475+00:00
2016-05-26,2462.3295,portal.amfiindia.com / AMFI Historical NAV,2026-09-05T05:36:33.025475+00:00
2016-05-27,2462.9341,portal.amfiindia.com / AMFI Historical NAV,2026-09-05T05:36:33.025475+00:00
2016-05-30,2464.1294,portal.amfiindia.com / AMFI Historical NAV,2026-09-05T05:36:33.025475+00:00
2016-05-31,2464.7083,portal.amfiindia.com / AMFI Historical NAV,2026-09-05T05:36:33.025475+00:00
2016-06-01,2465.2423,portal.amfiindia.com / AMFI Historical NAV,2026-09-05T05:36:33.025475+00:00
2016-06-02,2466.0427,portal.amfiindia.com / AMFI Historical NAV,2026-09-05T05:36:33.025475+00:00
2016-06-03,2466.5426,portal.amfiindia.com / AMFI Historical NAV,2026-09-05T05:36:33.025475+00:00
2016-06-06,2467.1509,portal.amfiindia.com / AMFI Historical NAV,2026-09-05T05:36:33.025475+00:00
2016-06-07,2468.0861,portal.amfiindia.com / AMFI Historical NAV,2026-09-05T05:36:33.025475+00:00
2016-06-08,2468.6785,portal.amfiindia.com / AMFI Historical NAV,2026-09-05T05:36:33.025475+00:00
2016-06-09,2468.8478,portal.amfiindia.com / AMFI Historical NAV,2026-09-05T05:36:33.025475+00:00
2016-06-10,2469.5263,portal.amfiindia.com / AMFI Historical NAV,2026-09-05T05:36:33.025475+00:00
2016-06-13,2469.9423,portal.amfiindia.com / AMFI Historical NAV,2026-09-05T05:36:33.025475+00:00
2016-06-14,2470.7441,portal.amfiindia.com / AMFI Historical NAV,2026-09-05T05:36:33.025475+00:00
2016-06-15,2471.5044,portal.amfiindia.com / AMFI Historical NAV,2026-09-05T05:36:33.025475+00:00
2016-06-16,2472.4565,portal.amfiindia.com / AMFI Historical NAV,2026-09-05T05:36:33.025475+00:00
2016-06-17,2473.2696,portal.amfiindia.com / AMFI Historical NAV,2026-09-05T05:36:33.025475+00:00
2016-06-20,2474.1281,portal.amfiindia.com / AMFI Historical NAV,2026-09-05T05:36:33.025475+00:00
2016-06-21,2474.5517,portal.amfiindia.com / AMFI Historical NAV,2026-09-05T05:36:33.025475+00:00
2016-06-22,2475.3398,portal.amfiindia.com / AMFI Historical NAV,2026-09-05T05:36:33.025475+00:00
2016-06-23,2476.4164,portal.amfiindia.com / AMFI Historical NAV,2026-09-05T05:36:33.025475+00:00
2016-06-24,2476.8355,portal.amfiindia.com / AMFI Historical NAV,2026-09-05T05:36:33.025475+00:00
2016-06-27,2477.871,portal.amfiindia.com / AMFI Historical NAV,2026-09-05T05:36:33.025475+00:00
2016-06-28,2478.3248,portal.amfiindia.com / AMFI Historical NAV,2026-09-05T05:36:33.025475+00:00
2016-06-29,2478.7038,portal.amfiindia.com / AMFI Historical NAV,2026-09-05T05:36:33.025475+00:00
2016-06-30,2479.3673,portal.amfiindia.com / AMFI Historical NAV,2026-09-05T05:36:33.025475+00:00
2016-07-01,2480.1352,portal.amfiindia.com / AMFI Historical NAV,2026-09-05T05:36:33.025475+00:00
2016-07-04,2480.9518,portal.amfiindia.com / AMFI Historical NAV,2026-09-05T05:36:33.025475+00:00
2016-07-05,2481.3039,portal.amfiindia.com / AMFI Historical NAV,2026-09-05T05:36:33.025475+00:00
2016-07-06,2482.0025,portal.amfiindia.com / AMFI Historical NAV,2026-09-05T05:36:33.025475+00:00
2016-07-07,2482.4233,portal.amfiindia.com / AMFI Historical NAV,2026-09-05T05:36:33.025475+00:00
2016-07-08,2482.6447,portal.amfiindia.com / AMFI Historical NAV,2026-09-05T05:36:33.025475+00:00
2016-07-11,2483.0053,portal.amfiindia.com / AMFI Historical NAV,2026-09-05T05:36:33.025475+00:00
2016-07-12,2483.41,portal.amfiindia.com / AMFI Historical NAV,2026-09-05T05:36:33.025475+00:00
2016-07-13,2484.1308,portal.amfiindia.com / AMFI Historical NAV,2026-09-05T05:36:33.025475+00:00
2016-07-14,2485.0085,portal.amfiindia.com / AMFI Historical NAV,2026-09-05T05:36:33.025475+00:00
2016-07-15,2485.2341,portal.amfiindia.com / AMFI Historical NAV,2026-09-05T05:36:33.025475+00:00
2016-07-18,2485.9133,portal.amfiindia.com / AMFI Historical NAV,2026-09-05T05:36:33.025475+00:00
2016-07-19,2486.2127,portal.amfiindia.com / AMFI Historical NAV,2026-09-05T05:36:33.025475+00:00
2016-07-20,2486.961,portal.amfiindia.com / AMFI Historical NAV,2026-09-05T05:36:33.025475+00:00
2016-07-21,2487.3983,portal.amfiindia.com / AMFI Historical NAV,2026-09-05T05:36:33.025475+00:00
2016-07-22,2487.729,portal.amfiindia.com / AMFI Historical NAV,2026-09-05T05:36:33.025475+00:00
2016-07-25,2488.5203,portal.amfiindia.com / AMFI Historical NAV,2026-09-05T05:36:33.025475+00:00
2016-07-26,2488.9667,portal.amfiindia.com / AMFI Historical NAV,2026-09-05T05:36:33.025475+00:00
2016-07-27,2489.4807,portal.amfiindia.com / AMFI Historical NAV,2026-09-05T05:36:33.025475+00:00
2016-07-28,2489.6052,portal.amfiindia.com / AMFI Historical NAV,2026-09-05T05:36:33.025475+00:00
2016-07-29,2490.4336,portal.amfiindia.com / AMFI Historical NAV,2026-09-05T05:36:33.025475+00:00
2016-08-01,2491.231,portal.amfiindia.com / AMFI Historical NAV,2026-09-05T05:36:33.025475+00:00
2016-08-02,2491.8255,portal.amfiindia.com / AMFI Historical NAV,2026-09-05T05:36:33.025475+00:00
2016-08-03,2492.0381,portal.amfiindia.com / AMFI Historical NAV,2026-09-05T05:36:33.025475+00:00
2016-08-04,2492.9329,portal.amfiindia.com / AMFI Historical NAV,2026-09-05T05:36:33.025475+00:00
2016-08-05,2493.3603,portal.amfiindia.com / AMFI Historical NAV,2026-09-05T05:36:33.025475+00:00
2016-08-08,2493.8409,portal.amfiindia.com / AMFI Historical NAV,2026-09-05T05:36:33.025475+00:00
2016-08-09,2495.0113,portal.amfiindia.com / AMFI Historical NAV,2026-09-05T05:36:33.025475+00:00
2016-08-10,2495.4298,portal.amfiindia.com / AMFI Historical NAV,2026-09-05T05:36:33.025475+00:00
2016-08-11,2496.2092,portal.amfiindia.com / AMFI Historical NAV,2026-09-05T05:36:33.025475+00:00
2016-08-12,2496.9438,portal.amfiindia.com / AMFI Historical NAV,2026-09-05T05:36:33.025475+00:00
2016-08-15,2497.6357,portal.amfiindia.com / AMFI Historical NAV,2026-09-05T05:36:33.025475+00:00
2016-08-16,2498.3008,portal.amfiindia.com / AMFI Historical NAV,2026-09-05T05:36:33.025475+00:00
2016-08-17,2498.9897,portal.amfiindia.com / AMFI Historical NAV,2026-09-05T05:36:33.025475+00:00
2016-08-18,2499.6527,portal.amfiindia.com / AMFI Historical NAV,2026-09-05T05:36:33.025475+00:00
2016-08-19,2500.2348,portal.amfiindia.com / AMFI Historical NAV,2026-09-05T05:36:33.025475+00:00
2016-08-22,2501.208,portal.amfiindia.com / AMFI Historical NAV,2026-09-05T05:36:33.025475+00:00
2016-08-23,2501.4752,portal.amfiindia.com / AMFI Historical NAV,2026-09-05T05:36:33.025475+00:00
2016-08-24,2502.3263,portal.amfiindia.com / AMFI Historical NAV,2026-09-05T05:36:33.025475+00:00
2016-08-25,2503.1279,portal.amfiindia.com / AMFI Historical NAV,2026-09-05T05:36:33.025475+00:00
2016-08-26,2503.8987,portal.amfiindia.com / AMFI Historical NAV,2026-09-05T05:36:33.025475+00:00
2016-08-29,2504.7745,portal.amfiindia.com / AMFI Historical NAV,2026-09-05T05:36:33.025475+00:00
2016-08-30,2505.3477,portal.amfiindia.com / AMFI Historical NAV,2026-09-05T05:36:33.025475+00:00
2016-08-31,2505.476,portal.amfiindia.com / AMFI Historical NAV,2026-09-05T05:36:33.025475+00:00
2016-09-01,2506.0544,portal.amfiindia.com / AMFI Historical NAV,2026-09-05T05:36:33.025475+00:00
2016-09-02,2506.4027,portal.amfiindia.com / AMFI Historical NAV,2026-09-05T05:36:33.025475+00:00
2016-09-05,2506.816,portal.amfiindia.com / AMFI Historical NAV,2026-09-05T05:36:33.025475+00:00
2016-09-06,2507.1014,portal.amfiindia.com / AMFI Historical NAV,2026-09-05T05:36:33.025475+00:00
2016-09-07,2507.5787,portal.amfiindia.com / AMFI Historical NAV,2026-09-05T05:36:33.025475+00:00
2016-09-08,2508.0261,portal.amfiindia.com / AMFI Historical NAV,2026-09-05T05:36:33.025475+00:00
2016-09-09,2508.1515,portal.amfiindia.com / AMFI Historical NAV,2026-09-05T05:36:33.025475+00:00
2016-09-12,2508.9243,portal.amfiindia.com / AMFI Historical NAV,2026-09-05T05:36:33.025475+00:00
2016-09-13,2510.0787,portal.amfiindia.com / AMFI Historical NAV,2026-09-05T05:36:33.025475+00:00
2016-09-14,2510.8285,portal.amfiindia.com / AMFI Historical NAV,2026-09-05T05:36:33.025475+00:00
2016-09-15,2511.3754,portal.amfiindia.com / AMFI Historical NAV,2026-09-05T05:36:33.025475+00:00
2016-09-16,2511.9596,portal.amfiindia.com / AMFI Historical NAV,2026-09-05T05:36:33.025475+00:00
2016-09-19,2512.4519,portal.amfiindia.com / AMFI Historical NAV,2026-09-05T05:36:33.025475+00:00
2016-09-20,2513.0728,portal.amfiindia.com / AMFI Historical NAV,2026-09-05T05:36:33.025475+00:00
2016-09-21,2513.6618,portal.amfiindia.com / AMFI Historical NAV,2026-09-05T05:36:33.025475+00:00
2016-09-22,2514.0489,portal.amfiindia.com / AMFI Historical NAV,2026-09-05T05:36:33.025475+00:00
2016-09-23,2515.0706,portal.amfiindia.com / AMFI Historical NAV,2026-09-05T05:36:33.025475+00:00
2016-09-26,2515.2954,portal.amfiindia.com / AMFI Historical NAV,2026-09-05T05:36:33.025475+00:00
2016-09-27,2516.0749,portal.amfiindia.com / AMFI Historical NAV,2026-09-05T05:36:33.025475+00:00
2016-09-28,2516.6485,portal.amfiindia.com / AMFI Historical NAV,2026-09-05T05:36:33.025475+00:00
2016-09-29,2517.7261,portal.amfiindia.com / AMFI Historical NAV,2026-09-05T05:36:33.025475+00:00
2016-09-30,2518.4114,portal.amfiindia.com / AMFI Historical NAV,2026-09-05T05:36:33.025475+00:00
2016-10-03,2518.9204,portal.amfiindia.com / AMFI Historical NAV,2026-09-05T05:36:33.025475+00:00
2016-10-04,2519.4577,portal.amfiindia.com / AMFI Historical NAV,2026-09-05T05:36:33.025475+00:00
2016-10-05,2520.0676,portal.amfiindia.com / AMFI Historical NAV,2026-09-05T05:36:33.025475+00:00
2016-10-06,2520.3797,portal.amfiindia.com / AMFI Historical NAV,2026-09-05T05:36:33.025475+00:00
2016-10-07,2520.7865,portal.amfiindia.com / AMFI Historical NAV,2026-09-05T05:36:33.025475+00:00
2016-10-10,2520.9367,portal.amfiindia.com / AMFI Historical NAV,2026-09-05T05:36:33.025475+00:00
2016-10-11,2521.3043,portal.amfiindia.com / AMFI Historical NAV,2026-09-05T05:36:33.025475+00:00
2016-10-12,2521.9282,portal.amfiindia.com / AMFI Historical NAV,2026-09-05T05:36:33.025475+00:00
2016-10-13,2522.6044,portal.amfiindia.com / AMFI Historical NAV,2026-09-05T05:36:33.025475+00:00
2016-10-14,2522.7305,portal.amfiindia.com / AMFI Historical NAV,2026-09-05T05:36:33.025475+00:00
2016-10-17,2523.2966,portal.amfiindia.com / AMFI Historical NAV,2026-09-05T05:36:33.025475+00:00
2016-10-18,2524.0395,portal.amfiindia.com / AMFI Historical NAV,2026-09-05T05:36:33.025475+00:00
2016-10-19,2524.5994,portal.amfiindia.com / AMFI Historical NAV,2026-09-05T05:36:33.025475+00:00
2016-10-20,2525.0404,portal.amfiindia.com / AMFI Historical NAV,2026-09-05T05:36:33.025475+00:00
2016-10-21,2525.5376,portal.amfiindia.com / AMFI Historical NAV,2026-09-05T05:36:33.025475+00:00
2016-10-24,2526.0023,portal.amfiindia.com / AMFI Historical NAV,2026-09-05T05:36:33.025475+00:00
2016-10-25,2526.4429,portal.amfiindia.com / AMFI Historical NAV,2026-09-05T05:36:33.025475+00:00
2016-10-26,2527.0884,portal.amfiindia.com / AMFI Historical NAV,2026-09-05T05:36:33.025475+00:00
2016-10-27,2528.2732,portal.amfiindia.com / AMFI Historical NAV,2026-09-05T05:36:33.025475+00:00
2016-10-28,2528.6872,portal.amfiindia.com / AMFI Historical NAV,2026-09-05T05:36:33.025475+00:00
2016-10-31,2529.2088,portal.amfiindia.com / AMFI Historical NAV,2026-09-05T05:36:33.025475+00:00
2016-11-01,2529.7979,portal.amfiindia.com / AMFI Historical NAV,2026-09-05T05:36:33.025475+00:00
2016-11-02,2530.2263,portal.amfiindia.com / AMFI Historical NAV,2026-09-05T05:36:33.025475+00:00
2016-11-03,2531.1067,portal.amfiindia.com / AMFI Historical NAV,2026-09-05T05:36:33.025475+00:00
2016-11-04,2531.2332,portal.amfiindia.com / AMFI Historical NAV,2026-09-05T05:36:33.025475+00:00
2016-11-07,2531.7015,portal.amfiindia.com / AMFI Historical NAV,2026-09-05T05:36:33.025475+00:00
2016-11-08,2532.5114,portal.amfiindia.com / AMFI Historical NAV,2026-09-05T05:36:33.025475+00:00
2016-11-09,2533.0399,portal.amfiindia.com / AMFI Historical NAV,2026-09-05T05:36:33.025475+00:00
2016-11-10,2533.4351,portal.amfiindia.com / AMFI Historical NAV,2026-09-05T05:36:33.025475+00:00
2016-11-11,2534.15,portal.amfiindia.com / AMFI Historical NAV,2026-09-05T05:36:33.025475+00:00
2016-11-14,2534.983,portal.amfiindia.com / AMFI Historical NAV,2026-09-05T05:36:33.025475+00:00
2016-11-15,2535.64,portal.amfiindia.com / AMFI Historical NAV,2026-09-05T05:36:33.025475+00:00
2016-11-16,2536.0405,portal.amfiindia.com / AMFI Historical NAV,2026-09-05T05:36:33.025475+00:00
2016-11-17,2536.7601,portal.amfiindia.com / AMFI Historical NAV,2026-09-05T05:36:33.025475+00:00
2016-11-18,2537.2621,portal.amfiindia.com / AMFI Historical NAV,2026-09-05T05:36:33.025475+00:00
2016-11-21,2538.0552,portal.amfiindia.com / AMFI Historical NAV,2026-09-05T05:36:33.025475+00:00
2016-11-22,2539.036,portal.amfiindia.com / AMFI Historical NAV,2026-09-05T05:36:33.025475+00:00
2016-11-23,2539.163,portal.amfiindia.com / AMFI Historical NAV,2026-09-05T05:36:33.025475+00:00
2016-11-24,2539.7957,portal.amfiindia.com / AMFI Historical NAV,2026-09-05T05:36:33.025475+00:00
2016-11-25,2539.9596,portal.amfiindia.com / AMFI Historical NAV,2026-09-05T05:36:33.025475+00:00
2016-11-28,2541.1845,portal.amfiindia.com / AMFI Historical NAV,2026-09-05T05:36:33.025475+00:00
2016-11-29,2541.6706,portal.amfiindia.com / AMFI Historical NAV,2026-09-05T05:36:33.025475+00:00
2016-11-30,2542.4655,portal.amfiindia.com / AMFI Historical NAV,2026-09-05T05:36:33.025475+00:00
2016-12-01,2543.0619,portal.amfiindia.com / AMFI Historical NAV,2026-09-05T05:36:33.025475+00:00
2016-12-02,2543.4631,portal.amfiindia.com / AMFI Historical NAV,2026-09-05T05:36:33.025475+00:00
2016-12-05,2543.8342,portal.amfiindia.com / AMFI Historical NAV,2026-09-05T05:36:33.025475+00:00
2016-12-06,2544.8432,portal.amfiindia.com / AMFI Historical NAV,2026-09-05T05:36:33.025475+00:00
2016-12-07,2545.6924,portal.amfiindia.com / AMFI Historical NAV,2026-09-05T05:36:33.025475+00:00
2016-12-08,2546.7933,portal.amfiindia.com / AMFI Historical NAV,2026-09-05T05:36:33.025475+00:00
2016-12-09,2547.4138,portal.amfiindia.com / AMFI Historical NAV,2026-09-05T05:36:33.025475+00:00
2016-12-12,2548.0937,portal.amfiindia.com / AMFI Historical NAV,2026-09-05T05:36:33.025475+00:00
2016-12-13,2548.6323,portal.amfiindia.com / AMFI Historical NAV,2026-09-05T05:36:33.025475+00:00
2016-12-14,2549.166,portal.amfiindia.com / AMFI Historical NAV,2026-09-05T05:36:33.025475+00:00
2016-12-15,2549.5073,portal.amfiindia.com / AMFI Historical NAV,2026-09-05T05:36:33.025475+00:00
2016-12-16,2550.1357,portal.amfiindia.com / AMFI Historical NAV,2026-09-05T05:36:33.025475+00:00
2016-12-19,2550.5417,portal.amfiindia.com / AMFI Historical NAV,2026-09-05T05:36:33.025475+00:00
2016-12-20,2551.2616,portal.amfiindia.com / AMFI Historical NAV,2026-09-05T05:36:33.025475+00:00
2016-12-21,2551.9125,portal.amfiindia.com / AMFI Historical NAV,2026-09-05T05:36:33.025475+00:00
2016-12-22,2552.5935,portal.amfiindia.com / AMFI Historical NAV,2026-09-05T05:36:33.025475+00:00
2016-12-23,2553.6288,portal.amfiindia.com / AMFI Historical NAV,2026-09-05T05:36:33.025475+00:00
2016-12-26,2554.2272,portal.amfiindia.com / AMFI Historical NAV,2026-09-05T05:36:33.025475+00:00
2016-12-27,2555.0286,portal.amfiindia.com / AMFI Historical NAV,2026-09-05T05:36:33.025475+00:00
2016-12-28,2556.1611,portal.amfiindia.com / AMFI Historical NAV,2026-09-05T05:36:33.025475+00:00
2016-12-29,2557.1037,portal.amfiindia.com / AMFI Historical NAV,2026-09-05T05:36:33.025475+00:00
2016-12-30,2558.0074,portal.amfiindia.com / AMFI Historical NAV,2026-09-05T05:36:33.025475+00:00
2017-01-02,2558.538,portal.amfiindia.com / AMFI Historical NAV,2026-09-05T05:36:33.025475+00:00
2017-01-03,2559.206,portal.amfiindia.com / AMFI Historical NAV,2026-09-05T05:36:33.025475+00:00
2017-01-04,2559.4779,portal.amfiindia.com / AMFI Historical NAV,2026-09-05T05:36:33.025475+00:00
2017-01-05,2560.215,portal.amfiindia.com / AMFI Historical NAV,2026-09-05T05:36:33.025475+00:00
2017-01-06,2560.8949,portal.amfiindia.com / AMFI Historical NAV,2026-09-05T05:36:33.025475+00:00
2017-01-09,2561.5106,portal.amfiindia.com / AMFI Historical NAV,2026-09-05T05:36:33.025475+00:00
2017-01-10,2562.3836,portal.amfiindia.com / AMFI Historical NAV,2026-09-05T05:36:33.025475+00:00
2017-01-11,2562.6842,portal.amfiindia.com / AMFI Historical NAV,2026-09-05T05:36:33.025475+00:00
2017-01-12,2563.7133,portal.amfiindia.com / AMFI Historical NAV,2026-09-05T05:36:33.025475+00:00
2017-01-13,2564.5549,portal.amfiindia.com / AMFI Historical NAV,2026-09-05T05:36:33.025475+00:00
2017-01-16,2565.1474,portal.amfiindia.com / AMFI Historical NAV,2026-09-05T05:36:33.025475+00:00
2017-01-17,2565.72,portal.amfiindia.com / AMFI Historical NAV,2026-09-05T05:36:33.025475+00:00
2017-01-18,2566.4542,portal.amfiindia.com / AMFI Historical NAV,2026-09-05T05:36:33.025475+00:00
2017-01-19,2567.4556,portal.amfiindia.com / AMFI Historical NAV,2026-09-05T05:36:33.025475+00:00
2017-01-20,2568.093,portal.amfiindia.com / AMFI Historical NAV,2026-09-05T05:36:33.025475+00:00
2017-01-23,2568.7414,portal.amfiindia.com / AMFI Historical NAV,2026-09-05T05:36:33.025475+00:00
2017-01-24,2569.3577,portal.amfiindia.com / AMFI Historical NAV,2026-09-05T05:36:33.025475+00:00
2017-01-25,2570.4273,portal.amfiindia.com / AMFI Historical NAV,2026-09-05T05:36:33.025475+00:00
2017-01-26,2570.9445,portal.amfiindia.com / AMFI Historical NAV,2026-09-05T05:36:33.025475+00:00
2017-01-27,2571.549,portal.amfiindia.com / AMFI Historical NAV,2026-09-05T05:36:33.025475+00:00
2017-01-30,2572.5376,portal.amfiindia.com / AMFI Historical NAV,2026-09-05T05:36:33.025475+00:00
2017-01-31,2573.188,portal.amfiindia.com / AMFI Historical NAV,2026-09-05T05:36:33.025475+00:00
2017-02-01,2574.0932,portal.amfiindia.com / AMFI Historical NAV,2026-09-05T05:36:33.025475+00:00
2017-02-02,2574.4715,portal.amfiindia.com / AMFI Historical NAV,2026-09-05T05:36:33.025475+00:00
2017-02-03,2575.0316,portal.amfiindia.com / AMFI Historical NAV,2026-09-05T05:36:33.025475+00:00
2017-02-06,2576.027,portal.amfiindia.com / AMFI Historical NAV,2026-09-05T05:36:33.025475+00:00
2017-02-07,2576.4661,portal.amfiindia.com / AMFI Historical NAV,2026-09-05T05:36:33.025475+00:00
2017-02-08,2577.0406,portal.amfiindia.com / AMFI Historical NAV,2026-09-05T05:36:33.025475+00:00
2017-02-09,2577.7203,portal.amfiindia.com / AMFI Historical NAV,2026-09-05T05:36:33.025475+00:00
2017-02-10,2578.0791,portal.amfiindia.com / AMFI Historical NAV,2026-09-05T05:36:33.025475+00:00
2017-02-13,2578.5862,portal.amfiindia.com / AMFI Historical NAV,2026-09-05T05:36:33.025475+00:00
2017-02-14,2579.2292,portal.amfiindia.com / AMFI Historical NAV,2026-09-05T05:36:33.025475+00:00
2017-02-15,2579.8553,portal.amfiindia.com / AMFI Historical NAV,2026-09-05T05:36:33.025475+00:00
2017-02-16,2580.7999,portal.amfiindia.com / AMFI Historical NAV,2026-09-05T05:36:33.025475+00:00
2017-02-17,2581.8122,portal.amfiindia.com / AMFI Historical NAV,2026-09-05T05:36:33.025475+00:00
2017-02-20,2582.2059,portal.amfiindia.com / AMFI Historical NAV,2026-09-05T05:36:33.025475+00:00
2017-02-21,2582.8494,portal.amfiindia.com / AMFI Historical NAV,2026-09-05T05:36:33.025475+00:00
2017-02-22,2583.6386,portal.amfiindia.com / AMFI Historical NAV,2026-09-05T05:36:33.025475+00:00
2017-02-23,2584.6455,portal.amfiindia.com / AMFI Historical NAV,2026-09-05T05:36:33.025475+00:00
2017-02-24,2585.4466,portal.amfiindia.com / AMFI Historical NAV,2026-09-05T05:36:33.025475+00:00
2017-02-27,2586.1374,portal.amfiindia.com / AMFI Historical NAV,2026-09-05T05:36:33.025475+00:00
2017-02-28,2586.9255,portal.amfiindia.com / AMFI Historical NAV,2026-09-05T05:36:33.025475+00:00
2017-03-01,2587.7157,portal.amfiindia.com / AMFI Historical NAV,2026-09-05T05:36:33.025475+00:00
2017-03-02,2588.0918,portal.amfiindia.com / AMFI Historical NAV,2026-09-05T05:36:33.025475+00:00
2017-03-03,2588.7579,portal.amfiindia.com / AMFI Historical NAV,2026-09-05T05:36:33.025475+00:00
2017-03-06,2589.752,portal.amfiindia.com / AMFI Historical NAV,2026-09-05T05:36:33.025475+00:00
2017-03-07,2590.3149,portal.amfiindia.com / AMFI Historical NAV,2026-09-05T05:36:33.025475+00:00
2017-03-08,2590.9652,portal.amfiindia.com / AMFI Historical NAV,2026-09-05T05:36:33.025475+00:00
2017-03-09,2591.5192,portal.amfiindia.com / AMFI Historical NAV,2026-09-05T05:36:33.025475+00:00
2017-03-10,2591.6488,portal.amfiindia.com / AMFI Historical NAV,2026-09-05T05:36:33.025475+00:00
2017-03-13,2592.2712,portal.amfiindia.com / AMFI Historical NAV,2026-09-05T05:36:33.025475+00:00
2017-03-14,2592.9667,portal.amfiindia.com / AMFI Historical NAV,2026-09-05T05:36:33.025475+00:00
2017-03-15,2593.4511,portal.amfiindia.com / AMFI Historical NAV,2026-09-05T05:36:33.025475+00:00
2017-03-16,2593.7692,portal.amfiindia.com / AMFI Historical NAV,2026-09-05T05:36:33.025475+00:00
2017-03-17,2594.1583,portal.amfiindia.com / AMFI Historical NAV,2026-09-05T05:36:33.025475+00:00
2017-03-20,2594.9742,portal.amfiindia.com / AMFI Historical NAV,2026-09-05T05:36:33.025475+00:00
2017-03-21,2596.104,portal.amfiindia.com / AMFI Historical NAV,2026-09-05T05:36:33.025475+00:00
2017-03-22,2597.081,portal.amfiindia.com / AMFI Historical NAV,2026-09-05T05:36:33.025475+00:00
2017-03-23,2597.3502,portal.amfiindia.com / AMFI Historical NAV,2026-09-05T05:36:33.025475+00:00
2017-03-24,2598.1906,portal.amfiindia.com / AMFI Historical NAV,2026-09-05T05:36:33.025475+00:00
2017-03-27,2598.6369,portal.amfiindia.com / AMFI Historical NAV,2026-09-05T05:36:33.025475+00:00
2017-03-28,2599.1043,portal.amfiindia.com / AMFI Historical NAV,2026-09-05T05:36:33.025475+00:00
2017-03-29,2599.6031,portal.amfiindia.com / AMFI Historical NAV,2026-09-05T05:36:33.025475+00:00
2017-03-30,2600.4056,portal.amfiindia.com / AMFI Historical NAV,2026-09-05T05:36:33.025475+00:00
2017-03-31,2601.2742,portal.amfiindia.com / AMFI Historical NAV,2026-09-05T05:36:33.025475+00:00
2017-04-03,2601.868,portal.amfiindia.com / AMFI Historical NAV,2026-09-05T05:36:33.025475+00:00
2017-04-04,2602.4664,portal.amfiindia.com / AMFI Historical NAV,2026-09-05T05:36:33.025475+00:00
2017-04-05,2603.2069,portal.amfiindia.com / AMFI Historical NAV,2026-09-05T05:36:33.025475+00:00
2017-04-06,2603.9745,portal.amfiindia.com / AMFI Historical NAV,2026-09-05T05:36:33.025475+00:00
2017-04-07,2604.9008,portal.amfiindia.com / AMFI Historical NAV,2026-09-05T05:36:33.025475+00:00
2017-04-10,2605.1865,portal.amfiindia.com / AMFI Historical NAV,2026-09-05T05:36:33.025475+00:00
2017-04-11,2605.812,portal.amfiindia.com / AMFI Historical NAV,2026-09-05T05:36:33.025475+00:00
2017-04-12,2606.1541,portal.amfiindia.com / AMFI Historical NAV,2026-09-05T05:36:33.025475+00:00
2017-04-13,2606.7613,portal.amfiindia.com / AMFI Historical NAV,2026-09-05T05:36:33.025475+00:00
2017-04-14,2607.323,portal.amfiindia.com / AMFI Historical NAV,2026-09-05T05:36:33.025475+00:00
2017-04-17,2607.9316,portal.amfiindia.com / AMFI Historical NAV,2026-09-05T05:36:33.025475+00:00
2017-04-18,2608.344,portal.amfiindia.com / AMFI Historical NAV,2026-09-05T05:36:33.025475+00:00
2017-04-19,2608.5771,portal.amfiindia.com / AMFI Historical NAV,2026-09-05T05:36:33.025475+00:00
2017-04-20,2608.7075,portal.amfiindia.com / AMFI Historical NAV,2026-09-05T05:36:33.025475+00:00
2017-04-21,2609.2944,portal.amfiindia.com / AMFI Historical NAV,2026-09-05T05:36:33.025475+00:00
2017-04-24,2609.8032,portal.amfiindia.com / AMFI Historical NAV,2026-09-05T05:36:33.025475+00:00
2017-04-25,2610.2482,portal.amfiindia.com / AMFI Historical NAV,2026-09-05T05:36:33.025475+00:00
2017-04-26,2611.2149,portal.amfiindia.com / AMFI Historical NAV,2026-09-05T05:36:33.025475+00:00
2017-04-27,2611.6122,portal.amfiindia.com / AMFI Historical NAV,2026-09-05T05:36:33.025475+00:00
2017-04-28,2612.604,portal.amfiindia.com / AMFI Historical NAV,2026-09-05T05:36:33.025475+00:00
2017-05-01,2613.6503,portal.amfiindia.com / AMFI Historical NAV,2026-09-05T05:36:33.025475+00:00
2017-05-02,2613.781,portal.amfiindia.com / AMFI Historical NAV,2026-09-05T05:36:33.025475+00:00
2017-05-03,2614.4275,portal.amfiindia.com / AMFI Historical NAV,2026-09-05T05:36:33.025475+00:00
2017-05-04,2614.9455,portal.amfiindia.com / AMFI Historical NAV,2026-09-05T05:36:33.025475+00:00
2017-05-05,2615.0762,portal.amfiindia.com / AMFI Historical NAV,2026-09-05T05:36:33.025475+00:00
2017-05-08,2615.3211,portal.amfiindia.com / AMFI Historical NAV,2026-09-05T05:36:33.025475+00:00
2017-05-09,2616.1464,portal.amfiindia.com / AMFI Historical NAV,2026-09-05T05:36:33.025475+00:00
2017-05-10,2617.2976,portal.amfiindia.com / AMFI Historical NAV,2026-09-05T05:36:33.025475+00:00
2017-05-11,2618.157,portal.amfiindia.com / AMFI Historical NAV,2026-09-05T05:36:33.025475+00:00
2017-05-12,2618.8651,portal.amfiindia.com / AMFI Historical NAV,2026-09-05T05:36:33.025475+00:00
2017-05-15,2619.4831,portal.amfiindia.com / AMFI Historical NAV,2026-09-05T05:36:33.025475+00:00
2017-05-16,2620.5475,portal.amfiindia.com / AMFI Historical NAV,2026-09-05T05:36:33.025475+00:00
2017-05-17,2621.7344,portal.amfiindia.com / AMFI Historical NAV,2026-09-05T05:36:33.025475+00:00
2017-05-18,2622.2048,portal.amfiindia.com / AMFI Historical NAV,2026-09-05T05:36:33.025475+00:00
2017-05-19,2622.3359,portal.amfiindia.com / AMFI Historical NAV,2026-09-05T05:36:33.025475+00:00
2017-05-22,2622.467,portal.amfiindia.com / AMFI Historical NAV,2026-09-05T05:36:33.025475+00:00
2017-05-23,2623.4381,portal.amfiindia.com / AMFI Historical NAV,2026-09-05T05:36:33.025475+00:00
2017-05-24,2624.0503,portal.amfiindia.com / AMFI Historical NAV,2026-09-05T05:36:33.025475+00:00
2017-05-25,2624.7232,portal.amfiindia.com / AMFI Historical NAV,2026-09-05T05:36:33.025475+00:00
2017-05-26,2624.8781,portal.amfiindia.com / AMFI Historical NAV,2026-09-05T05:36:33.025475+00:00
2017-05-29,2625.3054,portal.amfiindia.com / AMFI Historical NAV,2026-09-05T05:36:33.025475+00:00
2017-05-30,2625.8529,portal.amfiindia.com / AMFI Historical NAV,2026-09-05T05:36:33.025475+00:00
2017-05-31,2626.5327,portal.amfiindia.com / AMFI Historical NAV,2026-09-05T05:36:33.025475+00:00
2017-06-01,2627.0534,portal.amfiindia.com / AMFI Historical NAV,2026-09-05T05:36:33.025475+00:00
2017-06-02,2627.4063,portal.amfiindia.com / AMFI Historical NAV,2026-09-05T05:36:33.025475+00:00
2017-06-05,2627.8258,portal.amfiindia.com / AMFI Historical NAV,2026-09-05T05:36:33.025475+00:00
2017-06-06,2628.769,portal.amfiindia.com / AMFI Historical NAV,2026-09-05T05:36:33.025475+00:00
2017-06-07,2629.4592,portal.amfiindia.com / AMFI Historical NAV,2026-09-05T05:36:33.025475+00:00
2017-06-08,2630.2462,portal.amfiindia.com / AMFI Historical NAV,2026-09-05T05:36:33.025475+00:00
2017-06-09,2630.6361,portal.amfiindia.com / AMFI Historical NAV,2026-09-05T05:36:33.025475+00:00
2017-06-12,2630.7676,portal.amfiindia.com / AMFI Historical NAV,2026-09-05T05:36:33.025475+00:00
2017-06-13,2631.2564,portal.amfiindia.com / AMFI Historical NAV,2026-09-05T05:36:33.025475+00:00
2017-06-14,2631.6548,portal.amfiindia.com / AMFI Historical NAV,2026-09-05T05:36:33.025475+00:00
2017-06-15,2632.3733,portal.amfiindia.com / AMFI Historical NAV,2026-09-05T05:36:33.025475+00:00
2017-06-16,2633.8649,portal.amfiindia.com / AMFI Historical NAV,2026-09-05T05:36:33.025475+00:00
2017-06-19,2634.6752,portal.amfiindia.com / AMFI Historical NAV,2026-09-05T05:36:33.025475+00:00
2017-06-20,2636.0233,portal.amfiindia.com / AMFI Historical NAV,2026-09-05T05:36:33.025475+00:00
2017-06-21,2636.8008,portal.amfiindia.com / AMFI Historical NAV,2026-09-05T05:36:33.025475+00:00
2017-06-22,2637.2626,portal.amfiindia.com / AMFI Historical NAV,2026-09-05T05:36:33.025475+00:00
2017-06-23,2637.9822,portal.amfiindia.com / AMFI Historical NAV,2026-09-05T05:36:33.025475+00:00
2017-06-26,2639.0801,portal.amfiindia.com / AMFI Historical NAV,2026-09-05T05:36:33.025475+00:00
2017-06-27,2640.1912,portal.amfiindia.com / AMFI Historical NAV,2026-09-05T05:36:33.025475+00:00
2017-06-28,2640.668,portal.amfiindia.com / AMFI Historical NAV,2026-09-05T05:36:33.025475+00:00
2017-06-29,2641.3636,portal.amfiindia.com / AMFI Historical NAV,2026-09-05T05:36:33.025475+00:00
2017-06-30,2641.6149,portal.amfiindia.com / AMFI Historical NAV,2026-09-05T05:36:33.025475+00:00
2017-07-03,2642.4617,portal.amfiindia.com / AMFI Historical NAV,2026-09-05T05:36:33.025475+00:00
2017-07-04,2643.5014,portal.amfiindia.com / AMFI Historical NAV,2026-09-05T05:36:33.025475+00:00
2017-07-05,2644.1413,portal.amfiindia.com / AMFI Historical NAV,2026-09-05T05:36:33.025475+00:00
2017-07-06,2644.5944,portal.amfiindia.com / AMFI Historical NAV,2026-09-05T05:36:33.025475+00:00
2017-07-07,2645.3193,portal.amfiindia.com / AMFI Historical NAV,2026-09-05T05:36:33.025475+00:00
2017-07-10,2646.0595,portal.amfiindia.com / AMFI Historical NAV,2026-09-05T05:36:33.025475+00:00
2017-07-11,2646.711,portal.amfiindia.com / AMFI Historical NAV,2026-09-05T05:36:33.025475+00:00
2017-07-12,2647.3885,portal.amfiindia.com / AMFI Historical NAV,2026-09-05T05:36:33.025475+00:00
2017-07-13,2647.9728,portal.amfiindia.com / AMFI Historical NAV,2026-09-05T05:36:33.025475+00:00
2017-07-14,2648.867,portal.amfiindia.com / AMFI Historical NAV,2026-09-05T05:36:33.025475+00:00
2017-07-17,2649.6927,portal.amfiindia.com / AMFI Historical NAV,2026-09-05T05:36:33.025475+00:00
2017-07-18,2650.0631,portal.amfiindia.com / AMFI Historical NAV,2026-09-05T05:36:33.025475+00:00
2017-07-19,2650.4263,portal.amfiindia.com / AMFI Historical NAV,2026-09-05T05:36:33.025475+00:00
2017-07-20,2650.9899,portal.amfiindia.com / AMFI Historical NAV,2026-09-05T05:36:33.025475+00:00
2017-07-21,2651.8164,portal.amfiindia.com / AMFI Historical NAV,2026-09-05T05:36:33.025475+00:00
2017-07-24,2652.4871,portal.amfiindia.com / AMFI Historical NAV,2026-09-05T05:36:33.025475+00:00
2017-07-25,2652.948,portal.amfiindia.com / AMFI Historical NAV,2026-09-05T05:36:33.025475+00:00
2017-07-26,2653.649,portal.amfiindia.com / AMFI Historical NAV,2026-09-05T05:36:33.025475+00:00
2017-07-27,2654.1931,portal.amfiindia.com / AMFI Historical NAV,2026-09-05T05:36:33.025475+00:00
2017-07-28,2655.0587,portal.amfiindia.com / AMFI Historical NAV,2026-09-05T05:36:33.025475+00:00
2017-07-31,2655.7793,portal.amfiindia.com / AMFI Historical NAV,2026-09-05T05:36:33.025475+00:00
2017-08-01,2656.3279,portal.amfiindia.com / AMFI Historical NAV,2026-09-05T05:36:33.025475+00:00
2017-08-02,2657.0219,portal.amfiindia.com / AMFI Historical NAV,2026-09-05T05:36:33.025475+00:00
2017-08-03,2658.0039,portal.amfiindia.com / AMFI Historical NAV,2026-09-05T05:36:33.025475+00:00
2017-08-04,2658.4854,portal.amfiindia.com / AMFI Historical NAV,2026-09-05T05:36:33.025475+00:00
2017-08-07,2659.2254,portal.amfiindia.com / AMFI Historical NAV,2026-09-05T05:36:33.025475+00:00
2017-08-08,2659.8398,portal.amfiindia.com / AMFI Historical NAV,2026-09-05T05:36:33.025475+00:00
2017-08-09,2660.5867,portal.amfiindia.com / AMFI Historical NAV,2026-09-05T05:36:33.025475+00:00
2017-08-10,2661.046,portal.amfiindia.com / AMFI Historical NAV,2026-09-05T05:36:33.025475+00:00
2017-08-11,2661.7089,portal.amfiindia.com / AMFI Historical NAV,2026-09-05T05:36:33.025475+00:00
2017-08-14,2662.6375,portal.amfiindia.com / AMFI Historical NAV,2026-09-05T05:36:33.025475+00:00
2017-08-15,2663.022,portal.amfiindia.com / AMFI Historical NAV,2026-09-05T05:36:33.025475+00:00
2017-08-16,2663.302,portal.amfiindia.com / AMFI Historical NAV,2026-09-05T05:36:33.025475+00:00
2017-08-17,2663.5922,portal.amfiindia.com / AMFI Historical NAV,2026-09-05T05:36:33.025475+00:00
2017-08-18,2663.9146,portal.amfiindia.com / AMFI Historical NAV,2026-09-05T05:36:33.025475+00:00
2017-08-21,2664.7074,portal.amfiindia.com / AMFI Historical NAV,2026-09-05T05:36:33.025475+00:00
2017-08-22,2664.9673,portal.amfiindia.com / AMFI Historical NAV,2026-09-05T05:36:33.025475+00:00
2017-08-23,2665.5224,portal.amfiindia.com / AMFI Historical NAV,2026-09-05T05:36:33.025475+00:00
2017-08-24,2666.3218,portal.amfiindia.com / AMFI Historical NAV,2026-09-05T05:36:33.025475+00:00
2017-08-25,2667.0678,portal.amfiindia.com / AMFI Historical NAV,2026-09-05T05:36:33.025475+00:00
2017-08-28,2667.6,portal.amfiindia.com / AMFI Historical NAV,2026-09-05T05:36:33.025475+00:00
2017-08-29,2668.286,portal.amfiindia.com / AMFI Historical NAV,2026-09-05T05:36:33.025475+00:00
2017-08-30,2668.9499,portal.amfiindia.com / AMFI Historical NAV,2026-09-05T05:36:33.025475+00:00
2017-08-31,2669.5255,portal.amfiindia.com / AMFI Historical NAV,2026-09-05T05:36:33.025475+00:00
2017-09-01,2670.1049,portal.amfiindia.com / AMFI Historical NAV,2026-09-05T05:36:33.025475+00:00
2017-09-04,2671.3375,portal.amfiindia.com / AMFI Historical NAV,2026-09-05T05:36:33.025475+00:00
2017-09-05,2672.1897,portal.amfiindia.com / AMFI Historical NAV,2026-09-05T05:36:33.025475+00:00
2017-09-06,2673.4888,portal.amfiindia.com / AMFI Historical NAV,2026-09-05T05:36:33.025475+00:00
2017-09-07,2673.9925,portal.amfiindia.com / AMFI Historical NAV,2026-09-05T05:36:33.025475+00:00
2017-09-08,2674.6064,portal.amfiindia.com / AMFI Historical NAV,2026-09-05T05:36:33.025475+00:00
2017-09-11,2674.887,portal.amfiindia.com / AMFI Historical NAV,2026-09-05T05:36:33.025475+00:00
2017-09-12,2675.3073,portal.amfiindia.com / AMFI Historical NAV,2026-09-05T05:36:33.025475+00:00
2017-09-13,2676.4531,portal.amfiindia.com / AMFI Historical NAV,2026-09-05T05:36:33.025475+00:00
2017-09-14,2676.9506,portal.amfiindia.com / AMFI Historical NAV,2026-09-05T05:36:33.025475+00:00
2017-09-15,2678.1018,portal.amfiindia.com / AMFI Historical NAV,2026-09-05T05:36:33.025475+00:00
2017-09-18,2678.4064,portal.amfiindia.com / AMFI Historical NAV,2026-09-05T05:36:33.025475+00:00
2017-09-19,2678.762,portal.amfiindia.com / AMFI Historical NAV,2026-09-05T05:36:33.025475+00:00
2017-09-20,2679.3084,portal.amfiindia.com / AMFI Historical NAV,2026-09-05T05:36:33.025475+00:00
2017-09-21,2679.9292,portal.amfiindia.com / AMFI Historical NAV,2026-09-05T05:36:33.025475+00:00
2017-09-22,2680.8147,portal.amfiindia.com / AMFI Historical NAV,2026-09-05T05:36:33.025475+00:00
2017-09-25,2681.5738,portal.amfiindia.com / AMFI Historical NAV,2026-09-05T05:36:33.025475+00:00
2017-09-26,2682.1006,portal.amfiindia.com / AMFI Historical NAV,2026-09-05T05:36:33.025475+00:00
2017-09-27,2682.7035,portal.amfiindia.com / AMFI Historical NAV,2026-09-05T05:36:33.025475+00:00
2017-09-28,2683.2566,portal.amfiindia.com / AMFI Historical NAV,2026-09-05T05:36:33.025475+00:00
2017-09-29,2683.6501,portal.amfiindia.com / AMFI Historical NAV,2026-09-05T05:36:33.025475+00:00
2017-10-02,2684.0507,portal.amfiindia.com / AMFI Historical NAV,2026-09-05T05:36:33.025475+00:00
2017-10-03,2684.9657,portal.amfiindia.com / AMFI Historical NAV,2026-09-05T05:36:33.025475+00:00
2017-10-04,2685.1141,portal.amfiindia.com / AMFI Historical NAV,2026-09-05T05:36:33.025475+00:00
2017-10-05,2686.1877,portal.amfiindia.com / AMFI Historical NAV,2026-09-05T05:36:33.025475+00:00
2017-10-06,2686.7351,portal.amfiindia.com / AMFI Historical NAV,2026-09-05T05:36:33.025475+00:00
2017-10-09,2687.1673,portal.amfiindia.com / AMFI Historical NAV,2026-09-05T05:36:33.025475+00:00
2017-10-10,2688.0059,portal.amfiindia.com / AMFI Historical NAV,2026-09-05T05:36:33.025475+00:00
2017-10-11,2689.0451,portal.amfiindia.com / AMFI Historical NAV,2026-09-05T05:36:33.025475+00:00
2017-10-12,2689.9859,portal.amfiindia.com / AMFI Historical NAV,2026-09-05T05:36:33.025475+00:00
2017-10-13,2690.7614,portal.amfiindia.com / AMFI Historical NAV,2026-09-05T05:36:33.025475+00:00
2017-10-16,2691.6945,portal.amfiindia.com / AMFI Historical NAV,2026-09-05T05:36:33.025475+00:00
2017-10-17,2691.8733,portal.amfiindia.com / AMFI Historical NAV,2026-09-05T05:36:33.025475+00:00
2017-10-18,2692.3738,portal.amfiindia.com / AMFI Historical NAV,2026-09-05T05:36:33.025475+00:00
2017-10-19,2692.7695,portal.amfiindia.com / AMFI Historical NAV,2026-09-05T05:36:33.025475+00:00
2017-10-20,2693.7404,portal.amfiindia.com / AMFI Historical NAV,2026-09-05T05:36:33.025475+00:00
2017-10-23,2694.2785,portal.amfiindia.com / AMFI Historical NAV,2026-09-05T05:36:33.025475+00:00
2017-10-24,2695.1477,portal.amfiindia.com / AMFI Historical NAV,2026-09-05T05:36:33.025475+00:00
2017-10-25,2695.9339,portal.amfiindia.com / AMFI Historical NAV,2026-09-05T05:36:33.025475+00:00
2017-10-26,2696.3433,portal.amfiindia.com / AMFI Historical NAV,2026-09-05T05:36:33.025475+00:00
2017-10-27,2696.827,portal.amfiindia.com / AMFI Historical NAV,2026-09-05T05:36:33.025475+00:00
2017-10-30,2697.818,portal.amfiindia.com / AMFI Historical NAV,2026-09-05T05:36:33.025475+00:00
2017-10-31,2698.2511,portal.amfiindia.com / AMFI Historical NAV,2026-09-05T05:36:33.025475+00:00
2017-11-01,2698.9273,portal.amfiindia.com / AMFI Historical NAV,2026-09-05T05:36:33.025475+00:00
2017-11-02,2699.3587,portal.amfiindia.com / AMFI Historical NAV,2026-09-05T05:36:33.025475+00:00
2017-11-03,2699.9166,portal.amfiindia.com / AMFI Historical NAV,2026-09-05T05:36:33.025475+00:00
2017-11-06,2700.547,portal.amfiindia.com / AMFI Historical NAV,2026-09-05T05:36:33.025475+00:00
2017-11-07,2700.9786,portal.amfiindia.com / AMFI Historical NAV,2026-09-05T05:36:33.025475+00:00
2017-11-08,2701.3623,portal.amfiindia.com / AMFI Historical NAV,2026-09-05T05:36:33.025475+00:00
2017-11-09,2702.0828,portal.amfiindia.com / AMFI Historical NAV,2026-09-05T05:36:33.025475+00:00
2017-11-10,2702.4979,portal.amfiindia.com / AMFI Historical NAV,2026-09-05T05:36:33.025475+00:00
2017-11-13,2702.9222,portal.amfiindia.com / AMFI Historical NAV,2026-09-05T05:36:33.025475+00:00
2017-11-14,2703.312,portal.amfiindia.com / AMFI Historical NAV,2026-09-05T05:36:33.025475+00:00
2017-11-15,2703.9346,portal.amfiindia.com / AMFI Historical NAV,2026-09-05T05:36:33.025475+00:00
2017-11-16,2704.8335,portal.amfiindia.com / AMFI Historical NAV,2026-09-05T05:36:33.025475+00:00
2017-11-17,2705.885,portal.amfiindia.com / AMFI Historical NAV,2026-09-05T05:36:33.025475+00:00
2017-11-20,2706.3329,portal.amfiindia.com / AMFI Historical NAV,2026-09-05T05:36:33.025475+00:00
2017-11-21,2707.5592,portal.amfiindia.com / AMFI Historical NAV,2026-09-05T05:36:33.025475+00:00
2017-11-22,2707.9318,portal.amfiindia.com / AMFI Historical NAV,2026-09-05T05:36:33.025475+00:00
2017-11-23,2708.87,portal.amfiindia.com / AMFI Historical NAV,2026-09-05T05:36:33.025475+00:00
2017-11-24,2709.3194,portal.amfiindia.com / AMFI Historical NAV,2026-09-05T05:36:33.025475+00:00
2017-11-27,2709.7285,portal.amfiindia.com / AMFI Historical NAV,2026-09-05T05:36:33.025475+00:00
2017-11-28,2710.1719,portal.amfiindia.com / AMFI Historical NAV,2026-09-05T05:36:33.025475+00:00
2017-11-29,2710.803,portal.amfiindia.com / AMFI Historical NAV,2026-09-05T05:36:33.025475+00:00
2017-11-30,2711.6056,portal.amfiindia.com / AMFI Historical NAV,2026-09-05T05:36:33.025475+00:00
2017-12-01,2712.4329,portal.amfiindia.com / AMFI Historical NAV,2026-09-05T05:36:33.025475+00:00
2017-12-04,2712.8226,portal.amfiindia.com / AMFI Historical NAV,2026-09-05T05:36:33.025475+00:00
2017-12-05,2713.2001,portal.amfiindia.com / AMFI Historical NAV,2026-09-05T05:36:33.025475+00:00
2017-12-06,2713.5974,portal.amfiindia.com / AMFI Historical NAV,2026-09-05T05:36:33.025475+00:00
2017-12-07,2714.2133,portal.amfiindia.com / AMFI Historical NAV,2026-09-05T05:36:33.025475+00:00
2017-12-08,2714.8025,portal.amfiindia.com / AMFI Historical NAV,2026-09-05T05:36:33.025475+00:00
2017-12-11,2715.1909,portal.amfiindia.com / AMFI Historical NAV,2026-09-05T05:36:33.025475+00:00
2017-12-12,2715.9106,portal.amfiindia.com / AMFI Historical NAV,2026-09-05T05:36:33.025475+00:00
2017-12-13,2717.1717,portal.amfiindia.com / AMFI Historical NAV,2026-09-05T05:36:33.025475+00:00
2017-12-14,2717.6815,portal.amfiindia.com / AMFI Historical NAV,2026-09-05T05:36:33.025475+00:00
2017-12-15,2718.2108,portal.amfiindia.com / AMFI Historical NAV,2026-09-05T05:36:33.025475+00:00
2017-12-18,2719.0101,portal.amfiindia.com / AMFI Historical NAV,2026-09-05T05:36:33.025475+00:00
2017-12-19,2719.5055,portal.amfiindia.com / AMFI Historical NAV,2026-09-05T05:36:33.025475+00:00
2017-12-20,2720.3349,portal.amfiindia.com / AMFI Historical NAV,2026-09-05T05:36:33.025475+00:00
2017-12-21,2720.7872,portal.amfiindia.com / AMFI Historical NAV,2026-09-05T05:36:33.025475+00:00
2017-12-22,2721.9335,portal.amfiindia.com / AMFI Historical NAV,2026-09-05T05:36:33.025475+00:00
2017-12-25,2722.6754,portal.amfiindia.com / AMFI Historical NAV,2026-09-05T05:36:33.025475+00:00
2017-12-26,2723.1548,portal.amfiindia.com / AMFI Historical NAV,2026-09-05T05:36:33.025475+00:00
2017-12-27,2723.6429,portal.amfiindia.com / AMFI Historical NAV,2026-09-05T05:36:33.025475+00:00
2017-12-28,2724.1514,portal.amfiindia.com / AMFI Historical NAV,2026-09-05T05:36:33.025475+00:00
2017-12-29,2725.174,portal.amfiindia.com / AMFI Historical NAV,2026-09-05T05:36:33.025475+00:00
2018-01-01,2725.4771,portal.amfiindia.com / AMFI Historical NAV,2026-09-05T05:36:33.025475+00:00
2018-01-02,2725.944,portal.amfiindia.com / AMFI Historical NAV,2026-09-05T05:36:33.025475+00:00
2018-01-03,2726.4399,portal.amfiindia.com / AMFI Historical NAV,2026-09-05T05:36:33.025475+00:00
2018-01-04,2727.0848,portal.amfiindia.com / AMFI Historical NAV,2026-09-05T05:36:33.025475+00:00
2018-01-05,2727.6601,portal.amfiindia.com / AMFI Historical NAV,2026-09-05T05:36:33.025475+00:00
2018-01-08,2727.9028,portal.amfiindia.com / AMFI Historical NAV,2026-09-05T05:36:33.025475+00:00
2018-01-09,2728.4433,portal.amfiindia.com / AMFI Historical NAV,2026-09-05T05:36:33.025475+00:00
2018-01-10,2729.0657,portal.amfiindia.com / AMFI Historical NAV,2026-09-05T05:36:33.025475+00:00
2018-01-11,2729.5441,portal.amfiindia.com / AMFI Historical NAV,2026-09-05T05:36:33.025475+00:00
2018-01-12,2730.3815,portal.amfiindia.com / AMFI Historical NAV,2026-09-05T05:36:33.025475+00:00
2018-01-15,2731.2826,portal.amfiindia.com / AMFI Historical NAV,2026-09-05T05:36:33.025475+00:00
2018-01-16,2731.9115,portal.amfiindia.com / AMFI Historical NAV,2026-09-05T05:36:33.025475+00:00
2018-01-17,2732.6249,portal.amfiindia.com / AMFI Historical NAV,2026-09-05T05:36:33.025475+00:00
2018-01-18,2732.7615,portal.amfiindia.com / AMFI Historical NAV,2026-09-05T05:36:33.025475+00:00
2018-01-19,2733.2971,portal.amfiindia.com / AMFI Historical NAV,2026-09-05T05:36:33.025475+00:00
2018-01-22,2734.2226,portal.amfiindia.com / AMFI Historical NAV,2026-09-05T05:36:33.025475+00:00
2018-01-23,2734.7578,portal.amfiindia.com / AMFI Historical NAV,2026-09-05T05:36:33.025475+00:00
2018-01-24,2735.2073,portal.amfiindia.com / AMFI Historical NAV,2026-09-05T05:36:33.025475+00:00
2018-01-25,2736.4815,portal.amfiindia.com / AMFI Historical NAV,2026-09-05T05:36:33.025475+00:00
2018-01-26,2737.6309,portal.amfiindia.com / AMFI Historical NAV,2026-09-05T05:36:33.025475+00:00
2018-01-29,2738.4107,portal.amfiindia.com / AMFI Historical NAV,2026-09-05T05:36:33.025475+00:00
2018-01-30,2739.3746,portal.amfiindia.com / AMFI Historical NAV,2026-09-05T05:36:33.025475+00:00
2018-01-31,2739.5115,portal.amfiindia.com / AMFI Historical NAV,2026-09-05T05:36:33.025475+00:00
2018-02-01,2739.948,portal.amfiindia.com / AMFI Historical NAV,2026-09-05T05:36:33.025475+00:00
2018-02-02,2740.4716,portal.amfiindia.com / AMFI Historical NAV,2026-09-05T05:36:33.025475+00:00
2018-02-05,2741.0595,portal.amfiindia.com / AMFI Historical NAV,2026-09-05T05:36:33.025475+00:00
2018-02-06,2741.5778,portal.amfiindia.com / AMFI Historical NAV,2026-09-05T05:36:33.025475+00:00
2018-02-07,2741.7149,portal.amfiindia.com / AMFI Historical NAV,2026-09-05T05:36:33.025475+00:00
2018-02-08,2742.4735,portal.amfiindia.com / AMFI Historical NAV,2026-09-05T05:36:33.025475+00:00
2018-02-09,2743.2756,portal.amfiindia.com / AMFI Historical NAV,2026-09-05T05:36:33.025475+00:00
2018-02-12,2744.3682,portal.amfiindia.com / AMFI Historical NAV,2026-09-05T05:36:33.025475+00:00
2018-02-13,2744.8053,portal.amfiindia.com / AMFI Historical NAV,2026-09-05T05:36:33.025475+00:00
2018-02-14,2745.2199,portal.amfiindia.com / AMFI Historical NAV,2026-09-05T05:36:33.025475+00:00
2018-02-15,2745.3572,portal.amfiindia.com / AMFI Historical NAV,2026-09-05T05:36:33.025475+00:00
2018-02-16,2745.9303,portal.amfiindia.com / AMFI Historical NAV,2026-09-05T05:36:33.025475+00:00
2018-02-19,2746.8315,portal.amfiindia.com / AMFI Historical NAV,2026-09-05T05:36:33.025475+00:00
2018-02-20,2747.3175,portal.amfiindia.com / AMFI Historical NAV,2026-09-05T05:36:33.025475+00:00
2018-02-21,2748.5605,portal.amfiindia.com / AMFI Historical NAV,2026-09-05T05:36:33.025475+00:00
2018-02-22,2749.1444,portal.amfiindia.com / AMFI Historical NAV,2026-09-05T05:36:33.025475+00:00
2018-02-23,2749.8393,portal.amfiindia.com / AMFI Historical NAV,2026-09-05T05:36:33.025475+00:00
2018-02-26,2750.1192,portal.amfiindia.com / AMFI Historical NAV,2026-09-05T05:36:33.025475+00:00
2018-02-27,2750.853,portal.amfiindia.com / AMFI Historical NAV,2026-09-05T05:36:33.025475+00:00
2018-02-28,2750.9905,portal.amfiindia.com / AMFI Historical NAV,2026-09-05T05:36:33.025475+00:00
2018-03-01,2751.8364,portal.amfiindia.com / AMFI Historical NAV,2026-09-05T05:36:33.025475+00:00
2018-03-02,2752.6909,portal.amfiindia.com / AMFI Historical NAV,2026-09-05T05:36:33.025475+00:00
2018-03-05,2753.7205,portal.amfiindia.com / AMFI Historical NAV,2026-09-05T05:36:33.025475+00:00
2018-03-06,2754.0953,portal.amfiindia.com / AMFI Historical NAV,2026-09-05T05:36:33.025475+00:00
2018-03-07,2754.7952,portal.amfiindia.com / AMFI Historical NAV,2026-09-05T05:36:33.025475+00:00
2018-03-08,2755.6064,portal.amfiindia.com / AMFI Historical NAV,2026-09-05T05:36:33.025475+00:00
2018-03-09,2756.3844,portal.amfiindia.com / AMFI Historical NAV,2026-09-05T05:36:33.025475+00:00
2018-03-12,2756.8022,portal.amfiindia.com / AMFI Historical NAV,2026-09-05T05:36:33.025475+00:00
2018-03-13,2756.94,portal.amfiindia.com / AMFI Historical NAV,2026-09-05T05:36:33.025475+00:00
2018-03-14,2757.6921,portal.amfiindia.com / AMFI Historical NAV,2026-09-05T05:36:33.025475+00:00
2018-03-15,2758.3066,portal.amfiindia.com / AMFI Historical NAV,2026-09-05T05:36:33.025475+00:00
2018-03-16,2758.8071,portal.amfiindia.com / AMFI Historical NAV,2026-09-05T05:36:33.025475+00:00
2018-03-19,2759.6747,portal.amfiindia.com / AMFI Historical NAV,2026-09-05T05:36:33.025475+00:00
2018-03-20,2760.3194,portal.amfiindia.com / AMFI Historical NAV,2026-09-05T05:36:33.025475+00:00
2018-03-21,2760.6124,portal.amfiindia.com / AMFI Historical NAV,2026-09-05T05:36:33.025475+00:00
2018-03-22,2760.7505,portal.amfiindia.com / AMFI Historical NAV,2026-09-05T05:36:33.025475+00:00
2018-03-23,2761.0961,portal.amfiindia.com / AMFI Historical NAV,2026-09-05T05:36:33.025475+00:00
2018-03-26,2762.4143,portal.amfiindia.com / AMFI Historical NAV,2026-09-05T05:36:33.025475+00:00
2018-03-27,2763.2716,portal.amfiindia.com / AMFI Historical NAV,2026-09-05T05:36:33.025475+00:00
2018-03-28,2763.9817,portal.amfiindia.com / AMFI Historical NAV,2026-09-05T05:36:33.025475+00:00
2018-03-29,2764.5896,portal.amfiindia.com / AMFI Historical NAV,2026-09-05T05:36:33.025475+00:00
2018-03-30,2765.1794,portal.amfiindia.com / AMFI Historical NAV,2026-09-05T05:36:33.025475+00:00
2018-04-02,2766.1605,portal.amfiindia.com / AMFI Historical NAV,2026-09-05T05:36:33.025475+00:00
2018-04-03,2766.6834,portal.amfiindia.com / AMFI Historical NAV,2026-09-05T05:36:33.025475+00:00
2018-04-04,2767.5018,portal.amfiindia.com / AMFI Historical NAV,2026-09-05T05:36:33.025475+00:00
2018-04-05,2768.0643,portal.amfiindia.com / AMFI Historical NAV,2026-09-05T05:36:33.025475+00:00
2018-04-06,2769.2604,portal.amfiindia.com / AMFI Historical NAV,2026-09-05T05:36:33.025475+00:00
2018-04-09,2770.1253,portal.amfiindia.com / AMFI Historical NAV,2026-09-05T05:36:33.025475+00:00
2018-04-10,2771.1299,portal.amfiindia.com / AMFI Historical NAV,2026-09-05T05:36:33.025475+00:00
2018-04-11,2771.6277,portal.amfiindia.com / AMFI Historical NAV,2026-09-05T05:36:33.025475+00:00
2018-04-12,2772.5809,portal.amfiindia.com / AMFI Historical NAV,2026-09-05T05:36:33.025475+00:00
2018-04-13,2773.1544,portal.amfiindia.com / AMFI Historical NAV,2026-09-05T05:36:33.025475+00:00
2018-04-16,2773.8452,portal.amfiindia.com / AMFI Historical NAV,2026-09-05T05:36:33.025475+00:00
2018-04-17,2774.9592,portal.amfiindia.com / AMFI Historical NAV,2026-09-05T05:36:33.025475+00:00
2018-04-18,2775.3305,portal.amfiindia.com / AMFI Historical NAV,2026-09-05T05:36:33.025475+00:00
2018-04-19,2776.0477,portal.amfiindia.com / AMFI Historical NAV,2026-09-05T05:36:33.025475+00:00
2018-04-20,2776.8302,portal.amfiindia.com / AMFI Historical NAV,2026-09-05T05:36:33.025475+00:00
2018-04-23,2777.6358,portal.amfiindia.com / AMFI Historical NAV,2026-09-05T05:36:33.025475+00:00
2018-04-24,2778.1719,portal.amfiindia.com / AMFI Historical NAV,2026-09-05T05:36:33.025475+00:00
2018-04-25,2779.413,portal.amfiindia.com / AMFI Historical NAV,2026-09-05T05:36:33.025475+00:00
2018-04-26,2779.7148,portal.amfiindia.com / AMFI Historical NAV,2026-09-05T05:36:33.025475+00:00
2018-04-27,2780.7822,portal.amfiindia.com / AMFI Historical NAV,2026-09-05T05:36:33.025475+00:00
2018-04-30,2781.7822,portal.amfiindia.com / AMFI Historical NAV,2026-09-05T05:36:33.025475+00:00
2018-05-01,2782.9733,portal.amfiindia.com / AMFI Historical NAV,2026-09-05T05:36:33.025475+00:00
2018-05-02,2783.1939,portal.amfiindia.com / AMFI Historical NAV,2026-09-05T05:36:33.025475+00:00
2018-05-03,2783.6148,portal.amfiindia.com / AMFI Historical NAV,2026-09-05T05:36:33.025475+00:00
2018-05-04,2784.6928,portal.amfiindia.com / AMFI Historical NAV,2026-09-05T05:36:33.025475+00:00
2018-05-07,2784.8332,portal.amfiindia.com / AMFI Historical NAV,2026-09-05T05:36:33.025475+00:00
2018-05-08,2785.0488,portal.amfiindia.com / AMFI Historical NAV,2026-09-05T05:36:33.025475+00:00
2018-05-09,2785.5759,portal.amfiindia.com / AMFI Historical NAV,2026-09-05T05:36:33.025475+00:00
2018-05-10,2786.2927,portal.amfiindia.com / AMFI Historical NAV,2026-09-05T05:36:33.025475+00:00
2018-05-11,2787.3997,portal.amfiindia.com / AMFI Historical NAV,2026-09-05T05:36:33.025475+00:00
2018-05-14,2788.0117,portal.amfiindia.com / AMFI Historical NAV,2026-09-05T05:36:33.025475+00:00
2018-05-15,2788.506,portal.amfiindia.com / AMFI Historical NAV,2026-09-05T05:36:33.025475+00:00
2018-05-16,2789.2567,portal.amfiindia.com / AMFI Historical NAV,2026-09-05T05:36:33.025475+00:00
2018-05-17,2790.0518,portal.amfiindia.com / AMFI Historical NAV,2026-09-05T05:36:33.025475+00:00
2018-05-18,2790.8392,portal.amfiindia.com / AMFI Historical NAV,2026-09-05T05:36:33.025475+00:00
2018-05-21,2791.454,portal.amfiindia.com / AMFI Historical NAV,2026-09-05T05:36:33.025475+00:00
2018-05-22,2791.5936,portal.amfiindia.com / AMFI Historical NAV,2026-09-05T05:36:33.025475+00:00
2018-05-23,2792.0021,portal.amfiindia.com / AMFI Historical NAV,2026-09-05T05:36:33.025475+00:00
2018-05-24,2793.0634,portal.amfiindia.com / AMFI Historical NAV,2026-09-05T05:36:33.025475+00:00
2018-05-25,2793.7807,portal.amfiindia.com / AMFI Historical NAV,2026-09-05T05:36:33.025475+00:00
2018-05-28,2794.3558,portal.amfiindia.com / AMFI Historical NAV,2026-09-05T05:36:33.025475+00:00
2018-05-29,2795.3335,portal.amfiindia.com / AMFI Historical NAV,2026-09-05T05:36:33.025475+00:00
2018-05-30,2795.6832,portal.amfiindia.com / AMFI Historical NAV,2026-09-05T05:36:33.025475+00:00
2018-05-31,2796.2858,portal.amfiindia.com / AMFI Historical NAV,2026-09-05T05:36:33.025475+00:00
2018-06-01,2796.9901,portal.amfiindia.com / AMFI Historical NAV,2026-09-05T05:36:33.025475+00:00
2018-06-04,2797.5326,portal.amfiindia.com / AMFI Historical NAV,2026-09-05T05:36:33.025475+00:00
2018-06-05,2798.2269,portal.amfiindia.com / AMFI Historical NAV,2026-09-05T05:36:33.025475+00:00
2018-06-06,2798.8406,portal.amfiindia.com / AMFI Historical NAV,2026-09-05T05:36:33.025475+00:00
2018-06-07,2799.1154,portal.amfiindia.com / AMFI Historical NAV,2026-09-05T05:36:33.025475+00:00
2018-06-08,2799.8326,portal.amfiindia.com / AMFI Historical NAV,2026-09-05T05:36:33.025475+00:00
2018-06-11,2800.1273,portal.amfiindia.com / AMFI Historical NAV,2026-09-05T05:36:33.025475+00:00
2018-06-12,2800.8404,portal.amfiindia.com / AMFI Historical NAV,2026-09-05T05:36:33.025475+00:00
2018-06-13,2801.8921,portal.amfiindia.com / AMFI Historical NAV,2026-09-05T05:36:33.025475+00:00
2018-06-14,2802.4805,portal.amfiindia.com / AMFI Historical NAV,2026-09-05T05:36:33.025475+00:00
2018-06-15,2802.8195,portal.amfiindia.com / AMFI Historical NAV,2026-09-05T05:36:33.025475+00:00
2018-06-18,2803.4512,portal.amfiindia.com / AMFI Historical NAV,2026-09-05T05:36:33.025475+00:00
2018-06-19,2803.8855,portal.amfiindia.com / AMFI Historical NAV,2026-09-05T05:36:33.025475+00:00
2018-06-20,2804.7197,portal.amfiindia.com / AMFI Historical NAV,2026-09-05T05:36:33.025475+00:00
2018-06-21,2805.346,portal.amfiindia.com / AMFI Historical NAV,2026-09-05T05:36:33.025475+00:00
2018-06-22,2806.4936,portal.amfiindia.com / AMFI Historical NAV,2026-09-05T05:36:33.025475+00:00
2018-06-25,2807.4882,portal.amfiindia.com / AMFI Historical NAV,2026-09-05T05:36:33.025475+00:00
2018-06-26,2808.1137,portal.amfiindia.com / AMFI Historical NAV,2026-09-05T05:36:33.025475+00:00
2018-06-27,2808.9832,portal.amfiindia.com / AMFI Historical NAV,2026-09-05T05:36:33.025475+00:00
2018-06-28,2809.5416,portal.amfiindia.com / AMFI Historical NAV,2026-09-05T05:36:33.025475+00:00
2018-06-29,2810.2201,portal.amfiindia.com / AMFI Historical NAV,2026-09-05T05:36:33.025475+00:00
2018-07-02,2810.7876,portal.amfiindia.com / AMFI Historical NAV,2026-09-05T05:36:33.025475+00:00
2018-07-03,2811.6723,portal.amfiindia.com / AMFI Historical NAV,2026-09-05T05:36:33.025475+00:00
2018-07-04,2812.7446,portal.amfiindia.com / AMFI Historical NAV,2026-09-05T05:36:33.025475+00:00
2018-07-05,2813.639,portal.amfiindia.com / AMFI Historical NAV,2026-09-05T05:36:33.025475+00:00
2018-07-06,2814.5683,portal.amfiindia.com / AMFI Historical NAV,2026-09-05T05:36:33.025475+00:00
2018-07-09,2815.4982,portal.amfiindia.com / AMFI Historical NAV,2026-09-05T05:36:33.025475+00:00
2018-07-10,2816.3238,portal.amfiindia.com / AMFI Historical NAV,2026-09-05T05:36:33.025475+00:00
2018-07-11,2816.6735,portal.amfiindia.com / AMFI Historical NAV,2026-09-05T05:36:33.025475+00:00
2018-07-12,2817.8232,portal.amfiindia.com / AMFI Historical NAV,2026-09-05T05:36:33.025475+00:00
2018-07-13,2819.0026,portal.amfiindia.com / AMFI Historical NAV,2026-09-05T05:36:33.025475+00:00
2018-07-16,2819.6078,portal.amfiindia.com / AMFI Historical NAV,2026-09-05T05:36:33.025475+00:00
2018-07-17,2820.1746,portal.amfiindia.com / AMFI Historical NAV,2026-09-05T05:36:33.025475+00:00
2018-07-18,2821.0188,portal.amfiindia.com / AMFI Historical NAV,2026-09-05T05:36:33.025475+00:00
2018-07-19,2821.8459,portal.amfiindia.com / AMFI Historical NAV,2026-09-05T05:36:33.025475+00:00
2018-07-20,2822.4608,portal.amfiindia.com / AMFI Historical NAV,2026-09-05T05:36:33.025475+00:00
2018-07-23,2822.78,portal.amfiindia.com / AMFI Historical NAV,2026-09-05T05:36:33.025475+00:00
2018-07-24,2823.5383,portal.amfiindia.com / AMFI Historical NAV,2026-09-05T05:36:33.025475+00:00
2018-07-25,2824.3663,portal.amfiindia.com / AMFI Historical NAV,2026-09-05T05:36:33.025475+00:00
2018-07-26,2825.2438,portal.amfiindia.com / AMFI Historical NAV,2026-09-05T05:36:33.025475+00:00
2018-07-27,2826.0151,portal.amfiindia.com / AMFI Historical NAV,2026-09-05T05:36:33.025475+00:00
2018-07-30,2826.6114,portal.amfiindia.com / AMFI Historical NAV,2026-09-05T05:36:33.025475+00:00
2018-07-31,2827.5654,portal.amfiindia.com / AMFI Historical NAV,2026-09-05T05:36:33.025475+00:00
2018-08-01,2828.2572,portal.amfiindia.com / AMFI Historical NAV,2026-09-05T05:36:33.025475+00:00
2018-08-02,2828.7991,portal.amfiindia.com / AMFI Historical NAV,2026-09-05T05:36:33.025475+00:00
2018-08-03,2829.4215,portal.amfiindia.com / AMFI Historical NAV,2026-09-05T05:36:33.025475+00:00
2018-08-06,2829.6012,portal.amfiindia.com / AMFI Historical NAV,2026-09-05T05:36:33.025475+00:00
2018-08-07,2830.2233,portal.amfiindia.com / AMFI Historical NAV,2026-09-05T05:36:33.025475+00:00
2018-08-08,2831.092,portal.amfiindia.com / AMFI Historical NAV,2026-09-05T05:36:33.025475+00:00
2018-08-09,2831.8623,portal.amfiindia.com / AMFI Historical NAV,2026-09-05T05:36:33.025475+00:00
2018-08-10,2832.9672,portal.amfiindia.com / AMFI Historical NAV,2026-09-05T05:36:33.025475+00:00
2018-08-13,2833.5672,portal.amfiindia.com / AMFI Historical NAV,2026-09-05T05:36:33.025475+00:00
2018-08-14,2834.3799,portal.amfiindia.com / AMFI Historical NAV,2026-09-05T05:36:33.025475+00:00
2018-08-15,2835.2795,portal.amfiindia.com / AMFI Historical NAV,2026-09-05T05:36:33.025475+00:00
2018-08-16,2836.6188,portal.amfiindia.com / AMFI Historical NAV,2026-09-05T05:36:33.025475+00:00
2018-08-17,2837.3353,portal.amfiindia.com / AMFI Historical NAV,2026-09-05T05:36:33.025475+00:00
2018-08-20,2837.7146,portal.amfiindia.com / AMFI Historical NAV,2026-09-05T05:36:33.025475+00:00
2018-08-21,2838.6308,portal.amfiindia.com / AMFI Historical NAV,2026-09-05T05:36:33.025475+00:00
2018-08-22,2839.8363,portal.amfiindia.com / AMFI Historical NAV,2026-09-05T05:36:33.025475+00:00
2018-08-23,2840.4209,portal.amfiindia.com / AMFI Historical NAV,2026-09-05T05:36:33.025475+00:00
2018-08-24,2841.336,portal.amfiindia.com / AMFI Historical NAV,2026-09-05T05:36:33.025475+00:00
2018-08-27,2842.3617,portal.amfiindia.com / AMFI Historical NAV,2026-09-05T05:36:33.025475+00:00
2018-08-28,2843.3275,portal.amfiindia.com / AMFI Historical NAV,2026-09-05T05:36:33.025475+00:00
2018-08-29,2844.0402,portal.amfiindia.com / AMFI Historical NAV,2026-09-05T05:36:33.025475+00:00
2018-08-30,2844.5187,portal.amfiindia.com / AMFI Historical NAV,2026-09-05T05:36:33.025475+00:00
2018-08-31,2845.1728,portal.amfiindia.com / AMFI Historical NAV,2026-09-05T05:36:33.025475+00:00
2018-09-03,2845.9808,portal.amfiindia.com / AMFI Historical NAV,2026-09-05T05:36:33.025475+00:00
2018-09-04,2846.9168,portal.amfiindia.com / AMFI Historical NAV,2026-09-05T05:36:33.025475+00:00
2018-09-05,2847.6898,portal.amfiindia.com / AMFI Historical NAV,2026-09-05T05:36:33.025475+00:00
2018-09-06,2848.2596,portal.amfiindia.com / AMFI Historical NAV,2026-09-05T05:36:33.025475+00:00
2018-09-07,2849.0959,portal.amfiindia.com / AMFI Historical NAV,2026-09-05T05:36:33.025475+00:00
2018-09-10,2850.0193,portal.amfiindia.com / AMFI Historical NAV,2026-09-05T05:36:33.025475+00:00
2018-09-11,2850.8061,portal.amfiindia.com / AMFI Historical NAV,2026-09-05T05:36:33.025475+00:00
2018-09-12,2851.2465,portal.amfiindia.com / AMFI Historical NAV,2026-09-05T05:36:33.025475+00:00
2018-09-13,2851.8736,portal.amfiindia.com / AMFI Historical NAV,2026-09-05T05:36:33.025475+00:00
2018-09-14,2852.823,portal.amfiindia.com / AMFI Historical NAV,2026-09-05T05:36:33.025475+00:00
2018-09-17,2853.1076,portal.amfiindia.com / AMFI Historical NAV,2026-09-05T05:36:33.025475+00:00
2018-09-18,2853.2503,portal.amfiindia.com / AMFI Historical NAV,2026-09-05T05:36:33.025475+00:00
2018-09-19,2854.3599,portal.amfiindia.com / AMFI Historical NAV,2026-09-05T05:36:33.025475+00:00
2018-09-20,2855.1855,portal.amfiindia.com / AMFI Historical NAV,2026-09-05T05:36:33.025475+00:00
2018-09-21,2856.0386,portal.amfiindia.com / AMFI Historical NAV,2026-09-05T05:36:33.025475+00:00
2018-09-24,2856.411,portal.amfiindia.com / AMFI Historical NAV,2026-09-05T05:36:33.025475+00:00
2018-09-25,2857.3018,portal.amfiindia.com / AMFI Historical NAV,2026-09-05T05:36:33.025475+00:00
2018-09-26,2858.0608,portal.amfiindia.com / AMFI Historical NAV,2026-09-05T05:36:33.025475+00:00
2018-09-27,2858.2884,portal.amfiindia.com / AMFI Historical NAV,2026-09-05T05:36:33.025475+00:00
2018-09-28,2859.3761,portal.amfiindia.com / AMFI Historical NAV,2026-09-05T05:36:33.025475+00:00
2018-10-01,2860.1023,portal.amfiindia.com / AMFI Historical NAV,2026-09-05T05:36:33.025475+00:00
2018-10-02,2860.6699,portal.amfiindia.com / AMFI Historical NAV,2026-09-05T05:36:33.025475+00:00
2018-10-03,2861.2429,portal.amfiindia.com / AMFI Historical NAV,2026-09-05T05:36:33.025475+00:00
2018-10-04,2861.386,portal.amfiindia.com / AMFI Historical NAV,2026-09-05T05:36:33.025475+00:00
2018-10-05,2862.2371,portal.amfiindia.com / AMFI Historical NAV,2026-09-05T05:36:33.025475+00:00
2018-10-08,2862.9935,portal.amfiindia.com / AMFI Historical NAV,2026-09-05T05:36:33.025475+00:00
2018-10-09,2863.6196,portal.amfiindia.com / AMFI Historical NAV,2026-09-05T05:36:33.025475+00:00
2018-10-10,2864.6675,portal.amfiindia.com / AMFI Historical NAV,2026-09-05T05:36:33.025475+00:00
2018-10-11,2864.9531,portal.amfiindia.com / AMFI Historical NAV,2026-09-05T05:36:33.025475+00:00
2018-10-12,2865.4643,portal.amfiindia.com / AMFI Historical NAV,2026-09-05T05:36:33.025475+00:00
2018-10-15,2865.903,portal.amfiindia.com / AMFI Historical NAV,2026-09-05T05:36:33.025475+00:00
2018-10-16,2866.5054,portal.amfiindia.com / AMFI Historical NAV,2026-09-05T05:36:33.025475+00:00
2018-10-17,2867.2073,portal.amfiindia.com / AMFI Historical NAV,2026-09-05T05:36:33.025475+00:00
2018-10-18,2868.0133,portal.amfiindia.com / AMFI Historical NAV,2026-09-05T05:36:33.025475+00:00
2018-10-19,2868.5966,portal.amfiindia.com / AMFI Historical NAV,2026-09-05T05:36:33.025475+00:00
2018-10-22,2869.0279,portal.amfiindia.com / AMFI Historical NAV,2026-09-05T05:36:33.025475+00:00
2018-10-23,2870.1947,portal.amfiindia.com / AMFI Historical NAV,2026-09-05T05:36:33.025475+00:00
2018-10-24,2871.5703,portal.amfiindia.com / AMFI Historical NAV,2026-09-05T05:36:33.025475+00:00
2018-10-25,2872.2952,portal.amfiindia.com / AMFI Historical NAV,2026-09-05T05:36:33.025475+00:00
2018-10-26,2872.7617,portal.amfiindia.com / AMFI Historical NAV,2026-09-05T05:36:33.025475+00:00
2018-10-29,2873.8695,portal.amfiindia.com / AMFI Historical NAV,2026-09-05T05:36:33.025475+00:00
2018-10-30,2874.138,portal.amfiindia.com / AMFI Historical NAV,2026-09-05T05:36:33.025475+00:00
2018-10-31,2874.7261,portal.amfiindia.com / AMFI Historical NAV,2026-09-05T05:36:33.025475+00:00
2018-11-01,2875.2104,portal.amfiindia.com / AMFI Historical NAV,2026-09-05T05:36:33.025475+00:00
2018-11-02,2875.5616,portal.amfiindia.com / AMFI Historical NAV,2026-09-05T05:36:33.025475+00:00
2018-11-05,2876.1658,portal.amfiindia.com / AMFI Historical NAV,2026-09-05T05:36:33.025475+00:00
2018-11-06,2876.602,portal.amfiindia.com / AMFI Historical NAV,2026-09-05T05:36:33.025475+00:00
2018-11-07,2877.2906,portal.amfiindia.com / AMFI Historical NAV,2026-09-05T05:36:33.025475+00:00
2018-11-08,2877.9834,portal.amfiindia.com / AMFI Historical NAV,2026-09-05T05:36:33.025475+00:00
2018-11-09,2878.4899,portal.amfiindia.com / AMFI Historical NAV,2026-09-05T05:36:33.025475+00:00
2018-11-12,2879.0686,portal.amfiindia.com / AMFI Historical NAV,2026-09-05T05:36:33.025475+00:00
2018-11-13,2879.6876,portal.amfiindia.com / AMFI Historical NAV,2026-09-05T05:36:33.025475+00:00
2018-11-14,2880.6064,portal.amfiindia.com / AMFI Historical NAV,2026-09-05T05:36:33.025475+00:00
2018-11-15,2881.2495,portal.amfiindia.com / AMFI Historical NAV,2026-09-05T05:36:33.025475+00:00
2018-11-16,2882.1732,portal.amfiindia.com / AMFI Historical NAV,2026-09-05T05:36:33.025475+00:00
2018-11-19,2883.0283,portal.amfiindia.com / AMFI Historical NAV,2026-09-05T05:36:33.025475+00:00
2018-11-20,2883.8795,portal.amfiindia.com / AMFI Historical NAV,2026-09-05T05:36:33.025475+00:00
2018-11-21,2884.9663,portal.amfiindia.com / AMFI Historical NAV,2026-09-05T05:36:33.025475+00:00
2018-11-22,2885.3303,portal.amfiindia.com / AMFI Historical NAV,2026-09-05T05:36:33.025475+00:00
2018-11-23,2885.8807,portal.amfiindia.com / AMFI Historical NAV,2026-09-05T05:36:33.025475+00:00
2018-11-26,2887.0767,portal.amfiindia.com / AMFI Historical NAV,2026-09-05T05:36:33.025475+00:00
2018-11-27,2887.6898,portal.amfiindia.com / AMFI Historical NAV,2026-09-05T05:36:33.025475+00:00
2018-11-28,2887.8342,portal.amfiindia.com / AMFI Historical NAV,2026-09-05T05:36:33.025475+00:00
2018-11-29,2888.4632,portal.amfiindia.com / AMFI Historical NAV,2026-09-05T05:36:33.025475+00:00
2018-11-30,2889.1899,portal.amfiindia.com / AMFI Historical NAV,2026-09-05T05:36:33.025475+00:00
2018-12-03,2889.3344,portal.amfiindia.com / AMFI Historical NAV,2026-09-05T05:36:33.025475+00:00
2018-12-04,2890.4077,portal.amfiindia.com / AMFI Historical NAV,2026-09-05T05:36:33.025475+00:00
2018-12-05,2890.8896,portal.amfiindia.com / AMFI Historical NAV,2026-09-05T05:36:33.025475+00:00
2018-12-06,2891.6729,portal.amfiindia.com / AMFI Historical NAV,2026-09-05T05:36:33.025475+00:00
2018-12-07,2892.296,portal.amfiindia.com / AMFI Historical NAV,2026-09-05T05:36:33.025475+00:00
2018-12-10,2892.6121,portal.amfiindia.com / AMFI Historical NAV,2026-09-05T05:36:33.025475+00:00
2018-12-11,2892.9911,portal.amfiindia.com / AMFI Historical NAV,2026-09-05T05:36:33.025475+00:00
2018-12-12,2893.4094,portal.amfiindia.com / AMFI Historical NAV,2026-09-05T05:36:33.025475+00:00
2018-12-13,2894.4124,portal.amfiindia.com / AMFI Historical NAV,2026-09-05T05:36:33.025475+00:00
2018-12-14,2895.0589,portal.amfiindia.com / AMFI Historical NAV,2026-09-05T05:36:33.025475+00:00
2018-12-17,2895.5971,portal.amfiindia.com / AMFI Historical NAV,2026-09-05T05:36:33.025475+00:00
2018-12-18,2896.0159,portal.amfiindia.com / AMFI Historical NAV,2026-09-05T05:36:33.025475+00:00
2018-12-19,2897.0518,portal.amfiindia.com / AMFI Historical NAV,2026-09-05T05:36:33.025475+00:00
2018-12-20,2898.1658,portal.amfiindia.com / AMFI Historical NAV,2026-09-05T05:36:33.025475+00:00
2018-12-21,2899.1992,portal.amfiindia.com / AMFI Historical NAV,2026-09-05T05:36:33.025475+00:00
2018-12-24,2900.0323,portal.amfiindia.com / AMFI Historical NAV,2026-09-05T05:36:33.025475+00:00
2018-12-25,2900.8068,portal.amfiindia.com / AMFI Historical NAV,2026-09-05T05:36:33.025475+00:00
2018-12-26,2901.1447,portal.amfiindia.com / AMFI Historical NAV,2026-09-05T05:36:33.025475+00:00
2018-12-27,2901.7642,portal.amfiindia.com / AMFI Historical NAV,2026-09-05T05:36:33.025475+00:00
2018-12-28,2902.2566,portal.amfiindia.com / AMFI Historical NAV,2026-09-05T05:36:33.025475+00:00
2018-12-31,2902.4178,portal.amfiindia.com / AMFI Historical NAV,2026-09-05T05:36:33.025475+00:00
2019-01-01,2903.4157,portal.amfiindia.com / AMFI Historical NAV,2026-09-05T05:36:33.025475+00:00
2019-01-02,2903.9049,portal.amfiindia.com / AMFI Historical NAV,2026-09-05T05:36:33.025475+00:00
2019-01-03,2904.9436,portal.amfiindia.com / AMFI Historical NAV,2026-09-05T05:36:33.025475+00:00
2019-01-04,2905.8914,portal.amfiindia.com / AMFI Historical NAV,2026-09-05T05:36:33.025475+00:00
2019-01-07,2906.7451,portal.amfiindia.com / AMFI Historical NAV,2026-09-05T05:36:33.025475+00:00
2019-01-08,2907.6153,portal.amfiindia.com / AMFI Historical NAV,2026-09-05T05:36:33.025475+00:00
2019-01-09,2908.1287,portal.amfiindia.com / AMFI Historical NAV,2026-09-05T05:36:33.025475+00:00
2019-01-10,2909.3614,portal.amfiindia.com / AMFI Historical NAV,2026-09-05T05:36:33.025475+00:00
2019-01-11,2910.0667,portal.amfiindia.com / AMFI Historical NAV,2026-09-05T05:36:33.025475+00:00
2019-01-14,2910.8474,portal.amfiindia.com / AMFI Historical NAV,2026-09-05T05:36:33.025475+00:00
2019-01-15,2911.3515,portal.amfiindia.com / AMFI Historical NAV,2026-09-05T05:36:33.025475+00:00
2019-01-16,2911.7736,portal.amfiindia.com / AMFI Historical NAV,2026-09-05T05:36:33.025475+00:00
2019-01-17,2912.6059,portal.amfiindia.com / AMFI Historical NAV,2026-09-05T05:36:33.025475+00:00
2019-01-18,2913.3627,portal.amfiindia.com / AMFI Historical NAV,2026-09-05T05:36:33.025475+00:00
2019-01-21,2913.8264,portal.amfiindia.com / AMFI Historical NAV,2026-09-05T05:36:33.025475+00:00
2019-01-22,2914.101,portal.amfiindia.com / AMFI Historical NAV,2026-09-05T05:36:33.025475+00:00
2019-01-23,2914.4248,portal.amfiindia.com / AMFI Historical NAV,2026-09-05T05:36:33.025475+00:00
2019-01-24,2915.4673,portal.amfiindia.com / AMFI Historical NAV,2026-09-05T05:36:33.025475+00:00
2019-01-25,2915.9827,portal.amfiindia.com / AMFI Historical NAV,2026-09-05T05:36:33.025475+00:00
2019-01-28,2916.5781,portal.amfiindia.com / AMFI Historical NAV,2026-09-05T05:36:33.025475+00:00
2019-01-29,2917.6955,portal.amfiindia.com / AMFI Historical NAV,2026-09-05T05:36:33.025475+00:00
2019-01-30,2918.0628,portal.amfiindia.com / AMFI Historical NAV,2026-09-05T05:36:33.025475+00:00
2019-01-31,2918.5455,portal.amfiindia.com / AMFI Historical NAV,2026-09-05T05:36:33.025475+00:00
2019-02-01,2919.016,portal.amfiindia.com / AMFI Historical NAV,2026-09-05T05:36:33.025475+00:00
2019-02-04,2920.1833,portal.amfiindia.com / AMFI Historical NAV,2026-09-05T05:36:33.025475+00:00
2019-02-05,2921.4607,portal.amfiindia.com / AMFI Historical NAV,2026-09-05T05:36:33.025475+00:00
2019-02-06,2922.3758,portal.amfiindia.com / AMFI Historical NAV,2026-09-05T05:36:33.025475+00:00
2019-02-07,2923.3006,portal.amfiindia.com / AMFI Historical NAV,2026-09-05T05:36:33.025475+00:00
2019-02-08,2923.8269,portal.amfiindia.com / AMFI Historical NAV,2026-09-05T05:36:33.025475+00:00
2019-02-11,2925.0925,portal.amfiindia.com / AMFI Historical NAV,2026-09-05T05:36:33.025475+00:00
2019-02-12,2925.8672,portal.amfiindia.com / AMFI Historical NAV,2026-09-05T05:36:33.025475+00:00
2019-02-13,2926.8135,portal.amfiindia.com / AMFI Historical NAV,2026-09-05T05:36:33.025475+00:00
2019-02-14,2927.4794,portal.amfiindia.com / AMFI Historical NAV,2026-09-05T05:36:33.025475+00:00
2019-02-15,2928.098,portal.amfiindia.com / AMFI Historical NAV,2026-09-05T05:36:33.025475+00:00
2019-02-18,2929.2821,portal.amfiindia.com / AMFI Historical NAV,2026-09-05T05:36:33.025475+00:00
2019-02-19,2930.1377,portal.amfiindia.com / AMFI Historical NAV,2026-09-05T05:36:33.025475+00:00
2019-02-20,2931.2606,portal.amfiindia.com / AMFI Historical NAV,2026-09-05T05:36:33.025475+00:00
2019-02-21,2932.0333,portal.amfiindia.com / AMFI Historical NAV,2026-09-05T05:36:33.025475+00:00
2019-02-22,2932.4827,portal.amfiindia.com / AMFI Historical NAV,2026-09-05T05:36:33.025475+00:00
2019-02-25,2933.0098,portal.amfiindia.com / AMFI Historical NAV,2026-09-05T05:36:33.025475+00:00
2019-02-26,2933.7384,portal.amfiindia.com / AMFI Historical NAV,2026-09-05T05:36:33.025475+00:00
2019-02-27,2934.2531,portal.amfiindia.com / AMFI Historical NAV,2026-09-05T05:36:33.025475+00:00
2019-02-28,2934.6268,portal.amfiindia.com / AMFI Historical NAV,2026-09-05T05:36:33.025475+00:00
2019-03-01,2935.6781,portal.amfiindia.com / AMFI Historical NAV,2026-09-05T05:36:33.025475+00:00
2019-03-04,2936.2171,portal.amfiindia.com / AMFI Historical NAV,2026-09-05T05:36:33.025475+00:00
2019-03-05,2936.9567,portal.amfiindia.com / AMFI Historical NAV,2026-09-05T05:36:33.025475+00:00
2019-03-06,2937.743,portal.amfiindia.com / AMFI Historical NAV,2026-09-05T05:36:33.025475+00:00
2019-03-07,2938.2697,portal.amfiindia.com / AMFI Historical NAV,2026-09-05T05:36:33.025475+00:00
2019-03-08,2939.3955,portal.amfiindia.com / AMFI Historical NAV,2026-09-05T05:36:33.025475+00:00
2019-03-11,2939.767,portal.amfiindia.com / AMFI Historical NAV,2026-09-05T05:36:33.025475+00:00
2019-03-12,2940.5439,portal.amfiindia.com / AMFI Historical NAV,2026-09-05T05:36:33.025475+00:00
2019-03-13,2941.3164,portal.amfiindia.com / AMFI Historical NAV,2026-09-05T05:36:33.025475+00:00
2019-03-14,2942.0007,portal.amfiindia.com / AMFI Historical NAV,2026-09-05T05:36:33.025475+00:00
2019-03-15,2942.3197,portal.amfiindia.com / AMFI Historical NAV,2026-09-05T05:36:33.025475+00:00
2019-03-18,2943.2764,portal.amfiindia.com / AMFI Historical NAV,2026-09-05T05:36:33.025475+00:00
2019-03-19,2944.1961,portal.amfiindia.com / AMFI Historical NAV,2026-09-05T05:36:33.025475+00:00
2019-03-20,2944.6982,portal.amfiindia.com / AMFI Historical NAV,2026-09-05T05:36:33.025475+00:00
2019-03-21,2945.6076,portal.amfiindia.com / AMFI Historical NAV,2026-09-05T05:36:33.025475+00:00
2019-03-22,2946.4194,portal.amfiindia.com / AMFI Historical NAV,2026-09-05T05:36:33.025475+00:00
2019-03-25,2946.7436,portal.amfiindia.com / AMFI Historical NAV,2026-09-05T05:36:33.025475+00:00
2019-03-26,2947.1936,portal.amfiindia.com / AMFI Historical NAV,2026-09-05T05:36:33.025475+00:00
2019-03-27,2948.2307,portal.amfiindia.com / AMFI Historical NAV,2026-09-05T05:36:33.025475+00:00
2019-03-28,2949.0239,portal.amfiindia.com / AMFI Historical NAV,2026-09-05T05:36:33.025475+00:00
2019-03-29,2949.5597,portal.amfiindia.com / AMFI Historical NAV,2026-09-05T05:36:33.025475+00:00
2019-04-01,2950.0087,portal.amfiindia.com / AMFI Historical NAV,2026-09-05T05:36:33.025475+00:00
2019-04-02,2950.5591,portal.amfiindia.com / AMFI Historical NAV,2026-09-05T05:36:33.025475+00:00
2019-04-03,2951.1304,portal.amfiindia.com / AMFI Historical NAV,2026-09-05T05:36:33.025475+00:00
2019-04-04,2951.5834,portal.amfiindia.com / AMFI Historical NAV,2026-09-05T05:36:33.025475+00:00
2019-04-05,2951.7721,portal.amfiindia.com / AMFI Historical NAV,2026-09-05T05:36:33.025475+00:00
2019-04-08,2952.8114,portal.amfiindia.com / AMFI Historical NAV,2026-09-05T05:36:33.025475+00:00
2019-04-09,2953.8011,portal.amfiindia.com / AMFI Historical NAV,2026-09-05T05:36:33.025475+00:00
2019-04-10,2954.1283,portal.amfiindia.com / AMFI Historical NAV,2026-09-05T05:36:33.025475+00:00
2019-04-11,2954.8719,portal.amfiindia.com / AMFI Historical NAV,2026-09-05T05:36:33.025475+00:00
2019-04-12,2955.3088,portal.amfiindia.com / AMFI Historical NAV,2026-09-05T05:36:33.025475+00:00
2019-04-15,2955.9352,portal.amfiindia.com / AMFI Historical NAV,2026-09-05T05:36:33.025475+00:00
2019-04-16,2956.5371,portal.amfiindia.com / AMFI Historical NAV,2026-09-05T05:36:33.025475+00:00
2019-04-17,2957.1145,portal.amfiindia.com / AMFI Historical NAV,2026-09-05T05:36:33.025475+00:00
2019-04-18,2958.4109,portal.amfiindia.com / AMFI Historical NAV,2026-09-05T05:36:33.025475+00:00
2019-04-19,2958.985,portal.amfiindia.com / AMFI Historical NAV,2026-09-05T05:36:33.025475+00:00
2019-04-22,2959.4503,portal.amfiindia.com / AMFI Historical NAV,2026-09-05T05:36:33.025475+00:00
2019-04-23,2959.9293,portal.amfiindia.com / AMFI Historical NAV,2026-09-05T05:36:33.025475+00:00
2019-04-24,2960.943,portal.amfiindia.com / AMFI Historical NAV,2026-09-05T05:36:33.025475+00:00
2019-04-25,2961.1588,portal.amfiindia.com / AMFI Historical NAV,2026-09-05T05:36:33.025475+00:00
2019-04-26,2961.638,portal.amfiindia.com / AMFI Historical NAV,2026-09-05T05:36:33.025475+00:00
2019-04-29,2962.7717,portal.amfiindia.com / AMFI Historical NAV,2026-09-05T05:36:33.025475+00:00
2019-04-30,2963.5494,portal.amfiindia.com / AMFI Historical NAV,2026-09-05T05:36:33.025475+00:00
2019-05-01,2964.3119,portal.amfiindia.com / AMFI Historical NAV,2026-09-05T05:36:33.025475+00:00
2019-05-02,2965.6497,portal.amfiindia.com / AMFI Historical NAV,2026-09-05T05:36:33.025475+00:00
2019-05-03,2966.4288,portal.amfiindia.com / AMFI Historical NAV,2026-09-05T05:36:33.025475+00:00
2019-05-06,2966.9251,portal.amfiindia.com / AMFI Historical NAV,2026-09-05T05:36:33.025475+00:00
2019-05-07,2967.5478,portal.amfiindia.com / AMFI Historical NAV,2026-09-05T05:36:33.025475+00:00
2019-05-08,2967.9174,portal.amfiindia.com / AMFI Historical NAV,2026-09-05T05:36:33.025475+00:00
2019-05-09,2968.9968,portal.amfiindia.com / AMFI Historical NAV,2026-09-05T05:36:33.025475+00:00
2019-05-10,2969.8743,portal.amfiindia.com / AMFI Historical NAV,2026-09-05T05:36:33.025475+00:00
2019-05-13,2970.9153,portal.amfiindia.com / AMFI Historical NAV,2026-09-05T05:36:33.025475+00:00
2019-05-14,2971.9831,portal.amfiindia.com / AMFI Historical NAV,2026-09-05T05:36:33.025475+00:00
2019-05-15,2972.5676,portal.amfiindia.com / AMFI Historical NAV,2026-09-05T05:36:33.025475+00:00
2019-05-16,2972.9945,portal.amfiindia.com / AMFI Historical NAV,2026-09-05T05:36:33.025475+00:00
2019-05-17,2973.687,portal.amfiindia.com / AMFI Historical NAV,2026-09-05T05:36:33.025475+00:00
2019-05-20,2974.1355,portal.amfiindia.com / AMFI Historical NAV,2026-09-05T05:36:33.025475+00:00
2019-05-21,2974.8926,portal.amfiindia.com / AMFI Historical NAV,2026-09-05T05:36:33.025475+00:00
2019-05-22,2975.9377,portal.amfiindia.com / AMFI Historical NAV,2026-09-05T05:36:33.025475+00:00
2019-05-23,2976.5963,portal.amfiindia.com / AMFI Historical NAV,2026-09-05T05:36:33.025475+00:00
2019-05-24,2977.3496,portal.amfiindia.com / AMFI Historical NAV,2026-09-05T05:36:33.025475+00:00
2019-05-27,2978.0306,portal.amfiindia.com / AMFI Historical NAV,2026-09-05T05:36:33.025475+00:00
2019-05-28,2978.9787,portal.amfiindia.com / AMFI Historical NAV,2026-09-05T05:36:33.025475+00:00
2019-05-29,2979.489,portal.amfiindia.com / AMFI Historical NAV,2026-09-05T05:36:33.025475+00:00
2019-05-30,2979.638,portal.amfiindia.com / AMFI Historical NAV,2026-09-05T05:36:33.025475+00:00
2019-05-31,2980.4877,portal.amfiindia.com / AMFI Historical NAV,2026-09-05T05:36:33.025475+00:00
2019-06-03,2981.4918,portal.amfiindia.com / AMFI Historical NAV,2026-09-05T05:36:33.025475+00:00
2019-06-04,2982.3348,portal.amfiindia.com / AMFI Historical NAV,2026-09-05T05:36:33.025475+00:00
2019-06-05,2982.8539,portal.amfiindia.com / AMFI Historical NAV,2026-09-05T05:36:33.025475+00:00
2019-06-06,2983.2256,portal.amfiindia.com / AMFI Historical NAV,2026-09-05T05:36:33.025475+00:00
2019-06-07,2984.0834,portal.amfiindia.com / AMFI Historical NAV,2026-09-05T05:36:33.025475+00:00
2019-06-10,2984.8361,portal.amfiindia.com / AMFI Historical NAV,2026-09-05T05:36:33.025475+00:00
2019-06-11,2985.5092,portal.amfiindia.com / AMFI Historical NAV,2026-09-05T05:36:33.025475+00:00
2019-06-12,2986.7641,portal.amfiindia.com / AMFI Historical NAV,2026-09-05T05:36:33.025475+00:00
2019-06-13,2987.1925,portal.amfiindia.com / AMFI Historical NAV,2026-09-05T05:36:33.025475+00:00
2019-06-14,2988.434,portal.amfiindia.com / AMFI Historical NAV,2026-09-05T05:36:33.025475+00:00
2019-06-17,2989.155,portal.amfiindia.com / AMFI Historical NAV,2026-09-05T05:36:33.025475+00:00
2019-06-18,2989.318,portal.amfiindia.com / AMFI Historical NAV,2026-09-05T05:36:33.025475+00:00
2019-06-19,2989.9762,portal.amfiindia.com / AMFI Historical NAV,2026-09-05T05:36:33.025475+00:00
2019-06-20,2990.975,portal.amfiindia.com / AMFI Historical NAV,2026-09-05T05:36:33.025475+00:00
2019-06-21,2991.5779,portal.amfiindia.com / AMFI Historical NAV,2026-09-05T05:36:33.025475+00:00
2019-06-24,2991.849,portal.amfiindia.com / AMFI Historical NAV,2026-09-05T05:36:33.025475+00:00
2019-06-25,2992.5121,portal.amfiindia.com / AMFI Historical NAV,2026-09-05T05:36:33.025475+00:00
2019-06-26,2992.9681,portal.amfiindia.com / AMFI Historical NAV,2026-09-05T05:36:33.025475+00:00
2019-06-27,2993.8279,portal.amfiindia.com / AMFI Historical NAV,2026-09-05T05:36:33.025475+00:00
2019-06-28,2994.7723,portal.amfiindia.com / AMFI Historical NAV,2026-09-05T05:36:33.025475+00:00
2019-07-01,2995.169,portal.amfiindia.com / AMFI Historical NAV,2026-09-05T05:36:33.025475+00:00
2019-07-02,2995.6708,portal.amfiindia.com / AMFI Historical NAV,2026-09-05T05:36:33.025475+00:00
2019-07-03,2996.6107,portal.amfiindia.com / AMFI Historical NAV,2026-09-05T05:36:33.025475+00:00
2019-07-04,2997.0668,portal.amfiindia.com / AMFI Historical NAV,2026-09-05T05:36:33.025475+00:00
2019-07-05,2997.456,portal.amfiindia.com / AMFI Historical NAV,2026-09-05T05:36:33.025475+00:00
2019-07-08,2997.8164,portal.amfiindia.com / AMFI Historical NAV,2026-09-05T05:36:33.025475+00:00
2019-07-09,2998.6357,portal.amfiindia.com / AMFI Historical NAV,2026-09-05T05:36:33.025475+00:00
2019-07-10,2999.4424,portal.amfiindia.com / AMFI Historical NAV,2026-09-05T05:36:33.025475+00:00
2019-07-11,2999.9514,portal.amfiindia.com / AMFI Historical NAV,2026-09-05T05:36:33.025475+00:00
2019-07-12,3000.6672,portal.amfiindia.com / AMFI Historical NAV,2026-09-05T05:36:33.025475+00:00
2019-07-15,3001.8399,portal.amfiindia.com / AMFI Historical NAV,2026-09-05T05:36:33.025475+00:00
2019-07-16,3002.2622,portal.amfiindia.com / AMFI Historical NAV,2026-09-05T05:36:33.025475+00:00
2019-07-17,3002.4123,portal.amfiindia.com / AMFI Historical NAV,2026-09-05T05:36:33.025475+00:00
2019-07-18,3003.2638,portal.amfiindia.com / AMFI Historical NAV,2026-09-05T05:36:33.025475+00:00
2019-07-19,3003.9457,portal.amfiindia.com / AMFI Historical NAV,2026-09-05T05:36:33.025475+00:00
2019-07-22,3004.4476,portal.amfiindia.com / AMFI Historical NAV,2026-09-05T05:36:33.025475+00:00
2019-07-23,3005.3589,portal.amfiindia.com / AMFI Historical NAV,2026-09-05T05:36:33.025475+00:00
2019-07-24,3006.3267,portal.amfiindia.com / AMFI Historical NAV,2026-09-05T05:36:33.025475+00:00
2019-07-25,3006.477,portal.amfiindia.com / AMFI Historical NAV,2026-09-05T05:36:33.025475+00:00
2019-07-26,3006.9966,portal.amfiindia.com / AMFI Historical NAV,2026-09-05T05:36:33.025475+00:00
2019-07-29,3008.4094,portal.amfiindia.com / AMFI Historical NAV,2026-09-05T05:36:33.025475+00:00
2019-07-30,3009.3012,portal.amfiindia.com / AMFI Historical NAV,2026-09-05T05:36:33.025475+00:00
2019-07-31,3010.2212,portal.amfiindia.com / AMFI Historical NAV,2026-09-05T05:36:33.025475+00:00
2019-08-01,3011.291,portal.amfiindia.com / AMFI Historical NAV,2026-09-05T05:36:33.025475+00:00
2019-08-02,3012.0131,portal.amfiindia.com / AMFI Historical NAV,2026-09-05T05:36:33.025475+00:00
2019-08-05,3012.9702,portal.amfiindia.com / AMFI Historical NAV,2026-09-05T05:36:33.025475+00:00
2019-08-06,3013.9039,portal.amfiindia.com / AMFI Historical NAV,2026-09-05T05:36:33.025475+00:00
2019-08-07,3014.784,portal.amfiindia.com / AMFI Historical NAV,2026-09-05T05:36:33.025475+00:00
2019-08-08,3015.4047,portal.amfiindia.com / AMFI Historical NAV,2026-09-05T05:36:33.025475+00:00
2019-08-09,3016.1745,portal.amfiindia.com / AMFI Historical NAV,2026-09-05T05:36:33.025475+00:00
2019-08-12,3016.7152,portal.amfiindia.com / AMFI Historical NAV,2026-09-05T05:36:33.025475+00:00
2019-08-13,3017.4374,portal.amfiindia.com / AMFI Historical NAV,2026-09-05T05:36:33.025475+00:00
2019-08-14,3017.8032,portal.amfiindia.com / AMFI Historical NAV,2026-09-05T05:36:33.025475+00:00
2019-08-15,3018.2831,portal.amfiindia.com / AMFI Historical NAV,2026-09-05T05:36:33.025475+00:00
2019-08-16,3018.9166,portal.amfiindia.com / AMFI Historical NAV,2026-09-05T05:36:33.025475+00:00
2019-08-19,3019.3505,portal.amfiindia.com / AMFI Historical NAV,2026-09-05T05:36:33.025475+00:00
2019-08-20,3019.9169,portal.amfiindia.com / AMFI Historical NAV,2026-09-05T05:36:33.025475+00:00
2019-08-21,3020.5864,portal.amfiindia.com / AMFI Historical NAV,2026-09-05T05:36:33.025475+00:00
2019-08-22,3021.4271,portal.amfiindia.com / AMFI Historical NAV,2026-09-05T05:36:33.025475+00:00
2019-08-23,3022.4333,portal.amfiindia.com / AMFI Historical NAV,2026-09-05T05:36:33.025475+00:00
2019-08-26,3023.0127,portal.amfiindia.com / AMFI Historical NAV,2026-09-05T05:36:33.025475+00:00
2019-08-27,3024.1361,portal.amfiindia.com / AMFI Historical NAV,2026-09-05T05:36:33.025475+00:00
2019-08-28,3025.14,portal.amfiindia.com / AMFI Historical NAV,2026-09-05T05:36:33.025475+00:00
2019-08-29,3026.0128,portal.amfiindia.com / AMFI Historical NAV,2026-09-05T05:36:33.025475+00:00
2019-08-30,3026.7797,portal.amfiindia.com / AMFI Historical NAV,2026-09-05T05:36:33.025475+00:00
2019-09-02,3027.597,portal.amfiindia.com / AMFI Historical NAV,2026-09-05T05:36:33.025475+00:00
2019-09-03,3028.6772,portal.amfiindia.com / AMFI Historical NAV,2026-09-05T05:36:33.025475+00:00
2019-09-04,3029.7689,portal.amfiindia.com / AMFI Historical NAV,2026-09-05T05:36:33.025475+00:00
2019-09-05,3030.8948,portal.amfiindia.com / AMFI Historical NAV,2026-09-05T05:36:33.025475+00:00
2019-09-06,3031.6289,portal.amfiindia.com / AMFI Historical NAV,2026-09-05T05:36:33.025475+00:00
2019-09-09,3032.519,portal.amfiindia.com / AMFI Historical NAV,2026-09-05T05:36:33.025475+00:00
2019-09-10,3033.6484,portal.amfiindia.com / AMFI Historical NAV,2026-09-05T05:36:33.025475+00:00
2019-09-11,3034.1815,portal.amfiindia.com / AMFI Historical NAV,2026-09-05T05:36:33.025475+00:00
2019-09-12,3034.8073,portal.amfiindia.com / AMFI Historical NAV,2026-09-05T05:36:33.025475+00:00
2019-09-13,3035.5348,portal.amfiindia.com / AMFI Historical NAV,2026-09-05T05:36:33.025475+00:00
2019-09-16,3036.5306,portal.amfiindia.com / AMFI Historical NAV,2026-09-05T05:36:33.025475+00:00
2019-09-17,3037.5315,portal.amfiindia.com / AMFI Historical NAV,2026-09-05T05:36:33.025475+00:00
2019-09-18,3038.1846,portal.amfiindia.com / AMFI Historical NAV,2026-09-05T05:36:33.025475+00:00
2019-09-19,3038.4496,portal.amfiindia.com / AMFI Historical NAV,2026-09-05T05:36:33.025475+00:00
2019-09-20,3039.2479,portal.amfiindia.com / AMFI Historical NAV,2026-09-05T05:36:33.025475+00:00
2019-09-23,3039.6924,portal.amfiindia.com / AMFI Historical NAV,2026-09-05T05:36:33.025475+00:00
2019-09-24,3039.9632,portal.amfiindia.com / AMFI Historical NAV,2026-09-05T05:36:33.025475+00:00
2019-09-25,3040.3028,portal.amfiindia.com / AMFI Historical NAV,2026-09-05T05:36:33.025475+00:00
2019-09-26,3041.1259,portal.amfiindia.com / AMFI Historical NAV,2026-09-05T05:36:33.025475+00:00
2019-09-27,3042.2639,portal.amfiindia.com / AMFI Historical NAV,2026-09-05T05:36:33.025475+00:00
2019-09-30,3043.0001,portal.amfiindia.com / AMFI Historical NAV,2026-09-05T05:36:33.025475+00:00
2019-10-01,3043.7889,portal.amfiindia.com / AMFI Historical NAV,2026-09-05T05:36:33.025475+00:00
2019-10-02,3044.8737,portal.amfiindia.com / AMFI Historical NAV,2026-09-05T05:36:33.025475+00:00
2019-10-03,3045.1284,portal.amfiindia.com / AMFI Historical NAV,2026-09-05T05:36:33.025475+00:00
2019-10-04,3046.0118,portal.amfiindia.com / AMFI Historical NAV,2026-09-05T05:36:33.025475+00:00
2019-10-07,3046.7335,portal.amfiindia.com / AMFI Historical NAV,2026-09-05T05:36:33.025475+00:00
2019-10-08,3047.6314,portal.amfiindia.com / AMFI Historical NAV,2026-09-05T05:36:33.025475+00:00
2019-10-09,3048.2097,portal.amfiindia.com / AMFI Historical NAV,2026-09-05T05:36:33.025475+00:00
2019-10-10,3048.6861,portal.amfiindia.com / AMFI Historical NAV,2026-09-05T05:36:33.025475+00:00
2019-10-11,3049.4549,portal.amfiindia.com / AMFI Historical NAV,2026-09-05T05:36:33.025475+00:00
2019-10-14,3050.6838,portal.amfiindia.com / AMFI Historical NAV,2026-09-05T05:36:33.025475+00:00
2019-10-15,3051.6728,portal.amfiindia.com / AMFI Historical NAV,2026-09-05T05:36:33.025475+00:00
2019-10-16,3052.2445,portal.amfiindia.com / AMFI Historical NAV,2026-09-05T05:36:33.025475+00:00
2019-10-17,3052.5619,portal.amfiindia.com / AMFI Historical NAV,2026-09-05T05:36:33.025475+00:00
2019-10-18,3052.7752,portal.amfiindia.com / AMFI Historical NAV,2026-09-05T05:36:33.025475+00:00
2019-10-21,3053.9039,portal.amfiindia.com / AMFI Historical NAV,2026-09-05T05:36:33.025475+00:00
2019-10-22,3054.3393,portal.amfiindia.com / AMFI Historical NAV,2026-09-05T05:36:33.025475+00:00
2019-10-23,3054.9671,portal.amfiindia.com / AMFI Historical NAV,2026-09-05T05:36:33.025475+00:00
2019-10-24,3056.0981,portal.amfiindia.com / AMFI Historical NAV,2026-09-05T05:36:33.025475+00:00
2019-10-25,3056.3325,portal.amfiindia.com / AMFI Historical NAV,2026-09-05T05:36:33.025475+00:00
2019-10-28,3057.5163,portal.amfiindia.com / AMFI Historical NAV,2026-09-05T05:36:33.025475+00:00
2019-10-29,3058.1667,portal.amfiindia.com / AMFI Historical NAV,2026-09-05T05:36:33.025475+00:00
2019-10-30,3058.5436,portal.amfiindia.com / AMFI Historical NAV,2026-09-05T05:36:33.025475+00:00
2019-10-31,3059.1962,portal.amfiindia.com / AMFI Historical NAV,2026-09-05T05:36:33.025475+00:00
2019-11-01,3059.7035,portal.amfiindia.com / AMFI Historical NAV,2026-09-05T05:36:33.025475+00:00
2019-11-04,3060.5669,portal.amfiindia.com / AMFI Historical NAV,2026-09-05T05:36:33.025475+00:00
2019-11-05,3061.0972,portal.amfiindia.com / AMFI Historical NAV,2026-09-05T05:36:33.025475+00:00
2019-11-06,3061.2503,portal.amfiindia.com / AMFI Historical NAV,2026-09-05T05:36:33.025475+00:00
2019-11-07,3061.9116,portal.amfiindia.com / AMFI Historical NAV,2026-09-05T05:36:33.025475+00:00
2019-11-08,3062.2253,portal.amfiindia.com / AMFI Historical NAV,2026-09-05T05:36:33.025475+00:00
2019-11-11,3063.017,portal.amfiindia.com / AMFI Historical NAV,2026-09-05T05:36:33.025475+00:00
2019-11-12,3063.3826,portal.amfiindia.com / AMFI Historical NAV,2026-09-05T05:36:33.025475+00:00
2019-11-13,3063.9625,portal.amfiindia.com / AMFI Historical NAV,2026-09-05T05:36:33.025475+00:00
2019-11-14,3064.748,portal.amfiindia.com / AMFI Historical NAV,2026-09-05T05:36:33.025475+00:00
2019-11-15,3065.4126,portal.amfiindia.com / AMFI Historical NAV,2026-09-05T05:36:33.025475+00:00
2019-11-18,3066.2192,portal.amfiindia.com / AMFI Historical NAV,2026-09-05T05:36:33.025475+00:00
2019-11-19,3067.1578,portal.amfiindia.com / AMFI Historical NAV,2026-09-05T05:36:33.025475+00:00
2019-11-20,3067.533,portal.amfiindia.com / AMFI Historical NAV,2026-09-05T05:36:33.025475+00:00
2019-11-21,3068.2436,portal.amfiindia.com / AMFI Historical NAV,2026-09-05T05:36:33.025475+00:00
2019-11-22,3068.397,portal.amfiindia.com / AMFI Historical NAV,2026-09-05T05:36:33.025475+00:00
2019-11-25,3069.2035,portal.amfiindia.com / AMFI Historical NAV,2026-09-05T05:36:33.025475+00:00
2019-11-26,3069.8419,portal.amfiindia.com / AMFI Historical NAV,2026-09-05T05:36:33.025475+00:00
2019-11-27,3070.2709,portal.amfiindia.com / AMFI Historical NAV,2026-09-05T05:36:33.025475+00:00
2019-11-28,3071.0989,portal.amfiindia.com / AMFI Historical NAV,2026-09-05T05:36:33.025475+00:00
2019-11-29,3072.1902,portal.amfiindia.com / AMFI Historical NAV,2026-09-05T05:36:33.025475+00:00
2019-12-02,3072.7754,portal.amfiindia.com / AMFI Historical NAV,2026-09-05T05:36:33.025475+00:00
2019-12-03,3073.2167,portal.amfiindia.com / AMFI Historical NAV,2026-09-05T05:36:33.025475+00:00
2019-12-04,3073.9992,portal.amfiindia.com / AMFI Historical NAV,2026-09-05T05:36:33.025475+00:00
2019-12-05,3074.3205,portal.amfiindia.com / AMFI Historical NAV,2026-09-05T05:36:33.025475+00:00
2019-12-06,3074.8495,portal.amfiindia.com / AMFI Historical NAV,2026-09-05T05:36:33.025475+00:00
2019-12-09,3075.9574,portal.amfiindia.com / AMFI Historical NAV,2026-09-05T05:36:33.025475+00:00
2019-12-10,3076.7089,portal.amfiindia.com / AMFI Historical NAV,2026-09-05T05:36:33.025475+00:00
2019-12-11,3076.8632,portal.amfiindia.com / AMFI Historical NAV,2026-09-05T05:36:33.025475+00:00
2019-12-12,3077.0429,portal.amfiindia.com / AMFI Historical NAV,2026-09-05T05:36:33.025475+00:00
2019-12-13,3077.8254,portal.amfiindia.com / AMFI Historical NAV,2026-09-05T05:36:33.025475+00:00
2019-12-16,3078.8237,portal.amfiindia.com / AMFI Historical NAV,2026-09-05T05:36:33.025475+00:00
2019-12-17,3079.0587,portal.amfiindia.com / AMFI Historical NAV,2026-09-05T05:36:33.025475+00:00
2019-12-18,3079.9303,portal.amfiindia.com / AMFI Historical NAV,2026-09-05T05:36:33.025475+00:00
2019-12-19,3081.0733,portal.amfiindia.com / AMFI Historical NAV,2026-09-05T05:36:33.025475+00:00
2019-12-20,3082.3886,portal.amfiindia.com / AMFI Historical NAV,2026-09-05T05:36:33.025475+00:00
2019-12-23,3083.2246,portal.amfiindia.com / AMFI Historical NAV,2026-09-05T05:36:33.025475+00:00
2019-12-24,3084.1149,portal.amfiindia.com / AMFI Historical NAV,2026-09-05T05:36:33.025475+00:00
2019-12-25,3084.2691,portal.amfiindia.com / AMFI Historical NAV,2026-09-05T05:36:33.025475+00:00
2019-12-26,3085.6511,portal.amfiindia.com / AMFI Historical NAV,2026-09-05T05:36:33.025475+00:00
2019-12-27,3086.2082,portal.amfiindia.com / AMFI Historical NAV,2026-09-05T05:36:33.025475+00:00
2019-12-30,3086.6549,portal.amfiindia.com / AMFI Historical NAV,2026-09-05T05:36:33.025475+00:00
2019-12-31,3087.3111,portal.amfiindia.com / AMFI Historical NAV,2026-09-05T05:36:33.025475+00:00
2020-01-01,3088.5128,portal.amfiindia.com / AMFI Historical NAV,2026-09-05T05:36:33.025475+00:00
2020-01-02,3089.9302,portal.amfiindia.com / AMFI Historical NAV,2026-09-05T05:36:33.025475+00:00
2020-01-03,3090.7046,portal.amfiindia.com / AMFI Historical NAV,2026-09-05T05:36:33.025475+00:00
2020-01-06,3091.749,portal.amfiindia.com / AMFI Historical NAV,2026-09-05T05:36:33.025475+00:00
2020-01-07,3092.4985,portal.amfiindia.com / AMFI Historical NAV,2026-09-05T05:36:33.025475+00:00
2020-01-08,3092.9138,portal.amfiindia.com / AMFI Historical NAV,2026-09-05T05:36:33.025475+00:00
2020-01-09,3094.107,portal.amfiindia.com / AMFI Historical NAV,2026-09-05T05:36:33.025475+00:00
2020-01-10,3094.6512,portal.amfiindia.com / AMFI Historical NAV,2026-09-05T05:36:33.025475+00:00
2020-01-13,3095.8632,portal.amfiindia.com / AMFI Historical NAV,2026-09-05T05:36:33.025475+00:00
2020-01-14,3097.0023,portal.amfiindia.com / AMFI Historical NAV,2026-09-05T05:36:33.025475+00:00
2020-01-15,3097.9299,portal.amfiindia.com / AMFI Historical NAV,2026-09-05T05:36:33.025475+00:00
2020-01-16,3099.2341,portal.amfiindia.com / AMFI Historical NAV,2026-09-05T05:36:33.025475+00:00
2020-01-17,3100.6638,portal.amfiindia.com / AMFI Historical NAV,2026-09-05T05:36:33.025475+00:00
2020-01-20,3101.3478,portal.amfiindia.com / AMFI Historical NAV,2026-09-05T05:36:33.025475+00:00
2020-01-21,3101.8353,portal.amfiindia.com / AMFI Historical NAV,2026-09-05T05:36:33.025475+00:00
2020-01-22,3101.9956,portal.amfiindia.com / AMFI Historical NAV,2026-09-05T05:36:33.025475+00:00
2020-01-23,3103.4305,portal.amfiindia.com / AMFI Historical NAV,2026-09-05T05:36:33.025475+00:00
2020-01-24,3104.0329,portal.amfiindia.com / AMFI Historical NAV,2026-09-05T05:36:33.025475+00:00
2020-01-27,3105.1243,portal.amfiindia.com / AMFI Historical NAV,2026-09-05T05:36:33.025475+00:00
2020-01-28,3105.6334,portal.amfiindia.com / AMFI Historical NAV,2026-09-05T05:36:33.025475+00:00
2020-01-29,3106.8506,portal.amfiindia.com / AMFI Historical NAV,2026-09-05T05:36:33.025475+00:00
2020-01-30,3107.3728,portal.amfiindia.com / AMFI Historical NAV,2026-09-05T05:36:33.025475+00:00
2020-01-31,3107.7424,portal.amfiindia.com / AMFI Historical NAV,2026-09-05T05:36:33.025475+00:00
2020-02-03,3108.4175,portal.amfiindia.com / AMFI Historical NAV,2026-09-05T05:36:33.025475+00:00
2020-02-04,3108.9923,portal.amfiindia.com / AMFI Historical NAV,2026-09-05T05:36:33.025475+00:00
2020-02-05,3109.9179,portal.amfiindia.com / AMFI Historical NAV,2026-09-05T05:36:33.025475+00:00
2020-02-06,3110.6424,portal.amfiindia.com / AMFI Historical NAV,2026-09-05T05:36:33.025475+00:00
2020-02-07,3111.5783,portal.amfiindia.com / AMFI Historical NAV,2026-09-05T05:36:33.025475+00:00
2020-02-10,3112.2286,portal.amfiindia.com / AMFI Historical NAV,2026-09-05T05:36:33.025475+00:00
2020-02-11,3112.7626,portal.amfiindia.com / AMFI Historical NAV,2026-09-05T05:36:33.025475+00:00
2020-02-12,3113.3221,portal.amfiindia.com / AMFI Historical NAV,2026-09-05T05:36:33.025475+00:00
2020-02-13,3114.7,portal.amfiindia.com / AMFI Historical NAV,2026-09-05T05:36:33.025475+00:00
2020-02-14,3115.5117,portal.amfiindia.com / AMFI Historical NAV,2026-09-05T05:36:33.025475+00:00
2020-02-17,3115.6675,portal.amfiindia.com / AMFI Historical NAV,2026-09-05T05:36:33.025475+00:00
2020-02-18,3116.2473,portal.amfiindia.com / AMFI Historical NAV,2026-09-05T05:36:33.025475+00:00
2020-02-19,3117.0194,portal.amfiindia.com / AMFI Historical NAV,2026-09-05T05:36:33.025475+00:00
2020-02-20,3118.3368,portal.amfiindia.com / AMFI Historical NAV,2026-09-05T05:36:33.025475+00:00
2020-02-21,3119.4,portal.amfiindia.com / AMFI Historical NAV,2026-09-05T05:36:33.025475+00:00
2020-02-24,3119.8552,portal.amfiindia.com / AMFI Historical NAV,2026-09-05T05:36:33.025475+00:00
2020-02-25,3121.3525,portal.amfiindia.com / AMFI Historical NAV,2026-09-05T05:36:33.025475+00:00
2020-02-26,3122.086,portal.amfiindia.com / AMFI Historical NAV,2026-09-05T05:36:33.025475+00:00
2020-02-27,3123.2184,portal.amfiindia.com / AMFI Historical NAV,2026-09-05T05:36:33.025475+00:00
2020-02-28,3123.6013,portal.amfiindia.com / AMFI Historical NAV,2026-09-05T05:36:33.025475+00:00
2020-03-02,3123.7575,portal.amfiindia.com / AMFI Historical NAV,2026-09-05T05:36:33.025475+00:00
2020-03-03,3124.0613,portal.amfiindia.com / AMFI Historical NAV,2026-09-05T05:36:33.025475+00:00
2020-03-04,3124.2175,portal.amfiindia.com / AMFI Historical NAV,2026-09-05T05:36:33.025475+00:00
2020-03-05,3125.6212,portal.amfiindia.com / AMFI Historical NAV,2026-09-05T05:36:33.025475+00:00
2020-03-06,3126.4325,portal.amfiindia.com / AMFI Historical NAV,2026-09-05T05:36:33.025475+00:00
2020-03-09,3126.8878,portal.amfiindia.com / AMFI Historical NAV,2026-09-05T05:36:33.025475+00:00
2020-03-10,3127.7738,portal.amfiindia.com / AMFI Historical NAV,2026-09-05T05:36:33.025475+00:00
2020-03-11,3128.5777,portal.amfiindia.com / AMFI Historical NAV,2026-09-05T05:36:33.025475+00:00
2020-03-12,3129.5169,portal.amfiindia.com / AMFI Historical NAV,2026-09-05T05:36:33.025475+00:00
2020-03-13,3130.6406,portal.amfiindia.com / AMFI Historical NAV,2026-09-05T05:36:33.025475+00:00
2020-03-16,3131.2952,portal.amfiindia.com / AMFI Historical NAV,2026-09-05T05:36:33.025475+00:00
2020-03-17,3131.7652,portal.amfiindia.com / AMFI Historical NAV,2026-09-05T05:36:33.025475+00:00
2020-03-18,3132.7701,portal.amfiindia.com / AMFI Historical NAV,2026-09-05T05:36:33.025475+00:00
2020-03-19,3133.7674,portal.amfiindia.com / AMFI Historical NAV,2026-09-05T05:36:33.025475+00:00
2020-03-20,3134.5451,portal.amfiindia.com / AMFI Historical NAV,2026-09-05T05:36:33.025475+00:00
2020-03-23,3135.974,portal.amfiindia.com / AMFI Historical NAV,2026-09-05T05:36:33.025475+00:00
2020-03-24,3136.5833,portal.amfiindia.com / AMFI Historical NAV,2026-09-05T05:36:33.025475+00:00
2020-03-25,3137.0479,portal.amfiindia.com / AMFI Historical NAV,2026-09-05T05:36:33.025475+00:00
2020-03-26,3137.9259,portal.amfiindia.com / AMFI Historical NAV,2026-09-05T05:36:33.025475+00:00
2020-03-27,3138.4613,portal.amfiindia.com / AMFI Historical NAV,2026-09-05T05:36:33.025475+00:00
2020-03-30,3139.3641,portal.amfiindia.com / AMFI Historical NAV,2026-09-05T05:36:33.025475+00:00
2020-03-31,3139.85,portal.amfiindia.com / AMFI Historical NAV,2026-09-05T05:36:33.025475+00:00
2020-04-01,3140.4719,portal.amfiindia.com / AMFI Historical NAV,2026-09-05T05:36:33.025475+00:00
2020-04-02,3141.8135,portal.amfiindia.com / AMFI Historical NAV,2026-09-05T05:36:33.025475+00:00
2020-04-03,3142.4341,portal.amfiindia.com / AMFI Historical NAV,2026-09-05T05:36:33.025475+00:00
2020-04-06,3142.9313,portal.amfiindia.com / AMFI Historical NAV,2026-09-05T05:36:33.025475+00:00
2020-04-07,3144.0475,portal.amfiindia.com / AMFI Historical NAV,2026-09-05T05:36:33.025475+00:00
2020-04-08,3144.4656,portal.amfiindia.com / AMFI Historical NAV,2026-09-05T05:36:33.025475+00:00
2020-04-09,3144.9964,portal.amfiindia.com / AMFI Historical NAV,2026-09-05T05:36:33.025475+00:00
2020-04-10,3145.9266,portal.amfiindia.com / AMFI Historical NAV,2026-09-05T05:36:33.025475+00:00
2020-04-13,3146.9708,portal.amfiindia.com / AMFI Historical NAV,2026-09-05T05:36:33.025475+00:00
2020-04-14,3148.1042,portal.amfiindia.com / AMFI Historical NAV,2026-09-05T05:36:33.025475+00:00
2020-04-15,3148.6185,portal.amfiindia.com / AMFI Historical NAV,2026-09-05T05:36:33.025475+00:00
2020-04-16,3149.5558,portal.amfiindia.com / AMFI Historical NAV,2026-09-05T05:36:33.025475+00:00
2020-04-17,3150.1589,portal.amfiindia.com / AMFI Historical NAV,2026-09-05T05:36:33.025475+00:00
2020-04-20,3150.7182,portal.amfiindia.com / AMFI Historical NAV,2026-09-05T05:36:33.025475+00:00
2020-04-21,3151.8474,portal.amfiindia.com / AMFI Historical NAV,2026-09-05T05:36:33.025475+00:00
2020-04-22,3152.4247,portal.amfiindia.com / AMFI Historical NAV,2026-09-05T05:36:33.025475+00:00
2020-04-23,3153.2629,portal.amfiindia.com / AMFI Historical NAV,2026-09-05T05:36:33.025475+00:00
2020-04-24,3154.0628,portal.amfiindia.com / AMFI Historical NAV,2026-09-05T05:36:33.025475+00:00
2020-04-27,3154.476,portal.amfiindia.com / AMFI Historical NAV,2026-09-05T05:36:33.025475+00:00
2020-04-28,3155.5318,portal.amfiindia.com / AMFI Historical NAV,2026-09-05T05:36:33.025475+00:00
2020-04-29,3156.4599,portal.amfiindia.com / AMFI Historical NAV,2026-09-05T05:36:33.025475+00:00
2020-04-30,3156.6178,portal.amfiindia.com / AMFI Historical NAV,2026-09-05T05:36:33.025475+00:00
2020-05-01,3157.4569,portal.amfiindia.com / AMFI Historical NAV,2026-09-05T05:36:33.025475+00:00
2020-05-04,3157.9646,portal.amfiindia.com / AMFI Historical NAV,2026-09-05T05:36:33.025475+00:00
2020-05-05,3159.063,portal.amfiindia.com / AMFI Historical NAV,2026-09-05T05:36:33.025475+00:00
2020-05-06,3159.3585,portal.amfiindia.com / AMFI Historical NAV,2026-09-05T05:36:33.025475+00:00
2020-05-07,3159.9981,portal.amfiindia.com / AMFI Historical NAV,2026-09-05T05:36:33.025475+00:00
2020-05-08,3160.8649,portal.amfiindia.com / AMFI Historical NAV,2026-09-05T05:36:33.025475+00:00
2020-05-11,3161.6347,portal.amfiindia.com / AMFI Historical NAV,2026-09-05T05:36:33.025475+00:00
2020-05-12,3162.6287,portal.amfiindia.com / AMFI Historical NAV,2026-09-05T05:36:33.025475+00:00
2020-05-13,3162.9014,portal.amfiindia.com / AMFI Historical NAV,2026-09-05T05:36:33.025475+00:00
2020-05-14,3164.177,portal.amfiindia.com / AMFI Historical NAV,2026-09-05T05:36:33.025475+00:00
2020-05-15,3165.0965,portal.amfiindia.com / AMFI Historical NAV,2026-09-05T05:36:33.025475+00:00
2020-05-18,3166.2805,portal.amfiindia.com / AMFI Historical NAV,2026-09-05T05:36:33.025475+00:00
2020-05-19,3167.3112,portal.amfiindia.com / AMFI Historical NAV,2026-09-05T05:36:33.025475+00:00
2020-05-20,3168.0616,portal.amfiindia.com / AMFI Historical NAV,2026-09-05T05:36:33.025475+00:00
2020-05-21,3168.4091,portal.amfiindia.com / AMFI Historical NAV,2026-09-05T05:36:33.025475+00:00
2020-05-22,3168.9849,portal.amfiindia.com / AMFI Historical NAV,2026-09-05T05:36:33.025475+00:00
2020-05-25,3170.2432,portal.amfiindia.com / AMFI Historical NAV,2026-09-05T05:36:33.025475+00:00
2020-05-26,3171.4372,portal.amfiindia.com / AMFI Historical NAV,2026-09-05T05:36:33.025475+00:00
2020-05-27,3171.9958,portal.amfiindia.com / AMFI Historical NAV,2026-09-05T05:36:33.025475+00:00
2020-05-28,3172.1544,portal.amfiindia.com / AMFI Historical NAV,2026-09-05T05:36:33.025475+00:00
2020-05-29,3172.8422,portal.amfiindia.com / AMFI Historical NAV,2026-09-05T05:36:33.025475+00:00
2020-06-01,3173.5064,portal.amfiindia.com / AMFI Historical NAV,2026-09-05T05:36:33.025475+00:00
2020-06-02,3174.1827,portal.amfiindia.com / AMFI Historical NAV,2026-09-05T05:36:33.025475+00:00
2020-06-03,3175.1062,portal.amfiindia.com / AMFI Historical NAV,2026-09-05T05:36:33.025475+00:00
2020-06-04,3176.1404,portal.amfiindia.com / AMFI Historical NAV,2026-09-05T05:36:33.025475+00:00
2020-06-05,3177.2112,portal.amfiindia.com / AMFI Historical NAV,2026-09-05T05:36:33.025475+00:00
2020-06-08,3178.1093,portal.amfiindia.com / AMFI Historical NAV,2026-09-05T05:36:33.025475+00:00
2020-06-09,3178.2936,portal.amfiindia.com / AMFI Historical NAV,2026-09-05T05:36:33.025475+00:00
2020-06-10,3178.9419,portal.amfiindia.com / AMFI Historical NAV,2026-09-05T05:36:33.025475+00:00
2020-06-11,3180.4313,portal.amfiindia.com / AMFI Historical NAV,2026-09-05T05:36:33.025475+00:00
2020-06-12,3181.3075,portal.amfiindia.com / AMFI Historical NAV,2026-09-05T05:36:33.025475+00:00
2020-06-15,3182.182,portal.amfiindia.com / AMFI Historical NAV,2026-09-05T05:36:33.025475+00:00
2020-06-16,3183.0541,portal.amfiindia.com / AMFI Historical NAV,2026-09-05T05:36:33.025475+00:00
2020-06-17,3183.9442,portal.amfiindia.com / AMFI Historical NAV,2026-09-05T05:36:33.025475+00:00
2020-06-18,3184.1034,portal.amfiindia.com / AMFI Historical NAV,2026-09-05T05:36:33.025475+00:00
2020-06-19,3184.7852,portal.amfiindia.com / AMFI Historical NAV,2026-09-05T05:36:33.025475+00:00
2020-06-22,3185.5314,portal.amfiindia.com / AMFI Historical NAV,2026-09-05T05:36:33.025475+00:00
2020-06-23,3186.6981,portal.amfiindia.com / AMFI Historical NAV,2026-09-05T05:36:33.025475+00:00
2020-06-24,3187.472,portal.amfiindia.com / AMFI Historical NAV,2026-09-05T05:36:33.025475+00:00
2020-06-25,3187.7061,portal.amfiindia.com / AMFI Historical NAV,2026-09-05T05:36:33.025475+00:00
2020-06-26,3188.6022,portal.amfiindia.com / AMFI Historical NAV,2026-09-05T05:36:33.025475+00:00
2020-06-29,3189.1051,portal.amfiindia.com / AMFI Historical NAV,2026-09-05T05:36:33.025475+00:00
2020-06-30,3189.4764,portal.amfiindia.com / AMFI Historical NAV,2026-09-05T05:36:33.025475+00:00
2020-07-01,3189.9697,portal.amfiindia.com / AMFI Historical NAV,2026-09-05T05:36:33.025475+00:00
2020-07-02,3190.9023,portal.amfiindia.com / AMFI Historical NAV,2026-09-05T05:36:33.025475+00:00
2020-07-03,3192.0637,portal.amfiindia.com / AMFI Historical NAV,2026-09-05T05:36:33.025475+00:00
2020-07-06,3192.9779,portal.amfiindia.com / AMFI Historical NAV,2026-09-05T05:36:33.025475+00:00
2020-07-07,3193.9399,portal.amfiindia.com / AMFI Historical NAV,2026-09-05T05:36:33.025475+00:00
2020-07-08,3194.8514,portal.amfiindia.com / AMFI Historical NAV,2026-09-05T05:36:33.025475+00:00
2020-07-09,3195.6445,portal.amfiindia.com / AMFI Historical NAV,2026-09-05T05:36:33.025475+00:00
2020-07-10,3196.6281,portal.amfiindia.com / AMFI Historical NAV,2026-09-05T05:36:33.025475+00:00
2020-07-13,3196.7879,portal.amfiindia.com / AMFI Historical NAV,2026-09-05T05:36:33.025475+00:00
2020-07-14,3197.5846,portal.amfiindia.com / AMFI Historical NAV,2026-09-05T05:36:33.025475+00:00
2020-07-15,3198.0118,portal.amfiindia.com / AMFI Historical NAV,2026-09-05T05:36:33.025475+00:00
2020-07-16,3199.1451,portal.amfiindia.com / AMFI Historical NAV,2026-09-05T05:36:33.025475+00:00
2020-07-17,3199.8597,portal.amfiindia.com / AMFI Historical NAV,2026-09-05T05:36:33.025475+00:00
2020-07-20,3200.6315,portal.amfiindia.com / AMFI Historical NAV,2026-09-05T05:36:33.025475+00:00
2020-07-21,3200.9118,portal.amfiindia.com / AMFI Historical NAV,2026-09-05T05:36:33.025475+00:00
2020-07-22,3201.9994,portal.amfiindia.com / AMFI Historical NAV,2026-09-05T05:36:33.025475+00:00
2020-07-23,3202.9627,portal.amfiindia.com / AMFI Historical NAV,2026-09-05T05:36:33.025475+00:00
2020-07-24,3203.9037,portal.amfiindia.com / AMFI Historical NAV,2026-09-05T05:36:33.025475+00:00
2020-07-27,3204.406,portal.amfiindia.com / AMFI Historical NAV,2026-09-05T05:36:33.025475+00:00
2020-07-28,3204.9211,portal.amfiindia.com / AMFI Historical NAV,2026-09-05T05:36:33.025475+00:00
2020-07-29,3205.7558,portal.amfiindia.com / AMFI Historical NAV,2026-09-05T05:36:33.025475+00:00
2020-07-30,3206.2964,portal.amfiindia.com / AMFI Historical NAV,2026-09-05T05:36:33.025475+00:00
2020-07-31,3207.1993,portal.amfiindia.com / AMFI Historical NAV,2026-09-05T05:36:33.025475+00:00
2020-08-03,3207.3597,portal.amfiindia.com / AMFI Historical NAV,2026-09-05T05:36:33.025475+00:00
2020-08-04,3207.9669,portal.amfiindia.com / AMFI Historical NAV,2026-09-05T05:36:33.025475+00:00
2020-08-05,3209.3071,portal.amfiindia.com / AMFI Historical NAV,2026-09-05T05:36:33.025475+00:00
2020-08-06,3210.2123,portal.amfiindia.com / AMFI Historical NAV,2026-09-05T05:36:33.025475+00:00
2020-08-07,3211.0302,portal.amfiindia.com / AMFI Historical NAV,2026-09-05T05:36:33.025475+00:00
2020-08-10,3212.4322,portal.amfiindia.com / AMFI Historical NAV,2026-09-05T05:36:33.025475+00:00
2020-08-11,3212.5928,portal.amfiindia.com / AMFI Historical NAV,2026-09-05T05:36:33.025475+00:00
2020-08-12,3213.0958,portal.amfiindia.com / AMFI Historical NAV,2026-09-05T05:36:33.025475+00:00
2020-08-13,3213.7319,portal.amfiindia.com / AMFI Historical NAV,2026-09-05T05:36:33.025475+00:00
2020-08-14,3214.7729,portal.amfiindia.com / AMFI Historical NAV,2026-09-05T05:36:33.025475+00:00
2020-08-17,3215.8198,portal.amfiindia.com / AMFI Historical NAV,2026-09-05T05:36:33.025475+00:00
2020-08-18,3216.307,portal.amfiindia.com / AMFI Historical NAV,2026-09-05T05:36:33.025475+00:00
2020-08-19,3217.3938,portal.amfiindia.com / AMFI Historical NAV,2026-09-05T05:36:33.025475+00:00
2020-08-20,3218.0301,portal.amfiindia.com / AMFI Historical NAV,2026-09-05T05:36:33.025475+00:00
2020-08-21,3219.1862,portal.amfiindia.com / AMFI Historical NAV,2026-09-05T05:36:33.025475+00:00
2020-08-24,3219.6202,portal.amfiindia.com / AMFI Historical NAV,2026-09-05T05:36:33.025475+00:00
2020-08-25,3220.3471,portal.amfiindia.com / AMFI Historical NAV,2026-09-05T05:36:33.025475+00:00
2020-08-26,3220.956,portal.amfiindia.com / AMFI Historical NAV,2026-09-05T05:36:33.025475+00:00
2020-08-27,3222.063,portal.amfiindia.com / AMFI Historical NAV,2026-09-05T05:36:33.025475+00:00
2020-08-28,3222.6617,portal.amfiindia.com / AMFI Historical NAV,2026-09-05T05:36:33.025475+00:00
2020-08-31,3223.4154,portal.amfiindia.com / AMFI Historical NAV,2026-09-05T05:36:33.025475+00:00
2020-09-01,3224.3462,portal.amfiindia.com / AMFI Historical NAV,2026-09-05T05:36:33.025475+00:00
2020-09-02,3225.2897,portal.amfiindia.com / AMFI Historical NAV,2026-09-05T05:36:33.025475+00:00
2020-09-03,3226.3437,portal.amfiindia.com / AMFI Historical NAV,2026-09-05T05:36:33.025475+00:00
2020-09-04,3227.18,portal.amfiindia.com / AMFI Historical NAV,2026-09-05T05:36:33.025475+00:00
2020-09-07,3227.8134,portal.amfiindia.com / AMFI Historical NAV,2026-09-05T05:36:33.025475+00:00
2020-09-08,3228.4691,portal.amfiindia.com / AMFI Historical NAV,2026-09-05T05:36:33.025475+00:00
2020-09-09,3229.246,portal.amfiindia.com / AMFI Historical NAV,2026-09-05T05:36:33.025475+00:00
2020-09-10,3230.0955,portal.amfiindia.com / AMFI Historical NAV,2026-09-05T05:36:33.025475+00:00
2020-09-11,3230.817,portal.amfiindia.com / AMFI Historical NAV,2026-09-05T05:36:33.025475+00:00
2020-09-14,3231.5925,portal.amfiindia.com / AMFI Historical NAV,2026-09-05T05:36:33.025475+00:00
2020-09-15,3231.8716,portal.amfiindia.com / AMFI Historical NAV,2026-09-05T05:36:33.025475+00:00
2020-09-16,3232.8568,portal.amfiindia.com / AMFI Historical NAV,2026-09-05T05:36:33.025475+00:00
2020-09-17,3233.685,portal.amfiindia.com / AMFI Historical NAV,2026-09-05T05:36:33.025475+00:00
2020-09-18,3234.7789,portal.amfiindia.com / AMFI Historical NAV,2026-09-05T05:36:33.025475+00:00
2020-09-21,3235.5492,portal.amfiindia.com / AMFI Historical NAV,2026-09-05T05:36:33.025475+00:00
2020-09-22,3235.7571,portal.amfiindia.com / AMFI Historical NAV,2026-09-05T05:36:33.025475+00:00
2020-09-23,3236.4115,portal.amfiindia.com / AMFI Historical NAV,2026-09-05T05:36:33.025475+00:00
2020-09-24,3237.1174,portal.amfiindia.com / AMFI Historical NAV,2026-09-05T05:36:33.025475+00:00
2020-09-25,3238.1286,portal.amfiindia.com / AMFI Historical NAV,2026-09-05T05:36:33.025475+00:00
2020-09-28,3238.2905,portal.amfiindia.com / AMFI Historical NAV,2026-09-05T05:36:33.025475+00:00
2020-09-29,3239.0749,portal.amfiindia.com / AMFI Historical NAV,2026-09-05T05:36:33.025475+00:00
2020-09-30,3240.0125,portal.amfiindia.com / AMFI Historical NAV,2026-09-05T05:36:33.025475+00:00
2020-10-01,3240.5696,portal.amfiindia.com / AMFI Historical NAV,2026-09-05T05:36:33.025475+00:00
2020-10-02,3241.3653,portal.amfiindia.com / AMFI Historical NAV,2026-09-05T05:36:33.025475+00:00
2020-10-05,3241.9338,portal.amfiindia.com / AMFI Historical NAV,2026-09-05T05:36:33.025475+00:00
2020-10-06,3242.4692,portal.amfiindia.com / AMFI Historical NAV,2026-09-05T05:36:33.025475+00:00
2020-10-07,3243.1088,portal.amfiindia.com / AMFI Historical NAV,2026-09-05T05:36:33.025475+00:00
2020-10-08,3243.6505,portal.amfiindia.com / AMFI Historical NAV,2026-09-05T05:36:33.025475+00:00
2020-10-09,3244.6445,portal.amfiindia.com / AMFI Historical NAV,2026-09-05T05:36:33.025475+00:00
2020-10-12,3245.1786,portal.amfiindia.com / AMFI Historical NAV,2026-09-05T05:36:33.025475+00:00
2020-10-13,3245.6582,portal.amfiindia.com / AMFI Historical NAV,2026-09-05T05:36:33.025475+00:00
2020-10-14,3247.0048,portal.amfiindia.com / AMFI Historical NAV,2026-09-05T05:36:33.025475+00:00
2020-10-15,3248.0899,portal.amfiindia.com / AMFI Historical NAV,2026-09-05T05:36:33.025475+00:00
2020-10-16,3248.2586,portal.amfiindia.com / AMFI Historical NAV,2026-09-05T05:36:33.025475+00:00
2020-10-19,3248.7836,portal.amfiindia.com / AMFI Historical NAV,2026-09-05T05:36:33.025475+00:00
2020-10-20,3249.6358,portal.amfiindia.com / AMFI Historical NAV,2026-09-05T05:36:33.025475+00:00
2020-10-21,3250.5148,portal.amfiindia.com / AMFI Historical NAV,2026-09-05T05:36:33.025475+00:00
2020-10-22,3250.8042,portal.amfiindia.com / AMFI Historical NAV,2026-09-05T05:36:33.025475+00:00
2020-10-23,3251.9549,portal.amfiindia.com / AMFI Historical NAV,2026-09-05T05:36:33.025475+00:00
2020-10-26,3252.9975,portal.amfiindia.com / AMFI Historical NAV,2026-09-05T05:36:33.025475+00:00
2020-10-27,3253.9288,portal.amfiindia.com / AMFI Historical NAV,2026-09-05T05:36:33.025475+00:00
2020-10-28,3255.145,portal.amfiindia.com / AMFI Historical NAV,2026-09-05T05:36:33.025475+00:00
2020-10-29,3256.0672,portal.amfiindia.com / AMFI Historical NAV,2026-09-05T05:36:33.025475+00:00
2020-10-30,3256.9886,portal.amfiindia.com / AMFI Historical NAV,2026-09-05T05:36:33.025475+00:00
2020-11-02,3258.2714,portal.amfiindia.com / AMFI Historical NAV,2026-09-05T05:36:33.025475+00:00
2020-11-03,3259.406,portal.amfiindia.com / AMFI Historical NAV,2026-09-05T05:36:33.025475+00:00
2020-11-04,3259.9077,portal.amfiindia.com / AMFI Historical NAV,2026-09-05T05:36:33.025475+00:00
2020-11-05,3260.8903,portal.amfiindia.com / AMFI Historical NAV,2026-09-05T05:36:33.025475+00:00
2020-11-06,3261.4501,portal.amfiindia.com / AMFI Historical NAV,2026-09-05T05:36:33.025475+00:00
2020-11-09,3262.3911,portal.amfiindia.com / AMFI Historical NAV,2026-09-05T05:36:33.025475+00:00
2020-11-10,3263.3233,portal.amfiindia.com / AMFI Historical NAV,2026-09-05T05:36:33.025475+00:00
2020-11-11,3263.6488,portal.amfiindia.com / AMFI Historical NAV,2026-09-05T05:36:33.025475+00:00
2020-11-12,3264.3861,portal.amfiindia.com / AMFI Historical NAV,2026-09-05T05:36:33.025475+00:00
2020-11-13,3265.2499,portal.amfiindia.com / AMFI Historical NAV,2026-09-05T05:36:33.025475+00:00
2020-11-16,3265.8849,portal.amfiindia.com / AMFI Historical NAV,2026-09-05T05:36:33.025475+00:00
2020-11-17,3266.7653,portal.amfiindia.com / AMFI Historical NAV,2026-09-05T05:36:33.025475+00:00
2020-11-18,3267.8064,portal.amfiindia.com / AMFI Historical NAV,2026-09-05T05:36:33.025475+00:00
2020-11-19,3268.5744,portal.amfiindia.com / AMFI Historical NAV,2026-09-05T05:36:33.025475+00:00
2020-11-20,3269.4261,portal.amfiindia.com / AMFI Historical NAV,2026-09-05T05:36:33.025475+00:00
2020-11-23,3270.6568,portal.amfiindia.com / AMFI Historical NAV,2026-09-05T05:36:33.025475+00:00
2020-11-24,3271.5903,portal.amfiindia.com / AMFI Historical NAV,2026-09-05T05:36:33.025475+00:00
2020-11-25,3272.4349,portal.amfiindia.com / AMFI Historical NAV,2026-09-05T05:36:33.025475+00:00
2020-11-26,3272.9006,portal.amfiindia.com / AMFI Historical NAV,2026-09-05T05:36:33.025475+00:00
2020-11-27,3273.8994,portal.amfiindia.com / AMFI Historical NAV,2026-09-05T05:36:33.025475+00:00
2020-11-30,3274.787,portal.amfiindia.com / AMFI Historical NAV,2026-09-05T05:36:33.025475+00:00
2020-12-01,3275.9871,portal.amfiindia.com / AMFI Historical NAV,2026-09-05T05:36:33.025475+00:00
2020-12-02,3276.7825,portal.amfiindia.com / AMFI Historical NAV,2026-09-05T05:36:33.025475+00:00
2020-12-03,3276.9675,portal.amfiindia.com / AMFI Historical NAV,2026-09-05T05:36:33.025475+00:00
2020-12-04,3277.1906,portal.amfiindia.com / AMFI Historical NAV,2026-09-05T05:36:33.025475+00:00
2020-12-07,3278.212,portal.amfiindia.com / AMFI Historical NAV,2026-09-05T05:36:33.025475+00:00
2020-12-08,3278.8056,portal.amfiindia.com / AMFI Historical NAV,2026-09-05T05:36:33.025475+00:00
2020-12-09,3279.7295,portal.amfiindia.com / AMFI Historical NAV,2026-09-05T05:36:33.025475+00:00
2020-12-10,3280.5479,portal.amfiindia.com / AMFI Historical NAV,2026-09-05T05:36:33.025475+00:00
2020-12-11,3281.2742,portal.amfiindia.com / AMFI Historical NAV,2026-09-05T05:36:33.025475+00:00
2020-12-14,3282.0238,portal.amfiindia.com / AMFI Historical NAV,2026-09-05T05:36:33.025475+00:00
2020-12-15,3282.5213,portal.amfiindia.com / AMFI Historical NAV,2026-09-05T05:36:33.025475+00:00
2020-12-16,3283.2976,portal.amfiindia.com / AMFI Historical NAV,2026-09-05T05:36:33.025475+00:00
2020-12-17,3283.8875,portal.amfiindia.com / AMFI Historical NAV,2026-09-05T05:36:33.025475+00:00
2020-12-18,3284.5471,portal.amfiindia.com / AMFI Historical NAV,2026-09-05T05:36:33.025475+00:00
2020-12-21,3285.2228,portal.amfiindia.com / AMFI Historical NAV,2026-09-05T05:36:33.025475+00:00
2020-12-22,3285.9305,portal.amfiindia.com / AMFI Historical NAV,2026-09-05T05:36:33.025475+00:00
2020-12-23,3287.0159,portal.amfiindia.com / AMFI Historical NAV,2026-09-05T05:36:33.025475+00:00
2020-12-24,3287.7559,portal.amfiindia.com / AMFI Historical NAV,2026-09-05T05:36:33.025475+00:00
2020-12-25,3288.8753,portal.amfiindia.com / AMFI Historical NAV,2026-09-05T05:36:33.025475+00:00
2020-12-28,3290.1641,portal.amfiindia.com / AMFI Historical NAV,2026-09-05T05:36:33.025475+00:00
2020-12-29,3291.2288,portal.amfiindia.com / AMFI Historical NAV,2026-09-05T05:36:33.025475+00:00
2020-12-30,3292.1883,portal.amfiindia.com / AMFI Historical NAV,2026-09-05T05:36:33.025475+00:00
2020-12-31,3293.0798,portal.amfiindia.com / AMFI Historical NAV,2026-09-05T05:36:33.025475+00:00
2021-01-01,3294.1488,portal.amfiindia.com / AMFI Historical NAV,2026-09-05T05:36:33.025475+00:00
2021-01-04,3294.9625,portal.amfiindia.com / AMFI Historical NAV,2026-09-05T05:36:33.025475+00:00
2021-01-05,3296.0715,portal.amfiindia.com / AMFI Historical NAV,2026-09-05T05:36:33.025475+00:00
2021-01-06,3297.0587,portal.amfiindia.com / AMFI Historical NAV,2026-09-05T05:36:33.025475+00:00
2021-01-07,3297.725,portal.amfiindia.com / AMFI Historical NAV,2026-09-05T05:36:33.025475+00:00
2021-01-08,3298.8056,portal.amfiindia.com / AMFI Historical NAV,2026-09-05T05:36:33.025475+00:00
2021-01-11,3299.6212,portal.amfiindia.com / AMFI Historical NAV,2026-09-05T05:36:33.025475+00:00
2021-01-12,3300.3718,portal.amfiindia.com / AMFI Historical NAV,2026-09-05T05:36:33.025475+00:00
2021-01-13,3301.0005,portal.amfiindia.com / AMFI Historical NAV,2026-09-05T05:36:33.025475+00:00
2021-01-14,3301.8412,portal.amfiindia.com / AMFI Historical NAV,2026-09-05T05:36:33.025475+00:00
2021-01-15,3302.9564,portal.amfiindia.com / AMFI Historical NAV,2026-09-05T05:36:33.025475+00:00
2021-01-18,3304.0364,portal.amfiindia.com / AMFI Historical NAV,2026-09-05T05:36:33.025475+00:00
2021-01-19,3304.9399,portal.amfiindia.com / AMFI Historical NAV,2026-09-05T05:36:33.025475+00:00
2021-01-20,3305.925,portal.amfiindia.com / AMFI Historical NAV,2026-09-05T05:36:33.025475+00:00
2021-01-21,3307.1325,portal.amfiindia.com / AMFI Historical NAV,2026-09-05T05:36:33.025475+00:00
2021-01-22,3307.8703,portal.amfiindia.com / AMFI Historical NAV,2026-09-05T05:36:33.025475+00:00
2021-01-25,3308.2889,portal.amfiindia.com / AMFI Historical NAV,2026-09-05T05:36:33.025475+00:00
2021-01-26,3309.5071,portal.amfiindia.com / AMFI Historical NAV,2026-09-05T05:36:33.025475+00:00
2021-01-27,3310.1197,portal.amfiindia.com / AMFI Historical NAV,2026-09-05T05:36:33.025475+00:00
2021-01-28,3310.6793,portal.amfiindia.com / AMFI Historical NAV,2026-09-05T05:36:33.025475+00:00
2021-01-29,3310.8729,portal.amfiindia.com / AMFI Historical NAV,2026-09-05T05:36:33.025475+00:00
2021-02-01,3311.8504,portal.amfiindia.com / AMFI Historical NAV,2026-09-05T05:36:33.025475+00:00
2021-02-02,3312.1019,portal.amfiindia.com / AMFI Historical NAV,2026-09-05T05:36:33.025475+00:00
2021-02-03,3312.642,portal.amfiindia.com / AMFI Historical NAV,2026-09-05T05:36:33.025475+00:00
2021-02-04,3313.6256,portal.amfiindia.com / AMFI Historical NAV,2026-09-05T05:36:33.025475+00:00
2021-02-05,3314.6538,portal.amfiindia.com / AMFI Historical NAV,2026-09-05T05:36:33.025475+00:00
2021-02-08,3315.227,portal.amfiindia.com / AMFI Historical NAV,2026-09-05T05:36:33.025475+00:00
2021-02-09,3315.9718,portal.amfiindia.com / AMFI Historical NAV,2026-09-05T05:36:33.025475+00:00
2021-02-10,3316.472,portal.amfiindia.com / AMFI Historical NAV,2026-09-05T05:36:33.025475+00:00
2021-02-11,3317.0797,portal.amfiindia.com / AMFI Historical NAV,2026-09-05T05:36:33.025475+00:00
2021-02-12,3317.9578,portal.amfiindia.com / AMFI Historical NAV,2026-09-05T05:36:33.025475+00:00
2021-02-15,3318.5814,portal.amfiindia.com / AMFI Historical NAV,2026-09-05T05:36:33.025475+00:00
2021-02-16,3319.2905,portal.amfiindia.com / AMFI Historical NAV,2026-09-05T05:36:33.025475+00:00
2021-02-17,3319.5946,portal.amfiindia.com / AMFI Historical NAV,2026-09-05T05:36:33.025475+00:00
2021-02-18,3320.7611,portal.amfiindia.com / AMFI Historical NAV,2026-09-05T05:36:33.025475+00:00
2021-02-19,3321.7211,portal.amfiindia.com / AMFI Historical NAV,2026-09-05T05:36:33.025475+00:00
2021-02-22,3322.7754,portal.amfiindia.com / AMFI Historical NAV,2026-09-05T05:36:33.025475+00:00
2021-02-23,3323.9953,portal.amfiindia.com / AMFI Historical NAV,2026-09-05T05:36:33.025475+00:00
2021-02-24,3324.5124,portal.amfiindia.com / AMFI Historical NAV,2026-09-05T05:36:33.025475+00:00
2021-02-25,3325.1848,portal.amfiindia.com / AMFI Historical NAV,2026-09-05T05:36:33.025475+00:00
2021-02-26,3325.3511,portal.amfiindia.com / AMFI Historical NAV,2026-09-05T05:36:33.025475+00:00
2021-03-01,3327.1871,portal.amfiindia.com / AMFI Historical NAV,2026-09-05T05:36:33.025475+00:00
2021-03-02,3327.9296,portal.amfiindia.com / AMFI Historical NAV,2026-09-05T05:36:33.025475+00:00
2021-03-03,3329.0676,portal.amfiindia.com / AMFI Historical NAV,2026-09-05T05:36:33.025475+00:00
2021-03-04,3329.448,portal.amfiindia.com / AMFI Historical NAV,2026-09-05T05:36:33.025475+00:00
2021-03-05,3330.5725,portal.amfiindia.com / AMFI Historical NAV,2026-09-05T05:36:33.025475+00:00
2021-03-08,3331.9842,portal.amfiindia.com / AMFI Historical NAV,2026-09-05T05:36:33.025475+00:00
2021-03-09,3332.7574,portal.amfiindia.com / AMFI Historical NAV,2026-09-05T05:36:33.025475+00:00
2021-03-10,3333.214,portal.amfiindia.com / AMFI Historical NAV,2026-09-05T05:36:33.025475+00:00
2021-03-11,3333.9614,portal.amfiindia.com / AMFI Historical NAV,2026-09-05T05:36:33.025475+00:00
2021-03-12,3334.1281,portal.amfiindia.com / AMFI Historical NAV,2026-09-05T05:36:33.025475+00:00
2021-03-15,3334.9093,portal.amfiindia.com / AMFI Historical NAV,2026-09-05T05:36:33.025475+00:00
2021-03-16,3335.9771,portal.amfiindia.com / AMFI Historical NAV,2026-09-05T05:36:33.025475+00:00
2021-03-17,3336.7595,portal.amfiindia.com / AMFI Historical NAV,2026-09-05T05:36:33.025475+00:00
2021-03-18,3337.4591,portal.amfiindia.com / AMFI Historical NAV,2026-09-05T05:36:33.025475+00:00
2021-03-19,3338.4298,portal.amfiindia.com / AMFI Historical NAV,2026-09-05T05:36:33.025475+00:00
2021-03-22,3339.4264,portal.amfiindia.com / AMFI Historical NAV,2026-09-05T05:36:33.025475+00:00
2021-03-23,3339.6671,portal.amfiindia.com / AMFI Historical NAV,2026-09-05T05:36:33.025475+00:00
2021-03-24,3340.492,portal.amfiindia.com / AMFI Historical NAV,2026-09-05T05:36:33.025475+00:00
2021-03-25,3342.1011,portal.amfiindia.com / AMFI Historical NAV,2026-09-05T05:36:33.025475+00:00
2021-03-26,3342.4506,portal.amfiindia.com / AMFI Historical NAV,2026-09-05T05:36:33.025475+00:00
2021-03-29,3343.2179,portal.amfiindia.com / AMFI Historical NAV,2026-09-05T05:36:33.025475+00:00
2021-03-30,3344.6631,portal.amfiindia.com / AMFI Historical NAV,2026-09-05T05:36:33.025475+00:00
2021-03-31,3345.8287,portal.amfiindia.com / AMFI Historical NAV,2026-09-05T05:36:33.025475+00:00
2021-04-01,3346.4536,portal.amfiindia.com / AMFI Historical NAV,2026-09-05T05:36:33.025475+00:00
2021-04-02,3347.3193,portal.amfiindia.com / AMFI Historical NAV,2026-09-05T05:36:33.025475+00:00
2021-04-05,3348.1156,portal.amfiindia.com / AMFI Historical NAV,2026-09-05T05:36:33.025475+00:00
2021-04-06,3348.6623,portal.amfiindia.com / AMFI Historical NAV,2026-09-05T05:36:33.025475+00:00
2021-04-07,3349.4347,portal.amfiindia.com / AMFI Historical NAV,2026-09-05T05:36:33.025475+00:00
2021-04-08,3350.1385,portal.amfiindia.com / AMFI Historical NAV,2026-09-05T05:36:33.025475+00:00
2021-04-09,3350.9739,portal.amfiindia.com / AMFI Historical NAV,2026-09-05T05:36:33.025475+00:00
2021-04-12,3351.521,portal.amfiindia.com / AMFI Historical NAV,2026-09-05T05:36:33.025475+00:00
2021-04-13,3351.8911,portal.amfiindia.com / AMFI Historical NAV,2026-09-05T05:36:33.025475+00:00
2021-04-14,3352.6753,portal.amfiindia.com / AMFI Historical NAV,2026-09-05T05:36:33.025475+00:00
2021-04-15,3354.0486,portal.amfiindia.com / AMFI Historical NAV,2026-09-05T05:36:33.025475+00:00
2021-04-16,3354.8747,portal.amfiindia.com / AMFI Historical NAV,2026-09-05T05:36:33.025475+00:00
2021-04-19,3355.5623,portal.amfiindia.com / AMFI Historical NAV,2026-09-05T05:36:33.025475+00:00
2021-04-20,3356.6143,portal.amfiindia.com / AMFI Historical NAV,2026-09-05T05:36:33.025475+00:00
2021-04-21,3357.3603,portal.amfiindia.com / AMFI Historical NAV,2026-09-05T05:36:33.025475+00:00
2021-04-22,3358.7868,portal.amfiindia.com / AMFI Historical NAV,2026-09-05T05:36:33.025475+00:00
2021-04-23,3359.5852,portal.amfiindia.com / AMFI Historical NAV,2026-09-05T05:36:33.025475+00:00
2021-04-26,3360.6205,portal.amfiindia.com / AMFI Historical NAV,2026-09-05T05:36:33.025475+00:00
2021-04-27,3361.167,portal.amfiindia.com / AMFI Historical NAV,2026-09-05T05:36:33.025475+00:00
2021-04-28,3362.1364,portal.amfiindia.com / AMFI Historical NAV,2026-09-05T05:36:33.025475+00:00
2021-04-29,3363.0294,portal.amfiindia.com / AMFI Historical NAV,2026-09-05T05:36:33.025475+00:00
2021-04-30,3363.8111,portal.amfiindia.com / AMFI Historical NAV,2026-09-05T05:36:33.025475+00:00
2021-05-03,3364.4432,portal.amfiindia.com / AMFI Historical NAV,2026-09-05T05:36:33.025475+00:00
2021-05-04,3365.0296,portal.amfiindia.com / AMFI Historical NAV,2026-09-05T05:36:33.025475+00:00
2021-05-05,3365.9259,portal.amfiindia.com / AMFI Historical NAV,2026-09-05T05:36:33.025475+00:00
2021-05-06,3366.939,portal.amfiindia.com / AMFI Historical NAV,2026-09-05T05:36:33.025475+00:00
2021-05-07,3367.6978,portal.amfiindia.com / AMFI Historical NAV,2026-09-05T05:36:33.025475+00:00
2021-05-10,3368.5964,portal.amfiindia.com / AMFI Historical NAV,2026-09-05T05:36:33.025475+00:00
2021-05-11,3369.3857,portal.amfiindia.com / AMFI Historical NAV,2026-09-05T05:36:33.025475+00:00
2021-05-12,3370.2211,portal.amfiindia.com / AMFI Historical NAV,2026-09-05T05:36:33.025475+00:00
2021-05-13,3370.956,portal.amfiindia.com / AMFI Historical NAV,2026-09-05T05:36:33.025475+00:00
2021-05-14,3371.7646,portal.amfiindia.com / AMFI Historical NAV,2026-09-05T05:36:33.025475+00:00
2021-05-17,3373.4771,portal.amfiindia.com / AMFI Historical NAV,2026-09-05T05:36:33.025475+00:00
2021-05-18,3374.3855,portal.amfiindia.com / AMFI Historical NAV,2026-09-05T05:36:33.025475+00:00
2021-05-19,3375.4067,portal.amfiindia.com / AMFI Historical NAV,2026-09-05T05:36:33.025475+00:00
2021-05-20,3376.3582,portal.amfiindia.com / AMFI Historical NAV,2026-09-05T05:36:33.025475+00:00
2021-05-21,3377.0733,portal.amfiindia.com / AMFI Historical NAV,2026-09-05T05:36:33.025475+00:00
2021-05-24,3378.3144,portal.amfiindia.com / AMFI Historical NAV,2026-09-05T05:36:33.025475+00:00
2021-05-25,3379.0204,portal.amfiindia.com / AMFI Historical NAV,2026-09-05T05:36:33.025475+00:00
2021-05-26,3380.1814,portal.amfiindia.com / AMFI Historical NAV,2026-09-05T05:36:33.025475+00:00
2021-05-27,3380.8733,portal.amfiindia.com / AMFI Historical NAV,2026-09-05T05:36:33.025475+00:00
2021-05-28,3381.3537,portal.amfiindia.com / AMFI Historical NAV,2026-09-05T05:36:33.025475+00:00
2021-05-31,3382.2823,portal.amfiindia.com / AMFI Historical NAV,2026-09-05T05:36:33.025475+00:00
2021-06-01,3382.714,portal.amfiindia.com / AMFI Historical NAV,2026-09-05T05:36:33.025475+00:00
2021-06-02,3383.7006,portal.amfiindia.com / AMFI Historical NAV,2026-09-05T05:36:33.025475+00:00
2021-06-03,3384.1022,portal.amfiindia.com / AMFI Historical NAV,2026-09-05T05:36:33.025475+00:00
2021-06-04,3384.7999,portal.amfiindia.com / AMFI Historical NAV,2026-09-05T05:36:33.025475+00:00
2021-06-07,3385.1212,portal.amfiindia.com / AMFI Historical NAV,2026-09-05T05:36:33.025475+00:00
2021-06-08,3386.8832,portal.amfiindia.com / AMFI Historical NAV,2026-09-05T05:36:33.025475+00:00
2021-06-09,3387.1295,portal.amfiindia.com / AMFI Historical NAV,2026-09-05T05:36:33.025475+00:00
2021-06-10,3387.9392,portal.amfiindia.com / AMFI Historical NAV,2026-09-05T05:36:33.025475+00:00
2021-06-11,3389.1332,portal.amfiindia.com / AMFI Historical NAV,2026-09-05T05:36:33.025475+00:00
2021-06-14,3390.2914,portal.amfiindia.com / AMFI Historical NAV,2026-09-05T05:36:33.025475+00:00
2021-06-15,3391.3873,portal.amfiindia.com / AMFI Historical NAV,2026-09-05T05:36:33.025475+00:00
2021-06-16,3392.0871,portal.amfiindia.com / AMFI Historical NAV,2026-09-05T05:36:33.025475+00:00
2021-06-17,3393.3531,portal.amfiindia.com / AMFI Historical NAV,2026-09-05T05:36:33.025475+00:00
2021-06-18,3394.471,portal.amfiindia.com / AMFI Historical NAV,2026-09-05T05:36:33.025475+00:00
2021-06-21,3395.3512,portal.amfiindia.com / AMFI Historical NAV,2026-09-05T05:36:33.025475+00:00
2021-06-22,3396.2414,portal.amfiindia.com / AMFI Historical NAV,2026-09-05T05:36:33.025475+00:00
2021-06-23,3396.9468,portal.amfiindia.com / AMFI Historical NAV,2026-09-05T05:36:33.025475+00:00
2021-06-24,3397.4466,portal.amfiindia.com / AMFI Historical NAV,2026-09-05T05:36:33.025475+00:00
2021-06-25,3398.6758,portal.amfiindia.com / AMFI Historical NAV,2026-09-05T05:36:33.025475+00:00
2021-06-28,3399.931,portal.amfiindia.com / AMFI Historical NAV,2026-09-05T05:36:33.025475+00:00
2021-06-29,3400.4399,portal.amfiindia.com / AMFI Historical NAV,2026-09-05T05:36:33.025475+00:00
2021-06-30,3401.1972,portal.amfiindia.com / AMFI Historical NAV,2026-09-05T05:36:33.025475+00:00
2021-07-01,3401.9582,portal.amfiindia.com / AMFI Historical NAV,2026-09-05T05:36:33.025475+00:00
2021-07-02,3402.7571,portal.amfiindia.com / AMFI Historical NAV,2026-09-05T05:36:33.025475+00:00
2021-07-05,3403.5892,portal.amfiindia.com / AMFI Historical NAV,2026-09-05T05:36:33.025475+00:00
2021-07-06,3404.7218,portal.amfiindia.com / AMFI Historical NAV,2026-09-05T05:36:33.025475+00:00
2021-07-07,3405.2781,portal.amfiindia.com / AMFI Historical NAV,2026-09-05T05:36:33.025475+00:00
2021-07-08,3405.8007,portal.amfiindia.com / AMFI Historical NAV,2026-09-05T05:36:33.025475+00:00
2021-07-09,3407.0327,portal.amfiindia.com / AMFI Historical NAV,2026-09-05T05:36:33.025475+00:00
2021-07-12,3407.6863,portal.amfiindia.com / AMFI Historical NAV,2026-09-05T05:36:33.025475+00:00
2021-07-13,3408.0673,portal.amfiindia.com / AMFI Historical NAV,2026-09-05T05:36:33.025475+00:00
2021-07-14,3408.7134,portal.amfiindia.com / AMFI Historical NAV,2026-09-05T05:36:33.025475+00:00
2021-07-15,3409.4125,portal.amfiindia.com / AMFI Historical NAV,2026-09-05T05:36:33.025475+00:00
2021-07-16,3410.7544,portal.amfiindia.com / AMFI Historical NAV,2026-09-05T05:36:33.025475+00:00
2021-07-19,3411.8819,portal.amfiindia.com / AMFI Historical NAV,2026-09-05T05:36:33.025475+00:00
2021-07-20,3413.0858,portal.amfiindia.com / AMFI Historical NAV,2026-09-05T05:36:33.025475+00:00
2021-07-21,3414.1783,portal.amfiindia.com / AMFI Historical NAV,2026-09-05T05:36:33.025475+00:00
2021-07-22,3415.3142,portal.amfiindia.com / AMFI Historical NAV,2026-09-05T05:36:33.025475+00:00
2021-07-23,3415.8924,portal.amfiindia.com / AMFI Historical NAV,2026-09-05T05:36:33.025475+00:00
2021-07-26,3416.6379,portal.amfiindia.com / AMFI Historical NAV,2026-09-05T05:36:33.025475+00:00
2021-07-27,3417.1131,portal.amfiindia.com / AMFI Historical NAV,2026-09-05T05:36:33.025475+00:00
2021-07-28,3417.8548,portal.amfiindia.com / AMFI Historical NAV,2026-09-05T05:36:33.025475+00:00
2021-07-29,3418.9024,portal.amfiindia.com / AMFI Historical NAV,2026-09-05T05:36:33.025475+00:00
2021-07-30,3419.7624,portal.amfiindia.com / AMFI Historical NAV,2026-09-05T05:36:33.025475+00:00
2021-08-02,3421.0252,portal.amfiindia.com / AMFI Historical NAV,2026-09-05T05:36:33.025475+00:00
2021-08-03,3421.4492,portal.amfiindia.com / AMFI Historical NAV,2026-09-05T05:36:33.025475+00:00
2021-08-04,3422.435,portal.amfiindia.com / AMFI Historical NAV,2026-09-05T05:36:33.025475+00:00
2021-08-05,3422.8226,portal.amfiindia.com / AMFI Historical NAV,2026-09-05T05:36:33.025475+00:00
2021-08-06,3423.6698,portal.amfiindia.com / AMFI Historical NAV,2026-09-05T05:36:33.025475+00:00
2021-08-09,3424.7385,portal.amfiindia.com / AMFI Historical NAV,2026-09-05T05:36:33.025475+00:00
2021-08-10,3425.4804,portal.amfiindia.com / AMFI Historical NAV,2026-09-05T05:36:33.025475+00:00
2021-08-11,3426.4848,portal.amfiindia.com / AMFI Historical NAV,2026-09-05T05:36:33.025475+00:00
2021-08-12,3426.9718,portal.amfiindia.com / AMFI Historical NAV,2026-09-05T05:36:33.025475+00:00
2021-08-13,3427.2176,portal.amfiindia.com / AMFI Historical NAV,2026-09-05T05:36:33.025475+00:00
2021-08-16,3428.2245,portal.amfiindia.com / AMFI Historical NAV,2026-09-05T05:36:33.025475+00:00
2021-08-17,3429.6386,portal.amfiindia.com / AMFI Historical NAV,2026-09-05T05:36:33.025475+00:00
2021-08-18,3430.1136,portal.amfiindia.com / AMFI Historical NAV,2026-09-05T05:36:33.025475+00:00
2021-08-19,3431.3495,portal.amfiindia.com / AMFI Historical NAV,2026-09-05T05:36:33.025475+00:00
2021-08-20,3432.1814,portal.amfiindia.com / AMFI Historical NAV,2026-09-05T05:36:33.025475+00:00
2021-08-23,3432.5401,portal.amfiindia.com / AMFI Historical NAV,2026-09-05T05:36:33.025475+00:00
2021-08-24,3432.969,portal.amfiindia.com / AMFI Historical NAV,2026-09-05T05:36:33.025475+00:00
2021-08-25,3433.7918,portal.amfiindia.com / AMFI Historical NAV,2026-09-05T05:36:33.025475+00:00
2021-08-26,3434.4705,portal.amfiindia.com / AMFI Historical NAV,2026-09-05T05:36:33.025475+00:00
2021-08-27,3434.8373,portal.amfiindia.com / AMFI Historical NAV,2026-09-05T05:36:33.025475+00:00
2021-08-30,3435.0733,portal.amfiindia.com / AMFI Historical NAV,2026-09-05T05:36:33.025475+00:00
2021-08-31,3435.6003,portal.amfiindia.com / AMFI Historical NAV,2026-09-05T05:36:33.025475+00:00
2021-09-01,3436.4849,portal.amfiindia.com / AMFI Historical NAV,2026-09-05T05:36:33.025475+00:00
2021-09-02,3437.3009,portal.amfiindia.com / AMFI Historical NAV,2026-09-05T05:36:33.025475+00:00
2021-09-03,3437.947,portal.amfiindia.com / AMFI Historical NAV,2026-09-05T05:36:33.025475+00:00
2021-09-06,3438.835,portal.amfiindia.com / AMFI Historical NAV,2026-09-05T05:36:33.025475+00:00
2021-09-07,3440.0114,portal.amfiindia.com / AMFI Historical NAV,2026-09-05T05:36:33.025475+00:00
2021-09-08,3440.966,portal.amfiindia.com / AMFI Historical NAV,2026-09-05T05:36:33.025475+00:00
2021-09-09,3441.7435,portal.amfiindia.com / AMFI Historical NAV,2026-09-05T05:36:33.025475+00:00
2021-09-10,3442.8824,portal.amfiindia.com / AMFI Historical NAV,2026-09-05T05:36:33.025475+00:00
2021-09-13,3443.3717,portal.amfiindia.com / AMFI Historical NAV,2026-09-05T05:36:33.025475+00:00
2021-09-14,3444.1141,portal.amfiindia.com / AMFI Historical NAV,2026-09-05T05:36:33.025475+00:00
2021-09-15,3444.8649,portal.amfiindia.com / AMFI Historical NAV,2026-09-05T05:36:33.025475+00:00
2021-09-16,3445.259,portal.amfiindia.com / AMFI Historical NAV,2026-09-05T05:36:33.025475+00:00
2021-09-17,3445.9346,portal.amfiindia.com / AMFI Historical NAV,2026-09-05T05:36:33.025475+00:00
2021-09-20,3446.1069,portal.amfiindia.com / AMFI Historical NAV,2026-09-05T05:36:33.025475+00:00
2021-09-21,3447.5863,portal.amfiindia.com / AMFI Historical NAV,2026-09-05T05:36:33.025475+00:00
2021-09-22,3448.084,portal.amfiindia.com / AMFI Historical NAV,2026-09-05T05:36:33.025475+00:00
2021-09-23,3449.4519,portal.amfiindia.com / AMFI Historical NAV,2026-09-05T05:36:33.025475+00:00
2021-09-24,3450.2863,portal.amfiindia.com / AMFI Historical NAV,2026-09-05T05:36:33.025475+00:00
2021-09-27,3451.3027,portal.amfiindia.com / AMFI Historical NAV,2026-09-05T05:36:33.025475+00:00
2021-09-28,3451.9558,portal.amfiindia.com / AMFI Historical NAV,2026-09-05T05:36:33.025475+00:00
2021-09-29,3452.8494,portal.amfiindia.com / AMFI Historical NAV,2026-09-05T05:36:33.025475+00:00
2021-09-30,3453.8961,portal.amfiindia.com / AMFI Historical NAV,2026-09-05T05:36:33.025475+00:00
2021-10-01,3454.948,portal.amfiindia.com / AMFI Historical NAV,2026-09-05T05:36:33.025475+00:00
2021-10-04,3456.0383,portal.amfiindia.com / AMFI Historical NAV,2026-09-05T05:36:33.025475+00:00
2021-10-05,3456.7339,portal.amfiindia.com / AMFI Historical NAV,2026-09-05T05:36:33.025475+00:00
2021-10-06,3457.3909,portal.amfiindia.com / AMFI Historical NAV,2026-09-05T05:36:33.025475+00:00
2021-10-07,3457.6629,portal.amfiindia.com / AMFI Historical NAV,2026-09-05T05:36:33.025475+00:00
2021-10-08,3458.6671,portal.amfiindia.com / AMFI Historical NAV,2026-09-05T05:36:33.025475+00:00
2021-10-11,3459.8649,portal.amfiindia.com / AMFI Historical NAV,2026-09-05T05:36:33.025475+00:00
2021-10-12,3461.2478,portal.amfiindia.com / AMFI Historical NAV,2026-09-05T05:36:33.025475+00:00
2021-10-13,3462.1775,portal.amfiindia.com / AMFI Historical NAV,2026-09-05T05:36:33.025475+00:00
2021-10-14,3462.7365,portal.amfiindia.com / AMFI Historical NAV,2026-09-05T05:36:33.025475+00:00
2021-10-15,3462.9733,portal.amfiindia.com / AMFI Historical NAV,2026-09-05T05:36:33.025475+00:00
2021-10-18,3464.1585,portal.amfiindia.com / AMFI Historical NAV,2026-09-05T05:36:33.025475+00:00
2021-10-19,3464.3611,portal.amfiindia.com / AMFI Historical NAV,2026-09-05T05:36:33.025475+00:00
2021-10-20,3465.0679,portal.amfiindia.com / AMFI Historical NAV,2026-09-05T05:36:33.025475+00:00
2021-10-21,3465.8152,portal.amfiindia.com / AMFI Historical NAV,2026-09-05T05:36:33.025475+00:00
2021-10-22,3466.6163,portal.amfiindia.com / AMFI Historical NAV,2026-09-05T05:36:33.025475+00:00
2021-10-25,3467.4541,portal.amfiindia.com / AMFI Historical NAV,2026-09-05T05:36:33.025475+00:00
2021-10-26,3468.3276,portal.amfiindia.com / AMFI Historical NAV,2026-09-05T05:36:33.025475+00:00
2021-10-27,3468.501,portal.amfiindia.com / AMFI Historical NAV,2026-09-05T05:36:33.025475+00:00
2021-10-28,3469.332,portal.amfiindia.com / AMFI Historical NAV,2026-09-05T05:36:33.025475+00:00
2021-10-29,3469.5054,portal.amfiindia.com / AMFI Historical NAV,2026-09-05T05:36:33.025475+00:00
2021-11-01,3470.5855,portal.amfiindia.com / AMFI Historical NAV,2026-09-05T05:36:33.025475+00:00
2021-11-02,3471.2192,portal.amfiindia.com / AMFI Historical NAV,2026-09-05T05:36:33.025475+00:00
2021-11-03,3471.3928,portal.amfiindia.com / AMFI Historical NAV,2026-09-05T05:36:33.025475+00:00
2021-11-04,3471.9366,portal.amfiindia.com / AMFI Historical NAV,2026-09-05T05:36:33.025475+00:00
2021-11-05,3472.5654,portal.amfiindia.com / AMFI Historical NAV,2026-09-05T05:36:33.025475+00:00
2021-11-08,3473.8056,portal.amfiindia.com / AMFI Historical NAV,2026-09-05T05:36:33.025475+00:00
2021-11-09,3474.7011,portal.amfiindia.com / AMFI Historical NAV,2026-09-05T05:36:33.025475+00:00
2021-11-10,3475.648,portal.amfiindia.com / AMFI Historical NAV,2026-09-05T05:36:33.025475+00:00
2021-11-11,3476.8861,portal.amfiindia.com / AMFI Historical NAV,2026-09-05T05:36:33.025475+00:00
2021-11-12,3477.6805,portal.amfiindia.com / AMFI Historical NAV,2026-09-05T05:36:33.025475+00:00
2021-11-15,3478.7708,portal.amfiindia.com / AMFI Historical NAV,2026-09-05T05:36:33.025475+00:00
2021-11-16,3479.837,portal.amfiindia.com / AMFI Historical NAV,2026-09-05T05:36:33.025475+00:00
2021-11-17,3480.2179,portal.amfiindia.com / AMFI Historical NAV,2026-09-05T05:36:33.025475+00:00
2021-11-18,3481.5591,portal.amfiindia.com / AMFI Historical NAV,2026-09-05T05:36:33.025475+00:00
2021-11-19,3481.8936,portal.amfiindia.com / AMFI Historical NAV,2026-09-05T05:36:33.025475+00:00
2021-11-22,3483.042,portal.amfiindia.com / AMFI Historical NAV,2026-09-05T05:36:33.025475+00:00
2021-11-23,3483.3429,portal.amfiindia.com / AMFI Historical NAV,2026-09-05T05:36:33.025475+00:00
2021-11-24,3484.3817,portal.amfiindia.com / AMFI Historical NAV,2026-09-05T05:36:33.025475+00:00
2021-11-25,3485.8601,portal.amfiindia.com / AMFI Historical NAV,2026-09-05T05:36:33.025475+00:00
2021-11-26,3486.6158,portal.amfiindia.com / AMFI Historical NAV,2026-09-05T05:36:33.025475+00:00
2021-11-29,3487.3566,portal.amfiindia.com / AMFI Historical NAV,2026-09-05T05:36:33.025475+00:00
2021-11-30,3488.3998,portal.amfiindia.com / AMFI Historical NAV,2026-09-05T05:36:33.025475+00:00
2021-12-01,3489.1155,portal.amfiindia.com / AMFI Historical NAV,2026-09-05T05:36:33.025475+00:00
2021-12-02,3490.5806,portal.amfiindia.com / AMFI Historical NAV,2026-09-05T05:36:33.025475+00:00
2021-12-03,3491.4788,portal.amfiindia.com / AMFI Historical NAV,2026-09-05T05:36:33.025475+00:00
2021-12-06,3492.1983,portal.amfiindia.com / AMFI Historical NAV,2026-09-05T05:36:33.025475+00:00
2021-12-07,3492.8411,portal.amfiindia.com / AMFI Historical NAV,2026-09-05T05:36:33.025475+00:00
2021-12-08,3493.3469,portal.amfiindia.com / AMFI Historical NAV,2026-09-05T05:36:33.025475+00:00
2021-12-09,3493.9593,portal.amfiindia.com / AMFI Historical NAV,2026-09-05T05:36:33.025475+00:00
2021-12-10,3494.6687,portal.amfiindia.com / AMFI Historical NAV,2026-09-05T05:36:33.025475+00:00
2021-12-13,3495.3303,portal.amfiindia.com / AMFI Historical NAV,2026-09-05T05:36:33.025475+00:00
2021-12-14,3495.9325,portal.amfiindia.com / AMFI Historical NAV,2026-09-05T05:36:33.025475+00:00
2021-12-15,3497.4986,portal.amfiindia.com / AMFI Historical NAV,2026-09-05T05:36:33.025475+00:00
2021-12-16,3497.9711,portal.amfiindia.com / AMFI Historical NAV,2026-09-05T05:36:33.025475+00:00
2021-12-17,3498.8552,portal.amfiindia.com / AMFI Historical NAV,2026-09-05T05:36:33.025475+00:00
2021-12-20,3499.8956,portal.amfiindia.com / AMFI Historical NAV,2026-09-05T05:36:33.025475+00:00
2021-12-21,3500.9494,portal.amfiindia.com / AMFI Historical NAV,2026-09-05T05:36:33.025475+00:00
2021-12-22,3501.7625,portal.amfiindia.com / AMFI Historical NAV,2026-09-05T05:36:33.025475+00:00
2021-12-23,3502.5119,portal.amfiindia.com / AMFI Historical NAV,2026-09-05T05:36:33.025475+00:00
2021-12-24,3503.504,portal.amfiindia.com / AMFI Historical NAV,2026-09-05T05:36:33.025475+00:00
2021-12-27,3504.4316,portal.amfiindia.com / AMFI Historical NAV,2026-09-05T05:36:33.025475+00:00
2021-12-28,3505.1752,portal.amfiindia.com / AMFI Historical NAV,2026-09-05T05:36:33.025475+00:00
2021-12-29,3505.4623,portal.amfiindia.com / AMFI Historical NAV,2026-09-05T05:36:33.025475+00:00
2021-12-30,3506.1329,portal.amfiindia.com / AMFI Historical NAV,2026-09-05T05:36:33.025475+00:00
2021-12-31,3506.5657,portal.amfiindia.com / AMFI Historical NAV,2026-09-05T05:36:33.025475+00:00
2022-01-03,3507.1667,portal.amfiindia.com / AMFI Historical NAV,2026-09-05T05:36:33.025475+00:00
2022-01-04,3508.0134,portal.amfiindia.com / AMFI Historical NAV,2026-09-05T05:36:33.025475+00:00
2022-01-05,3508.9744,portal.amfiindia.com / AMFI Historical NAV,2026-09-05T05:36:33.025475+00:00
2022-01-06,3510.4347,portal.amfiindia.com / AMFI Historical NAV,2026-09-05T05:36:33.025475+00:00
2022-01-07,3511.0818,portal.amfiindia.com / AMFI Historical NAV,2026-09-05T05:36:33.025475+00:00
2022-01-10,3512.1898,portal.amfiindia.com / AMFI Historical NAV,2026-09-05T05:36:33.025475+00:00
2022-01-11,3513.1335,portal.amfiindia.com / AMFI Historical NAV,2026-09-05T05:36:33.025475+00:00
2022-01-12,3514.4252,portal.amfiindia.com / AMFI Historical NAV,2026-09-05T05:36:33.025475+00:00
2022-01-13,3515.4645,portal.amfiindia.com / AMFI Historical NAV,2026-09-05T05:36:33.025475+00:00
2022-01-14,3515.947,portal.amfiindia.com / AMFI Historical NAV,2026-09-05T05:36:33.025475+00:00
2022-01-17,3516.1783,portal.amfiindia.com / AMFI Historical NAV,2026-09-05T05:36:33.025475+00:00
2022-01-18,3517.125,portal.amfiindia.com / AMFI Historical NAV,2026-09-05T05:36:33.025475+00:00
2022-01-19,3517.7765,portal.amfiindia.com / AMFI Historical NAV,2026-09-05T05:36:33.025475+00:00
2022-01-20,3518.2692,portal.amfiindia.com / AMFI Historical NAV,2026-09-05T05:36:33.025475+00:00
2022-01-21,3518.6609,portal.amfiindia.com / AMFI Historical NAV,2026-09-05T05:36:33.025475+00:00
2022-01-24,3519.5554,portal.amfiindia.com / AMFI Historical NAV,2026-09-05T05:36:33.025475+00:00
2022-01-25,3520.924,portal.amfiindia.com / AMFI Historical NAV,2026-09-05T05:36:33.025475+00:00
2022-01-26,3521.6184,portal.amfiindia.com / AMFI Historical NAV,2026-09-05T05:36:33.025475+00:00
2022-01-27,3522.6648,portal.amfiindia.com / AMFI Historical NAV,2026-09-05T05:36:33.025475+00:00
2022-01-28,3523.4675,portal.amfiindia.com / AMFI Historical NAV,2026-09-05T05:36:33.025475+00:00
2022-01-31,3523.8521,portal.amfiindia.com / AMFI Historical NAV,2026-09-05T05:36:33.025475+00:00
2022-02-01,3524.95,portal.amfiindia.com / AMFI Historical NAV,2026-09-05T05:36:33.025475+00:00
2022-02-02,3525.4034,portal.amfiindia.com / AMFI Historical NAV,2026-09-05T05:36:33.025475+00:00
2022-02-03,3526.2504,portal.amfiindia.com / AMFI Historical NAV,2026-09-05T05:36:33.025475+00:00
2022-02-04,3526.9696,portal.amfiindia.com / AMFI Historical NAV,2026-09-05T05:36:33.025475+00:00
2022-02-07,3528.1243,portal.amfiindia.com / AMFI Historical NAV,2026-09-05T05:36:33.025475+00:00
2022-02-08,3528.591,portal.amfiindia.com / AMFI Historical NAV,2026-09-05T05:36:33.025475+00:00
2022-02-09,3529.5691,portal.amfiindia.com / AMFI Historical NAV,2026-09-05T05:36:33.025475+00:00
2022-02-10,3530.1131,portal.amfiindia.com / AMFI Historical NAV,2026-09-05T05:36:33.025475+00:00
2022-02-11,3530.7731,portal.amfiindia.com / AMFI Historical NAV,2026-09-05T05:36:33.025475+00:00
2022-02-14,3530.9497,portal.amfiindia.com / AMFI Historical NAV,2026-09-05T05:36:33.025475+00:00
2022-02-15,3532.5291,portal.amfiindia.com / AMFI Historical NAV,2026-09-05T05:36:33.025475+00:00
2022-02-16,3533.5646,portal.amfiindia.com / AMFI Historical NAV,2026-09-05T05:36:33.025475+00:00
2022-02-17,3534.1348,portal.amfiindia.com / AMFI Historical NAV,2026-09-05T05:36:33.025475+00:00
2022-02-18,3534.5788,portal.amfiindia.com / AMFI Historical NAV,2026-09-05T05:36:33.025475+00:00
2022-02-21,3535.2452,portal.amfiindia.com / AMFI Historical NAV,2026-09-05T05:36:33.025475+00:00
2022-02-22,3536.3404,portal.amfiindia.com / AMFI Historical NAV,2026-09-05T05:36:33.025475+00:00
2022-02-23,3536.5172,portal.amfiindia.com / AMFI Historical NAV,2026-09-05T05:36:33.025475+00:00
2022-02-24,3537.3091,portal.amfiindia.com / AMFI Historical NAV,2026-09-05T05:36:33.025475+00:00
2022-02-25,3538.7777,portal.amfiindia.com / AMFI Historical NAV,2026-09-05T05:36:33.025475+00:00
2022-02-28,3539.219,portal.amfiindia.com / AMFI Historical NAV,2026-09-05T05:36:33.025475+00:00
2022-03-01,3540.0901,portal.amfiindia.com / AMFI Historical NAV,2026-09-05T05:36:33.025475+00:00
2022-03-02,3541.713,portal.amfiindia.com / AMFI Historical NAV,2026-09-05T05:36:33.025475+00:00
2022-03-03,3542.7801,portal.amfiindia.com / AMFI Historical NAV,2026-09-05T05:36:33.025475+00:00
2022-03-04,3543.6682,portal.amfiindia.com / AMFI Historical NAV,2026-09-05T05:36:33.025475+00:00
2022-03-07,3544.6915,portal.amfiindia.com / AMFI Historical NAV,2026-09-05T05:36:33.025475+00:00
2022-03-08,3545.3934,portal.amfiindia.com / AMFI Historical NAV,2026-09-05T05:36:33.025475+00:00
2022-03-09,3546.6983,portal.amfiindia.com / AMFI Historical NAV,2026-09-05T05:36:33.025475+00:00
2022-03-10,3547.4011,portal.amfiindia.com / AMFI Historical NAV,2026-09-05T05:36:33.025475+00:00
2022-03-11,3547.5785,portal.amfiindia.com / AMFI Historical NAV,2026-09-05T05:36:33.025475+00:00
2022-03-14,3548.2843,portal.amfiindia.com / AMFI Historical NAV,2026-09-05T05:36:33.025475+00:00
2022-03-15,3548.7861,portal.amfiindia.com / AMFI Historical NAV,2026-09-05T05:36:33.025475+00:00
2022-03-16,3549.5313,portal.amfiindia.com / AMFI Historical NAV,2026-09-05T05:36:33.025475+00:00
2022-03-17,3550.2845,portal.amfiindia.com / AMFI Historical NAV,2026-09-05T05:36:33.025475+00:00
2022-03-18,3551.5549,portal.amfiindia.com / AMFI Historical NAV,2026-09-05T05:36:33.025475+00:00
2022-03-21,3552.6474,portal.amfiindia.com / AMFI Historical NAV,2026-09-05T05:36:33.025475+00:00
2022-03-22,3553.5868,portal.amfiindia.com / AMFI Historical NAV,2026-09-05T05:36:33.025475+00:00
2022-03-23,3554.4319,portal.amfiindia.com / AMFI Historical NAV,2026-09-05T05:36:33.025475+00:00
2022-03-24,3554.9018,portal.amfiindia.com / AMFI Historical NAV,2026-09-05T05:36:33.025475+00:00
2022-03-25,3555.0795,portal.amfiindia.com / AMFI Historical NAV,2026-09-05T05:36:33.025475+00:00
2022-03-28,3555.9662,portal.amfiindia.com / AMFI Historical NAV,2026-09-05T05:36:33.025475+00:00
2022-03-29,3557.0955,portal.amfiindia.com / AMFI Historical NAV,2026-09-05T05:36:33.025475+00:00
2022-03-30,3557.9038,portal.amfiindia.com / AMFI Historical NAV,2026-09-05T05:36:33.025475+00:00
2022-03-31,3558.5607,portal.amfiindia.com / AMFI Historical NAV,2026-09-05T05:36:33.025475+00:00
2022-04-01,3559.5732,portal.amfiindia.com / AMFI Historical NAV,2026-09-05T05:36:33.025475+00:00
2022-04-04,3560.3911,portal.amfiindia.com / AMFI Historical NAV,2026-09-05T05:36:33.025475+00:00
2022-04-05,3561.839,portal.amfiindia.com / AMFI Historical NAV,2026-09-05T05:36:33.025475+00:00
2022-04-06,3563.1261,portal.amfiindia.com / AMFI Historical NAV,2026-09-05T05:36:33.025475+00:00
2022-04-07,3564.3164,portal.amfiindia.com / AMFI Historical NAV,2026-09-05T05:36:33.025475+00:00
2022-04-08,3565.4351,portal.amfiindia.com / AMFI Historical NAV,2026-09-05T05:36:33.025475+00:00
2022-04-11,3565.824,portal.amfiindia.com / AMFI Historical NAV,2026-09-05T05:36:33.025475+00:00
2022-04-12,3566.9094,portal.amfiindia.com / AMFI Historical NAV,2026-09-05T05:36:33.025475+00:00
2022-04-13,3567.8929,portal.amfiindia.com / AMFI Historical NAV,2026-09-05T05:36:33.025475+00:00
2022-04-14,3568.9588,portal.amfiindia.com / AMFI Historical NAV,2026-09-05T05:36:33.025475+00:00
2022-04-15,3569.9844,portal.amfiindia.com / AMFI Historical NAV,2026-09-05T05:36:33.025475+00:00
2022-04-18,3570.996,portal.amfiindia.com / AMFI Historical NAV,2026-09-05T05:36:33.025475+00:00
2022-04-19,3572.8107,portal.amfiindia.com / AMFI Historical NAV,2026-09-05T05:36:33.025475+00:00
2022-04-20,3573.6342,portal.amfiindia.com / AMFI Historical NAV,2026-09-05T05:36:33.025475+00:00
2022-04-21,3574.8196,portal.amfiindia.com / AMFI Historical NAV,2026-09-05T05:36:33.025475+00:00
2022-04-22,3575.5024,portal.amfiindia.com / AMFI Historical NAV,2026-09-05T05:36:33.025475+00:00
2022-04-25,3576.6364,portal.amfiindia.com / AMFI Historical NAV,2026-09-05T05:36:33.025475+00:00
2022-04-26,3577.824,portal.amfiindia.com / AMFI Historical NAV,2026-09-05T05:36:33.025475+00:00
2022-04-27,3578.8062,portal.amfiindia.com / AMFI Historical NAV,2026-09-05T05:36:33.025475+00:00
2022-04-28,3580.2557,portal.amfiindia.com / AMFI Historical NAV,2026-09-05T05:36:33.025475+00:00
2022-04-29,3580.7915,portal.amfiindia.com / AMFI Historical NAV,2026-09-05T05:36:33.025475+00:00
2022-05-02,3581.4696,portal.amfiindia.com / AMFI Historical NAV,2026-09-05T05:36:33.025475+00:00
2022-05-03,3582.3984,portal.amfiindia.com / AMFI Historical NAV,2026-09-05T05:36:33.025475+00:00
2022-05-04,3583.5669,portal.amfiindia.com / AMFI Historical NAV,2026-09-05T05:36:33.025475+00:00
2022-05-05,3584.4845,portal.amfiindia.com / AMFI Historical NAV,2026-09-05T05:36:33.025475+00:00
2022-05-06,3585.7988,portal.amfiindia.com / AMFI Historical NAV,2026-09-05T05:36:33.025475+00:00
2022-05-09,3586.4153,portal.amfiindia.com / AMFI Historical NAV,2026-09-05T05:36:33.025475+00:00
2022-05-10,3586.8601,portal.amfiindia.com / AMFI Historical NAV,2026-09-05T05:36:33.025475+00:00
2022-05-11,3587.8247,portal.amfiindia.com / AMFI Historical NAV,2026-09-05T05:36:33.025475+00:00
2022-05-12,3588.6512,portal.amfiindia.com / AMFI Historical NAV,2026-09-05T05:36:33.025475+00:00
2022-05-13,3589.7005,portal.amfiindia.com / AMFI Historical NAV,2026-09-05T05:36:33.025475+00:00
2022-05-16,3590.5453,portal.amfiindia.com / AMFI Historical NAV,2026-09-05T05:36:33.025475+00:00
2022-05-17,3591.2781,portal.amfiindia.com / AMFI Historical NAV,2026-09-05T05:36:33.025475+00:00
2022-05-18,3592.1063,portal.amfiindia.com / AMFI Historical NAV,2026-09-05T05:36:33.025475+00:00
2022-05-19,3592.9719,portal.amfiindia.com / AMFI Historical NAV,2026-09-05T05:36:33.025475+00:00
2022-05-20,3593.7178,portal.amfiindia.com / AMFI Historical NAV,2026-09-05T05:36:33.025475+00:00
2022-05-23,3594.5005,portal.amfiindia.com / AMFI Historical NAV,2026-09-05T05:36:33.025475+00:00
2022-05-24,3595.2112,portal.amfiindia.com / AMFI Historical NAV,2026-09-05T05:36:33.025475+00:00
2022-05-25,3596.3752,portal.amfiindia.com / AMFI Historical NAV,2026-09-05T05:36:33.025475+00:00
2022-05-26,3597.3013,portal.amfiindia.com / AMFI Historical NAV,2026-09-05T05:36:33.025475+00:00
2022-05-27,3598.9696,portal.amfiindia.com / AMFI Historical NAV,2026-09-05T05:36:33.025475+00:00
2022-05-30,3599.8843,portal.amfiindia.com / AMFI Historical NAV,2026-09-05T05:36:33.025475+00:00
2022-05-31,3600.5431,portal.amfiindia.com / AMFI Historical NAV,2026-09-05T05:36:33.025475+00:00
2022-06-01,3602.362,portal.amfiindia.com / AMFI Historical NAV,2026-09-05T05:36:33.025475+00:00
2022-06-02,3603.3687,portal.amfiindia.com / AMFI Historical NAV,2026-09-05T05:36:33.025475+00:00
2022-06-03,3604.5834,portal.amfiindia.com / AMFI Historical NAV,2026-09-05T05:36:33.025475+00:00
2022-06-06,3605.6551,portal.amfiindia.com / AMFI Historical NAV,2026-09-05T05:36:33.025475+00:00
2022-06-07,3606.7382,portal.amfiindia.com / AMFI Historical NAV,2026-09-05T05:36:33.025475+00:00
2022-06-08,3607.7902,portal.amfiindia.com / AMFI Historical NAV,2026-09-05T05:36:33.025475+00:00
2022-06-09,3608.2516,portal.amfiindia.com / AMFI Historical NAV,2026-09-05T05:36:33.025475+00:00
2022-06-10,3609.2433,portal.amfiindia.com / AMFI Historical NAV,2026-09-05T05:36:33.025475+00:00
2022-06-13,3609.6244,portal.amfiindia.com / AMFI Historical NAV,2026-09-05T05:36:33.025475+00:00
2022-06-14,3610.4209,portal.amfiindia.com / AMFI Historical NAV,2026-09-05T05:36:33.025475+00:00
2022-06-15,3611.0186,portal.amfiindia.com / AMFI Historical NAV,2026-09-05T05:36:33.025475+00:00
2022-06-16,3612.0074,portal.amfiindia.com / AMFI Historical NAV,2026-09-05T05:36:33.025475+00:00
2022-06-17,3612.9881,portal.amfiindia.com / AMFI Historical NAV,2026-09-05T05:36:33.025475+00:00
2022-06-20,3614.0222,portal.amfiindia.com / AMFI Historical NAV,2026-09-05T05:36:33.025475+00:00
2022-06-21,3614.9865,portal.amfiindia.com / AMFI Historical NAV,2026-09-05T05:36:33.025475+00:00
2022-06-22,3615.6278,portal.amfiindia.com / AMFI Historical NAV,2026-09-05T05:36:33.025475+00:00
2022-06-23,3616.3943,portal.amfiindia.com / AMFI Historical NAV,2026-09-05T05:36:33.025475+00:00
2022-06-24,3617.5882,portal.amfiindia.com / AMFI Historical NAV,2026-09-05T05:36:33.025475+00:00
2022-06-27,3618.8359,portal.amfiindia.com / AMFI Historical NAV,2026-09-05T05:36:33.025475+00:00
2022-06-28,3619.2825,portal.amfiindia.com / AMFI Historical NAV,2026-09-05T05:36:33.025475+00:00
2022-06-29,3619.5902,portal.amfiindia.com / AMFI Historical NAV,2026-09-05T05:36:33.025475+00:00
2022-06-30,3620.1889,portal.amfiindia.com / AMFI Historical NAV,2026-09-05T05:36:33.025475+00:00
2022-07-01,3621.4292,portal.amfiindia.com / AMFI Historical NAV,2026-09-05T05:36:33.025475+00:00
2022-07-04,3622.7314,portal.amfiindia.com / AMFI Historical NAV,2026-09-05T05:36:33.025475+00:00
2022-07-05,3623.259,portal.amfiindia.com / AMFI Historical NAV,2026-09-05T05:36:33.025475+00:00
2022-07-06,3624.233,portal.amfiindia.com / AMFI Historical NAV,2026-09-05T05:36:33.025475+00:00
2022-07-07,3625.7607,portal.amfiindia.com / AMFI Historical NAV,2026-09-05T05:36:33.025475+00:00
2022-07-08,3626.7746,portal.amfiindia.com / AMFI Historical NAV,2026-09-05T05:36:33.025475+00:00
2022-07-11,3628.1537,portal.amfiindia.com / AMFI Historical NAV,2026-09-05T05:36:33.025475+00:00
2022-07-12,3629.3799,portal.amfiindia.com / AMFI Historical NAV,2026-09-05T05:36:33.025475+00:00
2022-07-13,3629.9136,portal.amfiindia.com / AMFI Historical NAV,2026-09-05T05:36:33.025475+00:00
2022-07-14,3630.709,portal.amfiindia.com / AMFI Historical NAV,2026-09-05T05:36:33.025475+00:00
2022-07-15,3631.586,portal.amfiindia.com / AMFI Historical NAV,2026-09-05T05:36:33.025475+00:00
2022-07-18,3632.4885,portal.amfiindia.com / AMFI Historical NAV,2026-09-05T05:36:33.025475+00:00
2022-07-19,3633.6862,portal.amfiindia.com / AMFI Historical NAV,2026-09-05T05:36:33.025475+00:00
2022-07-20,3634.6999,portal.amfiindia.com / AMFI Historical NAV,2026-09-05T05:36:33.025475+00:00
2022-07-21,3634.8816,portal.amfiindia.com / AMFI Historical NAV,2026-09-05T05:36:33.025475+00:00
2022-07-22,3635.2699,portal.amfiindia.com / AMFI Historical NAV,2026-09-05T05:36:33.025475+00:00
2022-07-25,3635.4517,portal.amfiindia.com / AMFI Historical NAV,2026-09-05T05:36:33.025475+00:00
2022-07-26,3636.381,portal.amfiindia.com / AMFI Historical NAV,2026-09-05T05:36:33.025475+00:00
2022-07-27,3637.3342,portal.amfiindia.com / AMFI Historical NAV,2026-09-05T05:36:33.025475+00:00
2022-07-28,3638.3033,portal.amfiindia.com / AMFI Historical NAV,2026-09-05T05:36:33.025475+00:00
2022-07-29,3638.8207,portal.amfiindia.com / AMFI Historical NAV,2026-09-05T05:36:33.025475+00:00
2022-08-01,3639.9324,portal.amfiindia.com / AMFI Historical NAV,2026-09-05T05:36:33.025475+00:00
2022-08-02,3641.0597,portal.amfiindia.com / AMFI Historical NAV,2026-09-05T05:36:33.025475+00:00
2022-08-03,3641.4696,portal.amfiindia.com / AMFI Historical NAV,2026-09-05T05:36:33.025475+00:00
2022-08-04,3641.8028,portal.amfiindia.com / AMFI Historical NAV,2026-09-05T05:36:33.025475+00:00
2022-08-05,3642.6699,portal.amfiindia.com / AMFI Historical NAV,2026-09-05T05:36:33.025475+00:00
2022-08-08,3644.1898,portal.amfiindia.com / AMFI Historical NAV,2026-09-05T05:36:33.025475+00:00
2022-08-09,3645.6769,portal.amfiindia.com / AMFI Historical NAV,2026-09-05T05:36:33.025475+00:00
2022-08-10,3646.7503,portal.amfiindia.com / AMFI Historical NAV,2026-09-05T05:36:33.025475+00:00
2022-08-11,3647.3524,portal.amfiindia.com / AMFI Historical NAV,2026-09-05T05:36:33.025475+00:00
2022-08-12,3648.5443,portal.amfiindia.com / AMFI Historical NAV,2026-09-05T05:36:33.025475+00:00
2022-08-15,3649.2479,portal.amfiindia.com / AMFI Historical NAV,2026-09-05T05:36:33.025475+00:00
2022-08-16,3649.8367,portal.amfiindia.com / AMFI Historical NAV,2026-09-05T05:36:33.025475+00:00
2022-08-17,3650.0192,portal.amfiindia.com / AMFI Historical NAV,2026-09-05T05:36:33.025475+00:00
2022-08-18,3650.9256,portal.amfiindia.com / AMFI Historical NAV,2026-09-05T05:36:33.025475+00:00
2022-08-19,3651.5649,portal.amfiindia.com / AMFI Historical NAV,2026-09-05T05:36:33.025475+00:00
2022-08-22,3652.4696,portal.amfiindia.com / AMFI Historical NAV,2026-09-05T05:36:33.025475+00:00
2022-08-23,3652.6522,portal.amfiindia.com / AMFI Historical NAV,2026-09-05T05:36:33.025475+00:00
2022-08-24,3653.5839,portal.amfiindia.com / AMFI Historical NAV,2026-09-05T05:36:33.025475+00:00
2022-08-25,3653.7666,portal.amfiindia.com / AMFI Historical NAV,2026-09-05T05:36:33.025475+00:00
2022-08-26,3655.034,portal.amfiindia.com / AMFI Historical NAV,2026-09-05T05:36:33.025475+00:00
2022-08-29,3656.095,portal.amfiindia.com / AMFI Historical NAV,2026-09-05T05:36:33.025475+00:00
2022-08-30,3656.8636,portal.amfiindia.com / AMFI Historical NAV,2026-09-05T05:36:33.025475+00:00
2022-08-31,3657.9401,portal.amfiindia.com / AMFI Historical NAV,2026-09-05T05:36:33.025475+00:00
2022-09-01,3658.4533,portal.amfiindia.com / AMFI Historical NAV,2026-09-05T05:36:33.025475+00:00
2022-09-02,3659.3508,portal.amfiindia.com / AMFI Historical NAV,2026-09-05T05:36:33.025475+00:00
2022-09-05,3660.5129,portal.amfiindia.com / AMFI Historical NAV,2026-09-05T05:36:33.025475+00:00
2022-09-06,3660.6959,portal.amfiindia.com / AMFI Historical NAV,2026-09-05T05:36:33.025475+00:00
2022-09-07,3661.4038,portal.amfiindia.com / AMFI Historical NAV,2026-09-05T05:36:33.025475+00:00
2022-09-08,3662.2673,portal.amfiindia.com / AMFI Historical NAV,2026-09-05T05:36:33.025475+00:00
2022-09-09,3663.0674,portal.amfiindia.com / AMFI Historical NAV,2026-09-05T05:36:33.025475+00:00
2022-09-12,3664.4733,portal.amfiindia.com / AMFI Historical NAV,2026-09-05T05:36:33.025475+00:00
2022-09-13,3664.9339,portal.amfiindia.com / AMFI Historical NAV,2026-09-05T05:36:33.025475+00:00
2022-09-14,3665.5789,portal.amfiindia.com / AMFI Historical NAV,2026-09-05T05:36:33.025475+00:00
2022-09-15,3665.7621,portal.amfiindia.com / AMFI Historical NAV,2026-09-05T05:36:33.025475+00:00
2022-09-16,3667.1886,portal.amfiindia.com / AMFI Historical NAV,2026-09-05T05:36:33.025475+00:00
2022-09-19,3667.9714,portal.amfiindia.com / AMFI Historical NAV,2026-09-05T05:36:33.025475+00:00
2022-09-20,3668.6839,portal.amfiindia.com / AMFI Historical NAV,2026-09-05T05:36:33.025475+00:00
2022-09-21,3669.5382,portal.amfiindia.com / AMFI Historical NAV,2026-09-05T05:36:33.025475+00:00
2022-09-22,3670.6453,portal.amfiindia.com / AMFI Historical NAV,2026-09-05T05:36:33.025475+00:00
2022-09-23,3671.6468,portal.amfiindia.com / AMFI Historical NAV,2026-09-05T05:36:33.025475+00:00
2022-09-26,3673.4932,portal.amfiindia.com / AMFI Historical NAV,2026-09-05T05:36:33.025475+00:00
2022-09-27,3674.5346,portal.amfiindia.com / AMFI Historical NAV,2026-09-05T05:36:33.025475+00:00
2022-09-28,3675.2385,portal.amfiindia.com / AMFI Historical NAV,2026-09-05T05:36:33.025475+00:00
2022-09-29,3675.9073,portal.amfiindia.com / AMFI Historical NAV,2026-09-05T05:36:33.025475+00:00
2022-09-30,3676.6381,portal.amfiindia.com / AMFI Historical NAV,2026-09-05T05:36:33.025475+00:00
2022-10-03,3676.9613,portal.amfiindia.com / AMFI Historical NAV,2026-09-05T05:36:33.025475+00:00
2022-10-04,3677.8515,portal.amfiindia.com / AMFI Historical NAV,2026-09-05T05:36:33.025475+00:00
2022-10-05,3679.0153,portal.amfiindia.com / AMFI Historical NAV,2026-09-05T05:36:33.025475+00:00
2022-10-06,3679.6656,portal.amfiindia.com / AMFI Historical NAV,2026-09-05T05:36:33.025475+00:00
2022-10-07,3680.2446,portal.amfiindia.com / AMFI Historical NAV,2026-09-05T05:36:33.025475+00:00
2022-10-10,3681.6788,portal.amfiindia.com / AMFI Historical NAV,2026-09-05T05:36:33.025475+00:00
2022-10-11,3682.0302,portal.amfiindia.com / AMFI Historical NAV,2026-09-05T05:36:33.025475+00:00
2022-10-12,3682.2143,portal.amfiindia.com / AMFI Historical NAV,2026-09-05T05:36:33.025475+00:00
2022-10-13,3682.6665,portal.amfiindia.com / AMFI Historical NAV,2026-09-05T05:36:33.025475+00:00
2022-10-14,3682.976,portal.amfiindia.com / AMFI Historical NAV,2026-09-05T05:36:33.025475+00:00
2022-10-17,3683.9952,portal.amfiindia.com / AMFI Historical NAV,2026-09-05T05:36:33.025475+00:00
2022-10-18,3684.7394,portal.amfiindia.com / AMFI Historical NAV,2026-09-05T05:36:33.025475+00:00
2022-10-19,3685.5358,portal.amfiindia.com / AMFI Historical NAV,2026-09-05T05:36:33.025475+00:00
2022-10-20,3686.8382,portal.amfiindia.com / AMFI Historical NAV,2026-09-05T05:36:33.025475+00:00
2022-10-21,3687.4611,portal.amfiindia.com / AMFI Historical NAV,2026-09-05T05:36:33.025475+00:00
2022-10-24,3688.6249,portal.amfiindia.com / AMFI Historical NAV,2026-09-05T05:36:33.025475+00:00
2022-10-25,3690.0606,portal.amfiindia.com / AMFI Historical NAV,2026-09-05T05:36:33.025475+00:00
2022-10-26,3690.7711,portal.amfiindia.com / AMFI Historical NAV,2026-09-05T05:36:33.025475+00:00
2022-10-27,3691.9219,portal.amfiindia.com / AMFI Historical NAV,2026-09-05T05:36:33.025475+00:00
2022-10-28,3692.7116,portal.amfiindia.com / AMFI Historical NAV,2026-09-05T05:36:33.025475+00:00
2022-10-31,3693.9321,portal.amfiindia.com / AMFI Historical NAV,2026-09-05T05:36:33.025475+00:00
2022-11-01,3694.2311,portal.amfiindia.com / AMFI Historical NAV,2026-09-05T05:36:33.025475+00:00
2022-11-02,3694.5028,portal.amfiindia.com / AMFI Historical NAV,2026-09-05T05:36:33.025475+00:00
2022-11-03,3695.2379,portal.amfiindia.com / AMFI Historical NAV,2026-09-05T05:36:33.025475+00:00
2022-11-04,3695.7892,portal.amfiindia.com / AMFI Historical NAV,2026-09-05T05:36:33.025475+00:00
2022-11-07,3696.4782,portal.amfiindia.com / AMFI Historical NAV,2026-09-05T05:36:33.025475+00:00
2022-11-08,3697.2771,portal.amfiindia.com / AMFI Historical NAV,2026-09-05T05:36:33.025475+00:00
2022-11-09,3698.4237,portal.amfiindia.com / AMFI Historical NAV,2026-09-05T05:36:33.025475+00:00
2022-11-10,3699.1535,portal.amfiindia.com / AMFI Historical NAV,2026-09-05T05:36:33.025475+00:00
2022-11-11,3699.7295,portal.amfiindia.com / AMFI Historical NAV,2026-09-05T05:36:33.025475+00:00
2022-11-14,3700.4803,portal.amfiindia.com / AMFI Historical NAV,2026-09-05T05:36:33.025475+00:00
2022-11-15,3701.0767,portal.amfiindia.com / AMFI Historical NAV,2026-09-05T05:36:33.025475+00:00
2022-11-16,3701.6123,portal.amfiindia.com / AMFI Historical NAV,2026-09-05T05:36:33.025475+00:00
2022-11-17,3701.8965,portal.amfiindia.com / AMFI Historical NAV,2026-09-05T05:36:33.025475+00:00
2022-11-18,3702.8036,portal.amfiindia.com / AMFI Historical NAV,2026-09-05T05:36:33.025475+00:00
2022-11-21,3703.4747,portal.amfiindia.com / AMFI Historical NAV,2026-09-05T05:36:33.025475+00:00
2022-11-22,3704.7143,portal.amfiindia.com / AMFI Historical NAV,2026-09-05T05:36:33.025475+00:00
2022-11-23,3705.0602,portal.amfiindia.com / AMFI Historical NAV,2026-09-05T05:36:33.025475+00:00
2022-11-24,3705.7415,portal.amfiindia.com / AMFI Historical NAV,2026-09-05T05:36:33.025475+00:00
2022-11-25,3707.2956,portal.amfiindia.com / AMFI Historical NAV,2026-09-05T05:36:33.025475+00:00
2022-11-28,3707.83,portal.amfiindia.com / AMFI Historical NAV,2026-09-05T05:36:33.025475+00:00
2022-11-29,3708.6251,portal.amfiindia.com / AMFI Historical NAV,2026-09-05T05:36:33.025475+00:00
2022-11-30,3709.0572,portal.amfiindia.com / AMFI Historical NAV,2026-09-05T05:36:33.025475+00:00
2022-12-01,3709.4402,portal.amfiindia.com / AMFI Historical NAV,2026-09-05T05:36:33.025475+00:00
2022-12-02,3710.8973,portal.amfiindia.com / AMFI Historical NAV,2026-09-05T05:36:33.025475+00:00
2022-12-05,3711.8443,portal.amfiindia.com / AMFI Historical NAV,2026-09-05T05:36:33.025475+00:00
2022-12-06,3712.7777,portal.amfiindia.com / AMFI Historical NAV,2026-09-05T05:36:33.025475+00:00
2022-12-07,3713.0319,portal.amfiindia.com / AMFI Historical NAV,2026-09-05T05:36:33.025475+00:00
2022-12-08,3714.0492,portal.amfiindia.com / AMFI Historical NAV,2026-09-05T05:36:33.025475+00:00
2022-12-09,3715.3633,portal.amfiindia.com / AMFI Historical NAV,2026-09-05T05:36:33.025475+00:00
2022-12-12,3716.675,portal.amfiindia.com / AMFI Historical NAV,2026-09-05T05:36:33.025475+00:00
2022-12-13,3717.8084,portal.amfiindia.com / AMFI Historical NAV,2026-09-05T05:36:33.025475+00:00
2022-12-14,3718.2736,portal.amfiindia.com / AMFI Historical NAV,2026-09-05T05:36:33.025475+00:00
2022-12-15,3719.2754,portal.amfiindia.com / AMFI Historical NAV,2026-09-05T05:36:33.025475+00:00
2022-12-16,3720.4092,portal.amfiindia.com / AMFI Historical NAV,2026-09-05T05:36:33.025475+00:00
2022-12-19,3720.6274,portal.amfiindia.com / AMFI Historical NAV,2026-09-05T05:36:33.025475+00:00
2022-12-20,3721.0961,portal.amfiindia.com / AMFI Historical NAV,2026-09-05T05:36:33.025475+00:00
2022-12-21,3722.3125,portal.amfiindia.com / AMFI Historical NAV,2026-09-05T05:36:33.025475+00:00
2022-12-22,3723.5249,portal.amfiindia.com / AMFI Historical NAV,2026-09-05T05:36:33.025475+00:00
2022-12-23,3723.8348,portal.amfiindia.com / AMFI Historical NAV,2026-09-05T05:36:33.025475+00:00
2022-12-26,3725.0175,portal.amfiindia.com / AMFI Historical NAV,2026-09-05T05:36:33.025475+00:00
2022-12-27,3725.9399,portal.amfiindia.com / AMFI Historical NAV,2026-09-05T05:36:33.025475+00:00
2022-12-28,3727.118,portal.amfiindia.com / AMFI Historical NAV,2026-09-05T05:36:33.025475+00:00
2022-12-29,3727.769,portal.amfiindia.com / AMFI Historical NAV,2026-09-05T05:36:33.025475+00:00
2022-12-30,3728.897,portal.amfiindia.com / AMFI Historical NAV,2026-09-05T05:36:33.025475+00:00
2023-01-02,3730.0995,portal.amfiindia.com / AMFI Historical NAV,2026-09-05T05:36:33.025475+00:00
2023-01-03,3730.8566,portal.amfiindia.com / AMFI Historical NAV,2026-09-05T05:36:33.025475+00:00
2023-01-04,3731.7515,portal.amfiindia.com / AMFI Historical NAV,2026-09-05T05:36:33.025475+00:00
2023-01-05,3732.398,portal.amfiindia.com / AMFI Historical NAV,2026-09-05T05:36:33.025475+00:00
2023-01-06,3733.9031,portal.amfiindia.com / AMFI Historical NAV,2026-09-05T05:36:33.025475+00:00
2023-01-09,3734.7473,portal.amfiindia.com / AMFI Historical NAV,2026-09-05T05:36:33.025475+00:00
2023-01-10,3735.2921,portal.amfiindia.com / AMFI Historical NAV,2026-09-05T05:36:33.025475+00:00
2023-01-11,3735.9141,portal.amfiindia.com / AMFI Historical NAV,2026-09-05T05:36:33.025475+00:00
2023-01-12,3736.851,portal.amfiindia.com / AMFI Historical NAV,2026-09-05T05:36:33.025475+00:00
2023-01-13,3738.0222,portal.amfiindia.com / AMFI Historical NAV,2026-09-05T05:36:33.025475+00:00
2023-01-16,3738.4129,portal.amfiindia.com / AMFI Historical NAV,2026-09-05T05:36:33.025475+00:00
2023-01-17,3739.9937,portal.amfiindia.com / AMFI Historical NAV,2026-09-05T05:36:33.025475+00:00
2023-01-18,3740.9996,portal.amfiindia.com / AMFI Historical NAV,2026-09-05T05:36:33.025475+00:00
2023-01-19,3742.0648,portal.amfiindia.com / AMFI Historical NAV,2026-09-05T05:36:33.025475+00:00
2023-01-20,3742.9194,portal.amfiindia.com / AMFI Historical NAV,2026-09-05T05:36:33.025475+00:00
2023-01-23,3743.8178,portal.amfiindia.com / AMFI Historical NAV,2026-09-05T05:36:33.025475+00:00
2023-01-24,3744.6537,portal.amfiindia.com / AMFI Historical NAV,2026-09-05T05:36:33.025475+00:00
2023-01-25,3745.9264,portal.amfiindia.com / AMFI Historical NAV,2026-09-05T05:36:33.025475+00:00
2023-01-26,3746.8153,portal.amfiindia.com / AMFI Historical NAV,2026-09-05T05:36:33.025475+00:00
2023-01-27,3747.9948,portal.amfiindia.com / AMFI Historical NAV,2026-09-05T05:36:33.025475+00:00
2023-01-30,3748.7246,portal.amfiindia.com / AMFI Historical NAV,2026-09-05T05:36:33.025475+00:00
2023-01-31,3749.6905,portal.amfiindia.com / AMFI Historical NAV,2026-09-05T05:36:33.025475+00:00
2023-02-01,3750.2818,portal.amfiindia.com / AMFI Historical NAV,2026-09-05T05:36:33.025475+00:00
2023-02-02,3751.631,portal.amfiindia.com / AMFI Historical NAV,2026-09-05T05:36:33.025475+00:00
2023-02-03,3752.2114,portal.amfiindia.com / AMFI Historical NAV,2026-09-05T05:36:33.025475+00:00
2023-02-06,3752.9829,portal.amfiindia.com / AMFI Historical NAV,2026-09-05T05:36:33.025475+00:00
2023-02-07,3753.7582,portal.amfiindia.com / AMFI Historical NAV,2026-09-05T05:36:33.025475+00:00
2023-02-08,3754.5191,portal.amfiindia.com / AMFI Historical NAV,2026-09-05T05:36:33.025475+00:00
2023-02-09,3755.6843,portal.amfiindia.com / AMFI Historical NAV,2026-09-05T05:36:33.025475+00:00
2023-02-10,3756.4596,portal.amfiindia.com / AMFI Historical NAV,2026-09-05T05:36:33.025475+00:00
2023-02-13,3757.8776,portal.amfiindia.com / AMFI Historical NAV,2026-09-05T05:36:33.025475+00:00
2023-02-14,3758.4648,portal.amfiindia.com / AMFI Historical NAV,2026-09-05T05:36:33.025475+00:00
2023-02-15,3759.4233,portal.amfiindia.com / AMFI Historical NAV,2026-09-05T05:36:33.025475+00:00
2023-02-16,3760.0268,portal.amfiindia.com / AMFI Historical NAV,2026-09-05T05:36:33.025475+00:00
2023-02-17,3761.0803,portal.amfiindia.com / AMFI Historical NAV,2026-09-05T05:36:33.025475+00:00
2023-02-20,3761.9698,portal.amfiindia.com / AMFI Historical NAV,2026-09-05T05:36:33.025475+00:00
2023-02-21,3762.8072,portal.amfiindia.com / AMFI Historical NAV,2026-09-05T05:36:33.025475+00:00
2023-02-22,3764.1503,portal.amfiindia.com / AMFI Historical NAV,2026-09-05T05:36:33.025475+00:00
2023-02-23,3764.8002,portal.amfiindia.com / AMFI Historical NAV,2026-09-05T05:36:33.025475+00:00
2023-02-24,3765.9174,portal.amfiindia.com / AMFI Historical NAV,2026-09-05T05:36:33.025475+00:00
2023-02-27,3766.5244,portal.amfiindia.com / AMFI Historical NAV,2026-09-05T05:36:33.025475+00:00
2023-02-28,3767.4637,portal.amfiindia.com / AMFI Historical NAV,2026-09-05T05:36:33.025475+00:00
2023-03-01,3767.9103,portal.amfiindia.com / AMFI Historical NAV,2026-09-05T05:36:33.025475+00:00
2023-03-02,3768.5578,portal.amfiindia.com / AMFI Historical NAV,2026-09-05T05:36:33.025475+00:00
2023-03-03,3769.4241,portal.amfiindia.com / AMFI Historical NAV,2026-09-05T05:36:33.025475+00:00
2023-03-06,3771.0056,portal.amfiindia.com / AMFI Historical NAV,2026-09-05T05:36:33.025475+00:00
2023-03-07,3771.9415,portal.amfiindia.com / AMFI Historical NAV,2026-09-05T05:36:33.025475+00:00
2023-03-08,3773.4637,portal.amfiindia.com / AMFI Historical NAV,2026-09-05T05:36:33.025475+00:00
2023-03-09,3774.4452,portal.amfiindia.com / AMFI Historical NAV,2026-09-05T05:36:33.025475+00:00
2023-03-10,3775.1978,portal.amfiindia.com / AMFI Historical NAV,2026-09-05T05:36:33.025475+00:00
2023-03-13,3776.6778,portal.amfiindia.com / AMFI Historical NAV,2026-09-05T05:36:33.025475+00:00
2023-03-14,3777.7421,portal.amfiindia.com / AMFI Historical NAV,2026-09-05T05:36:33.025475+00:00
2023-03-15,3778.3987,portal.amfiindia.com / AMFI Historical NAV,2026-09-05T05:36:33.025475+00:00
2023-03-16,3779.4762,portal.amfiindia.com / AMFI Historical NAV,2026-09-05T05:36:33.025475+00:00
2023-03-17,3780.2654,portal.amfiindia.com / AMFI Historical NAV,2026-09-05T05:36:33.025475+00:00
2023-03-20,3780.4545,portal.amfiindia.com / AMFI Historical NAV,2026-09-05T05:36:33.025475+00:00
2023-03-21,3781.7084,portal.amfiindia.com / AMFI Historical NAV,2026-09-05T05:36:33.025475+00:00
2023-03-22,3783.0229,portal.amfiindia.com / AMFI Historical NAV,2026-09-05T05:36:33.025475+00:00
2023-03-23,3784.6189,portal.amfiindia.com / AMFI Historical NAV,2026-09-05T05:36:33.025475+00:00
2023-03-24,3785.6798,portal.amfiindia.com / AMFI Historical NAV,2026-09-05T05:36:33.025475+00:00
2023-03-27,3786.487,portal.amfiindia.com / AMFI Historical NAV,2026-09-05T05:36:33.025475+00:00
2023-03-28,3787.7047,portal.amfiindia.com / AMFI Historical NAV,2026-09-05T05:36:33.025475+00:00
2023-03-29,3788.9284,portal.amfiindia.com / AMFI Historical NAV,2026-09-05T05:36:33.025475+00:00
2023-03-30,3790.4512,portal.amfiindia.com / AMFI Historical NAV,2026-09-05T05:36:33.025475+00:00
2023-03-31,3791.3368,portal.amfiindia.com / AMFI Historical NAV,2026-09-05T05:36:33.025475+00:00
2023-04-03,3792.1767,portal.amfiindia.com / AMFI Historical NAV,2026-09-05T05:36:33.025475+00:00
2023-04-04,3792.8083,portal.amfiindia.com / AMFI Historical NAV,2026-09-05T05:36:33.025475+00:00
2023-04-05,3793.9152,portal.amfiindia.com / AMFI Historical NAV,2026-09-05T05:36:33.025475+00:00
2023-04-06,3794.2311,portal.amfiindia.com / AMFI Historical NAV,2026-09-05T05:36:33.025475+00:00
2023-04-07,3795.429,portal.amfiindia.com / AMFI Historical NAV,2026-09-05T05:36:33.025475+00:00
2023-04-10,3796.5557,portal.amfiindia.com / AMFI Historical NAV,2026-09-05T05:36:33.025475+00:00
2023-04-11,3797.6818,portal.amfiindia.com / AMFI Historical NAV,2026-09-05T05:36:33.025475+00:00
2023-04-12,3798.6385,portal.amfiindia.com / AMFI Historical NAV,2026-09-05T05:36:33.025475+00:00
2023-04-13,3800.1253,portal.amfiindia.com / AMFI Historical NAV,2026-09-05T05:36:33.025475+00:00
2023-04-14,3801.3614,portal.amfiindia.com / AMFI Historical NAV,2026-09-05T05:36:33.025475+00:00
2023-04-17,3802.0358,portal.amfiindia.com / AMFI Historical NAV,2026-09-05T05:36:33.025475+00:00
2023-04-18,3802.717,portal.amfiindia.com / AMFI Historical NAV,2026-09-05T05:36:33.025475+00:00
2023-04-19,3803.2879,portal.amfiindia.com / AMFI Historical NAV,2026-09-05T05:36:33.025475+00:00
2023-04-20,3804.4031,portal.amfiindia.com / AMFI Historical NAV,2026-09-05T05:36:33.025475+00:00
2023-04-21,3804.9284,portal.amfiindia.com / AMFI Historical NAV,2026-09-05T05:36:33.025475+00:00
2023-04-24,3806.2466,portal.amfiindia.com / AMFI Historical NAV,2026-09-05T05:36:33.025475+00:00
2023-04-25,3807.6564,portal.amfiindia.com / AMFI Historical NAV,2026-09-05T05:36:33.025475+00:00
2023-04-26,3808.2283,portal.amfiindia.com / AMFI Historical NAV,2026-09-05T05:36:33.025475+00:00
2023-04-27,3809.0643,portal.amfiindia.com / AMFI Historical NAV,2026-09-05T05:36:33.025475+00:00
2023-04-28,3809.9776,portal.amfiindia.com / AMFI Historical NAV,2026-09-05T05:36:33.025475+00:00
2023-05-01,3811.2215,portal.amfiindia.com / AMFI Historical NAV,2026-09-05T05:36:33.025475+00:00
2023-05-02,3812.7423,portal.amfiindia.com / AMFI Historical NAV,2026-09-05T05:36:33.025475+00:00
2023-05-03,3813.0075,portal.amfiindia.com / AMFI Historical NAV,2026-09-05T05:36:33.025475+00:00
2023-05-04,3813.794,portal.amfiindia.com / AMFI Historical NAV,2026-09-05T05:36:33.025475+00:00
2023-05-05,3814.6006,portal.amfiindia.com / AMFI Historical NAV,2026-09-05T05:36:33.025475+00:00
2023-05-08,3814.9745,portal.amfiindia.com / AMFI Historical NAV,2026-09-05T05:36:33.025475+00:00
2023-05-09,3815.6978,portal.amfiindia.com / AMFI Historical NAV,2026-09-05T05:36:33.025475+00:00
2023-05-10,3816.7695,portal.amfiindia.com / AMFI Historical NAV,2026-09-05T05:36:33.025475+00:00
2023-05-11,3817.5719,portal.amfiindia.com / AMFI Historical NAV,2026-09-05T05:36:33.025475+00:00
2023-05-12,3817.8912,portal.amfiindia.com / AMFI Historical NAV,2026-09-05T05:36:33.025475+00:00
2023-05-15,3819.8975,portal.amfiindia.com / AMFI Historical NAV,2026-09-05T05:36:33.025475+00:00
2023-05-16,3820.9087,portal.amfiindia.com / AMFI Historical NAV,2026-09-05T05:36:33.025475+00:00
2023-05-17,3821.8611,portal.amfiindia.com / AMFI Historical NAV,2026-09-05T05:36:33.025475+00:00
2023-05-18,3822.3514,portal.amfiindia.com / AMFI Historical NAV,2026-09-05T05:36:33.025475+00:00
2023-05-19,3823.3612,portal.amfiindia.com / AMFI Historical NAV,2026-09-05T05:36:33.025475+00:00
2023-05-22,3824.2087,portal.amfiindia.com / AMFI Historical NAV,2026-09-05T05:36:33.025475+00:00
2023-05-23,3824.3999,portal.amfiindia.com / AMFI Historical NAV,2026-09-05T05:36:33.025475+00:00
2023-05-24,3824.9012,portal.amfiindia.com / AMFI Historical NAV,2026-09-05T05:36:33.025475+00:00
2023-05-25,3826.1159,portal.amfiindia.com / AMFI Historical NAV,2026-09-05T05:36:33.025475+00:00
2023-05-26,3827.7707,portal.amfiindia.com / AMFI Historical NAV,2026-09-05T05:36:33.025475+00:00
2023-05-29,3828.8226,portal.amfiindia.com / AMFI Historical NAV,2026-09-05T05:36:33.025475+00:00
2023-05-30,3830.1566,portal.amfiindia.com / AMFI Historical NAV,2026-09-05T05:36:33.025475+00:00
2023-05-31,3831.0089,portal.amfiindia.com / AMFI Historical NAV,2026-09-05T05:36:33.025475+00:00
2023-06-01,3831.8879,portal.amfiindia.com / AMFI Historical NAV,2026-09-05T05:36:33.025475+00:00
2023-06-02,3833.2183,portal.amfiindia.com / AMFI Historical NAV,2026-09-05T05:36:33.025475+00:00
2023-06-05,3834.7683,portal.amfiindia.com / AMFI Historical NAV,2026-09-05T05:36:33.025475+00:00
2023-06-06,3836.1803,portal.amfiindia.com / AMFI Historical NAV,2026-09-05T05:36:33.025475+00:00
2023-06-07,3836.6846,portal.amfiindia.com / AMFI Historical NAV,2026-09-05T05:36:33.025475+00:00
2023-06-08,3837.5724,portal.amfiindia.com / AMFI Historical NAV,2026-09-05T05:36:33.025475+00:00
2023-06-09,3838.5926,portal.amfiindia.com / AMFI Historical NAV,2026-09-05T05:36:33.025475+00:00
2023-06-12,3839.4069,portal.amfiindia.com / AMFI Historical NAV,2026-09-05T05:36:33.025475+00:00
2023-06-13,3840.47,portal.amfiindia.com / AMFI Historical NAV,2026-09-05T05:36:33.025475+00:00
2023-06-14,3841.6995,portal.amfiindia.com / AMFI Historical NAV,2026-09-05T05:36:33.025475+00:00
2023-06-15,3842.9994,portal.amfiindia.com / AMFI Historical NAV,2026-09-05T05:36:33.025475+00:00
2023-06-16,3844.5623,portal.amfiindia.com / AMFI Historical NAV,2026-09-05T05:36:33.025475+00:00
2023-06-19,3845.351,portal.amfiindia.com / AMFI Historical NAV,2026-09-05T05:36:33.025475+00:00
2023-06-20,3845.7421,portal.amfiindia.com / AMFI Historical NAV,2026-09-05T05:36:33.025475+00:00
2023-06-21,3846.7955,portal.amfiindia.com / AMFI Historical NAV,2026-09-05T05:36:33.025475+00:00
2023-06-22,3848.4361,portal.amfiindia.com / AMFI Historical NAV,2026-09-05T05:36:33.025475+00:00
2023-06-23,3849.1688,portal.amfiindia.com / AMFI Historical NAV,2026-09-05T05:36:33.025475+00:00
2023-06-26,3850.3496,portal.amfiindia.com / AMFI Historical NAV,2026-09-05T05:36:33.025475+00:00
2023-06-27,3851.5343,portal.amfiindia.com / AMFI Historical NAV,2026-09-05T05:36:33.025475+00:00
2023-06-28,3852.525,portal.amfiindia.com / AMFI Historical NAV,2026-09-05T05:36:33.025475+00:00
2023-06-29,3853.445,portal.amfiindia.com / AMFI Historical NAV,2026-09-05T05:36:33.025475+00:00
2023-06-30,3854.0066,portal.amfiindia.com / AMFI Historical NAV,2026-09-05T05:36:33.025475+00:00
2023-07-03,3854.1993,portal.amfiindia.com / AMFI Historical NAV,2026-09-05T05:36:33.025475+00:00
2023-07-04,3854.6885,portal.amfiindia.com / AMFI Historical NAV,2026-09-05T05:36:33.025475+00:00
2023-07-05,3855.4558,portal.amfiindia.com / AMFI Historical NAV,2026-09-05T05:36:33.025475+00:00
2023-07-06,3856.7969,portal.amfiindia.com / AMFI Historical NAV,2026-09-05T05:36:33.025475+00:00
2023-07-07,3857.6754,portal.amfiindia.com / AMFI Historical NAV,2026-09-05T05:36:33.025475+00:00
2023-07-10,3858.3937,portal.amfiindia.com / AMFI Historical NAV,2026-09-05T05:36:33.025475+00:00
2023-07-11,3858.9685,portal.amfiindia.com / AMFI Historical NAV,2026-09-05T05:36:33.025475+00:00
2023-07-12,3860.1408,portal.amfiindia.com / AMFI Historical NAV,2026-09-05T05:36:33.025475+00:00
2023-07-13,3861.5842,portal.amfiindia.com / AMFI Historical NAV,2026-09-05T05:36:33.025475+00:00
2023-07-14,3862.9143,portal.amfiindia.com / AMFI Historical NAV,2026-09-05T05:36:33.025475+00:00
2023-07-17,3864.0682,portal.amfiindia.com / AMFI Historical NAV,2026-09-05T05:36:33.025475+00:00
2023-07-18,3864.418,portal.amfiindia.com / AMFI Historical NAV,2026-09-05T05:36:33.025475+00:00
2023-07-19,3865.2022,portal.amfiindia.com / AMFI Historical NAV,2026-09-05T05:36:33.025475+00:00
2023-07-20,3866.8752,portal.amfiindia.com / AMFI Historical NAV,2026-09-05T05:36:33.025475+00:00
2023-07-21,3868.2297,portal.amfiindia.com / AMFI Historical NAV,2026-09-05T05:36:33.025475+00:00
2023-07-24,3868.556,portal.amfiindia.com / AMFI Historical NAV,2026-09-05T05:36:33.025475+00:00
2023-07-25,3869.4556,portal.amfiindia.com / AMFI Historical NAV,2026-09-05T05:36:33.025475+00:00
2023-07-26,3870.5174,portal.amfiindia.com / AMFI Historical NAV,2026-09-05T05:36:33.025475+00:00
2023-07-27,3871.1439,portal.amfiindia.com / AMFI Historical NAV,2026-09-05T05:36:33.025475+00:00
2023-07-28,3871.3375,portal.amfiindia.com / AMFI Historical NAV,2026-09-05T05:36:33.025475+00:00
2023-07-31,3872.2975,portal.amfiindia.com / AMFI Historical NAV,2026-09-05T05:36:33.025475+00:00
2023-08-01,3872.9144,portal.amfiindia.com / AMFI Historical NAV,2026-09-05T05:36:33.025475+00:00
2023-08-02,3873.533,portal.amfiindia.com / AMFI Historical NAV,2026-09-05T05:36:33.025475+00:00
2023-08-03,3874.3178,portal.amfiindia.com / AMFI Historical NAV,2026-09-05T05:36:33.025475+00:00
2023-08-04,3875.1885,portal.amfiindia.com / AMFI Historical NAV,2026-09-05T05:36:33.025475+00:00
2023-08-07,3876.1077,portal.amfiindia.com / AMFI Historical NAV,2026-09-05T05:36:33.025475+00:00
2023-08-08,3876.6879,portal.amfiindia.com / AMFI Historical NAV,2026-09-05T05:36:33.025475+00:00
2023-08-09,3877.5255,portal.amfiindia.com / AMFI Historical NAV,2026-09-05T05:36:33.025475+00:00
2023-08-10,3877.7673,portal.amfiindia.com / AMFI Historical NAV,2026-09-05T05:36:33.025475+00:00
2023-08-11,3878.8112,portal.amfiindia.com / AMFI Historical NAV,2026-09-05T05:36:33.025475+00:00
2023-08-14,3879.0052,portal.amfiindia.com / AMFI Historical NAV,2026-09-05T05:36:33.025475+00:00
2023-08-15,3879.8164,portal.amfiindia.com / AMFI Historical NAV,2026-09-05T05:36:33.025475+00:00
2023-08-16,3881.0968,portal.amfiindia.com / AMFI Historical NAV,2026-09-05T05:36:33.025475+00:00
2023-08-17,3881.6098,portal.amfiindia.com / AMFI Historical NAV,2026-09-05T05:36:33.025475+00:00
2023-08-18,3882.812,portal.amfiindia.com / AMFI Historical NAV,2026-09-05T05:36:33.025475+00:00
2023-08-21,3884.1853,portal.amfiindia.com / AMFI Historical NAV,2026-09-05T05:36:33.025475+00:00
2023-08-22,3884.3795,portal.amfiindia.com / AMFI Historical NAV,2026-09-05T05:36:33.025475+00:00
2023-08-23,3885.2455,portal.amfiindia.com / AMFI Historical NAV,2026-09-05T05:36:33.025475+00:00
2023-08-24,3885.4398,portal.amfiindia.com / AMFI Historical NAV,2026-09-05T05:36:33.025475+00:00
2023-08-25,3886.319,portal.amfiindia.com / AMFI Historical NAV,2026-09-05T05:36:33.025475+00:00
2023-08-28,3887.2415,portal.amfiindia.com / AMFI Historical NAV,2026-09-05T05:36:33.025475+00:00
2023-08-29,3887.4359,portal.amfiindia.com / AMFI Historical NAV,2026-09-05T05:36:33.025475+00:00
2023-08-30,3889.1097,portal.amfiindia.com / AMFI Historical NAV,2026-09-05T05:36:33.025475+00:00
2023-08-31,3890.1469,portal.amfiindia.com / AMFI Historical NAV,2026-09-05T05:36:33.025475+00:00
2023-09-01,3890.7429,portal.amfiindia.com / AMFI Historical NAV,2026-09-05T05:36:33.025475+00:00
2023-09-04,3892.2394,portal.amfiindia.com / AMFI Historical NAV,2026-09-05T05:36:33.025475+00:00
2023-09-05,3892.4672,portal.amfiindia.com / AMFI Historical NAV,2026-09-05T05:36:33.025475+00:00
2023-09-06,3892.9155,portal.amfiindia.com / AMFI Historical NAV,2026-09-05T05:36:33.025475+00:00
2023-09-07,3893.1102,portal.amfiindia.com / AMFI Historical NAV,2026-09-05T05:36:33.025475+00:00
2023-09-08,3894.7383,portal.amfiindia.com / AMFI Historical NAV,2026-09-05T05:36:33.025475+00:00
2023-09-11,3895.795,portal.amfiindia.com / AMFI Historical NAV,2026-09-05T05:36:33.025475+00:00
2023-09-12,3896.9795,portal.amfiindia.com / AMFI Historical NAV,2026-09-05T05:36:33.025475+00:00
2023-09-13,3898.0246,portal.amfiindia.com / AMFI Historical NAV,2026-09-05T05:36:33.025475+00:00
2023-09-14,3899.1764,portal.amfiindia.com / AMFI Historical NAV,2026-09-05T05:36:33.025475+00:00
2023-09-15,3900.1352,portal.amfiindia.com / AMFI Historical NAV,2026-09-05T05:36:33.025475+00:00
2023-09-18,3901.1695,portal.amfiindia.com / AMFI Historical NAV,2026-09-05T05:36:33.025475+00:00
2023-09-19,3902.1403,portal.amfiindia.com / AMFI Historical NAV,2026-09-05T05:36:33.025475+00:00
2023-09-20,3902.8319,portal.amfiindia.com / AMFI Historical NAV,2026-09-05T05:36:33.025475+00:00
2023-09-21,3903.743,portal.amfiindia.com / AMFI Historical NAV,2026-09-05T05:36:33.025475+00:00
2023-09-22,3904.7792,portal.amfiindia.com / AMFI Historical NAV,2026-09-05T05:36:33.025475+00:00
2023-09-25,3905.7521,portal.amfiindia.com / AMFI Historical NAV,2026-09-05T05:36:33.025475+00:00
2023-09-26,3906.1049,portal.amfiindia.com / AMFI Historical NAV,2026-09-05T05:36:33.025475+00:00
2023-09-27,3906.5095,portal.amfiindia.com / AMFI Historical NAV,2026-09-05T05:36:33.025475+00:00
2023-09-28,3907.8627,portal.amfiindia.com / AMFI Historical NAV,2026-09-05T05:36:33.025475+00:00
2023-09-29,3908.6731,portal.amfiindia.com / AMFI Historical NAV,2026-09-05T05:36:33.025475+00:00
2023-10-02,3909.8323,portal.amfiindia.com / AMFI Historical NAV,2026-09-05T05:36:33.025475+00:00
2023-10-03,3910.3362,portal.amfiindia.com / AMFI Historical NAV,2026-09-05T05:36:33.025475+00:00
2023-10-04,3910.6912,portal.amfiindia.com / AMFI Historical NAV,2026-09-05T05:36:33.025475+00:00
2023-10-05,3911.2924,portal.amfiindia.com / AMFI Historical NAV,2026-09-05T05:36:33.025475+00:00
2023-10-06,3912.1366,portal.amfiindia.com / AMFI Historical NAV,2026-09-05T05:36:33.025475+00:00
2023-10-09,3912.8079,portal.amfiindia.com / AMFI Historical NAV,2026-09-05T05:36:33.025475+00:00
2023-10-10,3914.2458,portal.amfiindia.com / AMFI Historical NAV,2026-09-05T05:36:33.025475+00:00
2023-10-11,3915.248,portal.amfiindia.com / AMFI Historical NAV,2026-09-05T05:36:33.025475+00:00
2023-10-12,3916.9041,portal.amfiindia.com / AMFI Historical NAV,2026-09-05T05:36:33.025475+00:00
2023-10-13,3917.9951,portal.amfiindia.com / AMFI Historical NAV,2026-09-05T05:36:33.025475+00:00
2023-10-16,3918.191,portal.amfiindia.com / AMFI Historical NAV,2026-09-05T05:36:33.025475+00:00
2023-10-17,3919.5377,portal.amfiindia.com / AMFI Historical NAV,2026-09-05T05:36:33.025475+00:00
2023-10-18,3919.8793,portal.amfiindia.com / AMFI Historical NAV,2026-09-05T05:36:33.025475+00:00
2023-10-19,3920.9029,portal.amfiindia.com / AMFI Historical NAV,2026-09-05T05:36:33.025475+00:00
2023-10-20,3921.5327,portal.amfiindia.com / AMFI Historical NAV,2026-09-05T05:36:33.025475+00:00
2023-10-23,3923.3067,portal.amfiindia.com / AMFI Historical NAV,2026-09-05T05:36:33.025475+00:00
2023-10-24,3924.8056,portal.amfiindia.com / AMFI Historical NAV,2026-09-05T05:36:33.025475+00:00
2023-10-25,3925.449,portal.amfiindia.com / AMFI Historical NAV,2026-09-05T05:36:33.025475+00:00
2023-10-26,3926.3336,portal.amfiindia.com / AMFI Historical NAV,2026-09-05T05:36:33.025475+00:00
2023-10-27,3927.3645,portal.amfiindia.com / AMFI Historical NAV,2026-09-05T05:36:33.025475+00:00
2023-10-30,3928.6386,portal.amfiindia.com / AMFI Historical NAV,2026-09-05T05:36:33.025475+00:00
2023-10-31,3929.5855,portal.amfiindia.com / AMFI Historical NAV,2026-09-05T05:36:33.025475+00:00
2023-11-01,3930.1184,portal.amfiindia.com / AMFI Historical NAV,2026-09-05T05:36:33.025475+00:00
2023-11-02,3930.7721,portal.amfiindia.com / AMFI Historical NAV,2026-09-05T05:36:33.025475+00:00
2023-11-03,3931.7062,portal.amfiindia.com / AMFI Historical NAV,2026-09-05T05:36:33.025475+00:00
2023-11-06,3933.1277,portal.amfiindia.com / AMFI Historical NAV,2026-09-05T05:36:33.025475+00:00
2023-11-07,3934.2324,portal.amfiindia.com / AMFI Historical NAV,2026-09-05T05:36:33.025475+00:00
2023-11-08,3934.8649,portal.amfiindia.com / AMFI Historical NAV,2026-09-05T05:36:33.025475+00:00
2023-11-09,3936.0569,portal.amfiindia.com / AMFI Historical NAV,2026-09-05T05:36:33.025475+00:00
2023-11-10,3936.8417,portal.amfiindia.com / AMFI Historical NAV,2026-09-05T05:36:33.025475+00:00
2023-11-13,3938.1296,portal.amfiindia.com / AMFI Historical NAV,2026-09-05T05:36:33.025475+00:00
2023-11-14,3940.0624,portal.amfiindia.com / AMFI Historical NAV,2026-09-05T05:36:33.025475+00:00
2023-11-15,3940.8592,portal.amfiindia.com / AMFI Historical NAV,2026-09-05T05:36:33.025475+00:00
2023-11-16,3942.1134,portal.amfiindia.com / AMFI Historical NAV,2026-09-05T05:36:33.025475+00:00
2023-11-17,3942.7581,portal.amfiindia.com / AMFI Historical NAV,2026-09-05T05:36:33.025475+00:00
2023-11-20,3943.6526,portal.amfiindia.com / AMFI Historical NAV,2026-09-05T05:36:33.025475+00:00
2023-11-21,3944.6032,portal.amfiindia.com / AMFI Historical NAV,2026-09-05T05:36:33.025475+00:00
2023-11-22,3945.466,portal.amfiindia.com / AMFI Historical NAV,2026-09-05T05:36:33.025475+00:00
2023-11-23,3947.3772,portal.amfiindia.com / AMFI Historical NAV,2026-09-05T05:36:33.025475+00:00
2023-11-24,3948.196,portal.amfiindia.com / AMFI Historical NAV,2026-09-05T05:36:33.025475+00:00
2023-11-27,3949.3678,portal.amfiindia.com / AMFI Historical NAV,2026-09-05T05:36:33.025475+00:00
2023-11-28,3949.5652,portal.amfiindia.com / AMFI Historical NAV,2026-09-05T05:36:33.025475+00:00
2023-11-29,3950.6762,portal.amfiindia.com / AMFI Historical NAV,2026-09-05T05:36:33.025475+00:00
2023-11-30,3952.068,portal.amfiindia.com / AMFI Historical NAV,2026-09-05T05:36:33.025475+00:00
2023-12-01,3952.8005,portal.amfiindia.com / AMFI Historical NAV,2026-09-05T05:36:33.025475+00:00
2023-12-04,3952.9981,portal.amfiindia.com / AMFI Historical NAV,2026-09-05T05:36:33.025475+00:00
2023-12-05,3953.9241,portal.amfiindia.com / AMFI Historical NAV,2026-09-05T05:36:33.025475+00:00
2023-12-06,3954.8723,portal.amfiindia.com / AMFI Historical NAV,2026-09-05T05:36:33.025475+00:00
2023-12-07,3956.1003,portal.amfiindia.com / AMFI Historical NAV,2026-09-05T05:36:33.025475+00:00
2023-12-08,3957.8377,portal.amfiindia.com / AMFI Historical NAV,2026-09-05T05:36:33.025475+00:00
2023-12-11,3958.6296,portal.amfiindia.com / AMFI Historical NAV,2026-09-05T05:36:33.025475+00:00
2023-12-12,3959.2332,portal.amfiindia.com / AMFI Historical NAV,2026-09-05T05:36:33.025475+00:00
2023-12-13,3959.7139,portal.amfiindia.com / AMFI Historical NAV,2026-09-05T05:36:33.025475+00:00
2023-12-14,3960.7351,portal.amfiindia.com / AMFI Historical NAV,2026-09-05T05:36:33.025475+00:00
2023-12-15,3961.868,portal.amfiindia.com / AMFI Historical NAV,2026-09-05T05:36:33.025475+00:00
2023-12-18,3962.5951,portal.amfiindia.com / AMFI Historical NAV,2026-09-05T05:36:33.025475+00:00
2023-12-19,3963.8471,portal.amfiindia.com / AMFI Historical NAV,2026-09-05T05:36:33.025475+00:00
2023-12-20,3964.9754,portal.amfiindia.com / AMFI Historical NAV,2026-09-05T05:36:33.025475+00:00
2023-12-21,3965.9366,portal.amfiindia.com / AMFI Historical NAV,2026-09-05T05:36:33.025475+00:00
2023-12-22,3966.5229,portal.amfiindia.com / AMFI Historical NAV,2026-09-05T05:36:33.025475+00:00
2023-12-25,3967.2762,portal.amfiindia.com / AMFI Historical NAV,2026-09-05T05:36:33.025475+00:00
2023-12-26,3967.4746,portal.amfiindia.com / AMFI Historical NAV,2026-09-05T05:36:33.025475+00:00
2023-12-27,3968.5128,portal.amfiindia.com / AMFI Historical NAV,2026-09-05T05:36:33.025475+00:00
2023-12-28,3969.4681,portal.amfiindia.com / AMFI Historical NAV,2026-09-05T05:36:33.025475+00:00
2023-12-29,3970.488,portal.amfiindia.com / AMFI Historical NAV,2026-09-05T05:36:33.025475+00:00
2024-01-01,3971.6336,portal.amfiindia.com / AMFI Historical NAV,2026-09-05T05:36:33.025475+00:00
2024-01-02,3972.7325,portal.amfiindia.com / AMFI Historical NAV,2026-09-05T05:36:33.025475+00:00
2024-01-03,3973.6345,portal.amfiindia.com / AMFI Historical NAV,2026-09-05T05:36:33.025475+00:00
2024-01-04,3974.6,portal.amfiindia.com / AMFI Historical NAV,2026-09-05T05:36:33.025475+00:00
2024-01-05,3974.9881,portal.amfiindia.com / AMFI Historical NAV,2026-09-05T05:36:33.025475+00:00
2024-01-08,3975.7025,portal.amfiindia.com / AMFI Historical NAV,2026-09-05T05:36:33.025475+00:00
2024-01-09,3976.6692,portal.amfiindia.com / AMFI Historical NAV,2026-09-05T05:36:33.025475+00:00
2024-01-10,3977.3234,portal.amfiindia.com / AMFI Historical NAV,2026-09-05T05:36:33.025475+00:00
2024-01-11,3978.6125,portal.amfiindia.com / AMFI Historical NAV,2026-09-05T05:36:33.025475+00:00
2024-01-12,3979.2977,portal.amfiindia.com / AMFI Historical NAV,2026-09-05T05:36:33.025475+00:00
2024-01-15,3980.3313,portal.amfiindia.com / AMFI Historical NAV,2026-09-05T05:36:33.025475+00:00
2024-01-16,3981.3254,portal.amfiindia.com / AMFI Historical NAV,2026-09-05T05:36:33.025475+00:00
2024-01-17,3982.5704,portal.amfiindia.com / AMFI Historical NAV,2026-09-05T05:36:33.025475+00:00
2024-01-18,3983.8774,portal.amfiindia.com / AMFI Historical NAV,2026-09-05T05:36:33.025475+00:00
2024-01-19,3985.1024,portal.amfiindia.com / AMFI Historical NAV,2026-09-05T05:36:33.025475+00:00
2024-01-22,3985.3017,portal.amfiindia.com / AMFI Historical NAV,2026-09-05T05:36:33.025475+00:00
2024-01-23,3986.7265,portal.amfiindia.com / AMFI Historical NAV,2026-09-05T05:36:33.025475+00:00
2024-01-24,3988.2846,portal.amfiindia.com / AMFI Historical NAV,2026-09-05T05:36:33.025475+00:00
2024-01-25,3989.0419,portal.amfiindia.com / AMFI Historical NAV,2026-09-05T05:36:33.025475+00:00
2024-01-26,3990.0861,portal.amfiindia.com / AMFI Historical NAV,2026-09-05T05:36:33.025475+00:00
2024-01-29,3990.6806,portal.amfiindia.com / AMFI Historical NAV,2026-09-05T05:36:33.025475+00:00
2024-01-30,3990.8802,portal.amfiindia.com / AMFI Historical NAV,2026-09-05T05:36:33.025475+00:00
2024-01-31,3991.5356,portal.amfiindia.com / AMFI Historical NAV,2026-09-05T05:36:33.025475+00:00
2024-02-01,3992.2703,portal.amfiindia.com / AMFI Historical NAV,2026-09-05T05:36:33.025475+00:00
2024-02-02,3993.0792,portal.amfiindia.com / AMFI Historical NAV,2026-09-05T05:36:33.025475+00:00
2024-02-05,3993.647,portal.amfiindia.com / AMFI Historical NAV,2026-09-05T05:36:33.025475+00:00
2024-02-06,3994.305,portal.amfiindia.com / AMFI Historical NAV,2026-09-05T05:36:33.025475+00:00
2024-02-07,3995.2516,portal.amfiindia.com / AMFI Historical NAV,2026-09-05T05:36:33.025475+00:00
2024-02-08,3995.8952,portal.amfiindia.com / AMFI Historical NAV,2026-09-05T05:36:33.025475+00:00
2024-02-09,3997.0637,portal.amfiindia.com / AMFI Historical NAV,2026-09-05T05:36:33.025475+00:00
2024-02-12,3998.2879,portal.amfiindia.com / AMFI Historical NAV,2026-09-05T05:36:33.025475+00:00
2024-02-13,4000.1916,portal.amfiindia.com / AMFI Historical NAV,2026-09-05T05:36:33.025475+00:00
2024-02-14,4001.5943,portal.amfiindia.com / AMFI Historical NAV,2026-09-05T05:36:33.025475+00:00
2024-02-15,4002.6444,portal.amfiindia.com / AMFI Historical NAV,2026-09-05T05:36:33.025475+00:00
2024-02-16,4003.3491,portal.amfiindia.com / AMFI Historical NAV,2026-09-05T05:36:33.025475+00:00
2024-02-19,4004.4199,portal.amfiindia.com / AMFI Historical NAV,2026-09-05T05:36:33.025475+00:00
2024-02-20,4005.5041,portal.amfiindia.com / AMFI Historical NAV,2026-09-05T05:36:33.025475+00:00
2024-02-21,4006.2522,portal.amfiindia.com / AMFI Historical NAV,2026-09-05T05:36:33.025475+00:00
2024-02-22,4007.52,portal.amfiindia.com / AMFI Historical NAV,2026-09-05T05:36:33.025475+00:00
2024-02-23,4007.9139,portal.amfiindia.com / AMFI Historical NAV,2026-09-05T05:36:33.025475+00:00
2024-02-26,4008.7702,portal.amfiindia.com / AMFI Historical NAV,2026-09-05T05:36:33.025475+00:00
2024-02-27,4009.9475,portal.amfiindia.com / AMFI Historical NAV,2026-09-05T05:36:33.025475+00:00
2024-02-28,4010.787,portal.amfiindia.com / AMFI Historical NAV,2026-09-05T05:36:33.025475+00:00
2024-02-29,4011.659,portal.amfiindia.com / AMFI Historical NAV,2026-09-05T05:36:33.025475+00:00
2024-03-01,4012.5589,portal.amfiindia.com / AMFI Historical NAV,2026-09-05T05:36:33.025475+00:00
2024-03-04,4013.1789,portal.amfiindia.com / AMFI Historical NAV,2026-09-05T05:36:33.025475+00:00
2024-03-05,4014.6056,portal.amfiindia.com / AMFI Historical NAV,2026-09-05T05:36:33.025475+00:00
2024-03-06,4015.1527,portal.amfiindia.com / AMFI Historical NAV,2026-09-05T05:36:33.025475+00:00
2024-03-07,4016.2365,portal.amfiindia.com / AMFI Historical NAV,2026-09-05T05:36:33.025475+00:00
2024-03-08,4017.3588,portal.amfiindia.com / AMFI Historical NAV,2026-09-05T05:36:33.025475+00:00
2024-03-11,4017.9343,portal.amfiindia.com / AMFI Historical NAV,2026-09-05T05:36:33.025475+00:00
2024-03-12,4018.9203,portal.amfiindia.com / AMFI Historical NAV,2026-09-05T05:36:33.025475+00:00
2024-03-13,4019.5116,portal.amfiindia.com / AMFI Historical NAV,2026-09-05T05:36:33.025475+00:00
2024-03-14,4021.0278,portal.amfiindia.com / AMFI Historical NAV,2026-09-05T05:36:33.025475+00:00
2024-03-15,4021.5272,portal.amfiindia.com / AMFI Historical NAV,2026-09-05T05:36:33.025475+00:00
2024-03-18,4022.2218,portal.amfiindia.com / AMFI Historical NAV,2026-09-05T05:36:33.025475+00:00
2024-03-19,4022.687,portal.amfiindia.com / AMFI Historical NAV,2026-09-05T05:36:33.025475+00:00
2024-03-20,4023.0987,portal.amfiindia.com / AMFI Historical NAV,2026-09-05T05:36:33.025475+00:00
2024-03-21,4024.6967,portal.amfiindia.com / AMFI Historical NAV,2026-09-05T05:36:33.025475+00:00
2024-03-22,4025.8734,portal.amfiindia.com / AMFI Historical NAV,2026-09-05T05:36:33.025475+00:00
2024-03-25,4026.8884,portal.amfiindia.com / AMFI Historical NAV,2026-09-05T05:36:33.025475+00:00
2024-03-26,4027.5828,portal.amfiindia.com / AMFI Historical NAV,2026-09-05T05:36:33.025475+00:00
2024-03-27,4028.9073,portal.amfiindia.com / AMFI Historical NAV,2026-09-05T05:36:33.025475+00:00
2024-03-28,4029.5345,portal.amfiindia.com / AMFI Historical NAV,2026-09-05T05:36:33.025475+00:00
2024-03-29,4030.8137,portal.amfiindia.com / AMFI Historical NAV,2026-09-05T05:36:33.025475+00:00
2024-04-01,4031.4217,portal.amfiindia.com / AMFI Historical NAV,2026-09-05T05:36:33.025475+00:00
2024-04-02,4032.1218,portal.amfiindia.com / AMFI Historical NAV,2026-09-05T05:36:33.025475+00:00
2024-04-03,4033.3876,portal.amfiindia.com / AMFI Historical NAV,2026-09-05T05:36:33.025475+00:00
2024-04-04,4034.6963,portal.amfiindia.com / AMFI Historical NAV,2026-09-05T05:36:33.025475+00:00
2024-04-05,4035.898,portal.amfiindia.com / AMFI Historical NAV,2026-09-05T05:36:33.025475+00:00
2024-04-08,4036.4353,portal.amfiindia.com / AMFI Historical NAV,2026-09-05T05:36:33.025475+00:00
2024-04-09,4037.216,portal.amfiindia.com / AMFI Historical NAV,2026-09-05T05:36:33.025475+00:00
2024-04-10,4038.2406,portal.amfiindia.com / AMFI Historical NAV,2026-09-05T05:36:33.025475+00:00
2024-04-11,4038.8591,portal.amfiindia.com / AMFI Historical NAV,2026-09-05T05:36:33.025475+00:00
2024-04-12,4040.3745,portal.amfiindia.com / AMFI Historical NAV,2026-09-05T05:36:33.025475+00:00
2024-04-15,4040.5765,portal.amfiindia.com / AMFI Historical NAV,2026-09-05T05:36:33.025475+00:00
2024-04-16,4041.2239,portal.amfiindia.com / AMFI Historical NAV,2026-09-05T05:36:33.025475+00:00
2024-04-17,4041.9802,portal.amfiindia.com / AMFI Historical NAV,2026-09-05T05:36:33.025475+00:00
2024-04-18,4042.1823,portal.amfiindia.com / AMFI Historical NAV,2026-09-05T05:36:33.025475+00:00
2024-04-19,4042.5803,portal.amfiindia.com / AMFI Historical NAV,2026-09-05T05:36:33.025475+00:00
2024-04-22,4043.7956,portal.amfiindia.com / AMFI Historical NAV,2026-09-05T05:36:33.025475+00:00
2024-04-23,4044.7707,portal.amfiindia.com / AMFI Historical NAV,2026-09-05T05:36:33.025475+00:00
2024-04-24,4046.37,portal.amfiindia.com / AMFI Historical NAV,2026-09-05T05:36:33.025475+00:00
2024-04-25,4047.9587,portal.amfiindia.com / AMFI Historical NAV,2026-09-05T05:36:33.025475+00:00
2024-04-26,4049.0978,portal.amfiindia.com / AMFI Historical NAV,2026-09-05T05:36:33.025475+00:00
2024-04-29,4050.1887,portal.amfiindia.com / AMFI Historical NAV,2026-09-05T05:36:33.025475+00:00
2024-04-30,4051.1797,portal.amfiindia.com / AMFI Historical NAV,2026-09-05T05:36:33.025475+00:00
2024-05-01,4051.3823,portal.amfiindia.com / AMFI Historical NAV,2026-09-05T05:36:33.025475+00:00
2024-05-02,4051.7819,portal.amfiindia.com / AMFI Historical NAV,2026-09-05T05:36:33.025475+00:00
2024-05-03,4052.7874,portal.amfiindia.com / AMFI Historical NAV,2026-09-05T05:36:33.025475+00:00
2024-05-06,4054.002,portal.amfiindia.com / AMFI Historical NAV,2026-09-05T05:36:33.025475+00:00
2024-05-07,4055.0847,portal.amfiindia.com / AMFI Historical NAV,2026-09-05T05:36:33.025475+00:00
2024-05-08,4055.6883,portal.amfiindia.com / AMFI Historical NAV,2026-09-05T05:36:33.025475+00:00
2024-05-09,4057.0341,portal.amfiindia.com / AMFI Historical NAV,2026-09-05T05:36:33.025475+00:00
2024-05-10,4058.6015,portal.amfiindia.com / AMFI Historical NAV,2026-09-05T05:36:33.025475+00:00
2024-05-13,4059.9485,portal.amfiindia.com / AMFI Historical NAV,2026-09-05T05:36:33.025475+00:00
2024-05-14,4061.3169,portal.amfiindia.com / AMFI Historical NAV,2026-09-05T05:36:33.025475+00:00
2024-05-15,4062.0568,portal.amfiindia.com / AMFI Historical NAV,2026-09-05T05:36:33.025475+00:00
2024-05-16,4063.461,portal.amfiindia.com / AMFI Historical NAV,2026-09-05T05:36:33.025475+00:00
2024-05-17,4064.4877,portal.amfiindia.com / AMFI Historical NAV,2026-09-05T05:36:33.025475+00:00
2024-05-20,4065.6634,portal.amfiindia.com / AMFI Historical NAV,2026-09-05T05:36:33.025475+00:00
2024-05-21,4066.78,portal.amfiindia.com / AMFI Historical NAV,2026-09-05T05:36:33.025475+00:00
2024-05-22,4067.6988,portal.amfiindia.com / AMFI Historical NAV,2026-09-05T05:36:33.025475+00:00
2024-05-23,4068.3175,portal.amfiindia.com / AMFI Historical NAV,2026-09-05T05:36:33.025475+00:00
2024-05-24,4069.2528,portal.amfiindia.com / AMFI Historical NAV,2026-09-05T05:36:33.025475+00:00
2024-05-27,4070.6232,portal.amfiindia.com / AMFI Historical NAV,2026-09-05T05:36:33.025475+00:00
2024-05-28,4071.4126,portal.amfiindia.com / AMFI Historical NAV,2026-09-05T05:36:33.025475+00:00
2024-05-29,4072.7458,portal.amfiindia.com / AMFI Historical NAV,2026-09-05T05:36:33.025475+00:00
2024-05-30,4074.0156,portal.amfiindia.com / AMFI Historical NAV,2026-09-05T05:36:33.025475+00:00
2024-05-31,4074.8639,portal.amfiindia.com / AMFI Historical NAV,2026-09-05T05:36:33.025475+00:00
2024-06-03,4076.4,portal.amfiindia.com / AMFI Historical NAV,2026-09-05T05:36:33.025475+00:00
2024-06-04,4077.2256,portal.amfiindia.com / AMFI Historical NAV,2026-09-05T05:36:33.025475+00:00
2024-06-05,4078.8119,portal.amfiindia.com / AMFI Historical NAV,2026-09-05T05:36:33.025475+00:00
2024-06-06,4079.9601,portal.amfiindia.com / AMFI Historical NAV,2026-09-05T05:36:33.025475+00:00
2024-06-07,4080.925,portal.amfiindia.com / AMFI Historical NAV,2026-09-05T05:36:33.025475+00:00
2024-06-10,4081.5344,portal.amfiindia.com / AMFI Historical NAV,2026-09-05T05:36:33.025475+00:00
2024-06-11,4082.4701,portal.amfiindia.com / AMFI Historical NAV,2026-09-05T05:36:33.025475+00:00
2024-06-12,4083.359,portal.amfiindia.com / AMFI Historical NAV,2026-09-05T05:36:33.025475+00:00
2024-06-13,4083.8174,portal.amfiindia.com / AMFI Historical NAV,2026-09-05T05:36:33.025475+00:00
2024-06-14,4084.7009,portal.amfiindia.com / AMFI Historical NAV,2026-09-05T05:36:33.025475+00:00
2024-06-17,4085.3451,portal.amfiindia.com / AMFI Historical NAV,2026-09-05T05:36:33.025475+00:00
2024-06-18,4086.5572,portal.amfiindia.com / AMFI Historical NAV,2026-09-05T05:36:33.025475+00:00
2024-06-19,4088.064,portal.amfiindia.com / AMFI Historical NAV,2026-09-05T05:36:33.025475+00:00
2024-06-20,4088.5358,portal.amfiindia.com / AMFI Historical NAV,2026-09-05T05:36:33.025475+00:00
2024-06-21,4090.2093,portal.amfiindia.com / AMFI Historical NAV,2026-09-05T05:36:33.025475+00:00
2024-06-24,4091.1306,portal.amfiindia.com / AMFI Historical NAV,2026-09-05T05:36:33.025475+00:00
2024-06-25,4091.7058,portal.amfiindia.com / AMFI Historical NAV,2026-09-05T05:36:33.025475+00:00
2024-06-26,4092.99,portal.amfiindia.com / AMFI Historical NAV,2026-09-05T05:36:33.025475+00:00
2024-06-27,4093.7818,portal.amfiindia.com / AMFI Historical NAV,2026-09-05T05:36:33.025475+00:00
2024-06-28,4094.7231,portal.amfiindia.com / AMFI Historical NAV,2026-09-05T05:36:33.025475+00:00
2024-07-01,4095.5325,portal.amfiindia.com / AMFI Historical NAV,2026-09-05T05:36:33.025475+00:00
2024-07-02,4096.1731,portal.amfiindia.com / AMFI Historical NAV,2026-09-05T05:36:33.025475+00:00
2024-07-03,4097.4449,portal.amfiindia.com / AMFI Historical NAV,2026-09-05T05:36:33.025475+00:00
2024-07-04,4098.3032,portal.amfiindia.com / AMFI Historical NAV,2026-09-05T05:36:33.025475+00:00
2024-07-05,4098.6902,portal.amfiindia.com / AMFI Historical NAV,2026-09-05T05:36:33.025475+00:00
2024-07-08,4099.892,portal.amfiindia.com / AMFI Historical NAV,2026-09-05T05:36:33.025475+00:00
2024-07-09,4100.3738,portal.amfiindia.com / AMFI Historical NAV,2026-09-05T05:36:33.025475+00:00
2024-07-10,4100.8772,portal.amfiindia.com / AMFI Historical NAV,2026-09-05T05:36:33.025475+00:00
2024-07-11,4102.3427,portal.amfiindia.com / AMFI Historical NAV,2026-09-05T05:36:33.025475+00:00
2024-07-12,4102.8287,portal.amfiindia.com / AMFI Historical NAV,2026-09-05T05:36:33.025475+00:00
2024-07-15,4103.0338,portal.amfiindia.com / AMFI Historical NAV,2026-09-05T05:36:33.025475+00:00
2024-07-16,4104.2663,portal.amfiindia.com / AMFI Historical NAV,2026-09-05T05:36:33.025475+00:00
2024-07-17,4105.1188,portal.amfiindia.com / AMFI Historical NAV,2026-09-05T05:36:33.025475+00:00
2024-07-18,4106.0069,portal.amfiindia.com / AMFI Historical NAV,2026-09-05T05:36:33.025475+00:00
2024-07-19,4106.8553,portal.amfiindia.com / AMFI Historical NAV,2026-09-05T05:36:33.025475+00:00
2024-07-22,4107.9283,portal.amfiindia.com / AMFI Historical NAV,2026-09-05T05:36:33.025475+00:00
2024-07-23,4108.5972,portal.amfiindia.com / AMFI Historical NAV,2026-09-05T05:36:33.025475+00:00
2024-07-24,4110.1819,portal.amfiindia.com / AMFI Historical NAV,2026-09-05T05:36:33.025475+00:00
2024-07-25,4110.5537,portal.amfiindia.com / AMFI Historical NAV,2026-09-05T05:36:33.025475+00:00
2024-07-26,4111.7153,portal.amfiindia.com / AMFI Historical NAV,2026-09-05T05:36:33.025475+00:00
2024-07-29,4112.9583,portal.amfiindia.com / AMFI Historical NAV,2026-09-05T05:36:33.025475+00:00
2024-07-30,4113.6252,portal.amfiindia.com / AMFI Historical NAV,2026-09-05T05:36:33.025475+00:00
2024-07-31,4114.1835,portal.amfiindia.com / AMFI Historical NAV,2026-09-05T05:36:33.025475+00:00
2024-08-01,4115.5815,portal.amfiindia.com / AMFI Historical NAV,2026-09-05T05:36:33.025475+00:00
2024-08-02,4116.1536,portal.amfiindia.com / AMFI Historical NAV,2026-09-05T05:36:33.025475+00:00
2024-08-05,4116.8839,portal.amfiindia.com / AMFI Historical NAV,2026-09-05T05:36:33.025475+00:00
2024-08-06,4118.2294,portal.amfiindia.com / AMFI Historical NAV,2026-09-05T05:36:33.025475+00:00
2024-08-07,4119.2243,portal.amfiindia.com / AMFI Historical NAV,2026-09-05T05:36:33.025475+00:00
2024-08-08,4119.4648,portal.amfiindia.com / AMFI Historical NAV,2026-09-05T05:36:33.025475+00:00
2024-08-09,4121.1653,portal.amfiindia.com / AMFI Historical NAV,2026-09-05T05:36:33.025475+00:00
2024-08-12,4121.9281,portal.amfiindia.com / AMFI Historical NAV,2026-09-05T05:36:33.025475+00:00
2024-08-13,4122.7435,portal.amfiindia.com / AMFI Historical NAV,2026-09-05T05:36:33.025475+00:00
2024-08-14,4123.8305,portal.amfiindia.com / AMFI Historical NAV,2026-09-05T05:36:33.025475+00:00
2024-08-15,4125.0702,portal.amfiindia.com / AMFI Historical NAV,2026-09-05T05:36:33.025475+00:00
2024-08-16,4126.8613,portal.amfiindia.com / AMFI Historical NAV,2026-09-05T05:36:33.025475+00:00
2024-08-19,4127.1588,portal.amfiindia.com / AMFI Historical NAV,2026-09-05T05:36:33.025475+00:00
2024-08-20,4128.4824,portal.amfiindia.com / AMFI Historical NAV,2026-09-05T05:36:33.025475+00:00
2024-08-21,4129.7721,portal.amfiindia.com / AMFI Historical NAV,2026-09-05T05:36:33.025475+00:00
2024-08-22,4130.6987,portal.amfiindia.com / AMFI Historical NAV,2026-09-05T05:36:33.025475+00:00
2024-08-23,4132.0074,portal.amfiindia.com / AMFI Historical NAV,2026-09-05T05:36:33.025475+00:00
2024-08-26,4133.3773,portal.amfiindia.com / AMFI Historical NAV,2026-09-05T05:36:33.025475+00:00
2024-08-27,4133.7902,portal.amfiindia.com / AMFI Historical NAV,2026-09-05T05:36:33.025475+00:00
2024-08-28,4135.4977,portal.amfiindia.com / AMFI Historical NAV,2026-09-05T05:36:33.025475+00:00
2024-08-29,4135.8377,portal.amfiindia.com / AMFI Historical NAV,2026-09-05T05:36:33.025475+00:00
2024-08-30,4136.3529,portal.amfiindia.com / AMFI Historical NAV,2026-09-05T05:36:33.025475+00:00
